record_id,condition,collection_day_id,in_shared_date_browsing,loopback_pair,src_address_id,dst_address_id,src_port_id,dst_port_id,protocol,duration_ms,src2dst_packets,dst2src_packets,src2dst_bytes,dst2src_bytes,total_packets,total_bytes,packet_rate,byte_rate,mean_packet_bytes,forward_packet_fraction,forward_byte_fraction
r_867c307e27381558528ebcfb85926b8c,Direct file transfer,d_5a48c90527d422aff3d0843c4d2bac5c,0,1,a_f47a8f7809556bd3c474b1520fba0d35,a_f47a8f7809556bd3c474b1520fba0d35,p_aee31579ad5ef6e5c594ec1b8972a151,p_dd74cc5b69b608ff00edcb1d8b246822,6,0,1,1,74,54,2,128,,,64,0.5,0.578125
r_c944e5eb640fe6d6e611659f54f5bbc6,Direct file transfer,d_5a48c90527d422aff3d0843c4d2bac5c,0,1,a_f47a8f7809556bd3c474b1520fba0d35,a_f47a8f7809556bd3c474b1520fba0d35,p_3ecb36a85dff50d21b91fd1d46e4edb2,p_dd74cc5b69b608ff00edcb1d8b246822,6,5056,6,5,559,478,11,1037,2.1756329113924049,205.10284810126583,94.272727272727266,0.54545454545454541,0.53905496624879456
r_ec75de32e290209f14c19b8bf4b13a9d,Direct file transfer,d_5a48c90527d422aff3d0843c4d2bac5c,0,1,a_f47a8f7809556bd3c474b1520fba0d35,a_f47a8f7809556bd3c474b1520fba0d35,p_762e618d376a9987065f1d0d27d78d85,p_dd74cc5b69b608ff00edcb1d8b246822,6,3,7,5,625,478,12,1103,4000,367666.66666666669,91.916666666666671,0.58333333333333337,0.56663644605621033
r_e79acd9ea9ba04e7d96ae9580fd2c323,Direct file transfer,d_5a48c90527d422aff3d0843c4d2bac5c,0,1,a_f47a8f7809556bd3c474b1520fba0d35,a_f47a8f7809556bd3c474b1520fba0d35,p_28a1db9439f0fb5f8ba822f9f0a83579,p_dd74cc5b69b608ff00edcb1d8b246822,6,5994,33,32,303954,2429,65,306383,10.844177510844178,51114.948281614947,4713.5846153846151,0.50769230769230766,0.99207201443944348
r_0e2138a45488e1a6a2b93417ae133481,Direct file transfer,d_5a48c90527d422aff3d0843c4d2bac5c,0,1,a_f47a8f7809556bd3c474b1520fba0d35,a_f47a8f7809556bd3c474b1520fba0d35,p_27dcd074d4c40e2cbdd5074ea23b378e,p_dd74cc5b69b608ff00edcb1d8b246822,6,2180,28,40,2024,173369,68,175393,31.192660550458712,80455.504587155956,2579.3088235294117,0.41176470588235292,0.011539799193810471
r_27aa2c80e950c85141e2aedc5f82165c,Direct file transfer,d_5a48c90527d422aff3d0843c4d2bac5c,0,1,a_f47a8f7809556bd3c474b1520fba0d35,a_f47a8f7809556bd3c474b1520fba0d35,p_ab4c907b17527aa83f5e4d83061bf74a,p_77dbe3e2b43b6b81a173862305b375d0,6,5989,33,32,303955,2431,65,306386,10.853230923359492,51158.123225914176,4713.6307692307691,0.50769230769230766,0.9920655643534626
r_34d64d8cd54e0c9d296c6520eac5dbf0,Direct file transfer,d_5a48c90527d422aff3d0843c4d2bac5c,0,1,a_f47a8f7809556bd3c474b1520fba0d35,a_f47a8f7809556bd3c474b1520fba0d35,p_17de7dedf7459172ebb18313160182fa,p_77dbe3e2b43b6b81a173862305b375d0,6,2163,28,40,2025,173371,68,175396,31.437817845584838,81089.227924179388,2579.3529411764707,0.41176470588235292,0.011545303199616866
r_1b85c326a45014311c47e7e9eb8682bc,Direct file transfer,d_5a48c90527d422aff3d0843c4d2bac5c,0,1,a_f47a8f7809556bd3c474b1520fba0d35,a_f47a8f7809556bd3c474b1520fba0d35,p_ba236395e10e12565f2a82f9ed78bcb1,p_fb701d5a05c03fb8299bbc4274ccd85a,6,5970,33,32,303954,2429,65,306383,10.887772194304858,51320.435510887772,4713.5846153846151,0.50769230769230766,0.99207201443944348
r_2404e7b233fea66e20121af93d240134,Direct file transfer,d_5a48c90527d422aff3d0843c4d2bac5c,0,1,a_f47a8f7809556bd3c474b1520fba0d35,a_f47a8f7809556bd3c474b1520fba0d35,p_f62f58cf5ce40e0faf1c639a909142e3,p_fb701d5a05c03fb8299bbc4274ccd85a,6,2170,18,34,1376,212615,52,213991,23.963133640552996,98613.364055299549,4115.2115384615381,0.34615384615384615,0.0064301769700594886
r_3c7bbf45e92bc0419cc7a165f90b4183,Direct file transfer,d_5a48c90527d422aff3d0843c4d2bac5c,0,1,a_f47a8f7809556bd3c474b1520fba0d35,a_f47a8f7809556bd3c474b1520fba0d35,p_056078e1ef4d8a5bc44df489da56d40c,p_73a113db56cae583b0f4d27a2f1f0ea3,6,5980,33,32,303955,2431,65,306386,10.869565217391303,51235.117056856187,4713.6307692307691,0.50769230769230766,0.9920655643534626
r_128512b708ce48a3f15a0c69c876e732,Direct file transfer,d_5a48c90527d422aff3d0843c4d2bac5c,0,1,a_f47a8f7809556bd3c474b1520fba0d35,a_f47a8f7809556bd3c474b1520fba0d35,p_8882af1c2c723ebb378f11fc24b2da58,p_73a113db56cae583b0f4d27a2f1f0ea3,6,2160,28,40,2025,173412,68,175437,31.481481481481481,81220.833333333328,2579.955882352941,0.41176470588235292,0.011542605037705843
r_065f2c66f149ec52e5ef48bbda5989f1,Direct file transfer,d_5a48c90527d422aff3d0843c4d2bac5c,0,1,a_f47a8f7809556bd3c474b1520fba0d35,a_f47a8f7809556bd3c474b1520fba0d35,p_2d5731e51ed47a7dd8d844e1d8aed88f,p_6688deacbc9d093f76efd71ae803001d,6,5976,33,32,303954,2429,65,306383,10.876840696117805,51268.908969210177,4713.5846153846151,0.50769230769230766,0.99207201443944348
r_383cc30d5fb46a43549e9a2f5f176ec3,Direct file transfer,d_5a48c90527d422aff3d0843c4d2bac5c,0,1,a_f47a8f7809556bd3c474b1520fba0d35,a_f47a8f7809556bd3c474b1520fba0d35,p_26cb5176fe0322246af7724d75198e57,p_6688deacbc9d093f76efd71ae803001d,6,2174,32,40,2288,238897,72,241185,33.118675252989881,110940.66237350507,3349.7916666666665,0.44444444444444442,0.0094864937703422678
r_50358e8b21e68232c9176c8e02661f22,Direct file transfer,d_5a48c90527d422aff3d0843c4d2bac5c,0,1,a_f47a8f7809556bd3c474b1520fba0d35,a_f47a8f7809556bd3c474b1520fba0d35,p_b537dd1db276a79e8fb85fde088bf6df,p_c0f14bbd0a7540f9669573a1a65f5285,6,6508,35,34,277871,2561,69,280432,10.602335586969883,43090.350338045486,4064.231884057971,0.50724637681159424,0.9908676613225309
r_4378d4287a323162b3dd508f4842ce24,Direct file transfer,d_5a48c90527d422aff3d0843c4d2bac5c,0,1,a_f47a8f7809556bd3c474b1520fba0d35,a_f47a8f7809556bd3c474b1520fba0d35,p_48f6251ade8c5686790bf5e5859a8d5b,p_c0f14bbd0a7540f9669573a1a65f5285,6,2161,28,45,2036,147484,73,149520,33.780657103192965,69190.189726978249,2048.2191780821918,0.38356164383561642,0.013616907437132156
r_c73e4b9e5de2cb0473a7d5b1ed007d06,Direct file transfer,d_5a48c90527d422aff3d0843c4d2bac5c,0,1,a_f47a8f7809556bd3c474b1520fba0d35,a_f47a8f7809556bd3c474b1520fba0d35,p_0b188e20978fce97e3a05775aa274de1,p_f20f8250c88d103697dd803efa0f0d0c,6,6501,35,34,277872,2563,69,280435,10.613751730502999,43137.2096600523,4064.2753623188405,0.50724637681159424,0.99086062723982382
r_b462e738b295ac2518915a4441dae80f,Direct file transfer,d_5a48c90527d422aff3d0843c4d2bac5c,0,1,a_f47a8f7809556bd3c474b1520fba0d35,a_f47a8f7809556bd3c474b1520fba0d35,p_4f607777e1c78990d4c0ab22afddb12e,p_f20f8250c88d103697dd803efa0f0d0c,6,2164,24,43,1773,343962,67,345735,30.96118299445471,159766.63585951939,5160.2238805970146,0.35820895522388058,0.0051282051282051282
r_bd5b489fae8bba706913aebfc6af4741,Direct file transfer,d_5a48c90527d422aff3d0843c4d2bac5c,0,1,a_f47a8f7809556bd3c474b1520fba0d35,a_f47a8f7809556bd3c474b1520fba0d35,p_4b727f13882df9b5ef0f01292ca0cad3,p_c76517ae9b158cba02287e228c4ea7a9,6,6501,35,34,277871,2561,69,280432,10.613751730502999,43136.748192585757,4064.231884057971,0.50724637681159424,0.9908676613225309
r_92a1885b154b094d4a20e5180aa63807,Direct file transfer,d_5a48c90527d422aff3d0843c4d2bac5c,0,1,a_f47a8f7809556bd3c474b1520fba0d35,a_f47a8f7809556bd3c474b1520fba0d35,p_6b89d7d194e881b7dec26bb8c89ae483,p_c76517ae9b158cba02287e228c4ea7a9,6,2170,24,43,1772,343962,67,345734,30.875576036866359,159324.42396313365,5160.2089552238804,0.35820895522388058,0.0051253275639653604
r_fe8a743f410e9f9f94df5468ec88d23d,Direct file transfer,d_5a48c90527d422aff3d0843c4d2bac5c,0,1,a_f47a8f7809556bd3c474b1520fba0d35,a_f47a8f7809556bd3c474b1520fba0d35,p_c20a46dccfe2503fc3ac282a70d8981b,p_2e2bdff7d79ba86224377da437861888,6,6500,35,34,277872,2563,69,280435,10.615384615384615,43143.846153846156,4064.2753623188405,0.50724637681159424,0.99086062723982382
r_f7aaa0a8267df01e18c5a296cb46809e,Direct file transfer,d_5a48c90527d422aff3d0843c4d2bac5c,0,1,a_f47a8f7809556bd3c474b1520fba0d35,a_f47a8f7809556bd3c474b1520fba0d35,p_65391641750e38b2c6acd156f546d472,p_2e2bdff7d79ba86224377da437861888,6,2169,26,42,1941,475009,68,476950,31.350852927616412,219893.96035039189,7013.9705882352937,0.38235294117647056,0.0040696089736869693
r_43ce516a0d7e8e178035077fc15171b0,Direct file transfer,d_5a48c90527d422aff3d0843c4d2bac5c,0,1,a_f47a8f7809556bd3c474b1520fba0d35,a_f47a8f7809556bd3c474b1520fba0d35,p_840e1ecee4b69058ad4940ed626f6a4d,p_de7751b84215a2b890900c93db9f1d01,6,6500,35,34,277871,2561,69,280432,10.615384615384615,43143.384615384617,4064.231884057971,0.50724637681159424,0.9908676613225309
r_ab918c1e2a5c68349a4051f1c66484fa,Direct file transfer,d_5a48c90527d422aff3d0843c4d2bac5c,0,1,a_f47a8f7809556bd3c474b1520fba0d35,a_f47a8f7809556bd3c474b1520fba0d35,p_f54ab12803dacfd26bbedffab789d044,p_de7751b84215a2b890900c93db9f1d01,6,2162,25,43,1838,343952,68,345790,31.452358926919519,159939.87049028679,5085.1470588235297,0.36764705882352944,0.0053153648167963211
r_329def5d5dadfd7392cbab738ff23aaf,Direct file transfer,d_5a48c90527d422aff3d0843c4d2bac5c,0,1,a_f47a8f7809556bd3c474b1520fba0d35,a_f47a8f7809556bd3c474b1520fba0d35,p_25ab9dfa51b0490ddd78b6cdf95d5b4b,p_dd74cc5b69b608ff00edcb1d8b246822,6,7054,37,36,317333,2693,73,320026,10.34873830450808,45368.018145732916,4383.9178082191784,0.50684931506849318,0.99158505871397951
r_a6969e7b39c548cc6aa9c2edad79d672,Direct file transfer,d_5a48c90527d422aff3d0843c4d2bac5c,0,1,a_f47a8f7809556bd3c474b1520fba0d35,a_f47a8f7809556bd3c474b1520fba0d35,p_3acc056a2f64510407556e2171a5e3de,p_dd74cc5b69b608ff00edcb1d8b246822,6,2699,31,46,2222,186872,77,189094,28.52908484623935,70060.763245646536,2455.7662337662337,0.40259740259740262,0.011750769458576157
r_3ba8d9a489f299648a4663f1620e520c,Direct file transfer,d_5a48c90527d422aff3d0843c4d2bac5c,0,1,a_f47a8f7809556bd3c474b1520fba0d35,a_f47a8f7809556bd3c474b1520fba0d35,p_416c49d77031d6b12104b40f9f5cdd11,p_77dbe3e2b43b6b81a173862305b375d0,6,7090,37,36,317334,2695,73,320029,10.296191819464035,45138.081805359659,4383.9589041095887,0.50684931506849318,0.99157888816326023
r_db776698705da753c07dd3719d9723aa,Direct file transfer,d_5a48c90527d422aff3d0843c4d2bac5c,0,1,a_f47a8f7809556bd3c474b1520fba0d35,a_f47a8f7809556bd3c474b1520fba0d35,p_ad217e61b6b3bdd3cbe7948d790d5677,p_77dbe3e2b43b6b81a173862305b375d0,6,2712,28,47,2037,186940,75,188977,27.654867256637168,69681.784660766963,2519.6933333333332,0.37333333333333335,0.010779089518830333
r_8d8569cf8f1a269714d699873ff4a7a4,Direct file transfer,d_5a48c90527d422aff3d0843c4d2bac5c,0,1,a_f47a8f7809556bd3c474b1520fba0d35,a_f47a8f7809556bd3c474b1520fba0d35,p_9a2fe991fcdde5d0b31b1e0f328f7a8c,p_fb701d5a05c03fb8299bbc4274ccd85a,6,7076,37,35,317333,2627,72,319960,10.175240248728095,45217.637083097798,4443.8888888888887,0.51388888888888884,0.99178959869983752
r_d5493f60d16d907a6948eedd6a58313b,Direct file transfer,d_5a48c90527d422aff3d0843c4d2bac5c,0,1,a_f47a8f7809556bd3c474b1520fba0d35,a_f47a8f7809556bd3c474b1520fba0d35,p_b7330f823d6f38514ec1e0bce4284eaf,p_fb701d5a05c03fb8299bbc4274ccd85a,6,2702,31,46,2222,186874,77,189096,28.497409326424872,69983.71576609918,2455.7922077922076,0.40259740259740262,0.011750645174937598
r_ce3e9e3a6726317d223f1d4f9d3543e7,Direct file transfer,d_5a48c90527d422aff3d0843c4d2bac5c,0,1,a_f47a8f7809556bd3c474b1520fba0d35,a_f47a8f7809556bd3c474b1520fba0d35,p_567634ba2e889852cd1d5693df397777,p_73a113db56cae583b0f4d27a2f1f0ea3,6,7079,37,36,317334,2695,73,320029,10.312190987427604,45208.221500211897,4383.9589041095887,0.50684931506849318,0.99157888816326023
r_c2b92e4a7db63490448c9aea09e56169,Direct file transfer,d_5a48c90527d422aff3d0843c4d2bac5c,0,1,a_f47a8f7809556bd3c474b1520fba0d35,a_f47a8f7809556bd3c474b1520fba0d35,p_4eedf96b8d278193dbbf2ec6d00a3633,p_73a113db56cae583b0f4d27a2f1f0ea3,6,2696,31,46,2223,186915,77,189138,28.560830860534121,70155.044510385749,2456.3376623376626,0.40259740259740262,0.011753322970529455
r_c7f8576bab286b135375c306d2675869,Direct file transfer,d_5a48c90527d422aff3d0843c4d2bac5c,0,1,a_f47a8f7809556bd3c474b1520fba0d35,a_f47a8f7809556bd3c474b1520fba0d35,p_ff9a681f7e80a347261156ed37c515bd,p_6688deacbc9d093f76efd71ae803001d,6,7098,37,36,317333,2693,73,320026,10.284587207664131,45086.785009861931,4383.9178082191784,0.50684931506849318,0.99158505871397951
r_968608af39ab30113a1a09496bb941a8,Direct file transfer,d_5a48c90527d422aff3d0843c4d2bac5c,0,1,a_f47a8f7809556bd3c474b1520fba0d35,a_f47a8f7809556bd3c474b1520fba0d35,p_1cacdccf79b2640ad9d281c7521be9e4,p_6688deacbc9d093f76efd71ae803001d,6,2703,31,46,2222,186864,77,189086,28.486866444691085,69954.12504624491,2455.6623376623374,0.40259740259740262,0.01175126661942185
r_04f5b3dd1309c8c70bee35425fa0c4dc,Direct file transfer,d_5a48c90527d422aff3d0843c4d2bac5c,0,1,a_f47a8f7809556bd3c474b1520fba0d35,a_f47a8f7809556bd3c474b1520fba0d35,p_c9cb1b254c686af124a270234e2a38e3,p_c0f14bbd0a7540f9669573a1a65f5285,6,7593,39,38,291251,2825,77,294076,10.140919267746609,38729.882786777292,3819.1688311688313,0.50649350649350644,0.9903936397393871
r_bf31bcc595a80f9f54e4a43100fac2b9,Direct file transfer,d_5a48c90527d422aff3d0843c4d2bac5c,0,1,a_f47a8f7809556bd3c474b1520fba0d35,a_f47a8f7809556bd3c474b1520fba0d35,p_446702de33e5c1555375d573a16d861f,p_c0f14bbd0a7540f9669573a1a65f5285,6,2700,33,50,2354,160921,83,163275,30.74074074074074,60472.222222222219,1967.1686746987953,0.39759036144578314,0.014417393967233195
r_1113524a2756aa44a2a47ea0d94332ff,Direct file transfer,d_5a48c90527d422aff3d0843c4d2bac5c,0,1,a_f47a8f7809556bd3c474b1520fba0d35,a_f47a8f7809556bd3c474b1520fba0d35,p_580a5fdc8216541ffac817a5cc234cf3,p_f20f8250c88d103697dd803efa0f0d0c,6,7592,39,38,291252,2827,77,294079,10.142255005268705,38735.379346680718,3819.2077922077924,0.50649350649350644,0.99038693684350121
r_91cf23e2c45d935ed944263eae5a4c44,Direct file transfer,d_5a48c90527d422aff3d0843c4d2bac5c,0,1,a_f47a8f7809556bd3c474b1520fba0d35,a_f47a8f7809556bd3c474b1520fba0d35,p_5affb4be0a6a7c921a8922eeeb9095b1,p_f20f8250c88d103697dd803efa0f0d0c,6,2701,27,49,1971,252660,76,254631,28.137726767863754,94272.861902998891,3350.4078947368421,0.35526315789473684,0.0077406128868833723
r_15495d3941e953446b919d06a42e8756,Direct file transfer,d_5a48c90527d422aff3d0843c4d2bac5c,0,1,a_f47a8f7809556bd3c474b1520fba0d35,a_f47a8f7809556bd3c474b1520fba0d35,p_baff539491f604485ef1caee87e6c0db,p_c76517ae9b158cba02287e228c4ea7a9,6,7610,39,38,291251,2825,77,294076,10.11826544021025,38643.363994743755,3819.1688311688313,0.50649350649350644,0.9903936397393871
r_f2b676756042f1941da327abe1deeebe,Direct file transfer,d_5a48c90527d422aff3d0843c4d2bac5c,0,1,a_f47a8f7809556bd3c474b1520fba0d35,a_f47a8f7809556bd3c474b1520fba0d35,p_a556489cad4fec2fe947107366e9c954,p_c76517ae9b158cba02287e228c4ea7a9,6,2703,24,48,1772,318130,72,319902,26.637069922308548,118350.72142064373,4443.083333333333,0.33333333333333331,0.0055391963788910354
r_7c0c57b061024cf1100e492cf1d62869,Direct file transfer,d_5a48c90527d422aff3d0843c4d2bac5c,0,1,a_f47a8f7809556bd3c474b1520fba0d35,a_f47a8f7809556bd3c474b1520fba0d35,p_a17ca683abb82284bc510e0c281a08c3,p_2e2bdff7d79ba86224377da437861888,6,7586,39,38,291252,2827,77,294079,10.150276825731611,38766.016345900338,3819.2077922077924,0.50649350649350644,0.99038693684350121
r_55b2e02dd07f763ff9b515b5385d0c3c,Direct file transfer,d_5a48c90527d422aff3d0843c4d2bac5c,0,1,a_f47a8f7809556bd3c474b1520fba0d35,a_f47a8f7809556bd3c474b1520fba0d35,p_38510f3ad9de8b3fdc6fe97fdf9b7846,p_2e2bdff7d79ba86224377da437861888,6,2701,26,50,1905,226500,76,228405,28.137726767863754,84563.124768604219,3005.3289473684213,0.34210526315789475,0.0083404478886188998
r_a7a5fb399942e7d8196c9b04b81d3b33,Direct file transfer,d_5a48c90527d422aff3d0843c4d2bac5c,0,1,a_f47a8f7809556bd3c474b1520fba0d35,a_f47a8f7809556bd3c474b1520fba0d35,p_ba60df742828f89a85ebc05fdbbb100c,p_de7751b84215a2b890900c93db9f1d01,6,7591,39,38,291251,2825,77,294076,10.143591094717427,38740.086945066527,3819.1688311688313,0.50649350649350644,0.9903936397393871
r_f2141ded97e4ad60f6b8eb51afe40b29,Direct file transfer,d_5a48c90527d422aff3d0843c4d2bac5c,0,1,a_f47a8f7809556bd3c474b1520fba0d35,a_f47a8f7809556bd3c474b1520fba0d35,p_8b33ddc24bb13ab6fc2584130bfe85c1,p_de7751b84215a2b890900c93db9f1d01,6,2710,25,48,1838,318120,73,319958,26.937269372693727,118065.68265682657,4382.9863013698632,0.34246575342465752,0.0057445039661455565
r_c9d8ad97c5a437c52fac9524d3c8522f,Direct file transfer,d_5a48c90527d422aff3d0843c4d2bac5c,0,1,a_f47a8f7809556bd3c474b1520fba0d35,a_f47a8f7809556bd3c474b1520fba0d35,p_c5b7c50b3496cb59f7286463f18ad46b,p_dd74cc5b69b608ff00edcb1d8b246822,6,8120,41,40,265169,2957,81,268126,9.9753694581280801,33020.443349753696,3310.1975308641977,0.50617283950617287,0.9889716029031127
r_557b3c219e59813194638fe68a75562f,Direct file transfer,d_5a48c90527d422aff3d0843c4d2bac5c,0,1,a_f47a8f7809556bd3c474b1520fba0d35,a_f47a8f7809556bd3c474b1520fba0d35,p_65b12b6559957ed987617d93060458f2,p_dd74cc5b69b608ff00edcb1d8b246822,6,2713,34,54,2432,134971,88,137403,32.436417250276449,50646.148175451526,1561.3977272727273,0.38636363636363635,0.017699759102785238
r_4691147068c352d17fdd47d6c7b48460,Direct file transfer,d_5a48c90527d422aff3d0843c4d2bac5c,0,1,a_f47a8f7809556bd3c474b1520fba0d35,a_f47a8f7809556bd3c474b1520fba0d35,p_96ef903dba31daac84d2204906526064,p_77dbe3e2b43b6b81a173862305b375d0,6,8149,41,40,265170,2959,81,268129,9.9398699226899012,32903.301018529884,3310.2345679012346,0.50617283950617287,0.9889642671997434
r_2da08245a062ed068857af0022556edc,Direct file transfer,d_5a48c90527d422aff3d0843c4d2bac5c,0,1,a_f47a8f7809556bd3c474b1520fba0d35,a_f47a8f7809556bd3c474b1520fba0d35,p_a9de31a88622b00ec640009190c0490a,p_77dbe3e2b43b6b81a173862305b375d0,6,2701,27,50,1959,200245,77,202204,28.507960014809328,74862.643465383197,2626.0259740259739,0.35064935064935066,0.0096882356432118066
r_46ac5094157613f1c1813acfdae88e2f,Direct file transfer,d_5a48c90527d422aff3d0843c4d2bac5c,0,1,a_f47a8f7809556bd3c474b1520fba0d35,a_f47a8f7809556bd3c474b1520fba0d35,p_aa61b4545690ecf43e6d2ada781538e6,p_fb701d5a05c03fb8299bbc4274ccd85a,6,8143,41,40,265169,2957,81,268126,9.9471939088787913,32927.176716197959,3310.1975308641977,0.50617283950617287,0.9889716029031127
r_a954632bbc4ce91a0a68fe4c87c20013,Direct file transfer,d_5a48c90527d422aff3d0843c4d2bac5c,0,1,a_f47a8f7809556bd3c474b1520fba0d35,a_f47a8f7809556bd3c474b1520fba0d35,p_ff49b451454a967570a4f210e6703d46,p_fb701d5a05c03fb8299bbc4274ccd85a,6,2714,34,54,2432,134973,88,137405,32.424465733235081,50628.224023581432,1561.4204545454545,0.38636363636363635,0.017699501473745497
r_ad87063aa7594ccb6d9ce887696f9b82,Direct file transfer,d_5a48c90527d422aff3d0843c4d2bac5c,0,1,a_f47a8f7809556bd3c474b1520fba0d35,a_f47a8f7809556bd3c474b1520fba0d35,p_b335784c985988a84775778afad01ed9,p_73a113db56cae583b0f4d27a2f1f0ea3,6,8108,41,40,265170,2959,81,268129,9.9901332017760236,33069.684262456831,3310.2345679012346,0.50617283950617287,0.9889642671997434
r_9ad313baa6beac0a28fc627f4ba75f77,Direct file transfer,d_5a48c90527d422aff3d0843c4d2bac5c,0,1,a_f47a8f7809556bd3c474b1520fba0d35,a_f47a8f7809556bd3c474b1520fba0d35,p_5573169869ea6b8e8f46df0b2c3747bc,p_73a113db56cae583b0f4d27a2f1f0ea3,6,2696,34,54,2433,135014,88,137447,32.640949554896139,50981.824925816021,1561.8977272727273,0.38636363636363635,0.017701368527505146
r_81a0059555dafc3759e99f2f6ae57f61,Direct file transfer,d_5a48c90527d422aff3d0843c4d2bac5c,0,1,a_f47a8f7809556bd3c474b1520fba0d35,a_f47a8f7809556bd3c474b1520fba0d35,p_f123ddea5468204b1dc8c252bc8b4ad3,p_6688deacbc9d093f76efd71ae803001d,6,8119,41,40,265169,2957,81,268126,9.9765981032146822,33024.510407685673,3310.1975308641977,0.50617283950617287,0.9889716029031127
r_186f7e7b5343a899c383247952f3b243,Direct file transfer,d_5a48c90527d422aff3d0843c4d2bac5c,0,1,a_f47a8f7809556bd3c474b1520fba0d35,a_f47a8f7809556bd3c474b1520fba0d35,p_6e692e81883c1eb02c212569e01de288,p_6688deacbc9d093f76efd71ae803001d,6,2709,34,54,2432,134963,88,137395,32.484311554078992,50717.977113325949,1561.3068181818182,0.38636363636363635,0.017700789693948105
r_7b97eb4ec4d861a2d6ea9de8424f2b13,Direct file transfer,d_5a48c90527d422aff3d0843c4d2bac5c,0,1,a_f47a8f7809556bd3c474b1520fba0d35,a_f47a8f7809556bd3c474b1520fba0d35,p_6592e0725ec178a4c2e3a475b5dc6660,p_c0f14bbd0a7540f9669573a1a65f5285,6,5419,31,30,264489,2293,61,266782,11.256689426093375,49230.85440118103,4373.4754098360654,0.50819672131147542,0.99140496735162043
r_f166bfd272c98422598472aeb28fcd7d,Direct file transfer,d_5a48c90527d422aff3d0843c4d2bac5c,0,1,a_f47a8f7809556bd3c474b1520fba0d35,a_f47a8f7809556bd3c474b1520fba0d35,p_f63e2a92ceabb0d60cbc3537145ee0ad,p_c0f14bbd0a7540f9669573a1a65f5285,6,1632,26,38,1902,133913,64,135815,39.215686274509807,83219.975490196084,2122.109375,0.40625,0.014004344144608475
r_af937b69e945e9478fc9595741930714,Direct file transfer,d_5a48c90527d422aff3d0843c4d2bac5c,0,1,a_f47a8f7809556bd3c474b1520fba0d35,a_f47a8f7809556bd3c474b1520fba0d35,p_26cb5176fe0322246af7724d75198e57,p_f20f8250c88d103697dd803efa0f0d0c,6,5423,31,30,264490,2295,61,266785,11.248386501936197,49195.094965886041,4373.5245901639346,0.50819672131147542,0.99139756732949758
r_a60c397becdfd0443daed60ee112ed93,Direct file transfer,d_5a48c90527d422aff3d0843c4d2bac5c,0,1,a_f47a8f7809556bd3c474b1520fba0d35,a_f47a8f7809556bd3c474b1520fba0d35,p_ef198a782e7eb9e5f3439a664d4ea80b,p_f20f8250c88d103697dd803efa0f0d0c,6,1623,24,35,1771,395861,59,397632,36.352433764633396,244998.15157116452,6739.5254237288136,0.40677966101694918,0.0044538668920006434
r_0e45e80ceb18696f1a6e66d33f9b362c,Direct file transfer,d_5a48c90527d422aff3d0843c4d2bac5c,0,1,a_f47a8f7809556bd3c474b1520fba0d35,a_f47a8f7809556bd3c474b1520fba0d35,p_f3ec0e8c1618fc571fcfb5e20c127ade,p_c76517ae9b158cba02287e228c4ea7a9,6,5404,31,30,264489,2293,61,266782,11.287934863064397,49367.505551443377,4373.4754098360654,0.50819672131147542,0.99140496735162043
r_15a1b819974fd2b1d58cd467a0f0b8d8,Direct file transfer,d_5a48c90527d422aff3d0843c4d2bac5c,0,1,a_f47a8f7809556bd3c474b1520fba0d35,a_f47a8f7809556bd3c474b1520fba0d35,p_73b13d7475872d4b514360ea64d881a5,p_c76517ae9b158cba02287e228c4ea7a9,6,1625,24,36,1770,330391,60,332161,36.92307692307692,204406.76923076922,5536.0166666666664,0.40000000000000002,0.0053287411827396955
r_6474aeb4559fda934ccc24e7c1b851b9,Direct file transfer,d_5a48c90527d422aff3d0843c4d2bac5c,0,1,a_f47a8f7809556bd3c474b1520fba0d35,a_f47a8f7809556bd3c474b1520fba0d35,p_5f516e87dff710b62d8f2962a61c35bf,p_2e2bdff7d79ba86224377da437861888,6,5407,31,30,264490,2295,61,266785,11.281671906787498,49340.669502496763,4373.5245901639346,0.50819672131147542,0.99139756732949758
r_3352faaf0a5991783fc63bd9a4245c99,Direct file transfer,d_5a48c90527d422aff3d0843c4d2bac5c,0,1,a_f47a8f7809556bd3c474b1520fba0d35,a_f47a8f7809556bd3c474b1520fba0d35,p_8f224c0a2d373d679c1ff8fe407d2adb,p_2e2bdff7d79ba86224377da437861888,6,1625,25,36,1837,330432,61,332269,37.53846153846154,204473.23076923078,5447.0327868852455,0.4098360655737705,0.0055286529889938575
r_56f624d54d4f04257420ae735752a384,Direct file transfer,d_5a48c90527d422aff3d0843c4d2bac5c,0,1,a_f47a8f7809556bd3c474b1520fba0d35,a_f47a8f7809556bd3c474b1520fba0d35,p_b19b43fa8890b4107d260ac12c1918a0,p_de7751b84215a2b890900c93db9f1d01,6,5422,31,30,264489,2293,61,266782,11.250461084470675,49203.614902250098,4373.4754098360654,0.50819672131147542,0.99140496735162043
r_024bf825ba1efc7ffa3528262becf8a6,Direct file transfer,d_5a48c90527d422aff3d0843c4d2bac5c,0,1,a_f47a8f7809556bd3c474b1520fba0d35,a_f47a8f7809556bd3c474b1520fba0d35,p_47c3964674d69a78d63fd7664035dfd0,p_de7751b84215a2b890900c93db9f1d01,6,1630,24,36,1770,330381,60,332151,36.809815950920246,203773.61963190185,5535.8500000000004,0.40000000000000002,0.0053289016140249468
r_3329f1767b27edae569a961f8a495307,Direct file transfer,d_fd46828b3606c9bab93dce55ae07fefe,0,1,a_f47a8f7809556bd3c474b1520fba0d35,a_f47a8f7809556bd3c474b1520fba0d35,p_d4146ae56080a023a9078437fc662fc4,p_dd74cc5b69b608ff00edcb1d8b246822,6,5,7,5,625,478,12,1103,2400,220600,91.916666666666671,0.58333333333333337,0.56663644605621033
r_c7cd7b5cb38f1df1b64b8b5d2cad0366,Direct file transfer,d_fd46828b3606c9bab93dce55ae07fefe,0,1,a_f47a8f7809556bd3c474b1520fba0d35,a_f47a8f7809556bd3c474b1520fba0d35,p_da5edcc48cbeb0cd75c47c08f7ba89fc,p_dd74cc5b69b608ff00edcb1d8b246822,6,641,33,32,303954,2429,65,306383,101.40405616224649,477976.59906396252,4713.5846153846151,0.50769230769230766,0.99207201443944348
r_f0a0184627e202d83e68369361603df9,Direct file transfer,d_fd46828b3606c9bab93dce55ae07fefe,0,1,a_f47a8f7809556bd3c474b1520fba0d35,a_f47a8f7809556bd3c474b1520fba0d35,p_70d86ea023f5e029f7a531fc754e4fab,p_dd74cc5b69b608ff00edcb1d8b246822,6,160,27,39,2027,238839,66,240866,412.5,1505412.5,3649.4848484848485,0.40909090909090912,0.0084154675213604247
r_7130c248aa000399e7536c80364ece27,Direct file transfer,d_fd46828b3606c9bab93dce55ae07fefe,0,1,a_f47a8f7809556bd3c474b1520fba0d35,a_f47a8f7809556bd3c474b1520fba0d35,p_af93ecc67c0d458e0b0255d0faf9e00e,p_77dbe3e2b43b6b81a173862305b375d0,6,645,33,32,303955,2431,65,306386,100.77519379844961,475017.05426356586,4713.6307692307691,0.50769230769230766,0.9920655643534626
r_2c16238c45e81e8b06b51816d1860afc,Direct file transfer,d_fd46828b3606c9bab93dce55ae07fefe,0,1,a_f47a8f7809556bd3c474b1520fba0d35,a_f47a8f7809556bd3c474b1520fba0d35,p_5823e61884c44bc3f0f0460375546c6e,p_77dbe3e2b43b6b81a173862305b375d0,6,164,26,40,1975,304443,66,306418,402.4390243902439,1868402.4390243902,4642.69696969697,0.39393939393939392,0.0064454438055205638
r_cf4b915f4cf0d37e09f7f4932637c0b4,Direct file transfer,d_fd46828b3606c9bab93dce55ae07fefe,0,1,a_f47a8f7809556bd3c474b1520fba0d35,a_f47a8f7809556bd3c474b1520fba0d35,p_ea352dda47cb4c721530f494e6b8d0c4,p_fb701d5a05c03fb8299bbc4274ccd85a,6,641,33,32,303954,2429,65,306383,101.40405616224649,477976.59906396252,4713.5846153846151,0.50769230769230766,0.99207201443944348
r_cfe32ec59367e86607015a706056ff84,Direct file transfer,d_fd46828b3606c9bab93dce55ae07fefe,0,1,a_f47a8f7809556bd3c474b1520fba0d35,a_f47a8f7809556bd3c474b1520fba0d35,p_938d32d14152f1e9c39d3b83a4fa1f8e,p_fb701d5a05c03fb8299bbc4274ccd85a,6,167,27,39,2027,238841,66,240868,395.20958083832335,1442323.3532934131,3649.5151515151515,0.40909090909090912,0.0084153976451832539
r_e4b8167cf867b6e56777fc6d8323ed03,Direct file transfer,d_fd46828b3606c9bab93dce55ae07fefe,0,1,a_f47a8f7809556bd3c474b1520fba0d35,a_f47a8f7809556bd3c474b1520fba0d35,p_c5945729efc27d5d2b34d8e36fe3b396,p_73a113db56cae583b0f4d27a2f1f0ea3,6,639,33,32,303955,2431,65,306386,101.72143974960876,479477.30829420971,4713.6307692307691,0.50769230769230766,0.9920655643534626
r_361869b7a306a6e62907a86753baeb27,Direct file transfer,d_fd46828b3606c9bab93dce55ae07fefe,0,1,a_f47a8f7809556bd3c474b1520fba0d35,a_f47a8f7809556bd3c474b1520fba0d35,p_6d92020867dae184c4d7ed8423af9067,p_73a113db56cae583b0f4d27a2f1f0ea3,6,170,28,40,2095,173412,68,175507,399.99999999999994,1032394.1176470588,2580.9852941176468,0.41176470588235292,0.011936845823813295
r_feaf8417bdab4648fac0ed9225fc8cba,Direct file transfer,d_fd46828b3606c9bab93dce55ae07fefe,0,1,a_f47a8f7809556bd3c474b1520fba0d35,a_f47a8f7809556bd3c474b1520fba0d35,p_a97f091b0c6a9629035d4ad1dc8d7b01,p_6688deacbc9d093f76efd71ae803001d,6,641,33,32,303954,2429,65,306383,101.40405616224649,477976.59906396252,4713.5846153846151,0.50769230769230766,0.99207201443944348
r_79d53accf67ff303c5cbffd15c9f879f,Direct file transfer,d_fd46828b3606c9bab93dce55ae07fefe,0,1,a_f47a8f7809556bd3c474b1520fba0d35,a_f47a8f7809556bd3c474b1520fba0d35,p_f5cf4b4ba1e20144d1f5313839df5afe,p_6688deacbc9d093f76efd71ae803001d,6,171,32,40,2357,238897,72,241254,421.05263157894734,1410842.1052631577,3350.75,0.44444444444444442,0.0097697862004360557
r_e2a7077c3d7b5cc6ee5ba98a3e510d91,Direct file transfer,d_fd46828b3606c9bab93dce55ae07fefe,0,1,a_f47a8f7809556bd3c474b1520fba0d35,a_f47a8f7809556bd3c474b1520fba0d35,p_a75365803444692043e24f4b74264254,p_c0f14bbd0a7540f9669573a1a65f5285,6,694,35,34,277871,2561,69,280432,99.423631123919321,404080.69164265133,4064.231884057971,0.50724637681159424,0.9908676613225309
r_2ddf078734a583a5a99b9896abef5337,Direct file transfer,d_fd46828b3606c9bab93dce55ae07fefe,0,1,a_f47a8f7809556bd3c474b1520fba0d35,a_f47a8f7809556bd3c474b1520fba0d35,p_3bda655f98a7d53983feaaa5305ee165,p_c0f14bbd0a7540f9669573a1a65f5285,6,179,26,44,1973,212954,70,214927,391.06145251396651,1200709.497206704,3070.3857142857141,0.37142857142857144,0.0091798610691071845
r_31614af72a9253e652c4fc8a9c678692,Direct file transfer,d_fd46828b3606c9bab93dce55ae07fefe,0,1,a_f47a8f7809556bd3c474b1520fba0d35,a_f47a8f7809556bd3c474b1520fba0d35,p_26c0460d7a58b45a3b38ee483698da42,p_f20f8250c88d103697dd803efa0f0d0c,6,696,35,34,277872,2563,69,280435,99.137931034482762,402923.85057471268,4064.2753623188405,0.50724637681159424,0.99086062723982382
r_75416e786a1daa3330e6f44efa224bfc,Direct file transfer,d_fd46828b3606c9bab93dce55ae07fefe,0,1,a_f47a8f7809556bd3c474b1520fba0d35,a_f47a8f7809556bd3c474b1520fba0d35,p_aad5c28b042191187326c7013b01f806,p_f20f8250c88d103697dd803efa0f0d0c,6,179,34,44,2491,212956,78,215447,435.75418994413411,1203614.5251396648,2762.1410256410259,0.4358974358974359,0.011562008289741793
r_1de10e007fba6f70614391325cdc7586,Direct file transfer,d_fd46828b3606c9bab93dce55ae07fefe,0,1,a_f47a8f7809556bd3c474b1520fba0d35,a_f47a8f7809556bd3c474b1520fba0d35,p_9e0359617b181edfb7ba2c692975df78,p_c76517ae9b158cba02287e228c4ea7a9,6,698,35,34,277871,2561,69,280432,98.85386819484242,401765.04297994269,4064.231884057971,0.50724637681159424,0.9908676613225309
r_38c67637dfd9d41d5a5a9bf2634f2cfa,Direct file transfer,d_fd46828b3606c9bab93dce55ae07fefe,0,1,a_f47a8f7809556bd3c474b1520fba0d35,a_f47a8f7809556bd3c474b1520fba0d35,p_e7fb717d4c95057236c157da1b34b3bc,p_c76517ae9b158cba02287e228c4ea7a9,6,176,30,44,2225,147420,74,149645,420.4545454545455,850255.68181818188,2022.2297297297298,0.40540540540540543,0.014868522169133615
r_0ada9f2b929355ccb15e6574ddb6817a,Direct file transfer,d_fd46828b3606c9bab93dce55ae07fefe,0,1,a_f47a8f7809556bd3c474b1520fba0d35,a_f47a8f7809556bd3c474b1520fba0d35,p_393466498a2ddc78be8334ac61b4600a,p_2e2bdff7d79ba86224377da437861888,6,696,35,34,277872,2563,69,280435,99.137931034482762,402923.85057471268,4064.2753623188405,0.50724637681159424,0.99086062723982382
r_81226dbe80f61480f6de11395588fa80,Direct file transfer,d_fd46828b3606c9bab93dce55ae07fefe,0,1,a_f47a8f7809556bd3c474b1520fba0d35,a_f47a8f7809556bd3c474b1520fba0d35,p_c05231ef8acfb1836f45dd19a851cc2a,p_2e2bdff7d79ba86224377da437861888,6,179,30,44,2227,147461,74,149688,413.40782122905028,836245.81005586591,2022.8108108108108,0.40540540540540543,0.014877612099834321
r_e4d63d1527a69f62c3f29a2cff20ef86,Direct file transfer,d_fd46828b3606c9bab93dce55ae07fefe,0,1,a_f47a8f7809556bd3c474b1520fba0d35,a_f47a8f7809556bd3c474b1520fba0d35,p_37a1140499222b7aba504d9fe5056430,p_de7751b84215a2b890900c93db9f1d01,6,695,35,34,277871,2561,69,280432,99.280575539568346,403499.28057553963,4064.231884057971,0.50724637681159424,0.9908676613225309
r_7c9e38a1cad1e2a0dd457da8ba6a0ede,Direct file transfer,d_fd46828b3606c9bab93dce55ae07fefe,0,1,a_f47a8f7809556bd3c474b1520fba0d35,a_f47a8f7809556bd3c474b1520fba0d35,p_ada7a4a7af5c79bf0048e3e603b8576f,p_de7751b84215a2b890900c93db9f1d01,6,167,30,44,2225,147410,74,149635,443.11377245508982,896017.96407185623,2022.0945945945946,0.40540540540540543,0.014869515821833127
r_d9339eca396ee98ab5f987da8b478fcd,Direct file transfer,d_fd46828b3606c9bab93dce55ae07fefe,0,1,a_f47a8f7809556bd3c474b1520fba0d35,a_f47a8f7809556bd3c474b1520fba0d35,p_109c526015fbb90b6e4332e0abaa8b7d,p_dd74cc5b69b608ff00edcb1d8b246822,6,752,37,36,317333,2693,73,320026,97.074468085106389,425566.48936170212,4383.9178082191784,0.50684931506849318,0.99158505871397951
r_4272a1310ebae4c8f1833522e403b03f,Direct file transfer,d_fd46828b3606c9bab93dce55ae07fefe,0,1,a_f47a8f7809556bd3c474b1520fba0d35,a_f47a8f7809556bd3c474b1520fba0d35,p_b3179a33c3ae758883f7f411795dcf60,p_dd74cc5b69b608ff00edcb1d8b246822,6,199,31,46,2291,186872,77,189163,386.93467336683415,950567.83919597988,2456.6623376623374,0.40259740259740262,0.012111247971326317
r_b286a0c8dfb4996c93e1b07c02c02ad7,Direct file transfer,d_fd46828b3606c9bab93dce55ae07fefe,0,1,a_f47a8f7809556bd3c474b1520fba0d35,a_f47a8f7809556bd3c474b1520fba0d35,p_b8d9b9ed64ce6606364744ef6e01fec9,p_77dbe3e2b43b6b81a173862305b375d0,6,757,37,35,317334,2629,72,319963,95.112285336856004,422672.39101717307,4443.9305555555557,0.51388888888888884,0.9917834249585108
r_a8fe3d86d65648fc90981fc686b3fd5a,Direct file transfer,d_fd46828b3606c9bab93dce55ae07fefe,0,1,a_f47a8f7809556bd3c474b1520fba0d35,a_f47a8f7809556bd3c474b1520fba0d35,p_96761751e6f5f06f8537c94db392ac1c,p_77dbe3e2b43b6b81a173862305b375d0,6,199,31,46,2293,186874,77,189167,386.93467336683415,950587.93969849241,2456.7142857142858,0.40259740259740262,0.012121564543498602
r_c93fa7abd3a1b96ba46bc0838e89cae7,Direct file transfer,d_fd46828b3606c9bab93dce55ae07fefe,0,1,a_f47a8f7809556bd3c474b1520fba0d35,a_f47a8f7809556bd3c474b1520fba0d35,p_fa513b3d05d8150fdc9b1a202a4ae83e,p_fb701d5a05c03fb8299bbc4274ccd85a,6,750,37,36,317333,2693,73,320026,97.333333333333329,426701.33333333331,4383.9178082191784,0.50684931506849318,0.99158505871397951
r_6e99de06a9efe9960e9513db6ac964f6,Direct file transfer,d_fd46828b3606c9bab93dce55ae07fefe,0,1,a_f47a8f7809556bd3c474b1520fba0d35,a_f47a8f7809556bd3c474b1520fba0d35,p_23b05c28ed4ab41a72704dcbcb2ef58f,p_fb701d5a05c03fb8299bbc4274ccd85a,6,193,25,46,1907,317946,71,319853,367.87564766839375,1657269.4300518134,4504.9718309859154,0.352112676056338,0.0059621138460480283
r_10add97f70afe187dd00ab4e2501c209,Direct file transfer,d_fd46828b3606c9bab93dce55ae07fefe,0,1,a_f47a8f7809556bd3c474b1520fba0d35,a_f47a8f7809556bd3c474b1520fba0d35,p_6240f58a19206c9f851a677f1ce11178,p_73a113db56cae583b0f4d27a2f1f0ea3,6,758,37,36,317334,2695,73,320029,96.306068601583107,422201.84696569922,4383.9589041095887,0.50684931506849318,0.99157888816326023
r_d4aaf620ec65ef5b413c4eb4fad3f062,Direct file transfer,d_fd46828b3606c9bab93dce55ae07fefe,0,1,a_f47a8f7809556bd3c474b1520fba0d35,a_f47a8f7809556bd3c474b1520fba0d35,p_d1c8ab5849a76a99bedadc0b7333d801,p_73a113db56cae583b0f4d27a2f1f0ea3,6,192,31,46,2293,186915,77,189208,401.04166666666669,985458.33333333326,2457.2467532467531,0.40259740259740262,0.012118937888461375
r_ab720e26a2f0cd2f22b6031bdf9f9ebd,Direct file transfer,d_fd46828b3606c9bab93dce55ae07fefe,0,1,a_f47a8f7809556bd3c474b1520fba0d35,a_f47a8f7809556bd3c474b1520fba0d35,p_b738fcaf86eac7ed5197d2246e1ba1f9,p_6688deacbc9d093f76efd71ae803001d,6,757,37,36,317333,2693,73,320026,96.433289299867894,422755.61426684278,4383.9178082191784,0.50684931506849318,0.99158505871397951
r_efc96d89f0d3c4d060ef033008813084,Direct file transfer,d_fd46828b3606c9bab93dce55ae07fefe,0,1,a_f47a8f7809556bd3c474b1520fba0d35,a_f47a8f7809556bd3c474b1520fba0d35,p_82dc3215542c871d938297891ec5989b,p_6688deacbc9d093f76efd71ae803001d,6,198,35,46,2555,252400,81,254955,409.09090909090907,1287651.5151515151,3147.5925925925926,0.43209876543209874,0.010021376321311604
r_0a636a82085ce6e252a0e3d65b88fafb,Direct file transfer,d_fd46828b3606c9bab93dce55ae07fefe,0,1,a_f47a8f7809556bd3c474b1520fba0d35,a_f47a8f7809556bd3c474b1520fba0d35,p_37ff919dfcb7fe9691d4f0fd961cba26,p_c0f14bbd0a7540f9669573a1a65f5285,6,72534,68,104,293422,191864,172,485286,2.3713017343590592,6690.4624038381999,2821.4302325581393,0.39534883720930231,0.60463726544759178
r_fafd6c48d8c5abf3f646b83b4c27eca0,Direct file transfer,d_fd46828b3606c9bab93dce55ae07fefe,0,1,a_f47a8f7809556bd3c474b1520fba0d35,a_f47a8f7809556bd3c474b1520fba0d35,p_f9f2bead2970c9544e13075e6b80d1c1,p_c0f14bbd0a7540f9669573a1a65f5285,6,191,25,48,1907,318128,73,320035,382.19895287958116,1675575.9162303666,4384.0410958904113,0.34246575342465752,0.0059587232646429299
r_95a2012fb7540d0a3c94185b6bfe2870,Direct file transfer,d_fd46828b3606c9bab93dce55ae07fefe,0,1,a_f47a8f7809556bd3c474b1520fba0d35,a_f47a8f7809556bd3c474b1520fba0d35,p_29eb70834a1ddf4573c3fb608306f49d,p_f20f8250c88d103697dd803efa0f0d0c,6,815,39,38,291252,2827,77,294079,94.478527607361968,360833.12883435586,3819.2077922077924,0.50649350649350644,0.99038693684350121
r_de98ba8d4ec455a27aba29b34f0adb68,Direct file transfer,d_fd46828b3606c9bab93dce55ae07fefe,0,1,a_f47a8f7809556bd3c474b1520fba0d35,a_f47a8f7809556bd3c474b1520fba0d35,p_8eeb2b6a3f14272b037348a6cac88c54,p_f20f8250c88d103697dd803efa0f0d0c,6,202,33,50,2425,160923,83,163348,410.89108910891088,808653.46534653462,1968.0481927710844,0.39759036144578314,0.014845605700712588
r_e32c4fc7e20f479f564e5595b91fc0d9,Direct file transfer,d_fd46828b3606c9bab93dce55ae07fefe,0,1,a_f47a8f7809556bd3c474b1520fba0d35,a_f47a8f7809556bd3c474b1520fba0d35,p_37a86c4915507ae2f0f372777c73f00e,p_c76517ae9b158cba02287e228c4ea7a9,6,808,39,38,291251,2825,77,294076,95.297029702970292,363955.44554455444,3819.1688311688313,0.50649350649350644,0.9903936397393871
r_5ec1d05488ed4c42134bf236943d33e2,Direct file transfer,d_fd46828b3606c9bab93dce55ae07fefe,0,1,a_f47a8f7809556bd3c474b1520fba0d35,a_f47a8f7809556bd3c474b1520fba0d35,p_ff1021795203305f3ac7cf978bd82feb,p_c76517ae9b158cba02287e228c4ea7a9,6,202,31,51,2303,160989,82,163292,405.9405940594059,808376.23762376234,1991.3658536585365,0.37804878048780488,0.014103569066457634
r_9a10e1395b1353d21536b1c50f2ccb5b,Direct file transfer,d_fd46828b3606c9bab93dce55ae07fefe,0,1,a_f47a8f7809556bd3c474b1520fba0d35,a_f47a8f7809556bd3c474b1520fba0d35,p_d79b749a10e3e9b31ffe486db52ae67e,p_2e2bdff7d79ba86224377da437861888,6,805,39,38,291252,2827,77,294079,95.65217391304347,365315.52795031056,3819.2077922077924,0.50649350649350644,0.99038693684350121
r_60447712e146b94b86c9fb17dad20ea6,Direct file transfer,d_fd46828b3606c9bab93dce55ae07fefe,0,1,a_f47a8f7809556bd3c474b1520fba0d35,a_f47a8f7809556bd3c474b1520fba0d35,p_94efaaea82bb8c862c3dbc6798cd76bc,p_2e2bdff7d79ba86224377da437861888,6,191,33,50,2425,160964,83,163389,434.55497382198951,855439.79057591618,1968.5421686746988,0.39759036144578314,0.014841880420346535
r_5329e26f3035758d8de86b614edcbaf8,Direct file transfer,d_fd46828b3606c9bab93dce55ae07fefe,0,1,a_f47a8f7809556bd3c474b1520fba0d35,a_f47a8f7809556bd3c474b1520fba0d35,p_dbaccacf985f234dfda557323bfce16b,p_de7751b84215a2b890900c93db9f1d01,6,814,39,38,291251,2825,77,294076,94.594594594594597,361272.72727272729,3819.1688311688313,0.50649350649350644,0.9903936397393871
r_e15647d61c04a6087fe51f1f1d62782c,Direct file transfer,d_fd46828b3606c9bab93dce55ae07fefe,0,1,a_f47a8f7809556bd3c474b1520fba0d35,a_f47a8f7809556bd3c474b1520fba0d35,p_01887fc9d3cb28666cee59e9ee1e11aa,p_de7751b84215a2b890900c93db9f1d01,6,198,27,49,2039,252650,76,254689,383.83838383838383,1286308.0808080807,3351.1710526315787,0.35526315789473684,0.0080058424195783885
r_fecdbdd1b2a592a512c8db223818ccce,Direct file transfer,d_fd46828b3606c9bab93dce55ae07fefe,0,1,a_f47a8f7809556bd3c474b1520fba0d35,a_f47a8f7809556bd3c474b1520fba0d35,p_0074763855f34347c13f9730025c9654,p_dd74cc5b69b608ff00edcb1d8b246822,6,857,41,40,265169,2957,81,268126,94.515752625437571,312865.81096849474,3310.1975308641977,0.50617283950617287,0.9889716029031127
r_ec21c4af22625c73e60b2ccbabd821de,Direct file transfer,d_fd46828b3606c9bab93dce55ae07fefe,0,1,a_f47a8f7809556bd3c474b1520fba0d35,a_f47a8f7809556bd3c474b1520fba0d35,p_47b3fd5ccbdd39912287119a9b57370c,p_dd74cc5b69b608ff00edcb1d8b246822,6,201,38,54,2765,200507,92,203272,457.7114427860696,1011303.4825870646,2209.478260869565,0.41304347826086957,0.013602463693966704
r_9312baa26c3839d6f22a2a12f6a4c2fc,Direct file transfer,d_fd46828b3606c9bab93dce55ae07fefe,0,1,a_f47a8f7809556bd3c474b1520fba0d35,a_f47a8f7809556bd3c474b1520fba0d35,p_e4552ba46db43404f58cfaf13c46db13,p_77dbe3e2b43b6b81a173862305b375d0,6,866,41,40,265170,2959,81,268129,93.533487297921482,309617.78290993074,3310.2345679012346,0.50617283950617287,0.9889642671997434
r_6a5237d1f2cc50d234389355ccbe82c7,Direct file transfer,d_fd46828b3606c9bab93dce55ae07fefe,0,1,a_f47a8f7809556bd3c474b1520fba0d35,a_f47a8f7809556bd3c474b1520fba0d35,p_f022310d83ea584fdf9f9fc2a997562c,p_77dbe3e2b43b6b81a173862305b375d0,6,197,27,50,2029,200245,77,202274,390.86294416243652,1026771.5736040609,2626.9350649350649,0.35064935064935066,0.010030948119876999
r_b1302e33660506ed24c06af0cc6e4eb5,Direct file transfer,d_fd46828b3606c9bab93dce55ae07fefe,0,1,a_f47a8f7809556bd3c474b1520fba0d35,a_f47a8f7809556bd3c474b1520fba0d35,p_9cd276a294dce91437b425817f2d6fdb,p_fb701d5a05c03fb8299bbc4274ccd85a,6,861,41,40,265169,2957,81,268126,94.076655052264812,311412.31126596982,3310.1975308641977,0.50617283950617287,0.9889716029031127
r_d850c94c0a547b3be5232dce1b10daef,Direct file transfer,d_fd46828b3606c9bab93dce55ae07fefe,0,1,a_f47a8f7809556bd3c474b1520fba0d35,a_f47a8f7809556bd3c474b1520fba0d35,p_7cf4bc74730b0ad924fa13ac7250dc9d,p_fb701d5a05c03fb8299bbc4274ccd85a,6,193,26,50,1973,265940,76,267913,393.7823834196891,1388150.2590673575,3525.1710526315787,0.34210526315789475,0.007364330958184187
r_a6566f7ce2820cadae65b0db11d97536,Direct file transfer,d_fd46828b3606c9bab93dce55ae07fefe,0,1,a_f47a8f7809556bd3c474b1520fba0d35,a_f47a8f7809556bd3c474b1520fba0d35,p_e4cd5ddc565800c463c1ff051526c45a,p_73a113db56cae583b0f4d27a2f1f0ea3,6,866,41,40,265170,2959,81,268129,93.533487297921482,309617.78290993074,3310.2345679012346,0.50617283950617287,0.9889642671997434
r_f041a45d46fc76661d932c36401c42ff,Direct file transfer,d_fd46828b3606c9bab93dce55ae07fefe,0,1,a_f47a8f7809556bd3c474b1520fba0d35,a_f47a8f7809556bd3c474b1520fba0d35,p_20b2b047b6b23ab869a7c272298d8928,p_73a113db56cae583b0f4d27a2f1f0ea3,6,194,34,54,2503,135014,88,137517,453.60824742268039,708850.51546391752,1562.6931818181818,0.38636363636363635,0.018201386010456889
r_fbd40051d78f56f2b6cd2ae33079dd54,Direct file transfer,d_fd46828b3606c9bab93dce55ae07fefe,0,1,a_f47a8f7809556bd3c474b1520fba0d35,a_f47a8f7809556bd3c474b1520fba0d35,p_3f9595fbdb86bd29626b9d69cda97ca2,p_6688deacbc9d093f76efd71ae803001d,6,863,41,40,265169,2957,81,268126,93.858632676709149,310690.61413673236,3310.1975308641977,0.50617283950617287,0.9889716029031127
r_55be686809b2aaf0041e93d7afc79744,Direct file transfer,d_fd46828b3606c9bab93dce55ae07fefe,0,1,a_f47a8f7809556bd3c474b1520fba0d35,a_f47a8f7809556bd3c474b1520fba0d35,p_21b5a0897ff7a80796aa0dd85cbfc9e1,p_6688deacbc9d093f76efd71ae803001d,6,205,34,54,2501,134963,88,137464,429.26829268292687,670556.0975609757,1562.090909090909,0.38636363636363635,0.018193854390967816
r_44c74ec8cc30b34d60dc1fd297c2a4b1,Direct file transfer,d_fd46828b3606c9bab93dce55ae07fefe,0,1,a_f47a8f7809556bd3c474b1520fba0d35,a_f47a8f7809556bd3c474b1520fba0d35,p_8b9b004e3a91837ed31b5e98aac1d67f,p_c0f14bbd0a7540f9669573a1a65f5285,6,926,43,42,304632,3089,85,307721,91.792656587473004,332312.09503239737,3620.2470588235292,0.50588235294117645,0.98996168607277368
r_02fd590091bb648415ae62b1407775ad,Direct file transfer,d_fd46828b3606c9bab93dce55ae07fefe,0,1,a_f47a8f7809556bd3c474b1520fba0d35,a_f47a8f7809556bd3c474b1520fba0d35,p_52abb1c6ec6d6988359b8a7e2c471cc6,p_c0f14bbd0a7540f9669573a1a65f5285,6,225,28,52,2105,279178,80,281283,355.55555555555554,1250146.6666666667,3516.0374999999999,0.34999999999999998,0.0074835663726567194
r_cef44d20ba0d9d06cee41529b2cf908c,Direct file transfer,d_fd46828b3606c9bab93dce55ae07fefe,0,1,a_f47a8f7809556bd3c474b1520fba0d35,a_f47a8f7809556bd3c474b1520fba0d35,p_35f6aaa1cb952409046c1e4836a33418,p_f20f8250c88d103697dd803efa0f0d0c,6,932,43,42,304633,3091,85,307724,91.201716738197419,330175.96566523606,3620.2823529411767,0.50588235294117645,0.9899552846056856
r_d4f4da670c29dd1489679325cefa3971,Direct file transfer,d_fd46828b3606c9bab93dce55ae07fefe,0,1,a_f47a8f7809556bd3c474b1520fba0d35,a_f47a8f7809556bd3c474b1520fba0d35,p_d8d1bec45be9ec7b19317507ac9cad69,p_f20f8250c88d103697dd803efa0f0d0c,6,231,36,56,2623,174427,92,177050,398.26839826839824,766450.21645021637,1924.4565217391305,0.39130434782608697,0.014815024004518498
r_c24d0078f3da5e8f07cc38f3cb0987b5,Direct file transfer,d_fd46828b3606c9bab93dce55ae07fefe,0,1,a_f47a8f7809556bd3c474b1520fba0d35,a_f47a8f7809556bd3c474b1520fba0d35,p_d2cb18f55f8fb9c2c655315d7fc5750d,p_c76517ae9b158cba02287e228c4ea7a9,6,926,43,42,304632,3089,85,307721,91.792656587473004,332312.09503239737,3620.2470588235292,0.50588235294117645,0.98996168607277368
r_451766f49af26262f0f638b923286efe,Direct file transfer,d_fd46828b3606c9bab93dce55ae07fefe,0,1,a_f47a8f7809556bd3c474b1520fba0d35,a_f47a8f7809556bd3c474b1520fba0d35,p_ec001a6c6b678f9c4bafae4a9e96b13b,p_c76517ae9b158cba02287e228c4ea7a9,6,248,31,57,2303,174493,88,176796,354.83870967741933,712887.09677419357,2009.0454545454545,0.35227272727272729,0.01302631281250707
r_11433ad28ce547b23511785e6e680a75,Direct file transfer,d_fd46828b3606c9bab93dce55ae07fefe,0,1,a_f47a8f7809556bd3c474b1520fba0d35,a_f47a8f7809556bd3c474b1520fba0d35,p_eb45cd1140f0d058bab7d6a3d8eb6b31,p_2e2bdff7d79ba86224377da437861888,6,925,43,42,304633,3091,85,307724,91.891891891891888,332674.59459459456,3620.2823529411767,0.50588235294117645,0.9899552846056856
r_cedbeabb31dc6b66f8e4d73cc6c7fd0d,Direct file transfer,d_fd46828b3606c9bab93dce55ae07fefe,0,1,a_f47a8f7809556bd3c474b1520fba0d35,a_f47a8f7809556bd3c474b1520fba0d35,p_b07d796d0d7b9b50b841d004f0115ef6,p_2e2bdff7d79ba86224377da437861888,6,233,36,56,2623,174468,92,177091,394.84978540772528,760047.21030042914,1924.9021739130435,0.39130434782608697,0.014811594039222772
r_521baacfaf616dc565fbfa183a4001fc,Direct file transfer,d_fd46828b3606c9bab93dce55ae07fefe,0,1,a_f47a8f7809556bd3c474b1520fba0d35,a_f47a8f7809556bd3c474b1520fba0d35,p_c5108b977ecfe057b9d571cd792a7579,p_de7751b84215a2b890900c93db9f1d01,6,915,43,42,304632,3089,85,307721,92.896174863387969,336307.10382513661,3620.2470588235292,0.50588235294117645,0.98996168607277368
r_b93d1a7502b8da8e728c49a457b109f1,Direct file transfer,d_fd46828b3606c9bab93dce55ae07fefe,0,1,a_f47a8f7809556bd3c474b1520fba0d35,a_f47a8f7809556bd3c474b1520fba0d35,p_c4e9f3a74ad89925d10bae62bf06d5a0,p_de7751b84215a2b890900c93db9f1d01,6,236,36,56,2621,174417,92,177038,389.83050847457628,750161.01694915257,1924.3260869565217,0.39130434782608697,0.014804731187654628
r_93cd0587bc85b726aa29746cfcd83c56,Direct file transfer,d_fd46828b3606c9bab93dce55ae07fefe,0,1,a_f47a8f7809556bd3c474b1520fba0d35,a_f47a8f7809556bd3c474b1520fba0d35,p_defe7c55311040462a2b847ed2c747b2,p_dd74cc5b69b608ff00edcb1d8b246822,6,976,45,43,278549,3155,88,281704,90.163934426229517,288631.14754098363,3201.181818181818,0.51136363636363635,0.98880030102518957
r_1f7210425e3f0fcccc18684cb17e54f3,Direct file transfer,d_fd46828b3606c9bab93dce55ae07fefe,0,1,a_f47a8f7809556bd3c474b1520fba0d35,a_f47a8f7809556bd3c474b1520fba0d35,p_5747c579187f63f09375e35fcee8dc22,p_dd74cc5b69b608ff00edcb1d8b246822,6,235,38,60,2753,148474,98,151227,417.02127659574472,643519.14893617027,1543.1326530612246,0.38775510204081631,0.01820442116817764
r_706627a842bc0e51c010997b5e0895a2,Direct file transfer,d_fd46828b3606c9bab93dce55ae07fefe,0,1,a_f47a8f7809556bd3c474b1520fba0d35,a_f47a8f7809556bd3c474b1520fba0d35,p_9217fffc17304535352a24c3f6218504,p_77dbe3e2b43b6b81a173862305b375d0,6,979,45,43,278550,3157,88,281707,89.887640449438209,287749.74463738507,3201.215909090909,0.51136363636363635,0.9887933207197549
r_459940679c777bad715539d78bac5633,Direct file transfer,d_fd46828b3606c9bab93dce55ae07fefe,0,1,a_f47a8f7809556bd3c474b1520fba0d35,a_f47a8f7809556bd3c474b1520fba0d35,p_99c9e7178420bc202d890fe08419ac1e,p_77dbe3e2b43b6b81a173862305b375d0,6,235,28,53,2095,213550,81,215645,344.68085106382983,917638.29787234042,2662.2839506172841,0.34567901234567899,0.0097150409237404065
r_fdd0a57a2a7ed613e34966c93b1f07bb,Direct file transfer,d_fd46828b3606c9bab93dce55ae07fefe,0,1,a_f47a8f7809556bd3c474b1520fba0d35,a_f47a8f7809556bd3c474b1520fba0d35,p_ad608352b129181b587d4d192e241c00,p_fb701d5a05c03fb8299bbc4274ccd85a,6,977,45,42,278549,3089,87,281638,89.04810644831116,288268.16786079836,3237.2183908045977,0.51724137931034486,0.98903201982686995
r_cd530612ead05be347c3657670e2e598,Direct file transfer,d_fd46828b3606c9bab93dce55ae07fefe,0,1,a_f47a8f7809556bd3c474b1520fba0d35,a_f47a8f7809556bd3c474b1520fba0d35,p_831b0f9cfb60530492b16664f6f6c8bc,p_fb701d5a05c03fb8299bbc4274ccd85a,6,235,29,54,2159,148080,83,150239,353.19148936170217,639314.89361702127,1810.1084337349398,0.3493975903614458,0.014370436437942212
r_f2d2bff96dc4c3bde9729af35a659818,Direct file transfer,d_fd46828b3606c9bab93dce55ae07fefe,0,1,a_f47a8f7809556bd3c474b1520fba0d35,a_f47a8f7809556bd3c474b1520fba0d35,p_23e2e31f284975b2eee499e6efab0848,p_73a113db56cae583b0f4d27a2f1f0ea3,6,976,45,43,278550,3157,88,281707,90.163934426229517,288634.22131147544,3201.215909090909,0.51136363636363635,0.9887933207197549
r_863a2f31a3c8d89554c3279b49a995c5,Direct file transfer,d_fd46828b3606c9bab93dce55ae07fefe,0,1,a_f47a8f7809556bd3c474b1520fba0d35,a_f47a8f7809556bd3c474b1520fba0d35,p_7f484d65bdbe500610f61b8bfb82e5dd,p_73a113db56cae583b0f4d27a2f1f0ea3,6,249,38,60,2755,148517,98,151272,393.574297188755,607518.07228915661,1543.591836734694,0.38775510204081631,0.01821222698186049
r_616c59fcd8cb39d3368e61b6caf27bf2,Direct file transfer,d_fd46828b3606c9bab93dce55ae07fefe,0,1,a_f47a8f7809556bd3c474b1520fba0d35,a_f47a8f7809556bd3c474b1520fba0d35,p_f562bba8b3c51d4f1000230127c3cf6c,p_6688deacbc9d093f76efd71ae803001d,6,973,45,43,278549,3155,88,281704,90.441932168550878,289521.06885919836,3201.181818181818,0.51136363636363635,0.98880030102518957
r_fbfba111cf2df4c3cc200fda594969b2,Direct file transfer,d_fd46828b3606c9bab93dce55ae07fefe,0,1,a_f47a8f7809556bd3c474b1520fba0d35,a_f47a8f7809556bd3c474b1520fba0d35,p_5fed0564329c3a30c947ba3ab718c8e3,p_6688deacbc9d093f76efd71ae803001d,6,237,42,60,3017,214002,102,217019,430.37974683544309,915691.98312236287,2127.6372549019607,0.41176470588235292,0.013902008579893927
r_bce49afe7cf4d589d54fb56a8c001c63,Direct file transfer,d_fd46828b3606c9bab93dce55ae07fefe,0,1,a_f47a8f7809556bd3c474b1520fba0d35,a_f47a8f7809556bd3c474b1520fba0d35,p_3ad454254a972ac768b4da9fd97b8b52,p_c0f14bbd0a7540f9669573a1a65f5285,6,1041,47,44,318011,3221,91,321232,87.415946205571572,308580.2113352546,3530.0219780219782,0.51648351648351654,0.98997297903073167
r_84f619dd05085664b1c8cb3c7b941925,Direct file transfer,d_fd46828b3606c9bab93dce55ae07fefe,0,1,a_f47a8f7809556bd3c474b1520fba0d35,a_f47a8f7809556bd3c474b1520fba0d35,p_d20348ed656cf80af9ba7ca4a51c0cdf,p_c0f14bbd0a7540f9669573a1a65f5285,6,270,28,54,2093,252936,82,255029,303.7037037037037,944551.8518518518,3110.1097560975609,0.34146341463414637,0.0082069098024146279
r_02da053f03c681383b62c04ea78e9a7b,Direct file transfer,d_fd46828b3606c9bab93dce55ae07fefe,0,1,a_f47a8f7809556bd3c474b1520fba0d35,a_f47a8f7809556bd3c474b1520fba0d35,p_83b5af611fb3e85efe154f1714c49aa5,p_f20f8250c88d103697dd803efa0f0d0c,6,1036,47,44,318012,3223,91,321235,87.837837837837839,310072.39382239379,3530.0549450549452,0.51648351648351654,0.98996684670101331
r_25e2a7bccd2758175414e5570c4af106,Direct file transfer,d_fd46828b3606c9bab93dce55ae07fefe,0,1,a_f47a8f7809556bd3c474b1520fba0d35,a_f47a8f7809556bd3c474b1520fba0d35,p_f8ba40fec569e999381f4c87a5e6bfc4,p_f20f8250c88d103697dd803efa0f0d0c,6,274,39,62,2821,187930,101,190751,368.61313868613138,696171.5328467153,1888.6237623762377,0.38613861386138615,0.014788913295343143
r_11b874d077e27e2a41cbfa4b5502ae1e,Direct file transfer,d_fd46828b3606c9bab93dce55ae07fefe,0,1,a_f47a8f7809556bd3c474b1520fba0d35,a_f47a8f7809556bd3c474b1520fba0d35,p_871cc6b7e637a84ef39b58944f0b7f56,p_c76517ae9b158cba02287e228c4ea7a9,6,1041,47,44,318011,3221,91,321232,87.415946205571572,308580.2113352546,3530.0219780219782,0.51648351648351654,0.98997297903073167
r_bf0d2922fc14a147fdc5781e1cc0e51c,Direct file transfer,d_fd46828b3606c9bab93dce55ae07fefe,0,1,a_f47a8f7809556bd3c474b1520fba0d35,a_f47a8f7809556bd3c474b1520fba0d35,p_e1e0a283cd5d35cf276d0433e8e88376,p_c76517ae9b158cba02287e228c4ea7a9,6,278,39,62,2819,187930,101,190749,363.30935251798559,686147.48201438843,1888.6039603960396,0.38613861386138615,0.014778583373962642
r_a8a8a61df31b78f4640687b06424b660,Direct file transfer,d_fd46828b3606c9bab93dce55ae07fefe,0,1,a_f47a8f7809556bd3c474b1520fba0d35,a_f47a8f7809556bd3c474b1520fba0d35,p_f4f121dccaa1517bfdc7e7ebd066ac67,p_2e2bdff7d79ba86224377da437861888,6,1046,47,43,318012,3157,90,321169,86.042065009560233,307044.93307839386,3568.5444444444443,0.52222222222222225,0.99017028418060271
r_d956ffe5fecb8ef043231413123cf5db,Direct file transfer,d_fd46828b3606c9bab93dce55ae07fefe,0,1,a_f47a8f7809556bd3c474b1520fba0d35,a_f47a8f7809556bd3c474b1520fba0d35,p_3054ca53573e83c00f86df24ff2005af,p_2e2bdff7d79ba86224377da437861888,6,270,39,62,2821,187971,101,190792,374.07407407407408,706637.03703703696,1889.029702970297,0.38613861386138615,0.014785735250953919
r_28b7928bba14a826d6298e190a2fe409,Direct file transfer,d_fd46828b3606c9bab93dce55ae07fefe,0,1,a_f47a8f7809556bd3c474b1520fba0d35,a_f47a8f7809556bd3c474b1520fba0d35,p_42c56d6f58bb614932908fdfea02a117,p_de7751b84215a2b890900c93db9f1d01,6,1043,47,44,318011,3221,91,321232,87.24832214765101,307988.49472674978,3530.0219780219782,0.51648351648351654,0.98997297903073167
r_8c761868e5ec2590e747a7a73f09c966,Direct file transfer,d_fd46828b3606c9bab93dce55ae07fefe,0,1,a_f47a8f7809556bd3c474b1520fba0d35,a_f47a8f7809556bd3c474b1520fba0d35,p_7398778ff9c7ec312364adef3cc2fac0,p_de7751b84215a2b890900c93db9f1d01,6,271,29,55,2159,187458,84,189617,309.96309963099628,699693.72693726933,2257.3452380952381,0.34523809523809523,0.011386109895209818
r_e643790db225f8bdb250bdc174b01622,Direct file transfer,d_fd46828b3606c9bab93dce55ae07fefe,0,1,a_f47a8f7809556bd3c474b1520fba0d35,a_f47a8f7809556bd3c474b1520fba0d35,p_e140890192fb66b44ab2a0a16a0e31ac,p_dd74cc5b69b608ff00edcb1d8b246822,6,1094,49,41,291929,3023,90,294952,82.266910420475313,269608.77513711149,3277.2444444444445,0.5444444444444444,0.98975087471859824
r_2ec8df8d57e9bc0085ce17c6d2b0f84e,Direct file transfer,d_fd46828b3606c9bab93dce55ae07fefe,0,1,a_f47a8f7809556bd3c474b1520fba0d35,a_f47a8f7809556bd3c474b1520fba0d35,p_761ce96dee4cab56c42df08f4d2df37a,p_dd74cc5b69b608ff00edcb1d8b246822,6,273,41,66,2951,161977,107,164928,391.94139194139188,604131.86813186808,1541.3831775700935,0.38317757009345793,0.01789265618936748
r_6f00848865aa52c238764e705058770d,Direct file transfer,d_fd46828b3606c9bab93dce55ae07fefe,0,1,a_f47a8f7809556bd3c474b1520fba0d35,a_f47a8f7809556bd3c474b1520fba0d35,p_16c9a760933b0434c7b889105f0240c7,p_77dbe3e2b43b6b81a173862305b375d0,6,1094,49,44,291930,3223,93,295153,85.009140767824491,269792.50457038387,3173.6881720430106,0.5268817204301075,0.98908023974006698
r_82176cd4da566b71409e9686cdfb55a9,Direct file transfer,d_fd46828b3606c9bab93dce55ae07fefe,0,1,a_f47a8f7809556bd3c474b1520fba0d35,a_f47a8f7809556bd3c474b1520fba0d35,p_414d8eeaae06a98c6401694811808352,p_77dbe3e2b43b6b81a173862305b375d0,6,268,28,56,2095,226855,84,228950,313.43283582089549,854291.04477611941,2725.5952380952381,0.33333333333333331,0.0091504695348329328
r_c97469a69ddd70928e675256a37b6b02,Direct file transfer,d_fd46828b3606c9bab93dce55ae07fefe,0,1,a_f47a8f7809556bd3c474b1520fba0d35,a_f47a8f7809556bd3c474b1520fba0d35,p_767aaff2767698fcfc6d099fbe04b343,p_fb701d5a05c03fb8299bbc4274ccd85a,6,1091,49,44,291929,3221,93,295150,85.2428964252979,270531.62236480293,3173.6559139784945,0.5268817204301075,0.98908690496357787
r_89f830a2eea835420e79154ba1ac3b14,Direct file transfer,d_fd46828b3606c9bab93dce55ae07fefe,0,1,a_f47a8f7809556bd3c474b1520fba0d35,a_f47a8f7809556bd3c474b1520fba0d35,p_cb74538aedcea221803c490ce735724d,p_fb701d5a05c03fb8299bbc4274ccd85a,6,277,26,56,1973,319082,82,321055,296.02888086642599,1159043.3212996388,3915.3048780487807,0.31707317073170732,0.0061453645014094161
r_a487b1c0a858141189a70f8cd330bedb,Direct file transfer,d_fd46828b3606c9bab93dce55ae07fefe,0,1,a_f47a8f7809556bd3c474b1520fba0d35,a_f47a8f7809556bd3c474b1520fba0d35,p_5e0141b0814ad62628f1ebc959798291,p_73a113db56cae583b0f4d27a2f1f0ea3,6,1093,49,45,291930,3289,94,295219,86.001829826166514,270099.72552607505,3140.627659574468,0.52127659574468088,0.98885911814618976
r_758f5297ecc5bc55b31aeccc9a229277,Direct file transfer,d_fd46828b3606c9bab93dce55ae07fefe,0,1,a_f47a8f7809556bd3c474b1520fba0d35,a_f47a8f7809556bd3c474b1520fba0d35,p_2d09746f9f7de788eb39c3464b829f3c,p_73a113db56cae583b0f4d27a2f1f0ea3,6,279,32,61,2371,188169,93,190540,333.33333333333331,682939.06810035836,2048.8172043010754,0.34408602150537637,0.012443581400230923
r_efb05c176fe19ff698db5c2a6c3c936e,Direct file transfer,d_fd46828b3606c9bab93dce55ae07fefe,0,1,a_f47a8f7809556bd3c474b1520fba0d35,a_f47a8f7809556bd3c474b1520fba0d35,p_8820659cc6e795605df493f7335fb118,p_6688deacbc9d093f76efd71ae803001d,6,1099,49,45,291929,3287,94,295216,85.532302092811648,268622.38398544129,3140.5957446808511,0.52127659574468088,0.98886577963254019
r_d38f7a4f1f639bd0d4eab307d13efe6d,Direct file transfer,d_fd46828b3606c9bab93dce55ae07fefe,0,1,a_f47a8f7809556bd3c474b1520fba0d35,a_f47a8f7809556bd3c474b1520fba0d35,p_1012a80d1d450d25a8d49251d242c1e4,p_6688deacbc9d093f76efd71ae803001d,6,277,42,67,3029,227571,109,230600,393.50180505415159,832490.9747292418,2115.5963302752293,0.38532110091743121,0.01313529921942758
r_a5396a9438d6d13b9ace7a52bf788c83,Direct file transfer,d_fd46828b3606c9bab93dce55ae07fefe,0,1,a_f47a8f7809556bd3c474b1520fba0d35,a_f47a8f7809556bd3c474b1520fba0d35,p_0bf07eaaa612ef33c6b0ec710f51daa4,p_c0f14bbd0a7540f9669573a1a65f5285,6,580,31,30,264489,2293,61,266782,105.17241379310346,459968.96551724139,4373.4754098360654,0.50819672131147542,0.99140496735162043
r_6d1153b91213c07aabb68b35abdd59b8,Direct file transfer,d_fd46828b3606c9bab93dce55ae07fefe,0,1,a_f47a8f7809556bd3c474b1520fba0d35,a_f47a8f7809556bd3c474b1520fba0d35,p_2241243c08ad11c0402d2c7b128bf65d,p_c0f14bbd0a7540f9669573a1a65f5285,6,123,30,38,2233,199449,68,201682,552.84552845528458,1639691.0569105691,2965.9117647058824,0.44117647058823528,0.011071885443420831
r_066a6ead048bef9957b314d38622ae6a,Direct file transfer,d_fd46828b3606c9bab93dce55ae07fefe,0,1,a_f47a8f7809556bd3c474b1520fba0d35,a_f47a8f7809556bd3c474b1520fba0d35,p_277de32f3dd78165c459bc04e60ed539,p_f20f8250c88d103697dd803efa0f0d0c,6,579,31,30,264490,2295,61,266785,105.35405872193438,460768.56649395515,4373.5245901639346,0.50819672131147542,0.99139756732949758
r_21c730ab28f6cda4d1bb782c5b7d3ba3,Direct file transfer,d_fd46828b3606c9bab93dce55ae07fefe,0,1,a_f47a8f7809556bd3c474b1520fba0d35,a_f47a8f7809556bd3c474b1520fba0d35,p_d0e5d3aaaea9313c6c25b55dd633a4c9,p_f20f8250c88d103697dd803efa0f0d0c,6,119,26,38,1971,199451,64,201422,537.81512605042019,1692621.848739496,3147.21875,0.40625,0.0097854256238146774
r_a81eac9401998fccc53707e4438ea5f7,Direct file transfer,d_fd46828b3606c9bab93dce55ae07fefe,0,1,a_f47a8f7809556bd3c474b1520fba0d35,a_f47a8f7809556bd3c474b1520fba0d35,p_9a72cf562aad2dc54b613a94b0fc8c8a,p_c76517ae9b158cba02287e228c4ea7a9,6,575,31,30,264489,2293,61,266782,106.08695652173914,463968.69565217395,4373.4754098360654,0.50819672131147542,0.99140496735162043
r_31d870edd4126231d5dc4c046c6c0c4c,Direct file transfer,d_fd46828b3606c9bab93dce55ae07fefe,0,1,a_f47a8f7809556bd3c474b1520fba0d35,a_f47a8f7809556bd3c474b1520fba0d35,p_18b9b95f5b7264c9f0cb691d16ba2bfd,p_c76517ae9b158cba02287e228c4ea7a9,6,119,26,38,1969,133915,64,135884,537.81512605042019,1141882.3529411766,2123.1875,0.40625,0.014490300550469518
r_8223934a4a682ec6872cdea681028a18,Direct file transfer,d_fd46828b3606c9bab93dce55ae07fefe,0,1,a_f47a8f7809556bd3c474b1520fba0d35,a_f47a8f7809556bd3c474b1520fba0d35,p_71d9df23d6bf7d3074f10f9c9c958101,p_2e2bdff7d79ba86224377da437861888,6,578,31,30,264490,2295,61,266785,105.53633217993081,461565.74394463672,4373.5245901639346,0.50819672131147542,0.99139756732949758
r_146afa2f4062ee475d73964a61cc502c,Direct file transfer,d_fd46828b3606c9bab93dce55ae07fefe,0,1,a_f47a8f7809556bd3c474b1520fba0d35,a_f47a8f7809556bd3c474b1520fba0d35,p_0199df642a185cfc5ef449b00f17d9a2,p_2e2bdff7d79ba86224377da437861888,6,117,26,38,1971,133956,64,135927,547.008547008547,1161769.2307692308,2123.859375,0.40625,0.014500430378070582
r_accd33d13ad21859efe5994495d11db5,Direct file transfer,d_fd46828b3606c9bab93dce55ae07fefe,0,1,a_f47a8f7809556bd3c474b1520fba0d35,a_f47a8f7809556bd3c474b1520fba0d35,p_61f8dc849423865c601bf52d62255984,p_de7751b84215a2b890900c93db9f1d01,6,581,31,30,264489,2293,61,266782,104.99139414802066,459177.28055077454,4373.4754098360654,0.50819672131147542,0.99140496735162043
r_3a3820e9e48815457ee17b96eefae005,Direct file transfer,d_fd46828b3606c9bab93dce55ae07fefe,0,1,a_f47a8f7809556bd3c474b1520fba0d35,a_f47a8f7809556bd3c474b1520fba0d35,p_8b56cf4cd68c237a6dc0824cc856e988,p_de7751b84215a2b890900c93db9f1d01,6,118,26,38,1969,199441,64,201410,542.37288135593224,1706864.4067796611,3147.03125,0.40625,0.0097760786455488805
r_5c0cbc441efd90302af275b2348b2a60,Direct file transfer,d_fd46828b3606c9bab93dce55ae07fefe,0,1,a_f47a8f7809556bd3c474b1520fba0d35,a_f47a8f7809556bd3c474b1520fba0d35,p_52a225179c2ce766ed3cc643896e246a,p_dd74cc5b69b608ff00edcb1d8b246822,6,1210,53,45,305310,3287,98,308597,80.991735537190081,255038.84297520661,3148.9489795918366,0.54081632653061229,0.98934856787331049
r_d689eb75f4e3417f3078c8a611ff7f21,Direct file transfer,d_fd46828b3606c9bab93dce55ae07fefe,0,1,a_f47a8f7809556bd3c474b1520fba0d35,a_f47a8f7809556bd3c474b1520fba0d35,p_170025c0090357092d23234f063fbc28,p_dd74cc5b69b608ff00edcb1d8b246822,6,315,27,60,2039,280130,87,282169,276.1904761904762,895774.60317460319,3243.32183908046,0.31034482758620691,0.0072261658793134611
r_566b1463ef985be16c2afe9a99623541,Direct file transfer,d_fd46828b3606c9bab93dce55ae07fefe,0,1,a_f47a8f7809556bd3c474b1520fba0d35,a_f47a8f7809556bd3c474b1520fba0d35,p_c51f48d5db9ef4d29f062d6a172e2280,p_77dbe3e2b43b6b81a173862305b375d0,6,1211,53,46,305311,3355,99,308666,81.750619322873646,254885.21882741535,3117.8383838383838,0.53535353535353536,0.98913064607050982
r_09c3a094167b17af15be088333f830fe,Direct file transfer,d_fd46828b3606c9bab93dce55ae07fefe,0,1,a_f47a8f7809556bd3c474b1520fba0d35,a_f47a8f7809556bd3c474b1520fba0d35,p_3fd65fabc0cc282581497ccb72a2928f,p_77dbe3e2b43b6b81a173862305b375d0,6,324,42,73,3031,175549,115,178580,354.93827160493828,551172.83950617281,1552.8695652173913,0.36521739130434783,0.016972785306305298
r_78dd8bb61fe3c99b841fc691e3b6f60a,Direct file transfer,d_fd46828b3606c9bab93dce55ae07fefe,0,1,a_f47a8f7809556bd3c474b1520fba0d35,a_f47a8f7809556bd3c474b1520fba0d35,p_8b0e1a136a7ab773177e6bde9d2a6f82,p_fb701d5a05c03fb8299bbc4274ccd85a,6,1206,53,46,305310,3353,99,308663,82.089552238805979,255939.46932006633,3117.8080808080808,0.53535353535353536,0.98913701998619852
r_b116a320700ef656267a7cffbf2c27e1,Direct file transfer,d_fd46828b3606c9bab93dce55ae07fefe,0,1,a_f47a8f7809556bd3c474b1520fba0d35,a_f47a8f7809556bd3c474b1520fba0d35,p_0dd50658de981395a89d4a49485723a9,p_fb701d5a05c03fb8299bbc4274ccd85a,6,307,26,59,1973,345655,85,347628,276.87296416938113,1132338.7622149838,4089.741176470588,0.30588235294117649,0.005675607258333621
r_78ebfd8cb48787ef78590ae883882fb6,Direct file transfer,d_fd46828b3606c9bab93dce55ae07fefe,0,1,a_f47a8f7809556bd3c474b1520fba0d35,a_f47a8f7809556bd3c474b1520fba0d35,p_ff7089304ba6b6457a0f34ef3fb832ab,p_73a113db56cae583b0f4d27a2f1f0ea3,6,1213,53,46,305311,3355,99,308666,81.615828524319866,254464.9629018961,3117.8383838383838,0.53535353535353536,0.98913064607050982
r_72ed01aac3719910a9e5980254cda5a1,Direct file transfer,d_fd46828b3606c9bab93dce55ae07fefe,0,1,a_f47a8f7809556bd3c474b1520fba0d35,a_f47a8f7809556bd3c474b1520fba0d35,p_93b0b69ceba053d15567dd98e951c445,p_73a113db56cae583b0f4d27a2f1f0ea3,6,320,42,73,3031,175590,115,178621,359.375,558190.625,1553.2260869565218,0.36521739130434783,0.016968889436292486
r_dc7fbf2b243f50307f96b515ee8f1f5f,Direct file transfer,d_fd46828b3606c9bab93dce55ae07fefe,0,1,a_f47a8f7809556bd3c474b1520fba0d35,a_f47a8f7809556bd3c474b1520fba0d35,p_ef1596f1b8b607876630fed02a59218c,p_6688deacbc9d093f76efd71ae803001d,6,1211,53,46,305310,3353,99,308663,81.750619322873646,254882.74153592071,3117.8080808080808,0.53535353535353536,0.98913701998619852
r_8a5221040b6267ee236b487fd02d2751,Direct file transfer,d_fd46828b3606c9bab93dce55ae07fefe,0,1,a_f47a8f7809556bd3c474b1520fba0d35,a_f47a8f7809556bd3c474b1520fba0d35,p_270f6ec6e08291a1ce3fa92e4f010bc9,p_6688deacbc9d093f76efd71ae803001d,6,310,42,71,3029,280318,113,283347,364.51612903225805,914022.58064516133,2507.4955752212391,0.37168141592920356,0.010690072596498287
r_1376ddac9e9eddef7614dfaaaea2a4e8,Direct file transfer,d_fd46828b3606c9bab93dce55ae07fefe,0,1,a_f47a8f7809556bd3c474b1520fba0d35,a_f47a8f7809556bd3c474b1520fba0d35,p_4cb0413f8eba5ee7cae3a9a4d399363d,p_c0f14bbd0a7540f9669573a1a65f5285,6,1259,55,47,279227,3419,102,282646,81.016679904686271,224500.3971405878,2771.0392156862745,0.53921568627450978,0.98790359672523231
r_6a8957cfe61db71a9f6fe681ca6e8e86,Direct file transfer,d_fd46828b3606c9bab93dce55ae07fefe,0,1,a_f47a8f7809556bd3c474b1520fba0d35,a_f47a8f7809556bd3c474b1520fba0d35,p_3aeb3815f3586a998243501216654442,p_c0f14bbd0a7540f9669573a1a65f5285,6,308,26,61,1973,293461,87,295434,282.46753246753246,959201.29870129866,3395.7931034482758,0.2988505747126437,0.0066783105532877054
r_ade46029db3d02216350c36935467587,Direct file transfer,d_fd46828b3606c9bab93dce55ae07fefe,0,1,a_f47a8f7809556bd3c474b1520fba0d35,a_f47a8f7809556bd3c474b1520fba0d35,p_d3a877354eb6746c437d4be8eca182d7,p_f20f8250c88d103697dd803efa0f0d0c,6,1264,55,47,279228,3421,102,282649,80.696202531645568,223614.71518987342,2771.0686274509803,0.53921568627450978,0.98789664920095244
r_d2c4a12b62c2121b0fc06810ccbe3dd3,Direct file transfer,d_fd46828b3606c9bab93dce55ae07fefe,0,1,a_f47a8f7809556bd3c474b1520fba0d35,a_f47a8f7809556bd3c474b1520fba0d35,p_f3047c2beb1ee878cb3a10d19ce848cb,p_f20f8250c88d103697dd803efa0f0d0c,6,308,26,61,1975,293463,87,295438,282.46753246753246,959214.28571428568,3395.8390804597702,0.2988505747126437,0.0066849897440410507
r_908db4082033fd9bd1e6c946a33a8e97,Direct file transfer,d_fd46828b3606c9bab93dce55ae07fefe,0,1,a_f47a8f7809556bd3c474b1520fba0d35,a_f47a8f7809556bd3c474b1520fba0d35,p_913ccbbd39154816f4f9bd793595298f,p_c76517ae9b158cba02287e228c4ea7a9,6,1265,55,47,279227,3419,102,282646,80.632411067193686,223435.57312252966,2771.0392156862745,0.53921568627450978,0.98790359672523231
r_919146fe3694e627d6d232a7745f44cb,Direct file transfer,d_fd46828b3606c9bab93dce55ae07fefe,0,1,a_f47a8f7809556bd3c474b1520fba0d35,a_f47a8f7809556bd3c474b1520fba0d35,p_71888afcbdcb6261bc8b814b4cbec1c7,p_c76517ae9b158cba02287e228c4ea7a9,6,308,26,61,1973,293463,87,295436,282.46753246753246,959207.79220779217,3395.8160919540228,0.2988505747126437,0.0066782653434246334
r_3ee6816bebfc632212cb29c713d82af4,Direct file transfer,d_fd46828b3606c9bab93dce55ae07fefe,0,1,a_f47a8f7809556bd3c474b1520fba0d35,a_f47a8f7809556bd3c474b1520fba0d35,p_dc715a80c146615d55ae7708cb4b0b34,p_2e2bdff7d79ba86224377da437861888,6,1267,55,47,279228,3421,102,282649,80.50513022888714,223085.24072612473,2771.0686274509803,0.53921568627450978,0.98789664920095244
r_c4d4a4c12de24c3bcaca852d9f69ccc3,Direct file transfer,d_fd46828b3606c9bab93dce55ae07fefe,0,1,a_f47a8f7809556bd3c474b1520fba0d35,a_f47a8f7809556bd3c474b1520fba0d35,p_34c0116ace175cf8152a154743b54088,p_2e2bdff7d79ba86224377da437861888,6,307,42,77,3031,149639,119,152670,387.62214983713358,497296.41693811078,1282.9411764705883,0.35294117647058826,0.019853278312700597
r_f256c2040d8b08b3280b1a10339905b2,Direct file transfer,d_fd46828b3606c9bab93dce55ae07fefe,0,1,a_f47a8f7809556bd3c474b1520fba0d35,a_f47a8f7809556bd3c474b1520fba0d35,p_dd89921f836d3deba04b127cbb817cf4,p_de7751b84215a2b890900c93db9f1d01,6,1267,55,47,279227,3419,102,282646,80.50513022888714,223082.8729281768,2771.0392156862745,0.53921568627450978,0.98790359672523231
r_65c83d876c4b26ff7564f43d432072ca,Direct file transfer,d_fd46828b3606c9bab93dce55ae07fefe,0,1,a_f47a8f7809556bd3c474b1520fba0d35,a_f47a8f7809556bd3c474b1520fba0d35,p_fe896fd535624a49bc768168a130eac0,p_de7751b84215a2b890900c93db9f1d01,6,305,29,62,2159,148598,91,150757,298.36065573770492,494285.24590163934,1656.6703296703297,0.31868131868131866,0.01432105971862003
r_2b853cf42e1e6f03869c708716687546,Direct file transfer,d_fd46828b3606c9bab93dce55ae07fefe,0,1,a_f47a8f7809556bd3c474b1520fba0d35,a_f47a8f7809556bd3c474b1520fba0d35,p_1b29f669201745252a3971cdf203263d,p_dd74cc5b69b608ff00edcb1d8b246822,6,1331,57,45,318689,3287,102,321976,76.63410969196093,241905.3343350864,3156.627450980392,0.55882352941176472,0.98979116455884908
r_b5831c3af9212eccbb2f95fe24b4077d,Direct file transfer,d_fd46828b3606c9bab93dce55ae07fefe,0,1,a_f47a8f7809556bd3c474b1520fba0d35,a_f47a8f7809556bd3c474b1520fba0d35,p_06c9beea7c20486b2c4e953cdabcef5d,p_dd74cc5b69b608ff00edcb1d8b246822,6,356,27,63,2039,306701,90,308740,252.80898876404495,867247.19101123605,3430.4444444444443,0.29999999999999999,0.0066042624862343718
r_a34a2744f377106803ac58a36245498a,Direct file transfer,d_fd46828b3606c9bab93dce55ae07fefe,0,1,a_f47a8f7809556bd3c474b1520fba0d35,a_f47a8f7809556bd3c474b1520fba0d35,p_233e6bbe0dbf67fa2a2e460c34121531,p_77dbe3e2b43b6b81a173862305b375d0,6,1331,57,48,318690,3487,105,322177,78.888054094665662,242056.34861006762,3068.3523809523808,0.54285714285714282,0.9891767568758788
r_f24c8f819808f8353b16441e70d7a1f7,Direct file transfer,d_fd46828b3606c9bab93dce55ae07fefe,0,1,a_f47a8f7809556bd3c474b1520fba0d35,a_f47a8f7809556bd3c474b1520fba0d35,p_849930a034e81c85bcff096351d94818,p_77dbe3e2b43b6b81a173862305b375d0,6,353,42,79,3031,189052,121,192083,342.77620396600571,544144.47592067986,1587.4628099173553,0.34710743801652894,0.015779636927786427
r_0996b399ec55e78456fd61ebcf018742,Direct file transfer,d_fd46828b3606c9bab93dce55ae07fefe,0,1,a_f47a8f7809556bd3c474b1520fba0d35,a_f47a8f7809556bd3c474b1520fba0d35,p_1a4bced741138362be9aafa42a574eee,p_fb701d5a05c03fb8299bbc4274ccd85a,6,1326,57,48,318689,3485,105,322174,79.185520361990953,242966.81749622925,3068.3238095238094,0.54285714285714282,0.98918286391825538
r_d316b8857f58e92c7b78e026dee98512,Direct file transfer,d_fd46828b3606c9bab93dce55ae07fefe,0,1,a_f47a8f7809556bd3c474b1520fba0d35,a_f47a8f7809556bd3c474b1520fba0d35,p_69ec055dcd995f1e31af90e968ebaa69,p_fb701d5a05c03fb8299bbc4274ccd85a,6,346,25,59,1895,384340,84,386235,242.77456647398844,1116286.1271676302,4598.0357142857147,0.29761904761904762,0.0049063394047665285
r_561a4b21a7134be39acf85e9fd1a3c96,Direct file transfer,d_fd46828b3606c9bab93dce55ae07fefe,0,1,a_f47a8f7809556bd3c474b1520fba0d35,a_f47a8f7809556bd3c474b1520fba0d35,p_496ab681d72d5b41faa88cb4b4d149ad,p_73a113db56cae583b0f4d27a2f1f0ea3,6,1322,57,48,318690,3487,105,322177,79.425113464447804,243704.23600605142,3068.3523809523808,0.54285714285714282,0.9891767568758788
r_230ac08cfe44130023ec6cad81c8e57b,Direct file transfer,d_fd46828b3606c9bab93dce55ae07fefe,0,1,a_f47a8f7809556bd3c474b1520fba0d35,a_f47a8f7809556bd3c474b1520fba0d35,p_6ad3bebe919ccef7640646ab1c56c0ce,p_73a113db56cae583b0f4d27a2f1f0ea3,6,359,42,79,3031,189093,121,192124,337.04735376044567,535164.34540389979,1587.8016528925621,0.34710743801652894,0.015776269492619351
r_159b418153883d2bb87facd9425c1abe,Direct file transfer,d_fd46828b3606c9bab93dce55ae07fefe,0,1,a_f47a8f7809556bd3c474b1520fba0d35,a_f47a8f7809556bd3c474b1520fba0d35,p_1af50146b4ae4a617a28ae27538bf89a,p_6688deacbc9d093f76efd71ae803001d,6,1325,57,47,318689,3419,104,322108,78.490566037735846,243100.37735849057,3097.1923076923076,0.54807692307692313,0.9893855477044966
r_535c3d33423f5fe66f96d130d64f8bda,Direct file transfer,d_fd46828b3606c9bab93dce55ae07fefe,0,1,a_f47a8f7809556bd3c474b1520fba0d35,a_f47a8f7809556bd3c474b1520fba0d35,p_de63682ef4041ae9adfaa6c38dea1d83,p_6688deacbc9d093f76efd71ae803001d,6,343,42,79,3029,189042,121,192071,352.7696793002915,559973.7609329446,1587.3636363636363,0.34710743801652894,0.015770209974436535
r_833db76c3ffe3f4de08f149fe432e03c,Direct file transfer,d_fd46828b3606c9bab93dce55ae07fefe,0,1,a_f47a8f7809556bd3c474b1520fba0d35,a_f47a8f7809556bd3c474b1520fba0d35,p_c0f5aa88bdee785a730ea5784eb9a978,p_c0f14bbd0a7540f9669573a1a65f5285,6,1379,59,49,292607,3551,108,296158,78.317621464829585,214762.87164612039,2742.2037037037039,0.54629629629629628,0.98800977856414485
r_6b2b525efed1a02d13aa304e941cf0b3,Direct file transfer,d_fd46828b3606c9bab93dce55ae07fefe,0,1,a_f47a8f7809556bd3c474b1520fba0d35,a_f47a8f7809556bd3c474b1520fba0d35,p_11598931f4b236b792493d9e06f25953,p_f20f8250c88d103697dd803efa0f0d0c,6,1382,59,49,292608,3553,108,296161,78.147612156295224,214298.84225759769,2742.2314814814813,0.54629629629629628,0.98800314693697011
r_b441cfb718da958b79daa836455d27bb,Direct file transfer,d_fd46828b3606c9bab93dce55ae07fefe,0,1,a_f47a8f7809556bd3c474b1520fba0d35,a_f47a8f7809556bd3c474b1520fba0d35,p_6906c573a2d9420d007d6501d12a3878,p_f20f8250c88d103697dd803efa0f0d0c,6,346,27,65,2041,254511,92,256552,265.89595375722547,741479.76878612721,2788.608695652174,0.29347826086956524,0.0079555021983847337
r_53305781545d914465edd3a1ca9e0bad,Direct file transfer,d_fd46828b3606c9bab93dce55ae07fefe,0,1,a_f47a8f7809556bd3c474b1520fba0d35,a_f47a8f7809556bd3c474b1520fba0d35,p_ddc4d386598d40c848d722ad5455964e,p_c76517ae9b158cba02287e228c4ea7a9,6,1381,59,48,292607,3485,107,296092,77.480086893555395,214404.05503258508,2767.2149532710282,0.55140186915887845,0.98823000959161345
r_709150b10f4ff31fef820d9c0862acbc,Direct file transfer,d_fd46828b3606c9bab93dce55ae07fefe,0,1,a_f47a8f7809556bd3c474b1520fba0d35,a_f47a8f7809556bd3c474b1520fba0d35,p_836097ce2fdc8e8832dc5ba05d04b2f7,p_c76517ae9b158cba02287e228c4ea7a9,6,353,26,64,1973,320034,90,322007,254.957507082153,912201.13314447599,3577.8555555555554,0.28888888888888886,0.0061271959926337003
r_60c79409ead9cd30700ae41f09d1be4f,Direct file transfer,d_fd46828b3606c9bab93dce55ae07fefe,0,1,a_f47a8f7809556bd3c474b1520fba0d35,a_f47a8f7809556bd3c474b1520fba0d35,p_3fddac845e06dfa92f58377c82a80dcb,p_2e2bdff7d79ba86224377da437861888,6,1375,59,49,292608,3553,108,296161,78.545454545454547,215389.81818181818,2742.2314814814813,0.54629629629629628,0.98800314693697011
r_783f7e5cfed76ca3dded3d1b0217db8d,Direct file transfer,d_fd46828b3606c9bab93dce55ae07fefe,0,1,a_f47a8f7809556bd3c474b1520fba0d35,a_f47a8f7809556bd3c474b1520fba0d35,p_a2974a3eca5a40e84445a5c77383d5f8,p_2e2bdff7d79ba86224377da437861888,6,354,43,79,3085,162878,122,165963,344.63276836158195,468822.03389830509,1360.3524590163934,0.35245901639344263,0.018588480564945199
r_b83fee48fc77bbe6a4693f88ab64998c,Direct file transfer,d_fd46828b3606c9bab93dce55ae07fefe,0,1,a_f47a8f7809556bd3c474b1520fba0d35,a_f47a8f7809556bd3c474b1520fba0d35,p_0de37e565894344b51bbb66e0561677d,p_de7751b84215a2b890900c93db9f1d01,6,1377,59,49,292607,3551,108,296158,78.431372549019613,215074.80029048657,2742.2037037037039,0.54629629629629628,0.98800977856414485
r_be228aa8d3319cef11ab2eeeb8017579,Direct file transfer,d_fd46828b3606c9bab93dce55ae07fefe,0,1,a_f47a8f7809556bd3c474b1520fba0d35,a_f47a8f7809556bd3c474b1520fba0d35,p_94e1c359e56bf81ca7812c80d40ef94a,p_de7751b84215a2b890900c93db9f1d01,6,345,43,79,3083,162827,122,165910,353.62318840579712,480898.55072463769,1359.9180327868853,0.35245901639344263,0.018582363932252426
r_49bb45f306c17be1476ee133df33b2fd,Direct file transfer,d_fd46828b3606c9bab93dce55ae07fefe,0,1,a_f47a8f7809556bd3c474b1520fba0d35,a_f47a8f7809556bd3c474b1520fba0d35,p_b1f9cd0460220ca9c2773481051067e2,p_dd74cc5b69b608ff00edcb1d8b246822,6,1425,61,50,266525,3617,111,270142,77.89473684210526,189573.33333333331,2433.7117117117118,0.5495495495495496,0.98661074545979521
r_1c8921490e7d6aeff04bdf27b0cbcb62,Direct file transfer,d_fd46828b3606c9bab93dce55ae07fefe,0,1,a_f47a8f7809556bd3c474b1520fba0d35,a_f47a8f7809556bd3c474b1520fba0d35,p_d567b416caf8034b09afa2519e675c66,p_dd74cc5b69b608ff00edcb1d8b246822,6,358,43,82,3095,137031,125,140126,349.1620111731844,391413.40782122908,1121.008,0.34399999999999997,0.022087264319255527
r_f4c62edb111a77dcdf0b8c130cf23f7f,Direct file transfer,d_fd46828b3606c9bab93dce55ae07fefe,0,1,a_f47a8f7809556bd3c474b1520fba0d35,a_f47a8f7809556bd3c474b1520fba0d35,p_c70eb30d13e0aa306cbea63f5f161d42,p_77dbe3e2b43b6b81a173862305b375d0,6,1432,61,49,266526,3553,110,270079,76.815642458100555,188602.65363128492,2455.2636363636366,0.55454545454545456,0.98684458991628377
r_892ba503a879259dfe343cefc91141dd,Direct file transfer,d_fd46828b3606c9bab93dce55ae07fefe,0,1,a_f47a8f7809556bd3c474b1520fba0d35,a_f47a8f7809556bd3c474b1520fba0d35,p_c240888a271248bc11ed3a3abd708d6e,p_77dbe3e2b43b6b81a173862305b375d0,6,354,27,67,2041,202321,94,204362,265.53672316384183,577293.78531073453,2174.0638297872342,0.28723404255319152,0.0099871796126481446
r_bc558cbfc5b4e50e98ed94cc42c41495,Direct file transfer,d_fd46828b3606c9bab93dce55ae07fefe,0,1,a_f47a8f7809556bd3c474b1520fba0d35,a_f47a8f7809556bd3c474b1520fba0d35,p_4c7913a15a540580c6a610fbada30f19,p_fb701d5a05c03fb8299bbc4274ccd85a,6,1429,61,49,266525,3551,110,270076,76.976906927921618,188996.50104968509,2455.2363636363634,0.55454545454545456,0.9868518491091397
r_8f1c624f9146091854fff58e6ec19cb6,Direct file transfer,d_fd46828b3606c9bab93dce55ae07fefe,0,1,a_f47a8f7809556bd3c474b1520fba0d35,a_f47a8f7809556bd3c474b1520fba0d35,p_b2dff329db2209cf5bae1c2b1233443b,p_fb701d5a05c03fb8299bbc4274ccd85a,6,352,26,66,1973,267844,92,269817,261.36363636363637,766525.56818181823,2932.7934782608695,0.28260869565217389,0.0073123635649347523
r_b4e1f1d9adc54b446f9df0c57a35f4b2,Direct file transfer,d_fd46828b3606c9bab93dce55ae07fefe,0,1,a_f47a8f7809556bd3c474b1520fba0d35,a_f47a8f7809556bd3c474b1520fba0d35,p_caf1b098012ae596cc3eedb6f041062e,p_73a113db56cae583b0f4d27a2f1f0ea3,6,1432,61,49,266526,3553,110,270079,76.815642458100555,188602.65363128492,2455.2636363636366,0.55454545454545456,0.98684458991628377
r_930bc721d39f4584b262b8549b5d649a,Direct file transfer,d_fd46828b3606c9bab93dce55ae07fefe,0,1,a_f47a8f7809556bd3c474b1520fba0d35,a_f47a8f7809556bd3c474b1520fba0d35,p_4351d08f0176ed690e6c161aec24a975,p_73a113db56cae583b0f4d27a2f1f0ea3,6,357,43,82,3097,137074,125,140171,350.140056022409,392635.8543417367,1121.3679999999999,0.34399999999999997,0.022094441788957773
r_9b5c1f7d1ffd8df1e0c89d85233a6522,Direct file transfer,d_fd46828b3606c9bab93dce55ae07fefe,0,1,a_f47a8f7809556bd3c474b1520fba0d35,a_f47a8f7809556bd3c474b1520fba0d35,p_e32af64f7885326d797c3563c5c3a8ee,p_6688deacbc9d093f76efd71ae803001d,6,1427,61,49,266525,3551,110,270076,77.084793272599853,189261.38752627891,2455.2363636363634,0.55454545454545456,0.9868518491091397
r_1ecff1aaa04af379ed9ce100280e757c,Direct file transfer,d_fd46828b3606c9bab93dce55ae07fefe,0,1,a_f47a8f7809556bd3c474b1520fba0d35,a_f47a8f7809556bd3c474b1520fba0d35,p_1a87d4444a40e4df44b469158ded3da8,p_6688deacbc9d093f76efd71ae803001d,6,355,32,71,2369,136880,103,139249,290.14084507042253,392250.70422535215,1351.9320388349515,0.31067961165048541,0.017012689498667855
r_c03a281c84ddc1bacdec79fa62c69413,Direct file transfer,d_fd46828b3606c9bab93dce55ae07fefe,0,1,a_f47a8f7809556bd3c474b1520fba0d35,a_f47a8f7809556bd3c474b1520fba0d35,p_f0f2695e5e218bbb1ef8d477b9fbb452,p_c0f14bbd0a7540f9669573a1a65f5285,6,1498,63,48,305988,3485,111,309473,74.098798397863817,206590.78771695594,2788.0450450450448,0.56756756756756754,0.98873892068128721
r_bce566b05189d71e6af66d74be7b5ea4,Direct file transfer,d_fd46828b3606c9bab93dce55ae07fefe,0,1,a_f47a8f7809556bd3c474b1520fba0d35,a_f47a8f7809556bd3c474b1520fba0d35,p_e4ba3043224c7ee2349c2facfb9da650,p_c0f14bbd0a7540f9669573a1a65f5285,6,387,26,67,1973,346605,93,348578,240.31007751937983,900718.34625323,3748.1505376344085,0.27956989247311825,0.0056601391940971609
r_520809f5d03e22c00647e3245fa44b67,Direct file transfer,d_fd46828b3606c9bab93dce55ae07fefe,0,1,a_f47a8f7809556bd3c474b1520fba0d35,a_f47a8f7809556bd3c474b1520fba0d35,p_cb5bf81bfe950b9d569821e6c37e6fcd,p_f20f8250c88d103697dd803efa0f0d0c,6,1496,63,48,305989,3487,111,309476,74.19786096256685,206868.98395721926,2788.0720720720719,0.56756756756756754,0.98873256730731951
r_ad9f7407f2536837b29adc724d958ab1,Direct file transfer,d_fd46828b3606c9bab93dce55ae07fefe,0,1,a_f47a8f7809556bd3c474b1520fba0d35,a_f47a8f7809556bd3c474b1520fba0d35,p_ee076ccabb997fb2447d16aacc60dbb0,p_f20f8250c88d103697dd803efa0f0d0c,6,394,25,65,1897,306093,90,307990,228.42639593908629,781700.50761421316,3422.1111111111113,0.27777777777777779,0.0061592908860677292
r_2b4cb65075bd30ceb46a346e32a8060b,Direct file transfer,d_fd46828b3606c9bab93dce55ae07fefe,0,1,a_f47a8f7809556bd3c474b1520fba0d35,a_f47a8f7809556bd3c474b1520fba0d35,p_6dabfe6307b3580e4f60e73c6f2fa553,p_c76517ae9b158cba02287e228c4ea7a9,6,1499,63,48,305988,3485,111,309473,74.049366244162769,206452.96864576382,2788.0450450450448,0.56756756756756754,0.98873892068128721
r_b223a4f946f0b3e3234a978adaacccef,Direct file transfer,d_fd46828b3606c9bab93dce55ae07fefe,0,1,a_f47a8f7809556bd3c474b1520fba0d35,a_f47a8f7809556bd3c474b1520fba0d35,p_891618359ecf9713adeb050d11e197dc,p_c76517ae9b158cba02287e228c4ea7a9,6,380,26,67,1973,346607,93,348580,244.73684210526315,917315.78947368416,3748.1720430107525,0.27956989247311825,0.0056601067186872458
r_9bbb2a724a3917d9af544a21dee42df0,Direct file transfer,d_fd46828b3606c9bab93dce55ae07fefe,0,1,a_f47a8f7809556bd3c474b1520fba0d35,a_f47a8f7809556bd3c474b1520fba0d35,p_f49b807755fed5a9e24cf1ef62f87970,p_2e2bdff7d79ba86224377da437861888,6,1488,63,50,305989,3619,113,309608,75.94086021505376,208069.89247311829,2739.8938053097345,0.55752212389380529,0.98831102555489525
r_e92d18553e93420de014984489c55ce9,Direct file transfer,d_fd46828b3606c9bab93dce55ae07fefe,0,1,a_f47a8f7809556bd3c474b1520fba0d35,a_f47a8f7809556bd3c474b1520fba0d35,p_a1be2d6cfd7ff956300c22b58e26d4c2,p_2e2bdff7d79ba86224377da437861888,6,385,43,83,3097,215837,126,218934,327.27272727272725,568659.74025974027,1737.5714285714287,0.34126984126984128,0.014145815633935341
r_fc4d9a1b808c599f843d65553716cbb6,Direct file transfer,d_fd46828b3606c9bab93dce55ae07fefe,0,1,a_f47a8f7809556bd3c474b1520fba0d35,a_f47a8f7809556bd3c474b1520fba0d35,p_e12336314593e66d39caf135b4aeb38f,p_de7751b84215a2b890900c93db9f1d01,6,1493,63,50,305988,3617,113,309605,75.686537173476211,207371.06496985932,2739.8672566371683,0.55752212389380529,0.98831737213546289
r_7da5876278aa5bea832732db40150a15,Direct file transfer,d_fd46828b3606c9bab93dce55ae07fefe,0,1,a_f47a8f7809556bd3c474b1520fba0d35,a_f47a8f7809556bd3c474b1520fba0d35,p_721a38c14f9a36fb6033d34943043a93,p_de7751b84215a2b890900c93db9f1d01,6,397,32,72,2369,215643,104,218012,261.9647355163728,549148.61460957176,2096.2692307692309,0.30769230769230771,0.010866374328018642
r_aae27834587c60d0b56c1e32e3abb95b,Direct file transfer,d_fd46828b3606c9bab93dce55ae07fefe,0,1,a_f47a8f7809556bd3c474b1520fba0d35,a_f47a8f7809556bd3c474b1520fba0d35,p_fbca68cd076294898eb46447901c6b75,p_dd74cc5b69b608ff00edcb1d8b246822,6,1553,65,51,279905,3683,116,283588,74.694140373470702,182606.56793303284,2444.7241379310344,0.56034482758620685,0.98701284962692359
r_f710b1e85fcbcd84c931f070ea2b9aa1,Direct file transfer,d_fd46828b3606c9bab93dce55ae07fefe,0,1,a_f47a8f7809556bd3c474b1520fba0d35,a_f47a8f7809556bd3c474b1520fba0d35,p_60eea5abf8c11633b6420bafd708d725,p_dd74cc5b69b608ff00edcb1d8b246822,6,383,28,70,2105,228890,98,230995,255.87467362924281,603120.10443864227,2357.091836734694,0.2857142857142857,0.0091127513582545082
r_80c33d04e2c8457e58016bf1d930e605,Direct file transfer,d_fd46828b3606c9bab93dce55ae07fefe,0,1,a_f47a8f7809556bd3c474b1520fba0d35,a_f47a8f7809556bd3c474b1520fba0d35,p_9dce52f04df7acfafc1cfe69a6f397af,p_77dbe3e2b43b6b81a173862305b375d0,6,1551,65,51,279906,3685,116,283591,74.790457769181174,182843.97163120567,2444.75,0.56034482758620685,0.98700593460300223
r_5fd723d5360023adf2e7d7cd49b4ae41,Direct file transfer,d_fd46828b3606c9bab93dce55ae07fefe,0,1,a_f47a8f7809556bd3c474b1520fba0d35,a_f47a8f7809556bd3c474b1520fba0d35,p_3032a65fdcedbaed6a3cfe918a80539d,p_77dbe3e2b43b6b81a173862305b375d0,6,392,43,81,3097,229088,124,232185,316.32653061224488,592308.67346938769,1872.4596774193549,0.34677419354838712,0.01333850162585869
r_6f3fae628a1399b65d077988a5d45d2f,Direct file transfer,d_fd46828b3606c9bab93dce55ae07fefe,0,1,a_f47a8f7809556bd3c474b1520fba0d35,a_f47a8f7809556bd3c474b1520fba0d35,p_f97d974a2bd20a9e85a18cb9c2d65ba9,p_fb701d5a05c03fb8299bbc4274ccd85a,6,1553,65,50,279905,3617,115,283522,74.050225370251127,182564.06954282036,2465.4086956521737,0.56521739130434778,0.98724261256622059
r_c2cb1aafd849ec0a727fe2fbdfe1df90,Direct file transfer,d_fd46828b3606c9bab93dce55ae07fefe,0,1,a_f47a8f7809556bd3c474b1520fba0d35,a_f47a8f7809556bd3c474b1520fba0d35,p_efad6b92ae0bcac02363253269d8c80c,p_fb701d5a05c03fb8299bbc4274ccd85a,6,385,27,70,2039,228892,97,230931,251.94805194805195,599820.77922077919,2380.7319587628867,0.27835051546391754,0.0088294772031472599
r_18e47a153100df7ab274952365d71838,Direct file transfer,d_fd46828b3606c9bab93dce55ae07fefe,0,1,a_f47a8f7809556bd3c474b1520fba0d35,a_f47a8f7809556bd3c474b1520fba0d35,p_2ab5e59c897136540e72f91340f05ce6,p_73a113db56cae583b0f4d27a2f1f0ea3,6,1552,65,51,279906,3685,116,283591,74.742268041237111,182726.15979381444,2444.75,0.56034482758620685,0.98700593460300223
r_cb7bf16229223fac28d698c3cdf6b638,Direct file transfer,d_fd46828b3606c9bab93dce55ae07fefe,0,1,a_f47a8f7809556bd3c474b1520fba0d35,a_f47a8f7809556bd3c474b1520fba0d35,p_62daccac1f04133a0ef0f8a12c713862,p_73a113db56cae583b0f4d27a2f1f0ea3,6,394,43,85,3097,163645,128,166742,324.87309644670052,423203.04568527918,1302.671875,0.3359375,0.01857360473066174
r_5c19bcf3de5e0ce3fe0726903bafc0e9,Direct file transfer,d_fd46828b3606c9bab93dce55ae07fefe,0,1,a_f47a8f7809556bd3c474b1520fba0d35,a_f47a8f7809556bd3c474b1520fba0d35,p_0045ef6e77d12f4e25c699f4665f76b0,p_6688deacbc9d093f76efd71ae803001d,6,1549,65,50,279905,3617,115,283522,74.241446094254357,183035.50677856684,2465.4086956521737,0.56521739130434778,0.98724261256622059
r_b1081398abf53ab2cce2f6039cf5e15f,Direct file transfer,d_fd46828b3606c9bab93dce55ae07fefe,0,1,a_f47a8f7809556bd3c474b1520fba0d35,a_f47a8f7809556bd3c474b1520fba0d35,p_aaf12bd518ef401b019b712886c6c2db,p_6688deacbc9d093f76efd71ae803001d,6,392,26,69,1973,294405,95,296378,242.34693877551018,756066.32653061219,3119.7684210526318,0.27368421052631581,0.0066570393214071223
r_72616d4799d61f33081799d4bd583571,Direct file transfer,d_fd46828b3606c9bab93dce55ae07fefe,0,1,a_f47a8f7809556bd3c474b1520fba0d35,a_f47a8f7809556bd3c474b1520fba0d35,p_88c9faa7461186f5fba18ad46e7689f8,p_c0f14bbd0a7540f9669573a1a65f5285,6,1600,67,52,319367,3749,119,323116,74.375,201947.5,2715.2605042016808,0.56302521008403361,0.98839735574839993
r_6e986aa4e9b2ea5569f2cbdf3777d2a0,Direct file transfer,d_fd46828b3606c9bab93dce55ae07fefe,0,1,a_f47a8f7809556bd3c474b1520fba0d35,a_f47a8f7809556bd3c474b1520fba0d35,p_f022310d83ea584fdf9f9fc2a997562c,p_c0f14bbd0a7540f9669573a1a65f5285,6,429,26,70,1973,373176,96,375149,223.77622377622379,874473.19347319345,3907.8020833333335,0.27083333333333331,0.0052592436605188872
r_2dbdce7f9ea9f19163fd49539604a46b,Direct file transfer,d_fd46828b3606c9bab93dce55ae07fefe,0,1,a_f47a8f7809556bd3c474b1520fba0d35,a_f47a8f7809556bd3c474b1520fba0d35,p_56cb40b765f2da7e1cc13b84fb7692e8,p_f20f8250c88d103697dd803efa0f0d0c,6,1613,67,52,319368,3751,119,323119,73.775573465592061,200321.76069435835,2715.2857142857142,0.56302521008403361,0.98839127380314995
r_0a11a75b0423880c9929a92b24eec929,Direct file transfer,d_fd46828b3606c9bab93dce55ae07fefe,0,1,a_f47a8f7809556bd3c474b1520fba0d35,a_f47a8f7809556bd3c474b1520fba0d35,p_c4f6c8916448c24a9e2e231ec8e1100a,p_f20f8250c88d103697dd803efa0f0d0c,6,431,28,71,2107,307655,99,309762,229.69837587006961,718705.3364269142,3128.909090909091,0.28282828282828282,0.006801996371407726
r_e4ce9c979a5f0db9d3152d746b48f5ab,Direct file transfer,d_fd46828b3606c9bab93dce55ae07fefe,0,1,a_f47a8f7809556bd3c474b1520fba0d35,a_f47a8f7809556bd3c474b1520fba0d35,p_f0cb2afc7f73b25dd05f7df68d8822df,p_c76517ae9b158cba02287e228c4ea7a9,6,1613,67,52,319367,3749,119,323116,73.775573465592061,200319.90080595165,2715.2605042016808,0.56302521008403361,0.98839735574839993
r_d3fa4a723881801d63813441ca90e1ed,Direct file transfer,d_fd46828b3606c9bab93dce55ae07fefe,0,1,a_f47a8f7809556bd3c474b1520fba0d35,a_f47a8f7809556bd3c474b1520fba0d35,p_fc4897eee83b1f17edcbe34c49fb31ee,p_c76517ae9b158cba02287e228c4ea7a9,6,425,26,70,1973,373178,96,375151,225.88235294117646,882708.23529411771,3907.8229166666665,0.27083333333333331,0.005259215622509336
r_da43317ab996fc6d8697951f514ab890,Direct file transfer,d_fd46828b3606c9bab93dce55ae07fefe,0,1,a_f47a8f7809556bd3c474b1520fba0d35,a_f47a8f7809556bd3c474b1520fba0d35,p_1832b666e8d0d36c67d45759507cb44b,p_2e2bdff7d79ba86224377da437861888,6,1605,67,52,319368,3751,119,323119,74.143302180685353,201320.2492211838,2715.2857142857142,0.56302521008403361,0.98839127380314995
r_c2d9ebc8ad4a1cf062ece44df08674ca,Direct file transfer,d_fd46828b3606c9bab93dce55ae07fefe,0,1,a_f47a8f7809556bd3c474b1520fba0d35,a_f47a8f7809556bd3c474b1520fba0d35,p_33b9eabfc702639bab7daf9ea38fc057,p_2e2bdff7d79ba86224377da437861888,6,436,43,86,3097,242408,129,245505,295.87155963302752,563084.86238532106,1903.1395348837209,0.33333333333333331,0.012614814362232949
r_1b1a49a8fc76e0ff9fe3eac25a56ce91,Direct file transfer,d_fd46828b3606c9bab93dce55ae07fefe,0,1,a_f47a8f7809556bd3c474b1520fba0d35,a_f47a8f7809556bd3c474b1520fba0d35,p_a4c586be4c411977912e9559f3657ec0,p_de7751b84215a2b890900c93db9f1d01,6,1607,67,52,319367,3749,119,323116,74.051026757934039,201067.82825140012,2715.2605042016808,0.56302521008403361,0.98839735574839993
r_e69fcaa226fbf20f1f3cb3840a1c020a,Direct file transfer,d_fd46828b3606c9bab93dce55ae07fefe,0,1,a_f47a8f7809556bd3c474b1520fba0d35,a_f47a8f7809556bd3c474b1520fba0d35,p_0bde49a1c6eec4e7efa8f400a1dac946,p_de7751b84215a2b890900c93db9f1d01,6,440,32,75,2369,242214,107,244583,243.18181818181819,555870.45454545459,2285.8224299065419,0.29906542056074764,0.0096858735071529908
r_817f4d482d9fd5838870bbfb8523bcc6,Direct file transfer,d_fd46828b3606c9bab93dce55ae07fefe,0,1,a_f47a8f7809556bd3c474b1520fba0d35,a_f47a8f7809556bd3c474b1520fba0d35,p_b88070bea4d19c64694ce87401d6b2ae,p_dd74cc5b69b608ff00edcb1d8b246822,6,1662,69,51,293285,3683,120,296968,72.202166064981952,178681.10709987968,2474.7333333333331,0.57499999999999996,0.98759799035586326
r_431b558fe24311804b19dfe10505f73b,Direct file transfer,d_fd46828b3606c9bab93dce55ae07fefe,0,1,a_f47a8f7809556bd3c474b1520fba0d35,a_f47a8f7809556bd3c474b1520fba0d35,p_ea352dda47cb4c721530f494e6b8d0c4,p_dd74cc5b69b608ff00edcb1d8b246822,6,435,28,71,2093,293379,99,295472,227.58620689655172,679245.97701149422,2984.5656565656564,0.28282828282828282,0.0070835815237992091
r_90c858197efc83e75daac9a4eac3bd84,Direct file transfer,d_fd46828b3606c9bab93dce55ae07fefe,0,1,a_f47a8f7809556bd3c474b1520fba0d35,a_f47a8f7809556bd3c474b1520fba0d35,p_0ee4de8925c60fed2333fe63bd5edb65,p_77dbe3e2b43b6b81a173862305b375d0,6,1666,69,52,293286,3751,121,297037,72.629051620648269,178293.51740696278,2454.8512396694214,0.57024793388429751,0.98737194356258651
r_e79f4453cd54dddb5d388529ca89c350,Direct file transfer,d_fd46828b3606c9bab93dce55ae07fefe,0,1,a_f47a8f7809556bd3c474b1520fba0d35,a_f47a8f7809556bd3c474b1520fba0d35,p_43378d4324cdb5ff2a3f16b812359a53,p_77dbe3e2b43b6b81a173862305b375d0,6,433,43,88,3097,190175,131,193272,302.54041570438801,446355.65819861431,1475.3587786259543,0.3282442748091603,0.016024049008651019
r_72342d85d396fc5379f39c3449a6d659,Direct file transfer,d_fd46828b3606c9bab93dce55ae07fefe,0,1,a_f47a8f7809556bd3c474b1520fba0d35,a_f47a8f7809556bd3c474b1520fba0d35,p_7d5837277f692c9eb8a58272a76cb77a,p_fb701d5a05c03fb8299bbc4274ccd85a,6,1659,69,53,293285,3815,122,297100,73.538276069921636,179083.78541289933,2435.2459016393441,0.56557377049180324,0.98715920565466175
r_6ee8770cadf8e220b846087314fecef7,Direct file transfer,d_fd46828b3606c9bab93dce55ae07fefe,0,1,a_f47a8f7809556bd3c474b1520fba0d35,a_f47a8f7809556bd3c474b1520fba0d35,p_995c85176f73785755ce68d229d75218,p_fb701d5a05c03fb8299bbc4274ccd85a,6,433,27,70,2027,293315,97,295342,224.01847575057738,682083.1408775982,3044.7628865979382,0.27835051546391754,0.0068632297472083215
r_6184152d28fc41443b076cfccee20ee5,Direct file transfer,d_fd46828b3606c9bab93dce55ae07fefe,0,1,a_f47a8f7809556bd3c474b1520fba0d35,a_f47a8f7809556bd3c474b1520fba0d35,p_9f5f13c6024e52b3cec398969abcba01,p_73a113db56cae583b0f4d27a2f1f0ea3,6,1664,69,52,293286,3751,121,297037,72.71634615384616,178507.8125,2454.8512396694214,0.57024793388429751,0.98737194356258651
r_83ffa092834fc862945dfcde3ed0ac53,Direct file transfer,d_fd46828b3606c9bab93dce55ae07fefe,0,1,a_f47a8f7809556bd3c474b1520fba0d35,a_f47a8f7809556bd3c474b1520fba0d35,p_bb517e8172d67209d89ec4f3b8e5fadb,p_73a113db56cae583b0f4d27a2f1f0ea3,6,438,32,77,2371,190073,109,192444,248.85844748858449,439369.8630136986,1765.5412844036698,0.29357798165137616,0.012320467252811208
r_6df62c00f0d1d59e640634aca4406e22,Direct file transfer,d_fd46828b3606c9bab93dce55ae07fefe,0,1,a_f47a8f7809556bd3c474b1520fba0d35,a_f47a8f7809556bd3c474b1520fba0d35,p_8ce3dd7c0fc4dad48716e1c8b4853665,p_6688deacbc9d093f76efd71ae803001d,6,1668,69,52,293285,3749,121,297034,72.541966426858522,178077.9376498801,2454.8264462809916,0.57024793388429751,0.98737854925698743
r_ed01639ac1e0951d6cf653f1788f5323,Direct file transfer,d_fd46828b3606c9bab93dce55ae07fefe,0,1,a_f47a8f7809556bd3c474b1520fba0d35,a_f47a8f7809556bd3c474b1520fba0d35,p_e968845bf92be6568dbda8cc0481a102,p_6688deacbc9d093f76efd71ae803001d,6,444,32,77,2369,190022,109,192391,245.4954954954955,433313.06306306308,1765.0550458715597,0.29357798165137616,0.012313465806612576
r_d1d551e8cc57d9c6842e3be26cab298f,Direct file transfer,d_fd46828b3606c9bab93dce55ae07fefe,0,1,a_f47a8f7809556bd3c474b1520fba0d35,a_f47a8f7809556bd3c474b1520fba0d35,p_31332ecccdb47f529d1fe87b10ff9c65,p_c0f14bbd0a7540f9669573a1a65f5285,6,1145,51,45,265845,3283,96,269128,83.842794759825324,235046.28820960698,2803.4166666666665,0.53125,0.98780134359858507
r_4d6379dd5037e0e7e310cc32b538738f,Direct file transfer,d_fd46828b3606c9bab93dce55ae07fefe,0,1,a_f47a8f7809556bd3c474b1520fba0d35,a_f47a8f7809556bd3c474b1520fba0d35,p_49362a584f6b0e22387f07ee40c2f5d3,p_c0f14bbd0a7540f9669573a1a65f5285,6,262,26,58,1969,266888,84,268857,320.61068702290078,1026171.7557251907,3200.6785714285716,0.30952380952380953,0.0073235958148755659
r_6d20821143547c6f786fbed83e43462b,Direct file transfer,d_fd46828b3606c9bab93dce55ae07fefe,0,1,a_f47a8f7809556bd3c474b1520fba0d35,a_f47a8f7809556bd3c474b1520fba0d35,p_99ddcf38534ee49a4fbf65340daa9dae,p_f20f8250c88d103697dd803efa0f0d0c,6,1146,51,45,265846,3285,96,269131,83.769633507853413,234843.80453752182,2803.4479166666665,0.53125,0.987794048251595
r_67eb7d29b299a4eb828332b222a4b574,Direct file transfer,d_fd46828b3606c9bab93dce55ae07fefe,0,1,a_f47a8f7809556bd3c474b1520fba0d35,a_f47a8f7809556bd3c474b1520fba0d35,p_36fba0539aced55cb8e2018c12628d40,p_f20f8250c88d103697dd803efa0f0d0c,6,269,29,59,2157,135301,88,137458,327.13754646840147,510996.28252788103,1562.0227272727273,0.32954545454545453,0.015692065940141716
r_b6681f3c724de23b1a4f9a252301c8e1,Direct file transfer,d_fd46828b3606c9bab93dce55ae07fefe,0,1,a_f47a8f7809556bd3c474b1520fba0d35,a_f47a8f7809556bd3c474b1520fba0d35,p_612fb7aa25d1dc338168e870ffd2a7bc,p_c76517ae9b158cba02287e228c4ea7a9,6,1148,51,45,265845,3283,96,269128,83.62369337979095,234432.05574912895,2803.4166666666665,0.53125,0.98780134359858507
r_e5b1d81850d6cb5745f6b20217679ab5,Direct file transfer,d_fd46828b3606c9bab93dce55ae07fefe,0,1,a_f47a8f7809556bd3c474b1520fba0d35,a_f47a8f7809556bd3c474b1520fba0d35,p_4806af499886bd2981ef3382c15c52c5,p_c76517ae9b158cba02287e228c4ea7a9,6,268,27,59,2035,201367,86,203402,320.8955223880597,758962.68656716414,2365.1395348837209,0.31395348837209303,0.010004818045053638
r_e5f8bbee9e772b64f9b8847b98c61ab6,Direct file transfer,d_fd46828b3606c9bab93dce55ae07fefe,0,1,a_f47a8f7809556bd3c474b1520fba0d35,a_f47a8f7809556bd3c474b1520fba0d35,p_8302f9e93a196f29ae3ac1a031b026ce,p_2e2bdff7d79ba86224377da437861888,6,1148,51,45,265846,3285,96,269131,83.62369337979095,234434.66898954706,2803.4479166666665,0.53125,0.987794048251595
r_e230f7f9f9f51be37f7d2b6cdff0f08b,Direct file transfer,d_fd46828b3606c9bab93dce55ae07fefe,0,1,a_f47a8f7809556bd3c474b1520fba0d35,a_f47a8f7809556bd3c474b1520fba0d35,p_d2dae06a9252c4726baef2cf288b9363,p_2e2bdff7d79ba86224377da437861888,6,277,32,63,2367,135977,95,138344,342.96028880866425,499436.82310469309,1456.2526315789473,0.33684210526315789,0.017109524084889839
r_6d195bd6868ad879febbd2cd75849b09,Direct file transfer,d_fd46828b3606c9bab93dce55ae07fefe,0,1,a_f47a8f7809556bd3c474b1520fba0d35,a_f47a8f7809556bd3c474b1520fba0d35,p_7fcead72a919a1834627e62ab911449d,p_de7751b84215a2b890900c93db9f1d01,6,1143,51,44,265845,3217,95,269062,83.114610673665794,235399.82502187227,2832.2315789473682,0.5368421052631579,0.98804364793244681
r_9d8e308f52b09f8426c265005a1505da,Direct file transfer,d_fd46828b3606c9bab93dce55ae07fefe,0,1,a_f47a8f7809556bd3c474b1520fba0d35,a_f47a8f7809556bd3c474b1520fba0d35,p_bde36b390cb9f76fc4079d053e1c37d9,p_de7751b84215a2b890900c93db9f1d01,6,276,28,58,2089,200761,86,202850,311.59420289855069,734963.76811594202,2358.7209302325582,0.32558139534883723,0.010298249938378112
r_254491443960ed4e984d6b13013d9e7f,Direct file transfer,d_fd46828b3606c9bab93dce55ae07fefe,0,1,a_f47a8f7809556bd3c474b1520fba0d35,a_f47a8f7809556bd3c474b1520fba0d35,p_6af8af640ad003f475bdcf928eba3588,p_dd74cc5b69b608ff00edcb1d8b246822,6,1773,73,54,306666,3881,127,310547,71.630005640157933,175153.41229554429,2445.251968503937,0.57480314960629919,0.9875026968542604
r_0dc9fb8781d6808db2fa65452c407aa2,Direct file transfer,d_fd46828b3606c9bab93dce55ae07fefe,0,1,a_f47a8f7809556bd3c474b1520fba0d35,a_f47a8f7809556bd3c474b1520fba0d35,p_d46c6b39e55ea56f44314a2b4b7089f8,p_dd74cc5b69b608ff00edcb1d8b246822,6,470,43,91,3095,216746,134,219841,285.10638297872345,467746.80851063831,1640.6044776119404,0.32089552238805968,0.014078356630473842
r_ad476b83e45147df5638cc2439d31126,Direct file transfer,d_fd46828b3606c9bab93dce55ae07fefe,0,1,a_f47a8f7809556bd3c474b1520fba0d35,a_f47a8f7809556bd3c474b1520fba0d35,p_0ee8fb158ec912a5bef835f3c67774c7,p_77dbe3e2b43b6b81a173862305b375d0,6,1778,73,54,306667,3883,127,310550,71.428571428571431,174662.54218222722,2445.2755905511813,0.57480314960629919,0.98749637739494445
r_08f81e3457255b348e75014d89bc56ff,Direct file transfer,d_fd46828b3606c9bab93dce55ae07fefe,0,1,a_f47a8f7809556bd3c474b1520fba0d35,a_f47a8f7809556bd3c474b1520fba0d35,p_69c1269ff809ec0adb7bec2357cb4ba9,p_77dbe3e2b43b6b81a173862305b375d0,6,472,43,91,3097,216748,134,219845,283.8983050847458,465773.30508474581,1640.6343283582089,0.32089552238805968,0.014087197798448907
r_61716063d2e0dc086eaa106c26fd5cf2,Direct file transfer,d_fd46828b3606c9bab93dce55ae07fefe,0,1,a_f47a8f7809556bd3c474b1520fba0d35,a_f47a8f7809556bd3c474b1520fba0d35,p_4214c3895b121ce678203529bbcfcd39,p_fb701d5a05c03fb8299bbc4274ccd85a,6,1781,73,54,306666,3881,127,310547,71.308253790005622,174366.64795058957,2445.251968503937,0.57480314960629919,0.9875026968542604
r_a244624ec03921c30e0bf6961069a528,Direct file transfer,d_fd46828b3606c9bab93dce55ae07fefe,0,1,a_f47a8f7809556bd3c474b1520fba0d35,a_f47a8f7809556bd3c474b1520fba0d35,p_ee9ece6a825fa5a2a889b02171dcab0c,p_fb701d5a05c03fb8299bbc4274ccd85a,6,468,27,75,2039,347559,102,349598,217.94871794871793,747004.2735042735,3427.4313725490197,0.26470588235294118,0.0058324132289086323
r_43229f26430021f652d9c088376f79b5,Direct file transfer,d_fd46828b3606c9bab93dce55ae07fefe,0,1,a_f47a8f7809556bd3c474b1520fba0d35,a_f47a8f7809556bd3c474b1520fba0d35,p_bdd7490af0db82ee6a155ac8b278c19d,p_73a113db56cae583b0f4d27a2f1f0ea3,6,1776,73,54,306667,3883,127,310550,71.509009009009006,174859.23423423423,2445.2755905511813,0.57480314960629919,0.98749637739494445
r_c402521dddb74d4118ec1613f5e2981a,Direct file transfer,d_fd46828b3606c9bab93dce55ae07fefe,0,1,a_f47a8f7809556bd3c474b1520fba0d35,a_f47a8f7809556bd3c474b1520fba0d35,p_7047f795c6dca2ad537e45cb753f4999,p_73a113db56cae583b0f4d27a2f1f0ea3,6,472,43,91,3097,216789,134,219886,283.8983050847458,465860.16949152545,1640.9402985074628,0.32089552238805968,0.014084571095931529
r_5922d257b21980fbd6e30f9e5b6d7a5f,Direct file transfer,d_fd46828b3606c9bab93dce55ae07fefe,0,1,a_f47a8f7809556bd3c474b1520fba0d35,a_f47a8f7809556bd3c474b1520fba0d35,p_25705adcb7262cfa72f70f3d640301b5,p_6688deacbc9d093f76efd71ae803001d,6,1780,73,51,306666,3683,124,310349,69.662921348314612,174353.37078651684,2502.8145161290322,0.58870967741935487,0.98813271510460798
r_7ec0f41d491d94c5e343c959ceee606d,Direct file transfer,d_fd46828b3606c9bab93dce55ae07fefe,0,1,a_f47a8f7809556bd3c474b1520fba0d35,a_f47a8f7809556bd3c474b1520fba0d35,p_3e63a81cbc2ae8b6afca0b9902415447,p_6688deacbc9d093f76efd71ae803001d,6,467,43,91,3095,216738,134,219833,286.93790149892931,470734.47537473228,1640.544776119403,0.32089552238805968,0.014078868959619347
r_1aac0fc86a9d44564ed597e106c5aa37,Direct file transfer,d_fd46828b3606c9bab93dce55ae07fefe,0,1,a_f47a8f7809556bd3c474b1520fba0d35,a_f47a8f7809556bd3c474b1520fba0d35,p_4e2e8dbed98dacb8d7a5daad29cec19d,p_c0f14bbd0a7540f9669573a1a65f5285,6,1834,75,54,280583,3881,129,284464,70.338058887677207,155105.77971646673,2205.1472868217056,0.58139534883720934,0.98635679734518256
r_5e97d4f3dd0b41bd074a3f9a2a07053d,Direct file transfer,d_fd46828b3606c9bab93dce55ae07fefe,0,1,a_f47a8f7809556bd3c474b1520fba0d35,a_f47a8f7809556bd3c474b1520fba0d35,p_8db20505624a159fda5d1a6e4af968a1,p_c0f14bbd0a7540f9669573a1a65f5285,6,469,28,76,2093,280602,104,282695,221.74840085287849,602761.19402985077,2718.2211538461538,0.26923076923076922,0.0074037390120094094
r_2147645074d5180ed3760fbafa04484a,Direct file transfer,d_fd46828b3606c9bab93dce55ae07fefe,0,1,a_f47a8f7809556bd3c474b1520fba0d35,a_f47a8f7809556bd3c474b1520fba0d35,p_1b8828b7ee637478f6a169378d80e323,p_f20f8250c88d103697dd803efa0f0d0c,6,1822,75,54,280584,3883,129,284467,70.801317233809002,156128.97914379803,2205.1705426356589,0.58139534883720934,0.9863499105344381
r_67f0ee253d8e7a26d2c3a0dae5011ddc,Direct file transfer,d_fd46828b3606c9bab93dce55ae07fefe,0,1,a_f47a8f7809556bd3c474b1520fba0d35,a_f47a8f7809556bd3c474b1520fba0d35,p_5ac72e6543a449188b5d7f9b00cbbc61,p_f20f8250c88d103697dd803efa0f0d0c,6,451,28,78,2107,229844,106,231951,235.03325942350332,514303.76940133038,2188.2169811320755,0.26415094339622641,0.0090838151161236648
r_341ce4cfe5fd6312679738c0a971c5c7,Direct file transfer,d_fd46828b3606c9bab93dce55ae07fefe,0,1,a_f47a8f7809556bd3c474b1520fba0d35,a_f47a8f7809556bd3c474b1520fba0d35,p_08adf674a89484ecaffa68c24efc86d4,p_c76517ae9b158cba02287e228c4ea7a9,6,1834,75,54,280583,3881,129,284464,70.338058887677207,155105.77971646673,2205.1472868217056,0.58139534883720934,0.98635679734518256
r_ce776ad553c673aeab97d2b81afe2433,Direct file transfer,d_fd46828b3606c9bab93dce55ae07fefe,0,1,a_f47a8f7809556bd3c474b1520fba0d35,a_f47a8f7809556bd3c474b1520fba0d35,p_0a63df5655326e88453a58d8b8ccd108,p_c76517ae9b158cba02287e228c4ea7a9,6,462,27,77,2039,295367,104,297406,225.1082251082251,643735.93073593068,2859.6730769230771,0.25961538461538464,0.0068559477616456964
r_48dba9654fd9aba600bc26d1367a2bb0,Direct file transfer,d_fd46828b3606c9bab93dce55ae07fefe,0,1,a_f47a8f7809556bd3c474b1520fba0d35,a_f47a8f7809556bd3c474b1520fba0d35,p_55b10c65ba267f734567748dcb1bd445,p_2e2bdff7d79ba86224377da437861888,6,1836,75,53,280584,3817,128,284401,69.716775599128539,154902.50544662308,2221.8828125,0.5859375,0.98657880949785692
r_0cfc6e0341c55fca4687a9cbca1c3953,Direct file transfer,d_fd46828b3606c9bab93dce55ae07fefe,0,1,a_f47a8f7809556bd3c474b1520fba0d35,a_f47a8f7809556bd3c474b1520fba0d35,p_6aa7c4ce89d26e6354380eff69bd1f25,p_2e2bdff7d79ba86224377da437861888,6,475,43,93,3097,164597,136,167694,286.31578947368422,353040,1233.0441176470588,0.31617647058823528,0.018468162247903919
r_d5c984b86b56ff3060036a7ee18cbef8,Direct file transfer,d_fd46828b3606c9bab93dce55ae07fefe,0,1,a_f47a8f7809556bd3c474b1520fba0d35,a_f47a8f7809556bd3c474b1520fba0d35,p_306ac6f1d2bee8c11f098751a9fe9f1e,p_de7751b84215a2b890900c93db9f1d01,6,1826,75,55,280583,3947,130,284530,71.193866374589263,155821.46768893756,2188.6923076923076,0.57692307692307687,0.98612800056233085
r_dae850988b88340defde09572e6bdb7f,Direct file transfer,d_fd46828b3606c9bab93dce55ae07fefe,0,1,a_f47a8f7809556bd3c474b1520fba0d35,a_f47a8f7809556bd3c474b1520fba0d35,p_f3810bb308359a00b9991c243918bb58,p_de7751b84215a2b890900c93db9f1d01,6,478,29,78,2171,229887,107,232058,223.84937238493725,485476.98744769878,2168.766355140187,0.27102803738317754,0.0093554197657482185
r_e7bcb54322ba8147a373021e0d52a56c,Direct file transfer,d_fd46828b3606c9bab93dce55ae07fefe,0,1,a_f47a8f7809556bd3c474b1520fba0d35,a_f47a8f7809556bd3c474b1520fba0d35,p_a0baadb7a5315ab018f3dc3fcf39d1f3,p_dd74cc5b69b608ff00edcb1d8b246822,6,1890,77,55,320045,3947,132,323992,69.841269841269849,171424.33862433862,2454.4848484848485,0.58333333333333337,0.98781760043457867
r_1cdc7b9ca9313b0f997c53b990aa2de6,Direct file transfer,d_fd46828b3606c9bab93dce55ae07fefe,0,1,a_f47a8f7809556bd3c474b1520fba0d35,a_f47a8f7809556bd3c474b1520fba0d35,p_4d79019902cc8d891b29f7bb814adf0e,p_dd74cc5b69b608ff00edcb1d8b246822,6,513,43,94,3095,243317,137,246412,267.05653021442492,480335.28265107214,1798.6277372262773,0.31386861313868614,0.012560264922162882
r_915c5a2e3d90358af145bbad06955ba9,Direct file transfer,d_fd46828b3606c9bab93dce55ae07fefe,0,1,a_f47a8f7809556bd3c474b1520fba0d35,a_f47a8f7809556bd3c474b1520fba0d35,p_c2eacd892b141fe41674048c1757cd55,p_77dbe3e2b43b6b81a173862305b375d0,6,1897,77,56,320046,4015,133,324061,70.110701107011067,170828.14971006854,2436.5488721804513,0.57894736842105265,0.98761035730927205
r_13c1e5ce01e0b177e5c44a02fd3873df,Direct file transfer,d_fd46828b3606c9bab93dce55ae07fefe,0,1,a_f47a8f7809556bd3c474b1520fba0d35,a_f47a8f7809556bd3c474b1520fba0d35,p_c78560cb246c30d4980f7847c528daae,p_77dbe3e2b43b6b81a173862305b375d0,6,517,43,94,3097,243319,137,246416,264.99032882011602,476626.69245647965,1798.6569343065694,0.31386861313868614,0.012568177391078501
r_4037df9043c04e60fcb1ff3e42aa951d,Direct file transfer,d_fd46828b3606c9bab93dce55ae07fefe,0,1,a_f47a8f7809556bd3c474b1520fba0d35,a_f47a8f7809556bd3c474b1520fba0d35,p_11800a45ac40a2193fd68a5e05944e83,p_fb701d5a05c03fb8299bbc4274ccd85a,6,1901,77,55,320045,3947,132,323992,69.437138348237767,170432.40399789583,2454.4848484848485,0.58333333333333337,0.98781760043457867
r_cd40f31322d96224997bfba5bb9563f5,Direct file transfer,d_fd46828b3606c9bab93dce55ae07fefe,0,1,a_f47a8f7809556bd3c474b1520fba0d35,a_f47a8f7809556bd3c474b1520fba0d35,p_2ea947ca61b3de95b3445a98c23332a8,p_fb701d5a05c03fb8299bbc4274ccd85a,6,501,43,90,3095,308803,133,311898,265.46906187624751,622550.89820359286,2345.0977443609022,0.32330827067669171,0.0099231158904513651
r_16d73c13998cdaad264c6cf37a58e417,Direct file transfer,d_fd46828b3606c9bab93dce55ae07fefe,0,1,a_f47a8f7809556bd3c474b1520fba0d35,a_f47a8f7809556bd3c474b1520fba0d35,p_e0688d818ffd32251012b2d5853b0be7,p_73a113db56cae583b0f4d27a2f1f0ea3,6,1896,77,55,320046,3949,132,323995,69.620253164556971,170883.4388185654,2454.507575757576,0.58333333333333337,0.98781154030154783
r_a8b16167eb433a0b33741895e7c8c922,Direct file transfer,d_fd46828b3606c9bab93dce55ae07fefe,0,1,a_f47a8f7809556bd3c474b1520fba0d35,a_f47a8f7809556bd3c474b1520fba0d35,p_0fb5148a7335b0c00e9a2c55ca5b31f0,p_73a113db56cae583b0f4d27a2f1f0ea3,6,512,43,94,3097,243360,137,246457,267.578125,481361.328125,1798.956204379562,0.31386861313868614,0.012566086578997554
r_d0e057bcb2bb5c24ef57144e1b7e6336,Direct file transfer,d_fd46828b3606c9bab93dce55ae07fefe,0,1,a_f47a8f7809556bd3c474b1520fba0d35,a_f47a8f7809556bd3c474b1520fba0d35,p_5d642b22550f1b3f3b169d4c2f22b8eb,p_6688deacbc9d093f76efd71ae803001d,6,1894,77,53,320045,3815,130,323860,68.637803590285117,170992.60823653644,2491.2307692307691,0.59230769230769231,0.98822021861298093
r_7a734785843d78b55cbb22a57a66db05,Direct file transfer,d_fd46828b3606c9bab93dce55ae07fefe,0,1,a_f47a8f7809556bd3c474b1520fba0d35,a_f47a8f7809556bd3c474b1520fba0d35,p_ddc4d386598d40c848d722ad5455964e,p_6688deacbc9d093f76efd71ae803001d,6,510,43,94,3095,243309,137,246404,268.62745098039215,483145.09803921566,1798.5693430656934,0.31386861313868614,0.012560672716352007
r_6d07143b98309aa2dc9352c02a5b4523,Direct file transfer,d_fd46828b3606c9bab93dce55ae07fefe,0,1,a_f47a8f7809556bd3c474b1520fba0d35,a_f47a8f7809556bd3c474b1520fba0d35,p_6106b4a8b68615cb2d540f684b4cb435,p_c0f14bbd0a7540f9669573a1a65f5285,6,1946,79,57,293963,4079,136,298042,69.886947584789311,153156.21788283659,2191.4852941176468,0.58088235294117652,0.98631400943491188
r_7c950c42dd80b1f5d2c0e32062afc7a1,Direct file transfer,d_fd46828b3606c9bab93dce55ae07fefe,0,1,a_f47a8f7809556bd3c474b1520fba0d35,a_f47a8f7809556bd3c474b1520fba0d35,p_938420a6b97c2b9ef63a1999b4d0ae54,p_c0f14bbd0a7540f9669573a1a65f5285,6,504,30,81,2225,162967,111,165192,220.23809523809524,327761.90476190473,1488.2162162162163,0.27027027027027029,0.013469175262724587
r_c3935782512c72349d4607d8e38f527c,Direct file transfer,d_fd46828b3606c9bab93dce55ae07fefe,0,1,a_f47a8f7809556bd3c474b1520fba0d35,a_f47a8f7809556bd3c474b1520fba0d35,p_db245f62377501c1ea9332befda1660b,p_f20f8250c88d103697dd803efa0f0d0c,6,1944,79,56,293964,4015,135,297979,69.444444444444443,153281.37860082305,2207.2518518518518,0.58518518518518514,0.98652589612019637
r_2e2f8d2ed1f1489e7e5e8d49d95e48b9,Direct file transfer,d_fd46828b3606c9bab93dce55ae07fefe,0,1,a_f47a8f7809556bd3c474b1520fba0d35,a_f47a8f7809556bd3c474b1520fba0d35,p_69e5b7bf170a01e472447a924e69fa08,p_f20f8250c88d103697dd803efa0f0d0c,6,508,28,79,2095,293909,107,296004,210.62992125984252,582685.03937007871,2766.3925233644859,0.26168224299065418,0.0070776070593640628
r_28c40ea3100aab66a276bb90d8188263,Direct file transfer,d_fd46828b3606c9bab93dce55ae07fefe,0,1,a_f47a8f7809556bd3c474b1520fba0d35,a_f47a8f7809556bd3c474b1520fba0d35,p_256c3ed83ed1b7644ab9d11d9043fbb7,p_c76517ae9b158cba02287e228c4ea7a9,6,1943,79,55,293963,3947,134,297910,68.965517241379303,153324.75553268142,2223.2089552238808,0.58955223880597019,0.98675103219093019
r_449ff85a818a5cea18883021a0bbff60,Direct file transfer,d_fd46828b3606c9bab93dce55ae07fefe,0,1,a_f47a8f7809556bd3c474b1520fba0d35,a_f47a8f7809556bd3c474b1520fba0d35,p_fc61fa7aacd181add265e95c3f16b6d0,p_c76517ae9b158cba02287e228c4ea7a9,6,506,28,81,2105,256415,109,258520,215.41501976284584,510909.09090909088,2371.7431192660551,0.25688073394495414,0.0081425034813554075
r_66a892283473452e0e380bd1dd448514,Direct file transfer,d_fd46828b3606c9bab93dce55ae07fefe,0,1,a_f47a8f7809556bd3c474b1520fba0d35,a_f47a8f7809556bd3c474b1520fba0d35,p_627d0b3b721521b6bdf8e334db415465,p_2e2bdff7d79ba86224377da437861888,6,1952,79,57,293964,4081,136,298045,69.672131147540981,152686.98770491805,2191.5073529411766,0.58088235294117652,0.98630743679645694
r_97e775cf933b9433442cb8db234c33a0,Direct file transfer,d_fd46828b3606c9bab93dce55ae07fefe,0,1,a_f47a8f7809556bd3c474b1520fba0d35,a_f47a8f7809556bd3c474b1520fba0d35,p_e57c9f7a902ea315c81812c3007c7cdb,p_2e2bdff7d79ba86224377da437861888,6,504,43,96,3097,191168,139,194265,275.79365079365078,385446.42857142858,1397.5899280575541,0.30935251798561153,0.015942140890021363
r_17a1e3b3b60c9c7655f94649f1aee63a,Direct file transfer,d_fd46828b3606c9bab93dce55ae07fefe,0,1,a_f47a8f7809556bd3c474b1520fba0d35,a_f47a8f7809556bd3c474b1520fba0d35,p_6ce9d1d728c7b380ce9993f51de5bfc8,p_de7751b84215a2b890900c93db9f1d01,6,1948,79,55,293963,3947,134,297910,68.78850102669405,152931.21149897331,2223.2089552238808,0.58955223880597019,0.98675103219093019
r_ef397f35c4749ef298f5dde6b9336a5e,Direct file transfer,d_fd46828b3606c9bab93dce55ae07fefe,0,1,a_f47a8f7809556bd3c474b1520fba0d35,a_f47a8f7809556bd3c474b1520fba0d35,p_49f506be7ae66b819e342165a131eede,p_de7751b84215a2b890900c93db9f1d01,6,513,29,80,2159,228429,109,230588,212.47563352826509,449489.27875243663,2115.4862385321103,0.26605504587155965,0.009363019758183426
r_5b8a254d9ad5efd869dfa492a0a829be,Direct file transfer,d_fd46828b3606c9bab93dce55ae07fefe,0,1,a_f47a8f7809556bd3c474b1520fba0d35,a_f47a8f7809556bd3c474b1520fba0d35,p_3ac8a97c6647e046ea683737189e12ab,p_dd74cc5b69b608ff00edcb1d8b246822,6,2001,81,56,267881,4013,137,271894,68.465767116441782,135879.06046976513,1984.6277372262773,0.59124087591240881,0.98524057169338053
r_2fe9723b577a756660e4d3d6b4dd276e,Direct file transfer,d_fd46828b3606c9bab93dce55ae07fefe,0,1,a_f47a8f7809556bd3c474b1520fba0d35,a_f47a8f7809556bd3c474b1520fba0d35,p_2742952a54bc64ec4907ae9342673cc7,p_dd74cc5b69b608ff00edcb1d8b246822,6,523,27,80,2027,267759,107,269786,204.5889101338432,515843.21223709366,2521.3644859813085,0.25233644859813081,0.0075133624428250535
r_284a637b15ba6e178ed5fd11f79d0cb3,Direct file transfer,d_fd46828b3606c9bab93dce55ae07fefe,0,1,a_f47a8f7809556bd3c474b1520fba0d35,a_f47a8f7809556bd3c474b1520fba0d35,p_25a72026e8ee385dc048b282f7d15820,p_77dbe3e2b43b6b81a173862305b375d0,6,2006,81,54,267882,3883,135,271765,67.29810568295116,135476.07178464608,2013.0740740740741,0.59999999999999998,0.9857119202251946
r_16976c6468b2fdf96c85937c82fb2f5d,Direct file transfer,d_fd46828b3606c9bab93dce55ae07fefe,0,1,a_f47a8f7809556bd3c474b1520fba0d35,a_f47a8f7809556bd3c474b1520fba0d35,p_0f128c15d339c4b21fc75ddeebcd329c,p_77dbe3e2b43b6b81a173862305b375d0,6,511,43,98,3097,138937,141,142034,275.92954990215264,277953.03326810175,1007.3333333333334,0.30496453900709219,0.02180463832603461
r_8cfaacd3b982a2a6ccbf9abf1b247779,Direct file transfer,d_fd46828b3606c9bab93dce55ae07fefe,0,1,a_f47a8f7809556bd3c474b1520fba0d35,a_f47a8f7809556bd3c474b1520fba0d35,p_28fd9d03df953bab90ea064ac00d4092,p_fb701d5a05c03fb8299bbc4274ccd85a,6,1990,81,56,267881,4013,137,271894,68.844221105527637,136630.15075376883,1984.6277372262773,0.59124087591240881,0.98524057169338053
r_7e25ec700228a97a6f965da54a3b1cb0,Direct file transfer,d_fd46828b3606c9bab93dce55ae07fefe,0,1,a_f47a8f7809556bd3c474b1520fba0d35,a_f47a8f7809556bd3c474b1520fba0d35,p_0c90755d35673f2617e3331df2c230c5,p_fb701d5a05c03fb8299bbc4274ccd85a,6,490,27,82,2039,269748,109,271787,222.44897959183675,554667.3469387755,2493.4587155963304,0.24770642201834864,0.0075021984127276141
r_2f2426cc7b14a0358a88797d79b47ce7,Direct file transfer,d_fd46828b3606c9bab93dce55ae07fefe,0,1,a_f47a8f7809556bd3c474b1520fba0d35,a_f47a8f7809556bd3c474b1520fba0d35,p_3b6ef2028e4da9a326ad789391cda7bd,p_73a113db56cae583b0f4d27a2f1f0ea3,6,1994,81,55,267882,3949,136,271831,68.204613841524576,136324.47342026079,1998.7573529411766,0.59558823529411764,0.98547259142629062
r_8687cae6d26e389364c52e336aacc5df,Direct file transfer,d_fd46828b3606c9bab93dce55ae07fefe,0,1,a_f47a8f7809556bd3c474b1520fba0d35,a_f47a8f7809556bd3c474b1520fba0d35,p_345f81962e28ed2fd65814c10ddb8c85,p_73a113db56cae583b0f4d27a2f1f0ea3,6,516,43,98,3097,138978,141,142075,273.25581395348837,275339.14728682168,1007.6241134751773,0.30496453900709219,0.021798345944043639
r_1b29ca486761ad9e562f482c7a5ffd9b,Direct file transfer,d_fd46828b3606c9bab93dce55ae07fefe,0,1,a_f47a8f7809556bd3c474b1520fba0d35,a_f47a8f7809556bd3c474b1520fba0d35,p_fe214aad4241893641dbd34a50af2838,p_6688deacbc9d093f76efd71ae803001d,6,2004,81,54,267881,3881,135,271762,67.365269461077844,135609.78043912177,2013.0518518518518,0.59999999999999998,0.9857191218787027
r_93b60496b036d6831ddc435e36fb9a5a,Direct file transfer,d_fd46828b3606c9bab93dce55ae07fefe,0,1,a_f47a8f7809556bd3c474b1520fba0d35,a_f47a8f7809556bd3c474b1520fba0d35,p_4d7e1ebfd95b88bce10ba983c259ef55,p_6688deacbc9d093f76efd71ae803001d,6,506,33,87,2435,138784,120,141219,237.15415019762847,279088.9328063241,1176.825,0.27500000000000002,0.017242722296574822
r_92bb38e7d86dd66626953d49920dc3a8,Direct file transfer,d_fd46828b3606c9bab93dce55ae07fefe,0,1,a_f47a8f7809556bd3c474b1520fba0d35,a_f47a8f7809556bd3c474b1520fba0d35,p_5f4e4040b956d2f00bd9954101dbb15e,p_c0f14bbd0a7540f9669573a1a65f5285,6,2064,83,56,307344,4013,139,311357,67.34496124031007,150851.25968992247,2239.9784172661871,0.59712230215827333,0.98711125813776468
r_5553e1d46dce59f8f65c5fe7ae13b327,Direct file transfer,d_fd46828b3606c9bab93dce55ae07fefe,0,1,a_f47a8f7809556bd3c474b1520fba0d35,a_f47a8f7809556bd3c474b1520fba0d35,p_904162d2b043a881302654a5a87d8d06,p_c0f14bbd0a7540f9669573a1a65f5285,6,540,44,95,3161,283182,139,286343,257.40740740740739,530264.81481481483,2060.0215827338129,0.31654676258992803,0.011039208222306814
r_87faeca9ddc4fe33c4fbff580da02b1b,Direct file transfer,d_fd46828b3606c9bab93dce55ae07fefe,0,1,a_f47a8f7809556bd3c474b1520fba0d35,a_f47a8f7809556bd3c474b1520fba0d35,p_5a5b7dd41b14b05adbc2b41ce2936e21,p_f20f8250c88d103697dd803efa0f0d0c,6,2062,83,56,307345,4015,139,311360,67.410281280310386,150999.03006789525,2240,0.59712230215827333,0.9871049588900308
r_30b08b76f2a2e246807054332c538105,Direct file transfer,d_fd46828b3606c9bab93dce55ae07fefe,0,1,a_f47a8f7809556bd3c474b1520fba0d35,a_f47a8f7809556bd3c474b1520fba0d35,p_0e2b28c34d2a35d4b13485837bf6e340,p_f20f8250c88d103697dd803efa0f0d0c,6,554,29,82,2173,372698,111,374871,200.36101083032489,676662.45487364614,3377.2162162162163,0.26126126126126126,0.0057966607179536431
r_fa8f1dee3367c6cca77be70403d7bb43,Direct file transfer,d_fd46828b3606c9bab93dce55ae07fefe,0,1,a_f47a8f7809556bd3c474b1520fba0d35,a_f47a8f7809556bd3c474b1520fba0d35,p_340253a76d0206e0b6541f12c276982a,p_c76517ae9b158cba02287e228c4ea7a9,6,2062,83,57,307344,4079,140,311423,67.895247332686722,151029.58292919496,2224.4499999999998,0.59285714285714286,0.98690205925702346
r_e7dd9fab698b31a25e8c1fd0b636bd49,Direct file transfer,d_fd46828b3606c9bab93dce55ae07fefe,0,1,a_f47a8f7809556bd3c474b1520fba0d35,a_f47a8f7809556bd3c474b1520fba0d35,p_2643633bd29cd75dc1425879dfe3f6f7,p_c76517ae9b158cba02287e228c4ea7a9,6,539,28,84,2105,282988,112,285093,207.79220779220779,528929.49907235615,2545.4732142857142,0.25,0.0073835555415250461
r_b75936bbc1a537d81defa1c90e5d95fd,Direct file transfer,d_fd46828b3606c9bab93dce55ae07fefe,0,1,a_f47a8f7809556bd3c474b1520fba0d35,a_f47a8f7809556bd3c474b1520fba0d35,p_37873852a1abe7a5febffda6e2a4526b,p_2e2bdff7d79ba86224377da437861888,6,2062,83,57,307345,4081,140,311426,67.895247332686722,151031.03782735209,2224.4714285714285,0.59285714285714286,0.98689576335951401
r_665dcf1fec463b79b3565b0c70bdeb90,Direct file transfer,d_fd46828b3606c9bab93dce55ae07fefe,0,1,a_f47a8f7809556bd3c474b1520fba0d35,a_f47a8f7809556bd3c474b1520fba0d35,p_418ad4d62bb07bb7f7d6a4df0c704a57,p_2e2bdff7d79ba86224377da437861888,6,553,43,99,3097,217741,142,220838,256.78119349005425,399345.3887884267,1555.1971830985915,0.30281690140845069,0.014023854590242621
r_326726ed01b35e7fd1d125097a6c5021,Direct file transfer,d_fd46828b3606c9bab93dce55ae07fefe,0,1,a_f47a8f7809556bd3c474b1520fba0d35,a_f47a8f7809556bd3c474b1520fba0d35,p_50215ce243fd02ea53e345b2fd79dedc,p_de7751b84215a2b890900c93db9f1d01,6,2062,83,58,307344,4145,141,311489,68.380213385063044,151061.59068865181,2209.1418439716313,0.58865248226950351,0.98669294902869764
r_2e457b77325b9328671535d168ef8cc6,Direct file transfer,d_fd46828b3606c9bab93dce55ae07fefe,0,1,a_f47a8f7809556bd3c474b1520fba0d35,a_f47a8f7809556bd3c474b1520fba0d35,p_9c456c12a1bbcd983c85637b7ac81696,p_de7751b84215a2b890900c93db9f1d01,6,538,29,84,2171,282978,113,285149,210.03717472118959,530016.72862453526,2523.4424778761063,0.25663716814159293,0.0076135634352566556
r_7274155607fd8c921c5ed535deb8d536,Direct file transfer,d_fd46828b3606c9bab93dce55ae07fefe,0,1,a_f47a8f7809556bd3c474b1520fba0d35,a_f47a8f7809556bd3c474b1520fba0d35,p_c1828f3f1bd8de15ea74e5c85aae23aa,p_dd74cc5b69b608ff00edcb1d8b246822,6,2115,85,59,281261,4211,144,285472,68.085106382978722,134974.94089834514,1982.4444444444443,0.59027777777777779,0.98524899114449049
r_5c7befead100888d56a47fbc577a1c95,Direct file transfer,d_fd46828b3606c9bab93dce55ae07fefe,0,1,a_f47a8f7809556bd3c474b1520fba0d35,a_f47a8f7809556bd3c474b1520fba0d35,p_db8572ac2d5bba40331a09c2ac6b68c4,p_dd74cc5b69b608ff00edcb1d8b246822,6,533,30,86,2225,150190,116,152415,217.63602251407127,285956.84803001874,1313.9224137931035,0.25862068965517243,0.014598300692189089
r_111fd6851d3e52661c0b1172149ad800,Direct file transfer,d_fd46828b3606c9bab93dce55ae07fefe,0,1,a_f47a8f7809556bd3c474b1520fba0d35,a_f47a8f7809556bd3c474b1520fba0d35,p_f2d1a649dd2c31fead570bfef601b9f8,p_77dbe3e2b43b6b81a173862305b375d0,6,2123,85,59,281262,4213,144,285475,67.828544512482324,134467.73433820065,1982.4652777777778,0.59027777777777779,0.98524214029249502
r_6ad326075a58432dcee28a9cd1aca549,Direct file transfer,d_fd46828b3606c9bab93dce55ae07fefe,0,1,a_f47a8f7809556bd3c474b1520fba0d35,a_f47a8f7809556bd3c474b1520fba0d35,p_79c577bf1d49e3b7b44a4582c773ae01,p_77dbe3e2b43b6b81a173862305b375d0,6,549,33,90,2437,165365,123,167802,224.04371584699453,305650.27322404372,1364.2439024390244,0.26829268292682928,0.014523068854960013
r_108e054929b8d1e46a3fafcf0ee13881,Direct file transfer,d_fd46828b3606c9bab93dce55ae07fefe,0,1,a_f47a8f7809556bd3c474b1520fba0d35,a_f47a8f7809556bd3c474b1520fba0d35,p_2fabe642fc2e4e068a5009884697d365,p_fb701d5a05c03fb8299bbc4274ccd85a,6,2119,85,59,281261,4211,144,285472,67.956583294006606,134720.15101462952,1982.4444444444443,0.59027777777777779,0.98524899114449049
r_df1a8e47fa589e988969005cb3623887,Direct file transfer,d_fd46828b3606c9bab93dce55ae07fefe,0,1,a_f47a8f7809556bd3c474b1520fba0d35,a_f47a8f7809556bd3c474b1520fba0d35,p_d1c8bb9c41ac5a864c465b80d4a60ac8,p_fb701d5a05c03fb8299bbc4274ccd85a,6,543,43,88,3335,150324,131,153659,241.25230202578268,282981.58379373845,1172.969465648855,0.3282442748091603,0.021703902797753468
r_f8202353f867bfd9d4858c7b922fc370,Direct file transfer,d_fd46828b3606c9bab93dce55ae07fefe,0,1,a_f47a8f7809556bd3c474b1520fba0d35,a_f47a8f7809556bd3c474b1520fba0d35,p_d8786e3837ab3dc22c2ad91d6176ebf6,p_73a113db56cae583b0f4d27a2f1f0ea3,6,2118,85,58,281262,4147,143,285409,67.516525023607187,134754.01322001888,1995.8671328671328,0.59440559440559437,0.98546997466793274
r_1bb17b5a1676b53b486c9bea21288789,Direct file transfer,d_fd46828b3606c9bab93dce55ae07fefe,0,1,a_f47a8f7809556bd3c474b1520fba0d35,a_f47a8f7809556bd3c474b1520fba0d35,p_784ae6996b77b8bcc19ea367341ec5cb,p_73a113db56cae583b0f4d27a2f1f0ea3,6,554,43,101,3097,165549,144,168646,259.92779783393502,304415.16245487361,1171.1527777777778,0.2986111111111111,0.018363910202435871
r_99e770a48c303904fface24845db7b3a,Direct file transfer,d_fd46828b3606c9bab93dce55ae07fefe,0,1,a_f47a8f7809556bd3c474b1520fba0d35,a_f47a8f7809556bd3c474b1520fba0d35,p_56d861a0a8d8e1905df90b77c9913f3d,p_6688deacbc9d093f76efd71ae803001d,6,2121,85,59,281261,4211,144,285472,67.892503536067892,134593.1164545026,1982.4444444444443,0.59027777777777779,0.98524899114449049
r_f57cfb5a108fa8700927133196b96010,Direct file transfer,d_fd46828b3606c9bab93dce55ae07fefe,0,1,a_f47a8f7809556bd3c474b1520fba0d35,a_f47a8f7809556bd3c474b1520fba0d35,p_8d1ad0802528d405e47c64558536a860,p_6688deacbc9d093f76efd71ae803001d,6,545,43,101,3095,165498,144,168593,264.22018348623851,309344.95412844035,1170.7847222222222,0.2986111111111111,0.018357820312824374
r_4cb9f2ff6a97a9b1232eabea867579ae,Direct file transfer,d_fd46828b3606c9bab93dce55ae07fefe,0,1,a_f47a8f7809556bd3c474b1520fba0d35,a_f47a8f7809556bd3c474b1520fba0d35,p_de3167c7dee3d5840f795ce47b9a003b,p_c0f14bbd0a7540f9669573a1a65f5285,6,2172,87,59,320723,4211,146,324934,67.219152854511961,149601.2891344383,2225.5753424657532,0.59589041095890416,0.98704044513655076
r_56829a5f9b7d42b2efcfa9c70055dc55,Direct file transfer,d_fd46828b3606c9bab93dce55ae07fefe,0,1,a_f47a8f7809556bd3c474b1520fba0d35,a_f47a8f7809556bd3c474b1520fba0d35,p_47a9f9dddcde04ece4a78ee6175d9a37,p_c0f14bbd0a7540f9669573a1a65f5285,6,576,28,87,2105,309557,115,311662,199.6527777777778,541079.86111111112,2710.1043478260872,0.24347826086956523,0.0067541118262733346
r_fb703f2fe6a98211e14f8b8a8c68e0a0,Direct file transfer,d_fd46828b3606c9bab93dce55ae07fefe,0,1,a_f47a8f7809556bd3c474b1520fba0d35,a_f47a8f7809556bd3c474b1520fba0d35,p_32b5d163794c28148c54b63b8f4d38c5,p_f20f8250c88d103697dd803efa0f0d0c,6,2182,87,60,320724,4279,147,325003,67.369385884509626,148947.29605866177,2210.9047619047619,0.59183673469387754,0.98683396768645215
r_238070300f7804327d4d3202a70c88fe,Direct file transfer,d_fd46828b3606c9bab93dce55ae07fefe,0,1,a_f47a8f7809556bd3c474b1520fba0d35,a_f47a8f7809556bd3c474b1520fba0d35,p_63013bfd9851c447e408b4d1229446f0,p_f20f8250c88d103697dd803efa0f0d0c,6,588,29,87,2173,309612,116,311785,197.27891156462587,530246.59863945586,2687.8017241379312,0.25,0.0069695463219847011
r_0cf199c68dcd6eb61664535cf39a81bb,Direct file transfer,d_fd46828b3606c9bab93dce55ae07fefe,0,1,a_f47a8f7809556bd3c474b1520fba0d35,a_f47a8f7809556bd3c474b1520fba0d35,p_7627d880a871c5e1896662d476ded541,p_c76517ae9b158cba02287e228c4ea7a9,6,2178,87,60,320723,4277,147,325000,67.493112947658403,149219.4674012856,2210.8843537414964,0.59183673469387754,0.98684000000000005
r_d2d4ba078fe377bfbaa130cbaaa7c7c0,Direct file transfer,d_fd46828b3606c9bab93dce55ae07fefe,0,1,a_f47a8f7809556bd3c474b1520fba0d35,a_f47a8f7809556bd3c474b1520fba0d35,p_162787360ed08a538e5d9c971714dd4c,p_c76517ae9b158cba02287e228c4ea7a9,6,589,30,87,2237,309612,117,311849,198.64176570458406,529455.00848896441,2665.3760683760684,0.25641025641025639,0.0071733435091983619
r_681ca489e011dd14073111fd3017cd36,Direct file transfer,d_fd46828b3606c9bab93dce55ae07fefe,0,1,a_f47a8f7809556bd3c474b1520fba0d35,a_f47a8f7809556bd3c474b1520fba0d35,p_601428ff5d47fb87b9ed5eacdbcd3ae6,p_2e2bdff7d79ba86224377da437861888,6,2184,87,60,320724,4279,147,325003,67.307692307692307,148810.89743589744,2210.9047619047619,0.59183673469387754,0.98683396768645215
r_af1c49bf06997d2d5c3c0c9c3e309c58,Direct file transfer,d_fd46828b3606c9bab93dce55ae07fefe,0,1,a_f47a8f7809556bd3c474b1520fba0d35,a_f47a8f7809556bd3c474b1520fba0d35,p_59bf4a6395fe242e3873cc1c6f600b9a,p_2e2bdff7d79ba86224377da437861888,6,579,44,101,3151,190545,145,193696,250.43177892918828,334535.40587219346,1335.8344827586207,0.30344827586206896,0.016267759788534612
r_10b895c06101033d4e1221b9db9b295f,Direct file transfer,d_fd46828b3606c9bab93dce55ae07fefe,0,1,a_f47a8f7809556bd3c474b1520fba0d35,a_f47a8f7809556bd3c474b1520fba0d35,p_4fa361fb4b91c7d1f43692fd66ed08d9,p_de7751b84215a2b890900c93db9f1d01,6,2182,87,58,320723,4145,145,324868,66.452795600366642,148885.42621448214,2240.4689655172415,0.59999999999999998,0.98724097171774383
r_b844ed63f6f9ca95bbf4c804aea1ce83,Direct file transfer,d_fd46828b3606c9bab93dce55ae07fefe,0,1,a_f47a8f7809556bd3c474b1520fba0d35,a_f47a8f7809556bd3c474b1520fba0d35,p_b03bd339201b243ce339765a00ba67ab,p_de7751b84215a2b890900c93db9f1d01,6,581,32,86,2417,187649,118,190066,203.09810671256454,327135.97246127366,1610.7288135593221,0.2711864406779661,0.012716635274062695
r_ed54054d6b023b1075562fa788f98f99,Direct file transfer,d_fd46828b3606c9bab93dce55ae07fefe,0,1,a_f47a8f7809556bd3c474b1520fba0d35,a_f47a8f7809556bd3c474b1520fba0d35,p_7d6ffaa3336c6bfd7507f950fb1ba690,p_dd74cc5b69b608ff00edcb1d8b246822,6,2227,89,61,294641,4343,150,298984,67.355186349348898,134254.15356982488,1993.2266666666667,0.59333333333333338,0.98547413908436576
r_19115eb49718006639cbda38a841d2b0,Direct file transfer,d_fd46828b3606c9bab93dce55ae07fefe,0,1,a_f47a8f7809556bd3c474b1520fba0d35,a_f47a8f7809556bd3c474b1520fba0d35,p_874e6a35da39fb8c5d3cefbf2e68ecd1,p_dd74cc5b69b608ff00edcb1d8b246822,6,588,29,89,2171,257365,118,259536,200.68027210884355,441387.75510204083,2199.4576271186443,0.24576271186440679,0.0083649281795203749
r_e7bc346dadd11d90342ff99d84a26e05,Direct file transfer,d_fd46828b3606c9bab93dce55ae07fefe,0,1,a_f47a8f7809556bd3c474b1520fba0d35,a_f47a8f7809556bd3c474b1520fba0d35,p_ece1c969e286363f80af266db7c5fbe7,p_77dbe3e2b43b6b81a173862305b375d0,6,2233,89,61,294642,4345,150,298987,67.174205105239579,133894.76041200178,1993.2466666666667,0.59333333333333338,0.98546759558107877
r_649a4d27b0f40a05c4e37b9d3e05491a,Direct file transfer,d_fd46828b3606c9bab93dce55ae07fefe,0,1,a_f47a8f7809556bd3c474b1520fba0d35,a_f47a8f7809556bd3c474b1520fba0d35,p_0e4f49120a1d0e81d4d5316acc3bec0b,p_77dbe3e2b43b6b81a173862305b375d0,6,585,44,103,3151,164421,147,167572,251.2820512820513,286447.86324786325,1139.9455782312925,0.29931972789115646,0.018803857446351418
r_80942cb8c35c40a21d90e6d3ebc4b295,Direct file transfer,d_fd46828b3606c9bab93dce55ae07fefe,0,1,a_f47a8f7809556bd3c474b1520fba0d35,a_f47a8f7809556bd3c474b1520fba0d35,p_67a17da9c94cf909ad70b731b086bd98,p_fb701d5a05c03fb8299bbc4274ccd85a,6,2226,89,61,294641,4343,150,298984,67.385444743935309,134314.46540880503,1993.2266666666667,0.59333333333333338,0.98547413908436576
r_5601b9b29b3a2dc2b79f6dac5bebde2f,Direct file transfer,d_fd46828b3606c9bab93dce55ae07fefe,0,1,a_f47a8f7809556bd3c474b1520fba0d35,a_f47a8f7809556bd3c474b1520fba0d35,p_4896c45f17c5acd9a4ce72c0c4a32980,p_fb701d5a05c03fb8299bbc4274ccd85a,6,586,44,103,3149,164421,147,167570,250.85324232081913,285955.63139931741,1139.9319727891157,0.29931972789115646,0.01879214656561437
r_568e0d8d896ba4a0ee83b9ad69d0a9c2,Direct file transfer,d_fd46828b3606c9bab93dce55ae07fefe,0,1,a_f47a8f7809556bd3c474b1520fba0d35,a_f47a8f7809556bd3c474b1520fba0d35,p_8183440e974f6f496ab702dece6cac69,p_73a113db56cae583b0f4d27a2f1f0ea3,6,2224,89,61,294642,4345,150,298987,67.446043165467614,134436.60071942446,1993.2466666666667,0.59333333333333338,0.98546759558107877
r_ffd703aa11220a79c1afd49dd8df822b,Direct file transfer,d_fd46828b3606c9bab93dce55ae07fefe,0,1,a_f47a8f7809556bd3c474b1520fba0d35,a_f47a8f7809556bd3c474b1520fba0d35,p_8b17e3fbc05240a32bcbb73e2d8c0287,p_73a113db56cae583b0f4d27a2f1f0ea3,6,588,44,104,3163,192120,148,195283,251.70068027210885,332113.9455782313,1319.4797297297298,0.29729729729729731,0.016197006395846029
r_1c03932b54aa26baaafdd915b1e00645,Direct file transfer,d_fd46828b3606c9bab93dce55ae07fefe,0,1,a_f47a8f7809556bd3c474b1520fba0d35,a_f47a8f7809556bd3c474b1520fba0d35,p_6f97124dbfe94a3287b4ea14fc78d160,p_6688deacbc9d093f76efd71ae803001d,6,2238,89,60,294641,4277,149,298918,66.577301161751564,133564.78999106344,2006.1610738255033,0.59731543624161076,0.98569172816625295
r_7541d7073f1418ccd23315df6c08df4d,Direct file transfer,d_fd46828b3606c9bab93dce55ae07fefe,0,1,a_f47a8f7809556bd3c474b1520fba0d35,a_f47a8f7809556bd3c474b1520fba0d35,p_b6478332aa7b4cb525c77ef27395c77e,p_6688deacbc9d093f76efd71ae803001d,6,594,28,88,2105,322880,116,324985,195.28619528619529,547112.79461279465,2801.594827586207,0.2413793103448276,0.0064772220256319527
r_4a5d55a2e04b05f5d11c4e093d05cd5c,Direct file transfer,d_fd46828b3606c9bab93dce55ae07fefe,0,1,a_f47a8f7809556bd3c474b1520fba0d35,a_f47a8f7809556bd3c474b1520fba0d35,p_c3fc336298792d390caaffafa577f96e,p_c0f14bbd0a7540f9669573a1a65f5285,6,1725,71,53,267201,3811,124,271012,71.884057971014485,157108.40579710144,2185.5806451612902,0.57258064516129037,0.98593789204906057
r_f5f4c02ffec99eab7a65a524e52e74ad,Direct file transfer,d_fd46828b3606c9bab93dce55ae07fefe,0,1,a_f47a8f7809556bd3c474b1520fba0d35,a_f47a8f7809556bd3c474b1520fba0d35,p_dc69cda3198254899999fbe266f77909,p_c0f14bbd0a7540f9669573a1a65f5285,6,430,30,75,2221,136355,105,138576,244.18604651162792,322269.76744186046,1319.7714285714285,0.2857142857142857,0.016027306315667938
r_a2543fed0d8ef6c7742af80ab0479642,Direct file transfer,d_fd46828b3606c9bab93dce55ae07fefe,0,1,a_f47a8f7809556bd3c474b1520fba0d35,a_f47a8f7809556bd3c474b1520fba0d35,p_7a7b0e106f903804d41e6c0e157f5789,p_f20f8250c88d103697dd803efa0f0d0c,6,1717,71,53,267202,3813,124,271015,72.218986604542806,157842.16656959814,2185.6048387096776,0.57258064516129037,0.98593066804420415
r_695c2b1bf31e68730c1fef2ad7d79715,Direct file transfer,d_fd46828b3606c9bab93dce55ae07fefe,0,1,a_f47a8f7809556bd3c474b1520fba0d35,a_f47a8f7809556bd3c474b1520fba0d35,p_31a80338da0845ddecbb6154747fe2ad,p_f20f8250c88d103697dd803efa0f0d0c,6,429,40,65,3123,135697,105,138820,244.75524475524475,323589.74358974362,1322.0952380952381,0.38095238095238093,0.022496758392162513
r_2cdc28d54be3da9b48e346a073a9496a,Direct file transfer,d_fd46828b3606c9bab93dce55ae07fefe,0,1,a_f47a8f7809556bd3c474b1520fba0d35,a_f47a8f7809556bd3c474b1520fba0d35,p_95da47bc85c837f9a433c075a8b36d93,p_c76517ae9b158cba02287e228c4ea7a9,6,1714,71,47,267201,3415,118,270616,68.844807467911323,157885.64760793466,2293.3559322033898,0.60169491525423724,0.9873806426818813
r_c2853be11e1680714e3c4e240361bbb5,Direct file transfer,d_fd46828b3606c9bab93dce55ae07fefe,0,1,a_f47a8f7809556bd3c474b1520fba0d35,a_f47a8f7809556bd3c474b1520fba0d35,p_b8078dbeb04c61688338a7d1b499479c,p_c76517ae9b158cba02287e228c4ea7a9,6,434,27,74,2035,268794,101,270829,232.7188940092166,624029.95391705073,2681.4752475247524,0.26732673267326734,0.0075139663773081912
r_73b646e0cfb5dbadc6275ae69b5be4bd,Direct file transfer,d_fd46828b3606c9bab93dce55ae07fefe,0,1,a_f47a8f7809556bd3c474b1520fba0d35,a_f47a8f7809556bd3c474b1520fba0d35,p_591dc64f2d2c66d087c07e1656772dc7,p_2e2bdff7d79ba86224377da437861888,6,1715,71,53,267202,3813,124,271015,72.303206997084544,158026.23906705537,2185.6048387096776,0.57258064516129037,0.98593066804420415
r_24159e4f52b9726e5eb882e93a5e8dad,Direct file transfer,d_fd46828b3606c9bab93dce55ae07fefe,0,1,a_f47a8f7809556bd3c474b1520fba0d35,a_f47a8f7809556bd3c474b1520fba0d35,p_2ef8b8838776b177eb567e7b6524c821,p_2e2bdff7d79ba86224377da437861888,6,430,27,74,2037,268835,101,270872,234.88372093023256,629934.8837209302,2681.90099009901,0.26732673267326734,0.0075201571221831711
r_60d55cc07e598c62b8bd865bc7d88a39,Direct file transfer,d_fd46828b3606c9bab93dce55ae07fefe,0,1,a_f47a8f7809556bd3c474b1520fba0d35,a_f47a8f7809556bd3c474b1520fba0d35,p_5756cc9f7838fed80a3207191a981b9e,p_de7751b84215a2b890900c93db9f1d01,6,1713,71,53,267201,3811,124,271012,72.387624051371859,158208.99007589024,2185.5806451612902,0.57258064516129037,0.98593789204906057
r_e4286da619a6a2d401f4810ad53be756,Direct file transfer,d_fd46828b3606c9bab93dce55ae07fefe,0,1,a_f47a8f7809556bd3c474b1520fba0d35,a_f47a8f7809556bd3c474b1520fba0d35,p_d7777660e4942bee13a1152fb9fbab82,p_de7751b84215a2b890900c93db9f1d01,6,429,29,74,2155,201817,103,203972,240.0932400932401,475459.20745920745,1980.3106796116506,0.28155339805825241,0.010565175612338948
r_af27941df967fcd2f1ed14caeb902a3b,Direct file transfer,d_fd46828b3606c9bab93dce55ae07fefe,0,1,a_f47a8f7809556bd3c474b1520fba0d35,a_f47a8f7809556bd3c474b1520fba0d35,p_5ab483cf1b5780ce833bf4a59afd656e,p_dd74cc5b69b608ff00edcb1d8b246822,6,2340,93,61,308022,4343,154,312365,65.81196581196582,133489.31623931625,2028.3441558441559,0.60389610389610393,0.98609639364205337
r_f29ecad077f57c6de597103be6788dca,Direct file transfer,d_fd46828b3606c9bab93dce55ae07fefe,0,1,a_f47a8f7809556bd3c474b1520fba0d35,a_f47a8f7809556bd3c474b1520fba0d35,p_2c03ae1fd9fb1cc62068a0327a52c2c3,p_dd74cc5b69b608ff00edcb1d8b246822,6,628,29,92,2171,283938,121,286109,192.67515923566879,455587.57961783442,2364.5371900826444,0.23966942148760331,0.0075880171543013328
r_bea9877d50005b841708cbd61b20760f,Direct file transfer,d_fd46828b3606c9bab93dce55ae07fefe,0,1,a_f47a8f7809556bd3c474b1520fba0d35,a_f47a8f7809556bd3c474b1520fba0d35,p_ec66cd1f0e5bb3622b340eb148ae4787,p_77dbe3e2b43b6b81a173862305b375d0,6,2352,93,62,308023,4411,155,312434,65.901360544217695,132837.58503401361,2015.7032258064517,0.59999999999999998,0.98588181824001231
r_74566cdf8f6f6f54d22918c2d63fe087,Direct file transfer,d_fd46828b3606c9bab93dce55ae07fefe,0,1,a_f47a8f7809556bd3c474b1520fba0d35,a_f47a8f7809556bd3c474b1520fba0d35,p_8956e14e2deb7e65007bb13252e98568,p_77dbe3e2b43b6b81a173862305b375d0,6,614,44,107,3163,218652,151,221815,245.92833876221499,361262.21498371335,1468.9735099337747,0.29139072847682118,0.014259630773392241
r_baab13e5ba9d5d4d7e44fc76f5c14ecf,Direct file transfer,d_fd46828b3606c9bab93dce55ae07fefe,0,1,a_f47a8f7809556bd3c474b1520fba0d35,a_f47a8f7809556bd3c474b1520fba0d35,p_da1a3da4f400d0fd3d40ee7642d4e2d7,p_fb701d5a05c03fb8299bbc4274ccd85a,6,2348,93,61,308022,4343,154,312365,65.587734241908009,133034.49744463374,2028.3441558441559,0.60389610389610393,0.98609639364205337
r_9c0cb5f0cf33cfa334b65b42512acdb7,Direct file transfer,d_fd46828b3606c9bab93dce55ae07fefe,0,1,a_f47a8f7809556bd3c474b1520fba0d35,a_f47a8f7809556bd3c474b1520fba0d35,p_2f03d31c2a6de0d5022e3104f79098c9,p_fb701d5a05c03fb8299bbc4274ccd85a,6,622,28,92,2117,349476,120,351593,192.92604501607718,565262.05787781347,2929.9416666666666,0.23333333333333334,0.0060211665192424196
r_af4481f8eb88b804966e6bf3ab414c08,Direct file transfer,d_fd46828b3606c9bab93dce55ae07fefe,0,1,a_f47a8f7809556bd3c474b1520fba0d35,a_f47a8f7809556bd3c474b1520fba0d35,p_04c8855c3dfa76d6ef283fc3c5801689,p_73a113db56cae583b0f4d27a2f1f0ea3,6,2343,93,62,308023,4411,155,312434,66.154502774221086,133347.84464361929,2015.7032258064517,0.59999999999999998,0.98588181824001231
r_e715e9c886603db94332efdfe116f149,Direct file transfer,d_fd46828b3606c9bab93dce55ae07fefe,0,1,a_f47a8f7809556bd3c474b1520fba0d35,a_f47a8f7809556bd3c474b1520fba0d35,p_99e5c9dcd66f36b4d08ea20ccb3e9bee,p_73a113db56cae583b0f4d27a2f1f0ea3,6,627,44,107,3163,218693,151,221856,240.82934609250398,353837.3205741627,1469.2450331125829,0.29139072847682118,0.014256995528631184
r_2006b9463f1fd590ba423c20d76e7dc8,Direct file transfer,d_fd46828b3606c9bab93dce55ae07fefe,0,1,a_f47a8f7809556bd3c474b1520fba0d35,a_f47a8f7809556bd3c474b1520fba0d35,p_399a317976b0869f4a5f6bfc1a98af74,p_6688deacbc9d093f76efd71ae803001d,6,2352,93,62,308022,4409,155,312431,65.901360544217695,132836.30952380953,2015.683870967742,0.59999999999999998,0.98588808408896689
r_8ef40b64bf0360baf227dd4b0ba1928a,Direct file transfer,d_fd46828b3606c9bab93dce55ae07fefe,0,1,a_f47a8f7809556bd3c474b1520fba0d35,a_f47a8f7809556bd3c474b1520fba0d35,p_eaa2535962ea48f22e021925b13792c0,p_6688deacbc9d093f76efd71ae803001d,6,619,33,96,2435,218499,129,220934,208.40064620355412,356920.84006462037,1712.6666666666667,0.2558139534883721,0.011021391003648148
r_36f47de55bf52a61006c28b933cab523,Direct file transfer,d_fd46828b3606c9bab93dce55ae07fefe,0,1,a_f47a8f7809556bd3c474b1520fba0d35,a_f47a8f7809556bd3c474b1520fba0d35,p_ed5085433fcd59b413ba558fa0b12344,p_c0f14bbd0a7540f9669573a1a65f5285,6,2398,95,63,281939,4475,158,286414,65.888240200166805,119438.69891576313,1812.746835443038,0.60126582278481011,0.98437576375456504
r_040557b068cfca6e6cfe3debfab992c7,Direct file transfer,d_fd46828b3606c9bab93dce55ae07fefe,0,1,a_f47a8f7809556bd3c474b1520fba0d35,a_f47a8f7809556bd3c474b1520fba0d35,p_4c6ed533fd08a9111bd2a8df37571da7,p_c0f14bbd0a7540f9669573a1a65f5285,6,615,29,93,2159,216188,122,218347,198.3739837398374,355035.77235772356,1789.7295081967213,0.23770491803278687,0.0098879306791483275
r_a1cec30ab7250aa1c94f9f08a8b3b39f,Direct file transfer,d_fd46828b3606c9bab93dce55ae07fefe,0,1,a_f47a8f7809556bd3c474b1520fba0d35,a_f47a8f7809556bd3c474b1520fba0d35,p_fd483a5ecd0e9ebd96ccd8a8931c46a7,p_f20f8250c88d103697dd803efa0f0d0c,6,2395,95,63,281940,4477,158,286417,65.970772442588725,119589.56158663883,1812.7658227848101,0.60126582278481011,0.98436894458080348
r_e8aef371c3b3cf76f00f43575bc76be0,Direct file transfer,d_fd46828b3606c9bab93dce55ae07fefe,0,1,a_f47a8f7809556bd3c474b1520fba0d35,a_f47a8f7809556bd3c474b1520fba0d35,p_bfc508aae9fcf6ca23846ed0e8f4063d,p_f20f8250c88d103697dd803efa0f0d0c,6,624,27,93,2041,297271,120,299312,192.30769230769232,479666.66666666669,2494.2666666666669,0.22500000000000001,0.0068189715079916609
r_99fd5bccf58926b00d8c88149236904b,Direct file transfer,d_fd46828b3606c9bab93dce55ae07fefe,0,1,a_f47a8f7809556bd3c474b1520fba0d35,a_f47a8f7809556bd3c474b1520fba0d35,p_6b47c8ee6f521ecf45fd4afc84d8c5d0,p_c76517ae9b158cba02287e228c4ea7a9,6,2406,95,63,281939,4475,158,286414,65.669160432252696,119041.56275976724,1812.746835443038,0.60126582278481011,0.98437576375456504
r_cbcd856184776407d7ebe8a940212834,Direct file transfer,d_fd46828b3606c9bab93dce55ae07fefe,0,1,a_f47a8f7809556bd3c474b1520fba0d35,a_f47a8f7809556bd3c474b1520fba0d35,p_ca62bffeb6cde51ca80e17082a1b8f3d,p_c76517ae9b158cba02287e228c4ea7a9,6,617,29,94,2183,281686,123,283869,199.3517017828201,460079.41653160454,2307.8780487804879,0.23577235772357724,0.0076901669432026748
r_a6665bb450502f1ddceccdb6024b08e5,Direct file transfer,d_fd46828b3606c9bab93dce55ae07fefe,0,1,a_f47a8f7809556bd3c474b1520fba0d35,a_f47a8f7809556bd3c474b1520fba0d35,p_903c1d0fbabed0bcd27fb3884ab1937c,p_2e2bdff7d79ba86224377da437861888,6,2403,95,63,281940,4477,158,286417,65.751144402829794,119191.42738243862,1812.7658227848101,0.60126582278481011,0.98436894458080348
r_999db1bccf4bb08d3579fc5cc6885d16,Direct file transfer,d_fd46828b3606c9bab93dce55ae07fefe,0,1,a_f47a8f7809556bd3c474b1520fba0d35,a_f47a8f7809556bd3c474b1520fba0d35,p_f8a35a5e719597fab46d86e0b1e3b81f,p_2e2bdff7d79ba86224377da437861888,6,624,44,109,3163,166501,153,169664,245.19230769230768,271897.43589743588,1108.9150326797385,0.28758169934640521,0.018642729158807998
r_65fb5f350258e2b231734ab2ca857ab4,Direct file transfer,d_fd46828b3606c9bab93dce55ae07fefe,0,1,a_f47a8f7809556bd3c474b1520fba0d35,a_f47a8f7809556bd3c474b1520fba0d35,p_e892669597bf9c14e42c5a58148f0f4f,p_de7751b84215a2b890900c93db9f1d01,6,2405,95,62,281939,4409,157,286348,65.280665280665289,119063.61746361747,1823.8726114649683,0.60509554140127386,0.98460265131937363
r_715a8d436d02d2e876775516ac89ddce,Direct file transfer,d_fd46828b3606c9bab93dce55ae07fefe,0,1,a_f47a8f7809556bd3c474b1520fba0d35,a_f47a8f7809556bd3c474b1520fba0d35,p_9574755f77e97c172e80f1f7b8e943dd,p_de7751b84215a2b890900c93db9f1d01,6,608,33,98,2435,166307,131,168742,215.46052631578948,277536.18421052635,1288.1068702290077,0.25190839694656486,0.014430313733391806
r_a0880ce18fad04dd7ed84d9046a795b2,Direct file transfer,d_fd46828b3606c9bab93dce55ae07fefe,0,1,a_f47a8f7809556bd3c474b1520fba0d35,a_f47a8f7809556bd3c474b1520fba0d35,p_f960f5c8f81695fbb87ea8fc46e5090f,p_dd74cc5b69b608ff00edcb1d8b246822,6,2464,97,64,321401,4541,161,325942,65.340909090909093,132281.65584415584,2024.4844720496894,0.60248447204968947,0.98606807346092251
r_625da35422df2ab8b80ced59822ed844,Direct file transfer,d_fd46828b3606c9bab93dce55ae07fefe,0,1,a_f47a8f7809556bd3c474b1520fba0d35,a_f47a8f7809556bd3c474b1520fba0d35,p_6330c141b9b16b02266a63491dea537d,p_dd74cc5b69b608ff00edcb1d8b246822,6,667,28,95,2105,310509,123,312614,184.407796101949,468686.65667166415,2541.5772357723577,0.22764227642276422,0.0067335436032935183
r_81464942287a718e6d15f4c91f7d64b5,Direct file transfer,d_fd46828b3606c9bab93dce55ae07fefe,0,1,a_f47a8f7809556bd3c474b1520fba0d35,a_f47a8f7809556bd3c474b1520fba0d35,p_d7b3dcc388d4f260294065b5766171da,p_77dbe3e2b43b6b81a173862305b375d0,6,2469,97,63,321402,4477,160,325879,64.803564196030791,131988.25435398947,2036.7437500000001,0.60624999999999996,0.9862617720074015
r_6c72c1d4cbe5716c702f41443b12dd93,Direct file transfer,d_fd46828b3606c9bab93dce55ae07fefe,0,1,a_f47a8f7809556bd3c474b1520fba0d35,a_f47a8f7809556bd3c474b1520fba0d35,p_3493208663f6ab9d432f326bee7cd34d,p_77dbe3e2b43b6b81a173862305b375d0,6,657,44,110,3163,245223,154,248386,234.39878234398782,378060.88280060882,1612.8961038961038,0.2857142857142857,0.01273421207314422
r_f9ab28c71b04792c50121c7de400d070,Direct file transfer,d_fd46828b3606c9bab93dce55ae07fefe,0,1,a_f47a8f7809556bd3c474b1520fba0d35,a_f47a8f7809556bd3c474b1520fba0d35,p_ad01442e40c927a08e0af4157de7cc67,p_fb701d5a05c03fb8299bbc4274ccd85a,6,2466,97,60,321401,4277,157,325678,63.665855636658549,132067.31549067315,2074.3821656050955,0.61783439490445857,0.98686739663102818
r_7dc6f94185829521f94888ccfd693be4,Direct file transfer,d_fd46828b3606c9bab93dce55ae07fefe,0,1,a_f47a8f7809556bd3c474b1520fba0d35,a_f47a8f7809556bd3c474b1520fba0d35,p_4ba4725442454c5851daed76a97e9358,p_fb701d5a05c03fb8299bbc4274ccd85a,6,672,29,95,2171,310511,124,312682,184.52380952380952,465300.59523809521,2521.6290322580644,0.23387096774193547,0.0069431563057675214
r_5aa027125267ce9e532cbb78853a1b37,Direct file transfer,d_fd46828b3606c9bab93dce55ae07fefe,0,1,a_f47a8f7809556bd3c474b1520fba0d35,a_f47a8f7809556bd3c474b1520fba0d35,p_254d585523f87f57fe3655afafca2da4,p_73a113db56cae583b0f4d27a2f1f0ea3,6,2465,97,61,321402,4345,158,325747,64.097363083164311,132148.88438133875,2061.6898734177216,0.61392405063291144,0.98666142742680674
r_c7c64ce84ca04f676c78c05d44a1135b,Direct file transfer,d_fd46828b3606c9bab93dce55ae07fefe,0,1,a_f47a8f7809556bd3c474b1520fba0d35,a_f47a8f7809556bd3c474b1520fba0d35,p_d5a6e15ec77cd19d6dfbd4f599974a38,p_73a113db56cae583b0f4d27a2f1f0ea3,6,677,44,110,3163,245264,154,248427,227.47415066469719,366952.73264401773,1613.1623376623377,0.2857142857142857,0.012732110438881441
r_b0f8bd7a57f8fc8f503095daf1a23dcc,Direct file transfer,d_fd46828b3606c9bab93dce55ae07fefe,0,1,a_f47a8f7809556bd3c474b1520fba0d35,a_f47a8f7809556bd3c474b1520fba0d35,p_95d5b329d12778613ace6c6d12ea0eff,p_6688deacbc9d093f76efd71ae803001d,6,2457,97,65,321401,4607,162,326008,65.934065934065941,132685.38868538869,2012.3950617283951,0.59876543209876543,0.98586844494613635
r_31256bd9de664204c6874199bbf98b9c,Direct file transfer,d_fd46828b3606c9bab93dce55ae07fefe,0,1,a_f47a8f7809556bd3c474b1520fba0d35,a_f47a8f7809556bd3c474b1520fba0d35,p_e52e534c4a7897f263dbbb6acbb21713,p_6688deacbc9d093f76efd71ae803001d,6,678,44,105,3149,256294,149,259443,219.76401179941001,382659.29203539819,1741.2281879194632,0.29530201342281881,0.012137540808578378
r_aa6086f89820f295c47157877aff8a4d,Direct file transfer,d_fd46828b3606c9bab93dce55ae07fefe,0,1,a_f47a8f7809556bd3c474b1520fba0d35,a_f47a8f7809556bd3c474b1520fba0d35,p_e6d00642c1fb701ca2554e5e53f2fecf,p_c0f14bbd0a7540f9669573a1a65f5285,6,2514,99,64,295319,4541,163,299860,64.836913285600644,119276.05409705649,1839.6319018404909,0.6073619631901841,0.98485626625758682
r_495116e04d941b3773bbdb927aaae69b,Direct file transfer,d_fd46828b3606c9bab93dce55ae07fefe,0,1,a_f47a8f7809556bd3c474b1520fba0d35,a_f47a8f7809556bd3c474b1520fba0d35,p_bd6b1da64a69560578898c1f71de78d8,p_c0f14bbd0a7540f9669573a1a65f5285,6,656,30,98,2261,323866,128,326127,195.1219512195122,497144.81707317074,2547.8671875,0.234375,0.0069328819754267508
r_f663af967a9d9e7fee72b5a54db4c0ad,Direct file transfer,d_fd46828b3606c9bab93dce55ae07fefe,0,1,a_f47a8f7809556bd3c474b1520fba0d35,a_f47a8f7809556bd3c474b1520fba0d35,p_4d4a72578a5269068d442e854e83ae35,p_f20f8250c88d103697dd803efa0f0d0c,6,2516,99,65,295320,4609,164,299929,65.182829888712234,119208.66454689985,1828.8353658536585,0.60365853658536583,0.98463302981705669
r_b48be3b8cdfaad1dfe339f59382115f4,Direct file transfer,d_fd46828b3606c9bab93dce55ae07fefe,0,1,a_f47a8f7809556bd3c474b1520fba0d35,a_f47a8f7809556bd3c474b1520fba0d35,p_8a3e742465eae003c09c13cbe2b95b26,p_f20f8250c88d103697dd803efa0f0d0c,6,639,27,96,2041,323842,123,325883,192.48826291079811,509989.04538341158,2649.4552845528456,0.21951219512195122,0.0062629839543639895
r_819119a50acf652935eb3bcdbeb915d2,Direct file transfer,d_fd46828b3606c9bab93dce55ae07fefe,0,1,a_f47a8f7809556bd3c474b1520fba0d35,a_f47a8f7809556bd3c474b1520fba0d35,p_f8d89f5e254dd904166d91acd0b057e9,p_c76517ae9b158cba02287e228c4ea7a9,6,2513,99,64,295319,4541,163,299860,64.862713887783528,119323.51770791883,1839.6319018404909,0.6073619631901841,0.98485626625758682
r_c2c8cad2389edb34c3ce3e4183008dd3,Direct file transfer,d_fd46828b3606c9bab93dce55ae07fefe,0,1,a_f47a8f7809556bd3c474b1520fba0d35,a_f47a8f7809556bd3c474b1520fba0d35,p_f413353fad0fa9e25a8ec8c684d578a3,p_c76517ae9b158cba02287e228c4ea7a9,6,652,28,97,2105,258319,125,260424,191.71779141104292,399423.31288343557,2083.3919999999998,0.224,0.0080829723834976806
r_1f6b95afbeeafc6e56d6b49ba2aa9ca0,Direct file transfer,d_fd46828b3606c9bab93dce55ae07fefe,0,1,a_f47a8f7809556bd3c474b1520fba0d35,a_f47a8f7809556bd3c474b1520fba0d35,p_07fc3d95e69a58e0cec49fb2405c127c,p_2e2bdff7d79ba86224377da437861888,6,2521,99,68,295320,4807,167,300127,66.243554145180482,119050.77350257835,1797.1676646706587,0.59281437125748504,0.98398344700743356
r_a370224a2b712f885033db4c2946ec65,Direct file transfer,d_fd46828b3606c9bab93dce55ae07fefe,0,1,a_f47a8f7809556bd3c474b1520fba0d35,a_f47a8f7809556bd3c474b1520fba0d35,p_99d17f431fee722ef63946be6f37b2d7,p_2e2bdff7d79ba86224377da437861888,6,663,44,111,3151,164990,155,168141,233.78582202111613,253606.33484162894,1084.7806451612903,0.28387096774193549,0.018740223978684557
r_047d1cf96f9f7c1825f3c28942133b04,Direct file transfer,d_fd46828b3606c9bab93dce55ae07fefe,0,1,a_f47a8f7809556bd3c474b1520fba0d35,a_f47a8f7809556bd3c474b1520fba0d35,p_e8e1ca82d91ca0b6e34bd3c8334964e1,p_de7751b84215a2b890900c93db9f1d01,6,2523,99,62,295319,4409,161,299728,63.812921125644074,118798.25604439159,1861.6645962732919,0.6149068322981367,0.98528999626327873
r_7dac2c17dbf7fbcf73ed45cf9e9341b8,Direct file transfer,d_fd46828b3606c9bab93dce55ae07fefe,0,1,a_f47a8f7809556bd3c474b1520fba0d35,a_f47a8f7809556bd3c474b1520fba0d35,p_08e072258dd170c1c8e6f78e3019a299,p_de7751b84215a2b890900c93db9f1d01,6,666,29,96,2159,229485,125,231644,187.68768768768768,347813.81381381379,1853.152,0.23200000000000001,0.0093203363782355681
r_9c793baddff84e5e877a50b7fabb5011,Direct file transfer,d_fd46828b3606c9bab93dce55ae07fefe,0,1,a_f47a8f7809556bd3c474b1520fba0d35,a_f47a8f7809556bd3c474b1520fba0d35,p_b2b17128614d490f62b3b10f2018b3d0,p_dd74cc5b69b608ff00edcb1d8b246822,6,2577,101,65,269237,4607,166,273844,64.415987582460232,106264.64881645323,1649.6626506024097,0.60843373493975905,0.98317655307401297
r_8c16076a6a7426ef9563e4dd8b670539,Direct file transfer,d_fd46828b3606c9bab93dce55ae07fefe,0,1,a_f47a8f7809556bd3c474b1520fba0d35,a_f47a8f7809556bd3c474b1520fba0d35,p_896e622df70f7b850101d88bd59c470b,p_dd74cc5b69b608ff00edcb1d8b246822,6,663,27,98,2039,271650,125,273689,188.53695324283558,412803.92156862741,2189.5120000000002,0.216,0.0074500619316085048
r_c0eff8afd28e7c5b775d87665cef6e26,Direct file transfer,d_fd46828b3606c9bab93dce55ae07fefe,0,1,a_f47a8f7809556bd3c474b1520fba0d35,a_f47a8f7809556bd3c474b1520fba0d35,p_ee076ccabb997fb2447d16aacc60dbb0,p_77dbe3e2b43b6b81a173862305b375d0,6,2568,101,65,269238,4609,166,273847,64.641744548286596,106638.23987538941,1649.6807228915663,0.60843373493975905,0.98316943402702972
r_fe23456af0e2cb480f13b579523dba6e,Direct file transfer,d_fd46828b3606c9bab93dce55ae07fefe,0,1,a_f47a8f7809556bd3c474b1520fba0d35,a_f47a8f7809556bd3c474b1520fba0d35,p_553e31e393afcc29f1f2ba5685c6f96c,p_77dbe3e2b43b6b81a173862305b375d0,6,658,42,108,3031,206299,150,209330,227.96352583586625,318130.69908814586,1395.5333333333333,0.28000000000000003,0.014479529928820522
r_a0de911ee46d6d1043e75dbb20cb0ec0,Direct file transfer,d_fd46828b3606c9bab93dce55ae07fefe,0,1,a_f47a8f7809556bd3c474b1520fba0d35,a_f47a8f7809556bd3c474b1520fba0d35,p_b0694305bc6823caf9e53b247288f98f,p_fb701d5a05c03fb8299bbc4274ccd85a,6,2572,101,64,269237,4541,165,273778,64.15241057542768,106445.56765163297,1659.2606060606061,0.61212121212121207,0.98341356865781759
r_ae8b7843491602b55a4e4097343a687e,Direct file transfer,d_fd46828b3606c9bab93dce55ae07fefe,0,1,a_f47a8f7809556bd3c474b1520fba0d35,a_f47a8f7809556bd3c474b1520fba0d35,p_4b36016a6edecdbc85aa83568884c367,p_fb701d5a05c03fb8299bbc4274ccd85a,6,670,31,101,2339,271691,132,274030,197.0149253731343,409000,2075.9848484848485,0.23484848484848486,0.0085355617998029414
r_7b19d86d3aed28471a1240ba8cd001d4,Direct file transfer,d_fd46828b3606c9bab93dce55ae07fefe,0,1,a_f47a8f7809556bd3c474b1520fba0d35,a_f47a8f7809556bd3c474b1520fba0d35,p_f56cd2ca5c9b08569c76b1c232f0cf5f,p_73a113db56cae583b0f4d27a2f1f0ea3,6,2566,101,65,269238,4609,166,273847,64.692127825409202,106721.35619641466,1649.6807228915663,0.60843373493975905,0.98316943402702972
r_dbafe621cec93cb3cb27092ef84f40a5,Direct file transfer,d_fd46828b3606c9bab93dce55ae07fefe,0,1,a_f47a8f7809556bd3c474b1520fba0d35,a_f47a8f7809556bd3c474b1520fba0d35,p_f200056ec0e501fc82031c37d9de90e3,p_73a113db56cae583b0f4d27a2f1f0ea3,6,673,44,114,3163,140882,158,144045,234.76968796433877,214034.1753343239,911.67721518987344,0.27848101265822783,0.021958415772848763
r_962daf21ec09a6a5554033ad58da9290,Direct file transfer,d_fd46828b3606c9bab93dce55ae07fefe,0,1,a_f47a8f7809556bd3c474b1520fba0d35,a_f47a8f7809556bd3c474b1520fba0d35,p_716fd08b5abff0a6c514b55ba44ba662,p_6688deacbc9d093f76efd71ae803001d,6,2577,101,64,269237,4541,165,273778,64.027939464493599,106239.03764066745,1659.2606060606061,0.61212121212121207,0.98341356865781759
r_17eece0629a0b2e6d01e9e1e7a6e1eef,Direct file transfer,d_fd46828b3606c9bab93dce55ae07fefe,0,1,a_f47a8f7809556bd3c474b1520fba0d35,a_f47a8f7809556bd3c474b1520fba0d35,p_da5c57997bf9858914f6f3aaec6f823a,p_6688deacbc9d093f76efd71ae803001d,6,672,30,100,2237,140649,130,142886,193.45238095238093,212627.97619047618,1099.123076923077,0.23076923076923078,0.015655837520820795
r_bec4e497ba4cc42cd8d3827acf431c7b,Direct file transfer,d_fd46828b3606c9bab93dce55ae07fefe,0,1,a_f47a8f7809556bd3c474b1520fba0d35,a_f47a8f7809556bd3c474b1520fba0d35,p_386360e28339a312c07fc03aade25929,p_c0f14bbd0a7540f9669573a1a65f5285,6,2627,103,65,308700,4607,168,313307,63.951275218880859,119264.17967263039,1864.922619047619,0.61309523809523814,0.98529557271302592
r_b1ff38deed63245e5439472d07657de5,Direct file transfer,d_fd46828b3606c9bab93dce55ae07fefe,0,1,a_f47a8f7809556bd3c474b1520fba0d35,a_f47a8f7809556bd3c474b1520fba0d35,p_0072a81fbdf7e3af837442eb49a9375f,p_c0f14bbd0a7540f9669573a1a65f5285,6,702,44,115,3161,219602,159,222763,226.4957264957265,317326.21082621085,1401.0251572327045,0.27672955974842767,0.014189968711141438
r_bbf503b0498059ac4ca4d6bb0b608adc,Direct file transfer,d_fd46828b3606c9bab93dce55ae07fefe,0,1,a_f47a8f7809556bd3c474b1520fba0d35,a_f47a8f7809556bd3c474b1520fba0d35,p_5816e5e73204f6f22577c00d268339af,p_f20f8250c88d103697dd803efa0f0d0c,6,2627,103,66,308701,4675,169,313376,64.331937571374198,119290.44537495243,1854.2958579881656,0.60946745562130178,0.98508181864597166
r_afcd00f8c4ba6616a8e29420a17a5b5f,Direct file transfer,d_fd46828b3606c9bab93dce55ae07fefe,0,1,a_f47a8f7809556bd3c474b1520fba0d35,a_f47a8f7809556bd3c474b1520fba0d35,p_754c035059e7a8acd27ee2b8e96af5db,p_f20f8250c88d103697dd803efa0f0d0c,6,698,28,99,2107,308284,127,310391,181.94842406876791,444686.24641833815,2444.0236220472443,0.22047244094488189,0.0067882122870830666
r_fba9881befe6b7289f1a030bd0666557,Direct file transfer,d_fd46828b3606c9bab93dce55ae07fefe,0,1,a_f47a8f7809556bd3c474b1520fba0d35,a_f47a8f7809556bd3c474b1520fba0d35,p_2d31ffe3340101574c348ff58bc4bed8,p_c76517ae9b158cba02287e228c4ea7a9,6,2631,103,64,308700,4541,167,313241,63.473964272139874,119057.77270999621,1875.6946107784431,0.61676646706586824,0.9855031748717441
r_177d015d0f6ba8b3f1ad14cb9ba950ec,Direct file transfer,d_fd46828b3606c9bab93dce55ae07fefe,0,1,a_f47a8f7809556bd3c474b1520fba0d35,a_f47a8f7809556bd3c474b1520fba0d35,p_d7c3d9d527e67713dfca4509a6e508e3,p_c76517ae9b158cba02287e228c4ea7a9,6,695,29,101,2183,284905,130,287088,187.05035971223023,413076.25899280579,2208.3692307692309,0.22307692307692309,0.0076039402552527452
r_deaabef6d8e6fb91f58e7f3f298b80b0,Direct file transfer,d_fd46828b3606c9bab93dce55ae07fefe,0,1,a_f47a8f7809556bd3c474b1520fba0d35,a_f47a8f7809556bd3c474b1520fba0d35,p_c0991ee9f17300aca1c260e566083a74,p_2e2bdff7d79ba86224377da437861888,6,2637,103,65,308701,4609,168,313310,63.708759954493743,118813.04512703831,1864.9404761904761,0.61309523809523814,0.98528933005649355
r_aabf48cd38bc7d8f2e9f1958442e298b,Direct file transfer,d_fd46828b3606c9bab93dce55ae07fefe,0,1,a_f47a8f7809556bd3c474b1520fba0d35,a_f47a8f7809556bd3c474b1520fba0d35,p_1e27635310b1174d4340f39ae5b2fc4e,p_2e2bdff7d79ba86224377da437861888,6,693,44,115,3163,219645,159,222808,229.43722943722946,321512.26551226556,1401.308176100629,0.27672955974842767,0.014196079135399088
r_0510b391efcc4430382e1a9bd8487077,Direct file transfer,d_fd46828b3606c9bab93dce55ae07fefe,0,1,a_f47a8f7809556bd3c474b1520fba0d35,a_f47a8f7809556bd3c474b1520fba0d35,p_89382921ab5754dd51e4db55ad455cc0,p_de7751b84215a2b890900c93db9f1d01,6,2631,103,65,308700,4607,168,313307,63.854047890535924,119082.85822881035,1864.922619047619,0.61309523809523814,0.98529557271302592
r_f62b4520b9f78314e4576f3db0be1e33,Direct file transfer,d_fd46828b3606c9bab93dce55ae07fefe,0,1,a_f47a8f7809556bd3c474b1520fba0d35,a_f47a8f7809556bd3c474b1520fba0d35,p_6a33689e580c71cd2d239cb8687c3c2d,p_de7751b84215a2b890900c93db9f1d01,6,703,29,100,2171,284935,129,287106,183.49928876244667,408401.13798008539,2225.6279069767443,0.22480620155038761,0.0075616671194611053
r_356986f8c86759f5538c7f18b6b6d377,Direct file transfer,d_fd46828b3606c9bab93dce55ae07fefe,0,1,a_f47a8f7809556bd3c474b1520fba0d35,a_f47a8f7809556bd3c474b1520fba0d35,p_913ac22d91c57b0ed191082ee42e310b,p_dd74cc5b69b608ff00edcb1d8b246822,6,2685,105,66,282617,4673,171,287290,63.687150837988824,106998.13780260707,1680.0584795321638,0.61403508771929827,0.98373420585471127
r_92752c8d725ef28cc295c7b9b549ffe8,Direct file transfer,d_fd46828b3606c9bab93dce55ae07fefe,0,1,a_f47a8f7809556bd3c474b1520fba0d35,a_f47a8f7809556bd3c474b1520fba0d35,p_4ab4b62baa9f9b8c5b9200ee291ee356,p_dd74cc5b69b608ff00edcb1d8b246822,6,690,33,106,2435,167267,139,169702,201.44927536231884,245944.9275362319,1220.8776978417266,0.23741007194244604,0.014348681806932152
r_37c32484d32dbe52d9db5b54bb48a89e,Direct file transfer,d_fd46828b3606c9bab93dce55ae07fefe,0,1,a_f47a8f7809556bd3c474b1520fba0d35,a_f47a8f7809556bd3c474b1520fba0d35,p_8fc2e4d3b4f61937ec2efe486ad486d9,p_77dbe3e2b43b6b81a173862305b375d0,6,2688,105,67,282618,4741,172,287359,63.988095238095234,106904.38988095237,1670.6918604651162,0.61046511627906974,0.98350147376626451
r_7bbba97e42e119c45f0b0ffc447a52a6,Direct file transfer,d_fd46828b3606c9bab93dce55ae07fefe,0,1,a_f47a8f7809556bd3c474b1520fba0d35,a_f47a8f7809556bd3c474b1520fba0d35,p_f3920ea8de66163bfcb380cd2cd29a5e,p_77dbe3e2b43b6b81a173862305b375d0,6,693,44,117,3163,167412,161,170575,232.32323232323233,246139.97113997117,1059.4720496894411,0.27329192546583853,0.018543162831599003
r_5a43490523afc115c96508143fb69eb1,Direct file transfer,d_fd46828b3606c9bab93dce55ae07fefe,0,1,a_f47a8f7809556bd3c474b1520fba0d35,a_f47a8f7809556bd3c474b1520fba0d35,p_f490a2dc528560ac1692c26f487ecd48,p_fb701d5a05c03fb8299bbc4274ccd85a,6,2684,105,67,282617,4739,172,287356,64.08345752608048,107062.59314456035,1670.6744186046512,0.61046511627906974,0.98350826152925286
r_96eca26a8d1daf744b9acc5908d318dd,Direct file transfer,d_fd46828b3606c9bab93dce55ae07fefe,0,1,a_f47a8f7809556bd3c474b1520fba0d35,a_f47a8f7809556bd3c474b1520fba0d35,p_f737fa6d7eae68d707f134e055008671,p_fb701d5a05c03fb8299bbc4274ccd85a,6,701,32,104,2405,298262,136,300667,194.00855920114125,428911.55492154066,2210.7867647058824,0.23529411764705882,0.0079988824846092196
r_2145b890a6cec65ad6482fa770e05ed6,Direct file transfer,d_fd46828b3606c9bab93dce55ae07fefe,0,1,a_f47a8f7809556bd3c474b1520fba0d35,a_f47a8f7809556bd3c474b1520fba0d35,p_47149ebe11fe557836802033cfa27e84,p_73a113db56cae583b0f4d27a2f1f0ea3,6,2686,105,66,282618,4675,171,287293,63.663440059568131,106959.41921072226,1680.0760233918129,0.61403508771929827,0.98372741417298715
r_b01dcf1e76e611800c0e66abb780cf68,Direct file transfer,d_fd46828b3606c9bab93dce55ae07fefe,0,1,a_f47a8f7809556bd3c474b1520fba0d35,a_f47a8f7809556bd3c474b1520fba0d35,p_1b463499886511573a9c14d2987c98b0,p_73a113db56cae583b0f4d27a2f1f0ea3,6,715,45,117,3229,167453,162,170682,226.57342657342659,238716.08391608394,1053.5925925925926,0.27777777777777779,0.018918222190975029
r_4fb8844a436ebfca4dcd07fd8e4847ea,Direct file transfer,d_fd46828b3606c9bab93dce55ae07fefe,0,1,a_f47a8f7809556bd3c474b1520fba0d35,a_f47a8f7809556bd3c474b1520fba0d35,p_f75dc3616ffeae9551afdc868bcc52d5,p_6688deacbc9d093f76efd71ae803001d,6,2691,105,64,282617,4541,169,287158,62.80193236714976,106710.51653660349,1699.1597633136096,0.62130177514792895,0.98418640609002705
r_97bf9c84a3a89b34490c1728ad586da4,Direct file transfer,d_fd46828b3606c9bab93dce55ae07fefe,0,1,a_f47a8f7809556bd3c474b1520fba0d35,a_f47a8f7809556bd3c474b1520fba0d35,p_e2c8035b9aea63df0f7c294a4e9a1ce8,p_6688deacbc9d093f76efd71ae803001d,6,707,45,118,3407,348902,163,352309,230.55162659123056,498315.41725601134,2161.40490797546,0.27607361963190186,0.0096704881226423404
r_35cdc93950851eced256bc3c0bad198f,Direct file transfer,d_fd46828b3606c9bab93dce55ae07fefe,0,1,a_f47a8f7809556bd3c474b1520fba0d35,a_f47a8f7809556bd3c474b1520fba0d35,p_9871753b15c9f7bf4ad1cb26f804316c,p_c0f14bbd0a7540f9669573a1a65f5285,6,2746,107,66,322079,4673,173,326752,63.000728332119444,118991.98834668609,1888.7398843930637,0.61849710982658956,0.98569863382626577
r_bb2679fc8cca449c645ac0963288c4e0,Direct file transfer,d_fd46828b3606c9bab93dce55ae07fefe,0,1,a_f47a8f7809556bd3c474b1520fba0d35,a_f47a8f7809556bd3c474b1520fba0d35,p_b046de2533d50729573444f65a4e9401,p_c0f14bbd0a7540f9669573a1a65f5285,6,736,41,113,3127,320299,154,323426,209.23913043478262,439437.5,2100.1688311688313,0.26623376623376621,0.0096683630876923925
r_bd034d66a531452ad9f0d75c648756cd,Direct file transfer,d_fd46828b3606c9bab93dce55ae07fefe,0,1,a_f47a8f7809556bd3c474b1520fba0d35,a_f47a8f7809556bd3c474b1520fba0d35,p_27a706ba1fd1db8827c3bf1e94319359,p_f20f8250c88d103697dd803efa0f0d0c,6,2743,107,63,322080,4477,170,326557,61.975938753189943,119051.03900838498,1920.9235294117648,0.62941176470588234,0.98629029541550173
r_269d2e506abc9c20ce938e426c3fc6d6,Direct file transfer,d_fd46828b3606c9bab93dce55ae07fefe,0,1,a_f47a8f7809556bd3c474b1520fba0d35,a_f47a8f7809556bd3c474b1520fba0d35,p_913ac22d91c57b0ed191082ee42e310b,p_f20f8250c88d103697dd803efa0f0d0c,6,743,34,121,2563,322896,155,325459,208.61372812920592,438033.64737550472,2099.7354838709675,0.21935483870967742,0.0078750318780552997
r_9c5c50a6f1dda9f2850501efd3e976f5,Direct file transfer,d_fd46828b3606c9bab93dce55ae07fefe,0,1,a_f47a8f7809556bd3c474b1520fba0d35,a_f47a8f7809556bd3c474b1520fba0d35,p_21935d32da69af87dfc001fff94eb1ed,p_c76517ae9b158cba02287e228c4ea7a9,6,2747,107,68,322079,4805,175,326884,63.70586093920641,118996.72369858027,1867.9085714285713,0.61142857142857143,0.9853005959300547
r_c4f16d2686d2267126ab2857e43eb6d0,Direct file transfer,d_fd46828b3606c9bab93dce55ae07fefe,0,1,a_f47a8f7809556bd3c474b1520fba0d35,a_f47a8f7809556bd3c474b1520fba0d35,p_4cd8f647542ce88bce79119d63927cec,p_c76517ae9b158cba02287e228c4ea7a9,6,764,33,104,2459,321615,137,324074,179.31937172774869,424180.62827225128,2365.5036496350367,0.24087591240875914,0.0075877731629195805
r_c880ab9241157f160c06c96a1f9a0378,Direct file transfer,d_fd46828b3606c9bab93dce55ae07fefe,0,1,a_f47a8f7809556bd3c474b1520fba0d35,a_f47a8f7809556bd3c474b1520fba0d35,p_37666a58417f2e27b1afdcf8416fc2ee,p_2e2bdff7d79ba86224377da437861888,6,2743,107,68,322080,4807,175,326887,63.798760481224939,119171.3452424353,1867.9257142857143,0.61142857142857143,0.98529461251135708
r_00194d8c17f999d61552cc64b9bd8fa7,Direct file transfer,d_fd46828b3606c9bab93dce55ae07fefe,0,1,a_f47a8f7809556bd3c474b1520fba0d35,a_f47a8f7809556bd3c474b1520fba0d35,p_fdf39c2d6288d4f91e4e6bee3dd3429f,p_2e2bdff7d79ba86224377da437861888,6,745,44,117,3151,191601,161,194752,216.10738255033556,261412.08053691275,1209.6397515527951,0.27329192546583853,0.016179551429510351
r_2d35538e15024d90838ea8aeb3df5320,Direct file transfer,d_fd46828b3606c9bab93dce55ae07fefe,0,1,a_f47a8f7809556bd3c474b1520fba0d35,a_f47a8f7809556bd3c474b1520fba0d35,p_734ee202e7a0d4e2c49c018500347b4e,p_de7751b84215a2b890900c93db9f1d01,6,2744,107,62,322079,4409,169,326488,61.588921282798829,118982.50728862973,1931.8816568047337,0.63313609467455623,0.98649567518561176
r_b2397d216224b3dae1e8bcd7d7d84e7e,Direct file transfer,d_fd46828b3606c9bab93dce55ae07fefe,0,1,a_f47a8f7809556bd3c474b1520fba0d35,a_f47a8f7809556bd3c474b1520fba0d35,p_a1414304aa72182a0d7a9ed41ec9727b,p_de7751b84215a2b890900c93db9f1d01,6,734,39,115,3023,244165,154,247188,209.80926430517712,336768.3923705722,1605.1168831168832,0.25324675324675322,0.012229558069161933
r_00ae68b065aade4733a092ed1dd312e1,Direct file transfer,d_fd46828b3606c9bab93dce55ae07fefe,0,1,a_f47a8f7809556bd3c474b1520fba0d35,a_f47a8f7809556bd3c474b1520fba0d35,p_321a2b731cc9a9217853b5be5f78cbd8,p_dd74cc5b69b608ff00edcb1d8b246822,6,2806,109,66,295997,4673,175,300670,62.366357804704201,107152.53029223093,1718.1142857142856,0.62285714285714289,0.98445804370239798
r_132f8972efdab4345347ccd1b1016674,Direct file transfer,d_fd46828b3606c9bab93dce55ae07fefe,0,1,a_f47a8f7809556bd3c474b1520fba0d35,a_f47a8f7809556bd3c474b1520fba0d35,p_287fbced2cc889fb9dbffe1a8836ddba,p_dd74cc5b69b608ff00edcb1d8b246822,6,733,36,103,2633,360974,139,363607,189.63165075034107,496053.20600272855,2615.8776978417268,0.25899280575539568,0.0072413347377800761
r_8130fe9919bb25cb4bf8107ae141a178,Direct file transfer,d_fd46828b3606c9bab93dce55ae07fefe,0,1,a_f47a8f7809556bd3c474b1520fba0d35,a_f47a8f7809556bd3c474b1520fba0d35,p_2ff4a2442e319e4deda3f1282080b197,p_77dbe3e2b43b6b81a173862305b375d0,6,2805,109,69,295998,4873,178,300871,63.458110516934042,107262.38859180035,1690.2865168539327,0.61235955056179781,0.98380368995350165
r_3408fa7fa0a6347871cef4de69be4324,Direct file transfer,d_fd46828b3606c9bab93dce55ae07fefe,0,1,a_f47a8f7809556bd3c474b1520fba0d35,a_f47a8f7809556bd3c474b1520fba0d35,p_28f7005165ab943d2e2e96ac4a124da4,p_77dbe3e2b43b6b81a173862305b375d0,6,752,33,109,2437,193840,142,196277,188.82978723404256,261006.64893617021,1382.2323943661972,0.23239436619718309,0.012416126189008392
r_56c6c51f258da09a450e4e4360930600,Direct file transfer,d_fd46828b3606c9bab93dce55ae07fefe,0,1,a_f47a8f7809556bd3c474b1520fba0d35,a_f47a8f7809556bd3c474b1520fba0d35,p_f292583d61df47b2a60a1e6b4b0befa8,p_fb701d5a05c03fb8299bbc4274ccd85a,6,2790,109,67,295997,4739,176,300736,63.082437275985662,107790.68100358422,1708.7272727272727,0.61931818181818177,0.98424199297722925
r_f06b8af81338d51ba0a2112abf1e31a0,Direct file transfer,d_fd46828b3606c9bab93dce55ae07fefe,0,1,a_f47a8f7809556bd3c474b1520fba0d35,a_f47a8f7809556bd3c474b1520fba0d35,p_a551a35fb0b0bd782e3699749b206507,p_fb701d5a05c03fb8299bbc4274ccd85a,6,737,33,106,2459,295532,139,297991,188.60244233378563,404329.71506105835,2143.8201438848919,0.23741007194244604,0.0082519270716229689
r_b3cdde0ab82f9b40548204c2250a0652,Direct file transfer,d_fd46828b3606c9bab93dce55ae07fefe,0,1,a_f47a8f7809556bd3c474b1520fba0d35,a_f47a8f7809556bd3c474b1520fba0d35,p_cbd3912e73a937bf5c3893240154d88a,p_73a113db56cae583b0f4d27a2f1f0ea3,6,2798,109,68,295998,4807,177,300805,63.259471050750534,107507.1479628306,1699.4632768361582,0.61581920903954801,0.98401954754741439
r_6e913b57efd3c29afbb07bacfda07a7b,Direct file transfer,d_fd46828b3606c9bab93dce55ae07fefe,0,1,a_f47a8f7809556bd3c474b1520fba0d35,a_f47a8f7809556bd3c474b1520fba0d35,p_73b13d7475872d4b514360ea64d881a5,p_73a113db56cae583b0f4d27a2f1f0ea3,6,756,44,120,3163,194024,164,197187,216.93121693121694,260829.36507936509,1202.3597560975609,0.26829268292682928,0.016040611196478469
r_a7b21aa552920d90451e8c07e38f1597,Direct file transfer,d_fd46828b3606c9bab93dce55ae07fefe,0,1,a_f47a8f7809556bd3c474b1520fba0d35,a_f47a8f7809556bd3c474b1520fba0d35,p_2a9f3f1092edc69d79b92fe53c646f06,p_6688deacbc9d093f76efd71ae803001d,6,2793,109,68,295997,4805,177,300802,63.37271750805585,107698.53204439671,1699.4463276836159,0.61581920903954801,0.98402603706092384
r_18a4afe66576eb26a8f48af728f004e1,Direct file transfer,d_fd46828b3606c9bab93dce55ae07fefe,0,1,a_f47a8f7809556bd3c474b1520fba0d35,a_f47a8f7809556bd3c474b1520fba0d35,p_9dfc66ad7d3717c8bf72bff5dddc37fd,p_6688deacbc9d093f76efd71ae803001d,6,747,30,107,2261,259287,137,261548,183.40026773761713,350131.19143239624,1909.1094890510949,0.21897810218978103,0.0086446847232630342
r_480f31e15b72d6d8be8bbc2df71041d1,Direct file transfer,d_fd46828b3606c9bab93dce55ae07fefe,0,1,a_f47a8f7809556bd3c474b1520fba0d35,a_f47a8f7809556bd3c474b1520fba0d35,p_7e8d8432542388926e0d33becdbffe97,p_c0f14bbd0a7540f9669573a1a65f5285,6,2287,91,60,268557,4273,151,272830,66.025360734586798,119296.02098819414,1806.8211920529802,0.60264900662251653,0.9843382325990544
r_13b3d811432c521e57ded716050d2de3,Direct file transfer,d_fd46828b3606c9bab93dce55ae07fefe,0,1,a_f47a8f7809556bd3c474b1520fba0d35,a_f47a8f7809556bd3c474b1520fba0d35,p_2ad335bb70ddb01f83cb868d459548bf,p_c0f14bbd0a7540f9669573a1a65f5285,6,598,44,106,3157,139885,150,143042,250.83612040133781,239200.66889632109,953.61333333333334,0.29333333333333333,0.022070440849540695
r_6b1300e2b1f61f67b170f5edd1f87877,Direct file transfer,d_fd46828b3606c9bab93dce55ae07fefe,0,1,a_f47a8f7809556bd3c474b1520fba0d35,a_f47a8f7809556bd3c474b1520fba0d35,p_69b70118bee242c920762efafed60c8a,p_f20f8250c88d103697dd803efa0f0d0c,6,2279,91,59,268558,4209,150,272767,65.818341377797282,119687.14348398421,1818.4466666666667,0.60666666666666669,0.98456924774624499
r_6f59bd10b55371feb7ecad7cd9ae9b43,Direct file transfer,d_fd46828b3606c9bab93dce55ae07fefe,0,1,a_f47a8f7809556bd3c474b1520fba0d35,a_f47a8f7809556bd3c474b1520fba0d35,p_f4e2aa7a7d9e6b9eef2efc6f18841da1,p_f20f8250c88d103697dd803efa0f0d0c,6,584,30,93,2235,334153,123,336388,210.61643835616439,576006.84931506857,2734.8617886178863,0.24390243902439024,0.0066441133453036373
r_f525f96850557d9f95494089792a4333,Direct file transfer,d_fd46828b3606c9bab93dce55ae07fefe,0,1,a_f47a8f7809556bd3c474b1520fba0d35,a_f47a8f7809556bd3c474b1520fba0d35,p_9506bdc77078d5598a555996de2f5730,p_c76517ae9b158cba02287e228c4ea7a9,6,2280,91,60,268557,4273,151,272830,66.228070175438603,119662.2807017544,1806.8211920529802,0.60264900662251653,0.9843382325990544
r_3c8e66f4717936d4da728e17bd22aeb0,Direct file transfer,d_fd46828b3606c9bab93dce55ae07fefe,0,1,a_f47a8f7809556bd3c474b1520fba0d35,a_f47a8f7809556bd3c474b1520fba0d35,p_adbe67446dfbed2b88bf874367e58260,p_c76517ae9b158cba02287e228c4ea7a9,6,584,29,91,2167,205175,120,207342,205.47945205479454,355037.67123287672,1727.8499999999999,0.24166666666666667,0.010451331616363304
r_c6f1f1b11756b70f4c0fb6689c43762e,Direct file transfer,d_fd46828b3606c9bab93dce55ae07fefe,0,1,a_f47a8f7809556bd3c474b1520fba0d35,a_f47a8f7809556bd3c474b1520fba0d35,p_a1a4049f7160fb3639e7ba7784bf20ea,p_2e2bdff7d79ba86224377da437861888,6,2286,91,61,268558,4341,152,272899,66.491688538932635,119378.39020122484,1795.3881578947369,0.59868421052631582,0.98409301609753064
r_690b23a018ad1b414b782c045eee31e1,Direct file transfer,d_fd46828b3606c9bab93dce55ae07fefe,0,1,a_f47a8f7809556bd3c474b1520fba0d35,a_f47a8f7809556bd3c474b1520fba0d35,p_b5b99b89cb7eb3ecbdb62f6bb834821e,p_2e2bdff7d79ba86224377da437861888,6,583,44,106,3159,139928,150,143087,257.28987993138941,245432.24699828474,953.9133333333333,0.29333333333333333,0.02207747733896161
r_70f40d49812e048cb77afd38f1c1c46a,Direct file transfer,d_fd46828b3606c9bab93dce55ae07fefe,0,1,a_f47a8f7809556bd3c474b1520fba0d35,a_f47a8f7809556bd3c474b1520fba0d35,p_7d7701dc28e2969f96465ee0efd48e0d,p_de7751b84215a2b890900c93db9f1d01,6,2284,91,61,268557,4339,152,272896,66.549912434325748,119481.61120840632,1795.3684210526317,0.59868421052631582,0.98410017002814254
r_f38697e62d4b30b50472aeb44c9111a6,Direct file transfer,d_fd46828b3606c9bab93dce55ae07fefe,0,1,a_f47a8f7809556bd3c474b1520fba0d35,a_f47a8f7809556bd3c474b1520fba0d35,p_b5b99b89cb7eb3ecbdb62f6bb834821e,p_de7751b84215a2b890900c93db9f1d01,6,577,29,91,2167,205218,120,207385,207.97227036395148,359419.410745234,1728.2083333333333,0.24166666666666667,0.010449164597246667
r_0437f4efb4f231211e389852e45ef400,Direct file transfer,d_fd46828b3606c9bab93dce55ae07fefe,0,1,a_f47a8f7809556bd3c474b1520fba0d35,a_f47a8f7809556bd3c474b1520fba0d35,p_35502da82e796a235dfd16dee5751b6e,p_dd74cc5b69b608ff00edcb1d8b246822,6,2852,111,69,269913,4867,180,274780,63.113604488078543,96346.423562412354,1526.5555555555557,0.6166666666666667,0.98228764830045856
r_dfdcc83f905183709cb7c626181d5624,Direct file transfer,d_fd46828b3606c9bab93dce55ae07fefe,0,1,a_f47a8f7809556bd3c474b1520fba0d35,a_f47a8f7809556bd3c474b1520fba0d35,p_748c2313e7197ddb196a8f50d616fc00,p_dd74cc5b69b608ff00edcb1d8b246822,6,723,31,109,2335,272639,140,274974,193.63762102351313,380323.65145228215,1964.0999999999999,0.22142857142857142,0.0084917119436746739
r_de4be2afe5d90bdb61d80423bab27a34,Direct file transfer,d_fd46828b3606c9bab93dce55ae07fefe,0,1,a_f47a8f7809556bd3c474b1520fba0d35,a_f47a8f7809556bd3c474b1520fba0d35,p_292267c761dd9a2e407b1d0a36a81f8c,p_77dbe3e2b43b6b81a173862305b375d0,6,2852,111,68,269914,4803,179,274717,62.762973352033661,96324.333800841516,1534.7318435754189,0.62011173184357538,0.98251655339858834
r_2c159f8cb825938c9532cb10e0cba5c9,Direct file transfer,d_fd46828b3606c9bab93dce55ae07fefe,0,1,a_f47a8f7809556bd3c474b1520fba0d35,a_f47a8f7809556bd3c474b1520fba0d35,p_ee3a2ece6ca02c63013211ffbcc820f0,p_77dbe3e2b43b6b81a173862305b375d0,6,744,44,122,3159,141791,166,144950,223.11827956989248,194825.26881720431,873.19277108433732,0.26506024096385544,0.02179372197309417
r_f395817201c9e3b72292cc24940c0ba1,Direct file transfer,d_fd46828b3606c9bab93dce55ae07fefe,0,1,a_f47a8f7809556bd3c474b1520fba0d35,a_f47a8f7809556bd3c474b1520fba0d35,p_5560e1a0af4f560cfbe64f36b7e40a0a,p_fb701d5a05c03fb8299bbc4274ccd85a,6,2861,111,69,269913,4867,180,274780,62.91506466270534,96043.341488989856,1526.5555555555557,0.6166666666666667,0.98228764830045856
r_9c50ba8b145aabf35209c361530193fa,Direct file transfer,d_fd46828b3606c9bab93dce55ae07fefe,0,1,a_f47a8f7809556bd3c474b1520fba0d35,a_f47a8f7809556bd3c474b1520fba0d35,p_9e7d0b6a8efeb6be8aa47898345d43c3,p_fb701d5a05c03fb8299bbc4274ccd85a,6,750,31,109,2323,207105,140,209428,186.66666666666666,279237.33333333331,1495.9142857142858,0.22142857142857142,0.011092117577401302
r_21d135d7b9db8b2dbbed5cd49c4cec38,Direct file transfer,d_fd46828b3606c9bab93dce55ae07fefe,0,1,a_f47a8f7809556bd3c474b1520fba0d35,a_f47a8f7809556bd3c474b1520fba0d35,p_e3d1d5a91535f55a1264a64ccc2cadd4,p_73a113db56cae583b0f4d27a2f1f0ea3,6,2859,111,69,269914,4869,180,274783,62.959076600209862,96111.577474641483,1526.5722222222223,0.6166666666666667,0.98228056320805868
r_c9dfa916955666085ed7e179331cd486,Direct file transfer,d_fd46828b3606c9bab93dce55ae07fefe,0,1,a_f47a8f7809556bd3c474b1520fba0d35,a_f47a8f7809556bd3c474b1520fba0d35,p_d0b1b9b559ac2e6be1836aecc503c2d9,p_73a113db56cae583b0f4d27a2f1f0ea3,6,724,44,122,3159,141832,166,144991,229.28176795580112,200263.81215469615,873.43975903614455,0.26506024096385544,0.021787559227814141
r_9e8ac50bb13a1f155ed9c71c1d2c3ed9,Direct file transfer,d_fd46828b3606c9bab93dce55ae07fefe,0,1,a_f47a8f7809556bd3c474b1520fba0d35,a_f47a8f7809556bd3c474b1520fba0d35,p_54971a37e2b50967e343d23df33870cc,p_6688deacbc9d093f76efd71ae803001d,6,2849,111,67,269913,4735,178,274648,62.478062478062476,96401.544401544394,1542.9662921348315,0.6235955056179775,0.98275975066266641
r_a9ece8873b09c0876d8ea29dbb1848f6,Direct file transfer,d_fd46828b3606c9bab93dce55ae07fefe,0,1,a_f47a8f7809556bd3c474b1520fba0d35,a_f47a8f7809556bd3c474b1520fba0d35,p_80648348a1e41d098e0d6ec74e7047ff,p_6688deacbc9d093f76efd71ae803001d,6,169,31,104,2311,200723,135,203034,798.81656804733723,1201384.6153846153,1503.9555555555555,0.22962962962962963,0.011382330053094556
r_82cc69305246953bec24c480474ba4b3,Direct file transfer,d_fd46828b3606c9bab93dce55ae07fefe,0,1,a_f47a8f7809556bd3c474b1520fba0d35,a_f47a8f7809556bd3c474b1520fba0d35,p_1bdafe5dfda94e477a712ebfb9dbdacc,p_77dbe3e2b43b6b81a173862305b375d0,6,165,27,39,2029,238841,66,240870,400,1459818.1818181816,3649.5454545454545,0.40909090909090912,0.0084236310042761654
r_142333add9682bdb63a7eba2a98f1a46,Direct file transfer,d_fd46828b3606c9bab93dce55ae07fefe,0,1,a_f47a8f7809556bd3c474b1520fba0d35,a_f47a8f7809556bd3c474b1520fba0d35,p_68c9012d0443bb77615a4d5fd2c3ebf5,p_c76517ae9b158cba02287e228c4ea7a9,6,698,35,34,277871,2561,69,280432,98.85386819484242,401765.04297994269,4064.231884057971,0.50724637681159424,0.9908676613225309
r_40c9154ffb91ea15bdbabc4e37d8ea88,Direct file transfer,d_fd46828b3606c9bab93dce55ae07fefe,0,1,a_f47a8f7809556bd3c474b1520fba0d35,a_f47a8f7809556bd3c474b1520fba0d35,p_538202bd09226c217b0dfc589720f8d4,p_de7751b84215a2b890900c93db9f1d01,6,703,35,34,277871,2561,69,280432,98.150782361308686,398907.53911806544,4064.231884057971,0.50724637681159424,0.9908676613225309
r_358dcef544679222ad2f8e811e082edf,Direct file transfer,d_fd46828b3606c9bab93dce55ae07fefe,0,1,a_f47a8f7809556bd3c474b1520fba0d35,a_f47a8f7809556bd3c474b1520fba0d35,p_2fabe642fc2e4e068a5009884697d365,p_fb701d5a05c03fb8299bbc4274ccd85a,6,165,26,39,1961,238841,65,240802,393.93939393939394,1459406.0606060605,3704.646153846154,0.40000000000000002,0.0081436200696007512
r_2c69f7a840b973520a0f08751d532b56,Direct file transfer,d_fd46828b3606c9bab93dce55ae07fefe,0,1,a_f47a8f7809556bd3c474b1520fba0d35,a_f47a8f7809556bd3c474b1520fba0d35,p_43b7521778775a65baf4425ee9203751,p_2e2bdff7d79ba86224377da437861888,6,705,35,34,277872,2563,69,280435,97.872340425531917,397780.14184397168,4064.2753623188405,0.50724637681159424,0.99086062723982382
r_fb40c6846e71feed25f981446a98361e,Direct file transfer,d_fd46828b3606c9bab93dce55ae07fefe,0,1,a_f47a8f7809556bd3c474b1520fba0d35,a_f47a8f7809556bd3c474b1520fba0d35,p_64c9afeed119ea83546ed951723c1521,p_73a113db56cae583b0f4d27a2f1f0ea3,6,655,33,32,303955,2431,65,306386,99.236641221374043,467764.88549618318,4713.6307692307691,0.50769230769230766,0.9920655643534626
r_215284308c1efc419a0e374cdd91c6a9,Direct file transfer,d_fd46828b3606c9bab93dce55ae07fefe,0,1,a_f47a8f7809556bd3c474b1520fba0d35,a_f47a8f7809556bd3c474b1520fba0d35,p_234433c7796f99407cd8b2bab15968b8,p_73a113db56cae583b0f4d27a2f1f0ea3,6,775,37,36,317334,2695,73,320029,94.193548387096769,412940.6451612903,4383.9589041095887,0.50684931506849318,0.99157888816326023
r_8a08d23ecaa67befe6b1c9a11b73720b,Direct file transfer,d_fd46828b3606c9bab93dce55ae07fefe,0,1,a_f47a8f7809556bd3c474b1520fba0d35,a_f47a8f7809556bd3c474b1520fba0d35,p_c5993632dc1d1838a30fc3e5f21415e8,p_f20f8250c88d103697dd803efa0f0d0c,6,210,26,50,1975,226459,76,228434,361.90476190476193,1087780.9523809524,3005.7105263157896,0.34210526315789475,0.008645823301259882
r_a3a3e81941974a8144b47ee0fcb11408,Direct file transfer,d_fd46828b3606c9bab93dce55ae07fefe,0,1,a_f47a8f7809556bd3c474b1520fba0d35,a_f47a8f7809556bd3c474b1520fba0d35,p_6656843c4726952ca43d31f4638e5253,p_f20f8250c88d103697dd803efa0f0d0c,6,818,39,38,291252,2827,77,294079,94.132029339853304,359509.77995110024,3819.2077922077924,0.50649350649350644,0.99038693684350121
r_9a9ffe9b1d629f43de0aceb4b25e1e89,Direct file transfer,d_fd46828b3606c9bab93dce55ae07fefe,0,1,a_f47a8f7809556bd3c474b1520fba0d35,a_f47a8f7809556bd3c474b1520fba0d35,p_5795712d0dd3e65f8233f4bb9c116a30,p_c76517ae9b158cba02287e228c4ea7a9,6,210,28,51,2105,160989,79,163094,376.1904761904762,776638.09523809527,2064.4810126582279,0.35443037974683544,0.012906667320686229
r_c8947520f95305c739058777c035d994,Direct file transfer,d_fd46828b3606c9bab93dce55ae07fefe,0,1,a_f47a8f7809556bd3c474b1520fba0d35,a_f47a8f7809556bd3c474b1520fba0d35,p_e8c6d17249f99af1164873ffcf379c29,p_dd74cc5b69b608ff00edcb1d8b246822,6,2,7,5,625,478,12,1103,6000,551500,91.916666666666671,0.58333333333333337,0.56663644605621033
r_2805df9544fa7eb34fc691224b1de355,Direct file transfer,d_fd46828b3606c9bab93dce55ae07fefe,0,1,a_f47a8f7809556bd3c474b1520fba0d35,a_f47a8f7809556bd3c474b1520fba0d35,p_77f3f9426d4b2c74bb6b149d791719c3,p_dd74cc5b69b608ff00edcb1d8b246822,6,162,28,40,2093,173369,68,175462,419.75308641975306,1083098.7654320986,2580.3235294117649,0.41176470588235292,0.011928508736934493
r_407e683290d7638375f1600dbb8591f9,Direct file transfer,d_fd46828b3606c9bab93dce55ae07fefe,0,1,a_f47a8f7809556bd3c474b1520fba0d35,a_f47a8f7809556bd3c474b1520fba0d35,p_87e535be520835db19e07d8481c50a1b,p_dd74cc5b69b608ff00edcb1d8b246822,6,648,33,32,303954,2429,65,306383,100.30864197530863,472813.27160493826,4713.5846153846151,0.50769230769230766,0.99207201443944348
r_18168b1aceb25908986bc705de248012,Direct file transfer,d_fd46828b3606c9bab93dce55ae07fefe,0,1,a_f47a8f7809556bd3c474b1520fba0d35,a_f47a8f7809556bd3c474b1520fba0d35,p_6fd32fe04ace95c3c65555c9990bb8f5,p_fb701d5a05c03fb8299bbc4274ccd85a,6,882,41,40,265169,2957,81,268126,91.836734693877546,303997.73242630385,3310.1975308641977,0.50617283950617287,0.9889716029031127
r_b169230f21a8a45a955a6c97b94e8f6a,Direct file transfer,d_fd46828b3606c9bab93dce55ae07fefe,0,1,a_f47a8f7809556bd3c474b1520fba0d35,a_f47a8f7809556bd3c474b1520fba0d35,p_da227a887ee955935b2f80ef65623cf6,p_77dbe3e2b43b6b81a173862305b375d0,6,656,33,32,303955,2431,65,306386,99.08536585365853,467051.82926829264,4713.6307692307691,0.50769230769230766,0.9920655643534626
r_272ba6ea2a2d5e201824bde7fa6df786,Direct file transfer,d_fd46828b3606c9bab93dce55ae07fefe,0,1,a_f47a8f7809556bd3c474b1520fba0d35,a_f47a8f7809556bd3c474b1520fba0d35,p_65cffaf1a20a10bace817670182003e2,p_73a113db56cae583b0f4d27a2f1f0ea3,6,163,28,40,2095,173412,68,175507,417.17791411042941,1076730.0613496932,2580.9852941176468,0.41176470588235292,0.011936845823813295
r_727190dd19a588d9aade72ed788d2360,Direct file transfer,d_fd46828b3606c9bab93dce55ae07fefe,0,1,a_f47a8f7809556bd3c474b1520fba0d35,a_f47a8f7809556bd3c474b1520fba0d35,p_78b507c6b4935ac1f673bc68bd1f8606,p_c0f14bbd0a7540f9669573a1a65f5285,6,941,43,42,304632,3089,85,307721,90.329436769394263,327014.87778958556,3620.2470588235292,0.50588235294117645,0.98996168607277368
r_f1d6ec46daedaf131e51fe933ceee2ee,Direct file transfer,d_fd46828b3606c9bab93dce55ae07fefe,0,1,a_f47a8f7809556bd3c474b1520fba0d35,a_f47a8f7809556bd3c474b1520fba0d35,p_3d6fad7290cd3138c60105c5aa978b49,p_6688deacbc9d093f76efd71ae803001d,6,168,28,40,2093,173361,68,175454,404.76190476190476,1044369.0476190476,2580.205882352941,0.41176470588235292,0.011929052629179157
r_8ac9d4181a21597964678ba90353d19b,Direct file transfer,d_fd46828b3606c9bab93dce55ae07fefe,0,1,a_f47a8f7809556bd3c474b1520fba0d35,a_f47a8f7809556bd3c474b1520fba0d35,p_577f359058abb7b941e7b0ff1138da85,p_c0f14bbd0a7540f9669573a1a65f5285,6,166,26,44,1973,212954,70,214927,421.68674698795178,1294740.9638554216,3070.3857142857141,0.37142857142857144,0.0091798610691071845
r_f04bdacd2a483ccdbae69db4e42eeb73,Direct file transfer,d_fd46828b3606c9bab93dce55ae07fefe,0,1,a_f47a8f7809556bd3c474b1520fba0d35,a_f47a8f7809556bd3c474b1520fba0d35,p_a7a213997ac361d6f81d6b3e47e7dc2b,p_6688deacbc9d093f76efd71ae803001d,6,664,33,32,303954,2429,65,306383,97.891566265060234,461420.18072289153,4713.5846153846151,0.50769230769230766,0.99207201443944348
r_addde98067b0fcc94af2867f31d3038a,Direct file transfer,d_fd46828b3606c9bab93dce55ae07fefe,0,1,a_f47a8f7809556bd3c474b1520fba0d35,a_f47a8f7809556bd3c474b1520fba0d35,p_fd1500a4c5e5a3f11490f80b2165534f,p_f20f8250c88d103697dd803efa0f0d0c,6,163,27,44,2041,212956,71,214997,435.58282208588957,1319000,3028.1267605633802,0.38028169014084506,0.0094931557184518862
r_3ac95b922d956e292d7a61157e2d20f2,Direct file transfer,d_fd46828b3606c9bab93dce55ae07fefe,0,1,a_f47a8f7809556bd3c474b1520fba0d35,a_f47a8f7809556bd3c474b1520fba0d35,p_0798d42a131a39b09de9247b3fad57ad,p_c76517ae9b158cba02287e228c4ea7a9,6,165,34,44,2489,212956,78,215445,472.72727272727269,1305727.2727272727,2762.1153846153848,0.4358974358974359,0.01155283250945717
r_a3f5a4cc7bba8705c709966478a13012,Direct file transfer,d_fd46828b3606c9bab93dce55ae07fefe,0,1,a_f47a8f7809556bd3c474b1520fba0d35,a_f47a8f7809556bd3c474b1520fba0d35,p_bf1bda3123dffaa3d1bfd3a0365b8cd1,p_2e2bdff7d79ba86224377da437861888,6,167,30,44,2227,147461,74,149688,443.11377245508982,896335.32934131729,2022.8108108108108,0.40540540540540543,0.014877612099834321
r_03e91c2046afb4044dce40e8b26512d2,Direct file transfer,d_fd46828b3606c9bab93dce55ae07fefe,0,1,a_f47a8f7809556bd3c474b1520fba0d35,a_f47a8f7809556bd3c474b1520fba0d35,p_2a8d816ec47c295ce23bef84724cbcd1,p_c76517ae9b158cba02287e228c4ea7a9,6,241,29,53,2171,213710,82,215881,340.24896265560164,895771.7842323652,2632.6951219512193,0.35365853658536583,0.010056466293930453
r_2041f9c8e145349145beb9104fd2218e,Direct file transfer,d_fd46828b3606c9bab93dce55ae07fefe,0,1,a_f47a8f7809556bd3c474b1520fba0d35,a_f47a8f7809556bd3c474b1520fba0d35,p_a105fdae2402f991ffbfd97baa1225e8,p_de7751b84215a2b890900c93db9f1d01,6,163,30,44,2225,147410,74,149635,453.98773006134968,918006.13496932515,2022.0945945945946,0.40540540540540543,0.014869515821833127
r_201c40ffca1a8a3aeaf01d1619853000,Direct file transfer,d_fd46828b3606c9bab93dce55ae07fefe,0,1,a_f47a8f7809556bd3c474b1520fba0d35,a_f47a8f7809556bd3c474b1520fba0d35,p_11911c089beddeaf40a498554981930b,p_fb701d5a05c03fb8299bbc4274ccd85a,6,204,24,45,1841,383416,69,385257,338.23529411764707,1888514.705882353,5583.434782608696,0.34782608695652173,0.0047786282922828134
r_0393ea32be940f8c098505b9a1fd3f47,Direct file transfer,d_fd46828b3606c9bab93dce55ae07fefe,0,1,a_f47a8f7809556bd3c474b1520fba0d35,a_f47a8f7809556bd3c474b1520fba0d35,p_091dc873f5e54789ecd679c213a6552b,p_fb701d5a05c03fb8299bbc4274ccd85a,6,776,37,36,317333,2693,73,320026,94.072164948453604,412404.6391752577,4383.9178082191784,0.50684931506849318,0.99158505871397951
r_1516447545f15f3d1c85b4be4991741b,Direct file transfer,d_fd46828b3606c9bab93dce55ae07fefe,0,1,a_f47a8f7809556bd3c474b1520fba0d35,a_f47a8f7809556bd3c474b1520fba0d35,p_aca57ea6743afb8b217d9e113bddd24a,p_dd74cc5b69b608ff00edcb1d8b246822,6,771,37,36,317333,2693,73,320026,94.682230869001302,415079.11802853434,4383.9178082191784,0.50684931506849318,0.99158505871397951
r_13ba0b973bd6b79c728d61cdde531636,Direct file transfer,d_fd46828b3606c9bab93dce55ae07fefe,0,1,a_f47a8f7809556bd3c474b1520fba0d35,a_f47a8f7809556bd3c474b1520fba0d35,p_bc8bf66f83b7609b269707105b3e3bf7,p_dd74cc5b69b608ff00edcb1d8b246822,6,242,38,60,2753,148474,98,151227,404.95867768595042,624904.95867768594,1543.1326530612246,0.38775510204081631,0.01820442116817764
r_60a1f3cec7bc321927cf30b676c90558,Direct file transfer,d_fd46828b3606c9bab93dce55ae07fefe,0,1,a_f47a8f7809556bd3c474b1520fba0d35,a_f47a8f7809556bd3c474b1520fba0d35,p_f43e216d9d6cda210f4be69b5db67b8a,p_c0f14bbd0a7540f9669573a1a65f5285,6,705,35,34,277871,2561,69,280432,97.872340425531917,397775.88652482274,4064.231884057971,0.50724637681159424,0.9908676613225309
r_1174ac527e28f85d9455f45a45d69a66,Direct file transfer,d_fd46828b3606c9bab93dce55ae07fefe,0,1,a_f47a8f7809556bd3c474b1520fba0d35,a_f47a8f7809556bd3c474b1520fba0d35,p_0e0846d90176d367a1da08f1f4730af5,p_6688deacbc9d093f76efd71ae803001d,6,212,35,46,2555,252400,81,254955,382.07547169811323,1202617.9245283019,3147.5925925925926,0.43209876543209874,0.010021376321311604
r_587246144376b42ba2233da1a0709f50,Direct file transfer,d_fd46828b3606c9bab93dce55ae07fefe,0,1,a_f47a8f7809556bd3c474b1520fba0d35,a_f47a8f7809556bd3c474b1520fba0d35,p_7b4539b57228cfafb01698365a341b11,p_c0f14bbd0a7540f9669573a1a65f5285,6,824,39,38,291251,2825,77,294076,93.446601941747574,356888.3495145631,3819.1688311688313,0.50649350649350644,0.9903936397393871
r_54a815290b15bc207e647b7fd0c3ccde,Direct file transfer,d_fd46828b3606c9bab93dce55ae07fefe,0,1,a_f47a8f7809556bd3c474b1520fba0d35,a_f47a8f7809556bd3c474b1520fba0d35,p_23ae24d023375e17ea3465aabbd003d5,p_c0f14bbd0a7540f9669573a1a65f5285,6,205,25,48,1907,318128,73,320035,356.09756097560978,1561146.3414634147,4384.0410958904113,0.34246575342465752,0.0059587232646429299
r_91521be5d28a550be159da22625f0313,Direct file transfer,d_fd46828b3606c9bab93dce55ae07fefe,0,1,a_f47a8f7809556bd3c474b1520fba0d35,a_f47a8f7809556bd3c474b1520fba0d35,p_f2294bfd57fca471db9c916ce987451e,p_6688deacbc9d093f76efd71ae803001d,6,774,37,36,317333,2693,73,320026,94.315245478036175,413470.28423772607,4383.9178082191784,0.50684931506849318,0.99158505871397951
r_ed419eb0858302cb506950659ae0cdca,Direct file transfer,d_fd46828b3606c9bab93dce55ae07fefe,0,1,a_f47a8f7809556bd3c474b1520fba0d35,a_f47a8f7809556bd3c474b1520fba0d35,p_a5115c273220aa2b6b8ba2943d287a41,p_f20f8250c88d103697dd803efa0f0d0c,6,1052,47,44,318012,3223,91,321235,86.50190114068441,305356.46387832699,3530.0549450549452,0.51648351648351654,0.98996684670101331
r_ec6f4f87ab50bdb82f597a21b7772e4c,Direct file transfer,d_fd46828b3606c9bab93dce55ae07fefe,0,1,a_f47a8f7809556bd3c474b1520fba0d35,a_f47a8f7809556bd3c474b1520fba0d35,p_27fc7dfb1c6b7f463473a881490f3f89,p_fb701d5a05c03fb8299bbc4274ccd85a,6,250,27,54,2039,226988,81,229027,324,916108,2827.4938271604938,0.33333333333333331,0.0089028804464102492
r_d9bb84e140cd2962ec678a3748e04c2b,Direct file transfer,d_fd46828b3606c9bab93dce55ae07fefe,0,1,a_f47a8f7809556bd3c474b1520fba0d35,a_f47a8f7809556bd3c474b1520fba0d35,p_d9d2f4e023b811133f21c2fbbfee38b9,p_c76517ae9b158cba02287e228c4ea7a9,6,832,39,37,291251,2759,76,294010,91.346153846153854,353377.40384615387,3868.5526315789475,0.51315789473684215,0.99061596544335229
r_d513fe1ab826f9214dc7b35f5e3a3f1f,Direct file transfer,d_fd46828b3606c9bab93dce55ae07fefe,0,1,a_f47a8f7809556bd3c474b1520fba0d35,a_f47a8f7809556bd3c474b1520fba0d35,p_8956e14e2deb7e65007bb13252e98568,p_2e2bdff7d79ba86224377da437861888,6,822,39,38,291252,2827,77,294079,93.673965936739663,357760.34063260345,3819.2077922077924,0.50649350649350644,0.99038693684350121
r_2eee74bce48883b144598a0c5415a647,Direct file transfer,d_fd46828b3606c9bab93dce55ae07fefe,0,1,a_f47a8f7809556bd3c474b1520fba0d35,a_f47a8f7809556bd3c474b1520fba0d35,p_b2453fbe0b326524d8e3e5e0502581ae,p_2e2bdff7d79ba86224377da437861888,6,209,33,50,2425,226500,83,228925,397.12918660287085,1095334.9282296652,2758.132530120482,0.39759036144578314,0.010592988970186743
r_7ccf0fecc2707f999e22af7d35edf97b,Direct file transfer,d_fd46828b3606c9bab93dce55ae07fefe,0,1,a_f47a8f7809556bd3c474b1520fba0d35,a_f47a8f7809556bd3c474b1520fba0d35,p_8c748b45e5e8df94b4310bd0d49a984f,p_73a113db56cae583b0f4d27a2f1f0ea3,6,263,38,60,2755,148517,98,151272,372.62357414448667,575178.70722433459,1543.591836734694,0.38775510204081631,0.01821222698186049
r_04549949f30e99441c1ae63318f8231f,Direct file transfer,d_fd46828b3606c9bab93dce55ae07fefe,0,1,a_f47a8f7809556bd3c474b1520fba0d35,a_f47a8f7809556bd3c474b1520fba0d35,p_bbafc37ebd3f07b2c846d49fbeb82345,p_dd74cc5b69b608ff00edcb1d8b246822,6,208,31,46,2291,186872,77,189163,370.19230769230774,909437.5,2456.6623376623374,0.40259740259740262,0.012111247971326317
r_e3a75b613eca28a5f998c5459f027fd3,Direct file transfer,d_fd46828b3606c9bab93dce55ae07fefe,0,1,a_f47a8f7809556bd3c474b1520fba0d35,a_f47a8f7809556bd3c474b1520fba0d35,p_acb89d5c17d26d5652b91ff4c151184c,p_77dbe3e2b43b6b81a173862305b375d0,6,210,26,46,1975,252410,72,254385,342.85714285714289,1211357.142857143,3533.125,0.3611111111111111,0.0077638225524303715
r_f4b67fa39b7813b1418dd158907c350f,Direct file transfer,d_fd46828b3606c9bab93dce55ae07fefe,0,1,a_f47a8f7809556bd3c474b1520fba0d35,a_f47a8f7809556bd3c474b1520fba0d35,p_6e692e81883c1eb02c212569e01de288,p_de7751b84215a2b890900c93db9f1d01,6,809,39,38,291251,2825,77,294076,95.179233621755245,363505.56242274411,3819.1688311688313,0.50649350649350644,0.9903936397393871
r_086188a851967eb3539b6e62b22820cb,Direct file transfer,d_fd46828b3606c9bab93dce55ae07fefe,0,1,a_f47a8f7809556bd3c474b1520fba0d35,a_f47a8f7809556bd3c474b1520fba0d35,p_5208c6f66ba8d3008821b62ca833ebc9,p_fb701d5a05c03fb8299bbc4274ccd85a,6,652,33,32,303954,2429,65,306383,99.693251533742327,469912.57668711653,4713.5846153846151,0.50769230769230766,0.99207201443944348
r_0b81a5fd7fed56cd802b5673ef90561e,Direct file transfer,d_fd46828b3606c9bab93dce55ae07fefe,0,1,a_f47a8f7809556bd3c474b1520fba0d35,a_f47a8f7809556bd3c474b1520fba0d35,p_b222942b883332f2b5aa60510c2d48dc,p_77dbe3e2b43b6b81a173862305b375d0,6,783,37,36,317334,2695,73,320029,93.231162196679435,408721.58365261811,4383.9589041095887,0.50684931506849318,0.99157888816326023
r_93c3c5fb1925ad18500a7139241a72e7,Direct file transfer,d_fd46828b3606c9bab93dce55ae07fefe,0,1,a_f47a8f7809556bd3c474b1520fba0d35,a_f47a8f7809556bd3c474b1520fba0d35,p_8de293fc3fcf4d99125f6008b3f3440d,p_dd74cc5b69b608ff00edcb1d8b246822,6,204,29,51,2159,134773,80,136932,392.15686274509807,671235.29411764711,1711.6500000000001,0.36249999999999999,0.015766950018987525
r_03fade16c1c0862b6e67415e41e89398,Direct file transfer,d_fd46828b3606c9bab93dce55ae07fefe,0,1,a_f47a8f7809556bd3c474b1520fba0d35,a_f47a8f7809556bd3c474b1520fba0d35,p_9989abf21f7b74dabf3abbffda72dc0e,p_de7751b84215a2b890900c93db9f1d01,6,203,33,50,2423,160913,83,163336,408.86699507389159,804610.83743842354,1967.9036144578313,0.39759036144578314,0.014834451682421512
r_cda69260ec4b81bee9462d53fe384364,Direct file transfer,d_fd46828b3606c9bab93dce55ae07fefe,0,1,a_f47a8f7809556bd3c474b1520fba0d35,a_f47a8f7809556bd3c474b1520fba0d35,p_43307ab181a7c456f5142deb82cc497e,p_77dbe3e2b43b6b81a173862305b375d0,6,206,27,50,2029,200245,77,202274,373.78640776699029,981912.62135922338,2626.9350649350649,0.35064935064935066,0.010030948119876999
r_3440349969cfa8dca93509c43ebf217d,Direct file transfer,d_fd46828b3606c9bab93dce55ae07fefe,0,1,a_f47a8f7809556bd3c474b1520fba0d35,a_f47a8f7809556bd3c474b1520fba0d35,p_b97c696f236a53bba41362e218edc0c3,p_fb701d5a05c03fb8299bbc4274ccd85a,6,207,28,50,2093,200245,78,202338,376.81159420289856,977478.2608695653,2594.0769230769229,0.35897435897435898,0.01034407773132086
r_9a0e8ce6f4b7c9ae29a8cb4d091c93fb,Direct file transfer,d_fd46828b3606c9bab93dce55ae07fefe,0,1,a_f47a8f7809556bd3c474b1520fba0d35,a_f47a8f7809556bd3c474b1520fba0d35,p_606ce08ce546dca0f670fdac4d9ab94c,p_73a113db56cae583b0f4d27a2f1f0ea3,6,880,41,40,265170,2959,81,268129,92.045454545454547,304692.04545454547,3310.2345679012346,0.50617283950617287,0.9889642671997434
r_9047357df030c81ad413720b748abd1e,Direct file transfer,d_fd46828b3606c9bab93dce55ae07fefe,0,1,a_f47a8f7809556bd3c474b1520fba0d35,a_f47a8f7809556bd3c474b1520fba0d35,p_6222780267bd58b2e66d66720c5c7617,p_73a113db56cae583b0f4d27a2f1f0ea3,6,211,31,54,2305,135014,85,137319,402.84360189573459,650800.94786729862,1615.5176470588235,0.36470588235294116,0.016785732491497899
r_7c3abdac6dda7b7e1b485cfff602ed13,Direct file transfer,d_fd46828b3606c9bab93dce55ae07fefe,0,1,a_f47a8f7809556bd3c474b1520fba0d35,a_f47a8f7809556bd3c474b1520fba0d35,p_05bacf1c5be955c4db14d3cb51f26c1d,p_f20f8250c88d103697dd803efa0f0d0c,6,710,35,34,277872,2563,69,280435,97.183098591549296,394978.87323943665,4064.2753623188405,0.50724637681159424,0.99086062723982382
r_a16a4cc77c4e342b26a341165220a6fa,Direct file transfer,d_fd46828b3606c9bab93dce55ae07fefe,0,1,a_f47a8f7809556bd3c474b1520fba0d35,a_f47a8f7809556bd3c474b1520fba0d35,p_7ca90e56b7affbbd283019987c6a47ae,p_6688deacbc9d093f76efd71ae803001d,6,213,34,54,2501,134963,88,137464,413.14553990610329,645370.89201877941,1562.090909090909,0.38636363636363635,0.018193854390967816
r_eea2fd915c771ef11af0b6d16ff98f7c,Direct file transfer,d_fd46828b3606c9bab93dce55ae07fefe,0,1,a_f47a8f7809556bd3c474b1520fba0d35,a_f47a8f7809556bd3c474b1520fba0d35,p_717c2c417d22d23e32d8532867284d68,p_6688deacbc9d093f76efd71ae803001d,6,890,41,40,265169,2957,81,268126,91.011235955056179,301265.16853932582,3310.1975308641977,0.50617283950617287,0.9889716029031127
r_1f682856b511727ffd0d4ea7f4171a42,Direct file transfer,d_fd46828b3606c9bab93dce55ae07fefe,0,1,a_f47a8f7809556bd3c474b1520fba0d35,a_f47a8f7809556bd3c474b1520fba0d35,p_310bd7739947f579d2d5d629f83eee8e,p_c0f14bbd0a7540f9669573a1a65f5285,6,242,29,53,2171,213708,82,215879,338.84297520661158,892061.98347107437,2632.6707317073169,0.35365853658536583,0.01005655946155022
r_ccf4d046b4e2e60751bed898fd32ce0b,Direct file transfer,d_fd46828b3606c9bab93dce55ae07fefe,0,1,a_f47a8f7809556bd3c474b1520fba0d35,a_f47a8f7809556bd3c474b1520fba0d35,p_971a39bfeec4e589a8d274b71807c4b9,p_f20f8250c88d103697dd803efa0f0d0c,6,943,43,42,304633,3091,85,307724,90.137857900318139,326324.49628844118,3620.2823529411767,0.50588235294117645,0.9899552846056856
r_07288e9f96b28c4d97b7c64c84f6c39f,Direct file transfer,d_fd46828b3606c9bab93dce55ae07fefe,0,1,a_f47a8f7809556bd3c474b1520fba0d35,a_f47a8f7809556bd3c474b1520fba0d35,p_fb7091c07ef46156733a8e5aa43744ac,p_2e2bdff7d79ba86224377da437861888,6,1056,47,44,318012,3223,91,321235,86.174242424242422,304199.81060606061,3530.0549450549452,0.51648351648351654,0.98996684670101331
r_d05faa8825e9561eaecd82d9883791a4,Direct file transfer,d_fd46828b3606c9bab93dce55ae07fefe,0,1,a_f47a8f7809556bd3c474b1520fba0d35,a_f47a8f7809556bd3c474b1520fba0d35,p_2a0e2eea8c5e146639fbdab55fa8aa2a,p_f20f8250c88d103697dd803efa0f0d0c,6,248,26,51,1975,344703,77,346678,310.48387096774195,1397895.1612903227,4502.3116883116882,0.33766233766233766,0.0056969291388550758
r_187eac90f54aa56d5b9520a99f428ec7,Direct file transfer,d_fd46828b3606c9bab93dce55ae07fefe,0,1,a_f47a8f7809556bd3c474b1520fba0d35,a_f47a8f7809556bd3c474b1520fba0d35,p_5b7fe5a3269815f51c9c4f65d15b44c1,p_c76517ae9b158cba02287e228c4ea7a9,6,941,43,39,304632,2891,82,307523,87.141339001062704,326804.46333687566,3750.2804878048782,0.52439024390243905,0.99059907714219753
r_828e3bb76b93218f39978bf53ef6ea62,Direct file transfer,d_fd46828b3606c9bab93dce55ae07fefe,0,1,a_f47a8f7809556bd3c474b1520fba0d35,a_f47a8f7809556bd3c474b1520fba0d35,p_20ad82b5ae19cb78fa79ee3316f7e9aa,p_73a113db56cae583b0f4d27a2f1f0ea3,6,209,31,46,2293,186915,77,189208,368.42105263157896,905301.43540669861,2457.2467532467531,0.40259740259740262,0.012118937888461375
r_9c31b8a0d4b4891665209095b4e82b78,Direct file transfer,d_fd46828b3606c9bab93dce55ae07fefe,0,1,a_f47a8f7809556bd3c474b1520fba0d35,a_f47a8f7809556bd3c474b1520fba0d35,p_4b923a5f2a94f12364aa1f0dd105e3ba,p_2e2bdff7d79ba86224377da437861888,6,946,43,42,304633,3091,85,307724,89.852008456659618,325289.64059196616,3620.2823529411767,0.50588235294117645,0.9899552846056856
r_59128f258a95d5650f623fa8a7321b1d,Direct file transfer,d_fd46828b3606c9bab93dce55ae07fefe,0,1,a_f47a8f7809556bd3c474b1520fba0d35,a_f47a8f7809556bd3c474b1520fba0d35,p_5ca71c7cceccdba2d40f41752778a2f0,p_dd74cc5b69b608ff00edcb1d8b246822,6,874,41,40,265169,2957,81,268126,92.677345537757432,306780.32036613271,3310.1975308641977,0.50617283950617287,0.9889716029031127
r_7e4c39ab578a9409611df4f850a9b602,Direct file transfer,d_fd46828b3606c9bab93dce55ae07fefe,0,1,a_f47a8f7809556bd3c474b1520fba0d35,a_f47a8f7809556bd3c474b1520fba0d35,p_955246cb37310a829f2eb66cb92def85,p_de7751b84215a2b890900c93db9f1d01,6,242,36,56,2621,174417,92,177038,380.16528925619838,731561.98347107437,1924.3260869565217,0.39130434782608697,0.014804731187654628
r_4e0f338520e3a161fa592bf5ae0a110c,Direct file transfer,d_fd46828b3606c9bab93dce55ae07fefe,0,1,a_f47a8f7809556bd3c474b1520fba0d35,a_f47a8f7809556bd3c474b1520fba0d35,p_a7698d38c0b201ebbdf9ae73f6af79b7,p_de7751b84215a2b890900c93db9f1d01,6,935,43,42,304632,3089,85,307721,90.909090909090907,329113.36898395722,3620.2470588235292,0.50588235294117645,0.98996168607277368
r_f51ac7c4a50c9cc64781e86eaa84604c,Direct file transfer,d_fd46828b3606c9bab93dce55ae07fefe,0,1,a_f47a8f7809556bd3c474b1520fba0d35,a_f47a8f7809556bd3c474b1520fba0d35,p_f7d1af917c5dd75985b8822059b346ed,p_c76517ae9b158cba02287e228c4ea7a9,6,584,31,30,264489,2293,61,266782,104.45205479452055,456818.49315068498,4373.4754098360654,0.50819672131147542,0.99140496735162043
r_1366f05ab98302545ca635e1540ef32e,Direct file transfer,d_fd46828b3606c9bab93dce55ae07fefe,0,1,a_f47a8f7809556bd3c474b1520fba0d35,a_f47a8f7809556bd3c474b1520fba0d35,p_d5ee6058db1a8da60bbcea47e0311a20,p_dd74cc5b69b608ff00edcb1d8b246822,6,987,45,43,278549,3155,88,281704,89.159067882472144,285414.38703140832,3201.181818181818,0.51136363636363635,0.98880030102518957
r_37c1d1699561845a38f6f7c1cda21274,Direct file transfer,d_fd46828b3606c9bab93dce55ae07fefe,0,1,a_f47a8f7809556bd3c474b1520fba0d35,a_f47a8f7809556bd3c474b1520fba0d35,p_9c2353c7eabb30c0c9578408147397f0,p_77dbe3e2b43b6b81a173862305b375d0,6,996,45,43,278550,3157,88,281707,88.353413654618478,282838.35341365461,3201.215909090909,0.51136363636363635,0.9887933207197549
r_587f15be55c72171f16c0067963fffb2,Direct file transfer,d_fd46828b3606c9bab93dce55ae07fefe,0,1,a_f47a8f7809556bd3c474b1520fba0d35,a_f47a8f7809556bd3c474b1520fba0d35,p_2edf436321f1935a4328d0156f4742e5,p_77dbe3e2b43b6b81a173862305b375d0,6,249,26,53,1975,292511,79,294486,317.26907630522089,1182674.6987951808,3727.6708860759495,0.32911392405063289,0.0067066006533417549
r_c804b9a8e749aaa337db0db08833d929,Direct file transfer,d_fd46828b3606c9bab93dce55ae07fefe,0,1,a_f47a8f7809556bd3c474b1520fba0d35,a_f47a8f7809556bd3c474b1520fba0d35,p_1ad1195cedda468c457ca1e5130fa374,p_fb701d5a05c03fb8299bbc4274ccd85a,6,995,45,43,278549,3155,88,281704,88.442211055276388,283119.59798994975,3201.181818181818,0.51136363636363635,0.98880030102518957
r_e7f75d8e05db079cec83131fb5f19591,Direct file transfer,d_fd46828b3606c9bab93dce55ae07fefe,0,1,a_f47a8f7809556bd3c474b1520fba0d35,a_f47a8f7809556bd3c474b1520fba0d35,p_ce5481ea6ca36a297ea8030c1d58c41e,p_77dbe3e2b43b6b81a173862305b375d0,6,884,41,40,265170,2959,81,268129,91.628959276018094,303313.34841628961,3310.2345679012346,0.50617283950617287,0.9889642671997434
r_2108e3d47b62275d486af5f8ef966bf3,Direct file transfer,d_fd46828b3606c9bab93dce55ae07fefe,0,1,a_f47a8f7809556bd3c474b1520fba0d35,a_f47a8f7809556bd3c474b1520fba0d35,p_f22e7ba9b069ae9043e6955de5b388a6,p_6688deacbc9d093f76efd71ae803001d,6,985,45,43,278549,3155,88,281704,89.340101522842644,285993.90862944163,3201.181818181818,0.51136363636363635,0.98880030102518957
r_90021887f46310b00ba63c428b733d68,Direct file transfer,d_fd46828b3606c9bab93dce55ae07fefe,0,1,a_f47a8f7809556bd3c474b1520fba0d35,a_f47a8f7809556bd3c474b1520fba0d35,p_86dbaf66c21ce45544dbf4b1e13a8dc8,p_2e2bdff7d79ba86224377da437861888,6,251,36,56,2623,174468,92,177091,366.53386454183266,705541.83266932273,1924.9021739130435,0.39130434782608697,0.014811594039222772
r_41b060259f040d6d083a05548ad26a80,Direct file transfer,d_fd46828b3606c9bab93dce55ae07fefe,0,1,a_f47a8f7809556bd3c474b1520fba0d35,a_f47a8f7809556bd3c474b1520fba0d35,p_3f0722e51678f4e5b37253e5935626bd,p_de7751b84215a2b890900c93db9f1d01,6,128,30,38,2233,199441,68,201674,531.25,1575578.125,2965.794117647059,0.44117647058823528,0.011072324642740263
r_bdf6943a4b233b493cfb14703b835f6b,Direct file transfer,d_fd46828b3606c9bab93dce55ae07fefe,0,1,a_f47a8f7809556bd3c474b1520fba0d35,a_f47a8f7809556bd3c474b1520fba0d35,p_049aefc9a8943cc8127f85a12f8aa518,p_c0f14bbd0a7540f9669573a1a65f5285,6,290,26,54,1973,371272,80,373245,275.86206896551727,1287051.7241379311,4665.5625,0.32500000000000001,0.005286072151000013
r_ad37c4a3b2be0d14f90480eef0d46741,Direct file transfer,d_fd46828b3606c9bab93dce55ae07fefe,0,1,a_f47a8f7809556bd3c474b1520fba0d35,a_f47a8f7809556bd3c474b1520fba0d35,p_2c8be732b7e1bca8eacba63496cc9e4e,p_c0f14bbd0a7540f9669573a1a65f5285,6,1051,47,44,318011,3221,91,321232,86.584205518553759,305644.14843006665,3530.0219780219782,0.51648351648351654,0.98997297903073167
r_d4bbed6e788e9e7a6e6181ac36a366ed,Direct file transfer,d_fd46828b3606c9bab93dce55ae07fefe,0,1,a_f47a8f7809556bd3c474b1520fba0d35,a_f47a8f7809556bd3c474b1520fba0d35,p_f4930eed2e70deff82231dd91c3e206f,p_f20f8250c88d103697dd803efa0f0d0c,6,292,26,54,1975,371274,80,373249,273.97260273972603,1278250,4665.6125000000002,0.32500000000000001,0.0052913738549868854
r_f2cbf0c8de9c328ba5310c3c764d39ab,Direct file transfer,d_fd46828b3606c9bab93dce55ae07fefe,0,1,a_f47a8f7809556bd3c474b1520fba0d35,a_f47a8f7809556bd3c474b1520fba0d35,p_e01572e907a6a822d7c4a971096851a1,p_c76517ae9b158cba02287e228c4ea7a9,6,1066,47,44,318011,3221,91,321232,85.365853658536579,301343.33958724199,3530.0219780219782,0.51648351648351654,0.98997297903073167
r_551a8f2ebcd110941da4951ef5506882,Direct file transfer,d_fd46828b3606c9bab93dce55ae07fefe,0,1,a_f47a8f7809556bd3c474b1520fba0d35,a_f47a8f7809556bd3c474b1520fba0d35,p_59dc3514bf525a57c0f3673b71cca6f8,p_c76517ae9b158cba02287e228c4ea7a9,6,292,29,55,2159,187468,84,189627,287.67123287671234,649407.53424657544,2257.4642857142858,0.34523809523809523,0.011385509447494292
r_4fa56f6f4ae6f4e8ccbac137cdd2160a,Direct file transfer,d_fd46828b3606c9bab93dce55ae07fefe,0,1,a_f47a8f7809556bd3c474b1520fba0d35,a_f47a8f7809556bd3c474b1520fba0d35,p_0a37fb0c8f8c7b117ffb62b771a08f71,p_73a113db56cae583b0f4d27a2f1f0ea3,6,995,45,43,278550,3157,88,281707,88.442211055276388,283122.61306532664,3201.215909090909,0.51136363636363635,0.9887933207197549
r_2d4418bb05cce787992a2b2c7251bf7d,Direct file transfer,d_fd46828b3606c9bab93dce55ae07fefe,0,1,a_f47a8f7809556bd3c474b1520fba0d35,a_f47a8f7809556bd3c474b1520fba0d35,p_089c7d69eb099de90a36f8a3dbcea8c3,p_2e2bdff7d79ba86224377da437861888,6,297,32,59,2371,240361,91,242732,306.39730639730641,817279.46127946128,2667.3846153846152,0.35164835164835168,0.0097679745563007767
r_8f6ea89b62bbeceae1dab447aafb5e07,Direct file transfer,d_fd46828b3606c9bab93dce55ae07fefe,0,1,a_f47a8f7809556bd3c474b1520fba0d35,a_f47a8f7809556bd3c474b1520fba0d35,p_e7783f0ffebcf78117e429aab36a5553,p_de7751b84215a2b890900c93db9f1d01,6,1075,47,44,318011,3221,91,321232,84.651162790697683,298820.46511627908,3530.0219780219782,0.51648351648351654,0.98997297903073167
r_af6d5ce758242bbe35b75c50d256b86b,Direct file transfer,d_fd46828b3606c9bab93dce55ae07fefe,0,1,a_f47a8f7809556bd3c474b1520fba0d35,a_f47a8f7809556bd3c474b1520fba0d35,p_4d876972db3663f1018fdff6eb6c236f,p_dd74cc5b69b608ff00edcb1d8b246822,6,1243,53,46,305310,3353,99,308663,79.646017699115035,248320.9975864843,3117.8080808080808,0.53535353535353536,0.98913701998619852
r_309759d9419535d87377747d2831d7c1,Direct file transfer,d_fd46828b3606c9bab93dce55ae07fefe,0,1,a_f47a8f7809556bd3c474b1520fba0d35,a_f47a8f7809556bd3c474b1520fba0d35,p_45ca4c577dcbed18b7d76a72844db007,p_de7751b84215a2b890900c93db9f1d01,6,289,29,55,2159,187458,84,189617,290.65743944636682,656114.18685121113,2257.3452380952381,0.34523809523809523,0.011386109895209818
r_86be4dc1e52af08eed7f0efe4171a60a,Direct file transfer,d_fd46828b3606c9bab93dce55ae07fefe,0,1,a_f47a8f7809556bd3c474b1520fba0d35,a_f47a8f7809556bd3c474b1520fba0d35,p_6fcb14ce35ca5cf8cbda941ef279d975,p_77dbe3e2b43b6b81a173862305b375d0,6,1234,53,46,305311,3355,99,308666,80.226904376012968,250134.52188006483,3117.8383838383838,0.53535353535353536,0.98913064607050982
r_43acb708b8686d4a47f3430586103662,Direct file transfer,d_fd46828b3606c9bab93dce55ae07fefe,0,1,a_f47a8f7809556bd3c474b1520fba0d35,a_f47a8f7809556bd3c474b1520fba0d35,p_1ba2bd5ac603ee673fd1a009753f536c,p_dd74cc5b69b608ff00edcb1d8b246822,6,285,32,61,2369,188126,93,190495,326.31578947368422,668403.50877192989,2048.3333333333335,0.34408602150537637,0.012436021942833145
r_34154891c8aae260c9b98ec3b7b35547,Direct file transfer,d_fd46828b3606c9bab93dce55ae07fefe,0,1,a_f47a8f7809556bd3c474b1520fba0d35,a_f47a8f7809556bd3c474b1520fba0d35,p_025379f4d37f5c541cdf1ba3390da8e6,p_77dbe3e2b43b6b81a173862305b375d0,6,287,26,56,1975,319082,82,321057,285.71428571428572,1118665.505226481,3915.3292682926831,0.31707317073170732,0.0061515556427674837
r_08e749c9a87b5bb22b16c18db0cfa50e,Direct file transfer,d_fd46828b3606c9bab93dce55ae07fefe,0,1,a_f47a8f7809556bd3c474b1520fba0d35,a_f47a8f7809556bd3c474b1520fba0d35,p_967f1d836bcef7599945663c1975b56a,p_77dbe3e2b43b6b81a173862305b375d0,6,1110,49,45,291930,3289,94,295219,84.684684684684683,265963.06306306302,3140.627659574468,0.52127659574468088,0.98885911814618976
r_256c55b2525e18cafeb4167d49592628,Direct file transfer,d_fd46828b3606c9bab93dce55ae07fefe,0,1,a_f47a8f7809556bd3c474b1520fba0d35,a_f47a8f7809556bd3c474b1520fba0d35,p_abb838c37dc5e30052e375d27143aff2,p_6688deacbc9d093f76efd71ae803001d,6,244,38,60,2753,148466,98,151219,401.63934426229508,619750,1543.0510204081634,0.38775510204081631,0.018205384244043409
r_cee6ed08979febe330e8c773ef9a22cf,Direct file transfer,d_fd46828b3606c9bab93dce55ae07fefe,0,1,a_f47a8f7809556bd3c474b1520fba0d35,a_f47a8f7809556bd3c474b1520fba0d35,p_e8cf342c3e8f653f1cec6fad10652951,p_73a113db56cae583b0f4d27a2f1f0ea3,6,1226,53,46,305311,3355,99,308666,80.750407830342581,251766.72104404567,3117.8383838383838,0.53535353535353536,0.98913064607050982
r_5d0707e42715826f9f6107b82113d058,Direct file transfer,d_fd46828b3606c9bab93dce55ae07fefe,0,1,a_f47a8f7809556bd3c474b1520fba0d35,a_f47a8f7809556bd3c474b1520fba0d35,p_0e29c1c39023f0cd6485f0a101dbd8ee,p_77dbe3e2b43b6b81a173862305b375d0,6,1348,57,48,318690,3487,105,322177,77.893175074183972,239003.70919881304,3068.3523809523808,0.54285714285714282,0.9891767568758788
r_c733820614e6b5a396c6dae8164800c4,Direct file transfer,d_fd46828b3606c9bab93dce55ae07fefe,0,1,a_f47a8f7809556bd3c474b1520fba0d35,a_f47a8f7809556bd3c474b1520fba0d35,p_f70b8aa7df753ab0cd37eead3fc7fd18,p_73a113db56cae583b0f4d27a2f1f0ea3,6,1107,49,44,291930,3223,93,295153,84.010840108401084,266624.20957542909,3173.6881720430106,0.5268817204301075,0.98908023974006698
r_a086ef279f3d7a69786131a2f42fdcdb,Direct file transfer,d_fd46828b3606c9bab93dce55ae07fefe,0,1,a_f47a8f7809556bd3c474b1520fba0d35,a_f47a8f7809556bd3c474b1520fba0d35,p_755708f7f41371a4664e7df5273a4e89,p_73a113db56cae583b0f4d27a2f1f0ea3,6,292,36,67,2635,227622,103,230257,352.7397260273973,788551.36986301374,2235.5048543689322,0.34951456310679613,0.011443734609588417
r_dd686c0dfba5424ce7d4f616a54c5be5,Direct file transfer,d_fd46828b3606c9bab93dce55ae07fefe,0,1,a_f47a8f7809556bd3c474b1520fba0d35,a_f47a8f7809556bd3c474b1520fba0d35,p_7ea2c0c98747ae3f0300ce6d32316ead,p_dd74cc5b69b608ff00edcb1d8b246822,6,1111,49,44,291929,3221,93,295150,83.708370837083706,265661.56615661568,3173.6559139784945,0.5268817204301075,0.98908690496357787
r_9d75f99cc9e863ae68e01744dac057e3,Direct file transfer,d_fd46828b3606c9bab93dce55ae07fefe,0,1,a_f47a8f7809556bd3c474b1520fba0d35,a_f47a8f7809556bd3c474b1520fba0d35,p_c7780b8910a9460bd8b767ad6db8c28f,p_6688deacbc9d093f76efd71ae803001d,6,1119,49,45,291929,3287,94,295216,84.003574620196602,263821.2689901698,3140.5957446808511,0.52127659574468088,0.98886577963254019
r_eff30b47fe8298f0003ca20168dc52d1,Direct file transfer,d_fd46828b3606c9bab93dce55ae07fefe,0,1,a_f47a8f7809556bd3c474b1520fba0d35,a_f47a8f7809556bd3c474b1520fba0d35,p_8fee2abc49a74b1b5674b07962407d19,p_c0f14bbd0a7540f9669573a1a65f5285,6,1279,55,47,279227,3419,102,282646,79.749804534792816,220989.83580922597,2771.0392156862745,0.53921568627450978,0.98790359672523231
r_2f02695a15053b0fec465b35dd1199b4,Direct file transfer,d_fd46828b3606c9bab93dce55ae07fefe,0,1,a_f47a8f7809556bd3c474b1520fba0d35,a_f47a8f7809556bd3c474b1520fba0d35,p_6f54474ffa6c2a78ee9310f60c3ed2b0,p_6688deacbc9d093f76efd71ae803001d,6,290,41,66,2951,161969,107,164920,368.96551724137936,568689.6551724138,1541.3084112149534,0.38317757009345793,0.017893524132912928
r_ef8a49f7e107dc483ef760e712ea69a7,Direct file transfer,d_fd46828b3606c9bab93dce55ae07fefe,0,1,a_f47a8f7809556bd3c474b1520fba0d35,a_f47a8f7809556bd3c474b1520fba0d35,p_ffb21b33f30f1ce724d864e8066c9e02,p_f20f8250c88d103697dd803efa0f0d0c,6,122,25,37,1905,264921,62,266826,508.19672131147541,2187098.3606557376,4303.6451612903229,0.40322580645161288,0.0071394841582154665
r_ae89bd88e54a041504edd41136456fe8,Direct file transfer,d_fd46828b3606c9bab93dce55ae07fefe,0,1,a_f47a8f7809556bd3c474b1520fba0d35,a_f47a8f7809556bd3c474b1520fba0d35,p_31208f05c742282d9bb929e9d88d0960,p_c0f14bbd0a7540f9669573a1a65f5285,6,582,31,30,264489,2293,61,266782,104.81099656357389,458388.31615120277,4373.4754098360654,0.50819672131147542,0.99140496735162043
r_7b02fb8f861cac42132117e49a0f747c,Direct file transfer,d_fd46828b3606c9bab93dce55ae07fefe,0,1,a_f47a8f7809556bd3c474b1520fba0d35,a_f47a8f7809556bd3c474b1520fba0d35,p_364b0161f3c6d42b737c740dfca05519,p_c0f14bbd0a7540f9669573a1a65f5285,6,126,26,38,1969,133913,64,135882,507.93650793650795,1078428.5714285714,2123.15625,0.40625,0.014490513828174446
r_ca6bfce0b2c4a1bff8139d439ab44b93,Direct file transfer,d_fd46828b3606c9bab93dce55ae07fefe,0,1,a_f47a8f7809556bd3c474b1520fba0d35,a_f47a8f7809556bd3c474b1520fba0d35,p_ff8ffdea922142d72db0f5d0296435f6,p_77dbe3e2b43b6b81a173862305b375d0,6,366,26,62,1975,372226,88,374201,240.43715846994536,1022407.1038251367,4252.284090909091,0.29545454545454547,0.0052779121381289736
r_d45ed7e4cbab3cef92ea591815335526,Direct file transfer,d_fd46828b3606c9bab93dce55ae07fefe,0,1,a_f47a8f7809556bd3c474b1520fba0d35,a_f47a8f7809556bd3c474b1520fba0d35,p_f97d974a2bd20a9e85a18cb9c2d65ba9,p_f20f8250c88d103697dd803efa0f0d0c,6,575,31,30,264490,2295,61,266785,106.08695652173914,463973.91304347827,4373.5245901639346,0.50819672131147542,0.99139756732949758
r_c238b04f39914598901af0f402c69935,Direct file transfer,d_fd46828b3606c9bab93dce55ae07fefe,0,1,a_f47a8f7809556bd3c474b1520fba0d35,a_f47a8f7809556bd3c474b1520fba0d35,p_21f2523485b6f05d1d75b8aa214e5119,p_fb701d5a05c03fb8299bbc4274ccd85a,6,1113,49,45,291929,3287,94,295216,84.456424079065584,265243.48607367475,3140.5957446808511,0.52127659574468088,0.98886577963254019
r_6f2e19c3895885d7143f44ec6fa1e9f1,Direct file transfer,d_fd46828b3606c9bab93dce55ae07fefe,0,1,a_f47a8f7809556bd3c474b1520fba0d35,a_f47a8f7809556bd3c474b1520fba0d35,p_2582cbc042be1aa49b1b55a56d3995ad,p_c76517ae9b158cba02287e228c4ea7a9,6,126,26,38,1969,199451,64,201420,507.93650793650795,1598571.4285714286,3147.1875,0.40625,0.0097755932876576312
r_ac0f1e009fac6790c15375a66ee8163c,Direct file transfer,d_fd46828b3606c9bab93dce55ae07fefe,0,1,a_f47a8f7809556bd3c474b1520fba0d35,a_f47a8f7809556bd3c474b1520fba0d35,p_06624ab5d77e367310a0bf1139e1cb8a,p_fb701d5a05c03fb8299bbc4274ccd85a,6,372,32,67,2369,241272,99,243641,266.12903225806451,654948.92473118275,2461.0202020202019,0.32323232323232326,0.0097233224293119796
r_6b4ca10647d8f9f3b2fa44b28cacf690,Direct file transfer,d_fd46828b3606c9bab93dce55ae07fefe,0,1,a_f47a8f7809556bd3c474b1520fba0d35,a_f47a8f7809556bd3c474b1520fba0d35,p_be7819c527c9451b63f85ee54c87f7e5,p_2e2bdff7d79ba86224377da437861888,6,130,26,38,1971,133956,64,135927,492.30769230769226,1045592.3076923076,2123.859375,0.40625,0.014500430378070582
r_83f57afbd79e36f60c6b4781aa4155b2,Direct file transfer,d_fd46828b3606c9bab93dce55ae07fefe,0,1,a_f47a8f7809556bd3c474b1520fba0d35,a_f47a8f7809556bd3c474b1520fba0d35,p_95699d22ed25a5ff378c4988d3bca237,p_2e2bdff7d79ba86224377da437861888,6,584,31,30,264490,2295,61,266785,104.45205479452055,456823.63013698632,4373.5245901639346,0.50819672131147542,0.99139756732949758
r_6348d8ff40f908c7fb9ffd9dceef3bc6,Direct file transfer,d_fd46828b3606c9bab93dce55ae07fefe,0,1,a_f47a8f7809556bd3c474b1520fba0d35,a_f47a8f7809556bd3c474b1520fba0d35,p_c65ee4d3655f394270a32fdea01fa771,p_de7751b84215a2b890900c93db9f1d01,6,585,31,30,264489,2293,61,266782,104.27350427350429,456037.60683760687,4373.4754098360654,0.50819672131147542,0.99140496735162043
r_ec08b7a129202c09e3e3ce4dff77620e,Direct file transfer,d_fd46828b3606c9bab93dce55ae07fefe,0,1,a_f47a8f7809556bd3c474b1520fba0d35,a_f47a8f7809556bd3c474b1520fba0d35,p_310e25c583206823425b2f8e81f34deb,p_dd74cc5b69b608ff00edcb1d8b246822,6,322,42,73,3029,175547,115,178576,357.14285714285711,554583.85093167704,1552.8347826086956,0.36521739130434783,0.016961965773676195
r_190254bc7dd76335fe8bdf3b01ca7c3d,Direct file transfer,d_fd46828b3606c9bab93dce55ae07fefe,0,1,a_f47a8f7809556bd3c474b1520fba0d35,a_f47a8f7809556bd3c474b1520fba0d35,p_25867171f7f96f5bc64cc1b164d574f3,p_dd74cc5b69b608ff00edcb1d8b246822,6,1342,57,48,318689,3485,105,322174,78.241430700447083,240070.04470938895,3068.3238095238094,0.54285714285714282,0.98918286391825538
r_6d48fb880b6aa22c08d9994fddb9f266,Direct file transfer,d_fd46828b3606c9bab93dce55ae07fefe,0,1,a_f47a8f7809556bd3c474b1520fba0d35,a_f47a8f7809556bd3c474b1520fba0d35,p_6f5c4020d6f8998435200615f1a60018,p_fb701d5a05c03fb8299bbc4274ccd85a,6,280,28,57,2105,253559,85,255664,303.57142857142856,913085.7142857142,3007.8117647058825,0.32941176470588235,0.008233462669754053
r_b150d6368119b2c6789cb0683357270e,Direct file transfer,d_fd46828b3606c9bab93dce55ae07fefe,0,1,a_f47a8f7809556bd3c474b1520fba0d35,a_f47a8f7809556bd3c474b1520fba0d35,p_e9a4ce3229f99fc5def53d23117404fc,p_77dbe3e2b43b6b81a173862305b375d0,6,338,25,57,1897,305565,82,307462,242.60355029585799,909650.88757396443,3749.5365853658536,0.3048780487804878,0.0061698681463075115
r_6ce094ea1bc3223c591327935f9e8bf5,Direct file transfer,d_fd46828b3606c9bab93dce55ae07fefe,0,1,a_f47a8f7809556bd3c474b1520fba0d35,a_f47a8f7809556bd3c474b1520fba0d35,p_d465dff542d60d966141ffd471171076,p_fb701d5a05c03fb8299bbc4274ccd85a,6,1243,53,45,305310,3287,98,308597,78.841512469831045,248267.90024135154,3148.9489795918366,0.54081632653061229,0.98934856787331049
r_b51b1d955a9e806fe97c2ea21eb59941,Direct file transfer,d_fd46828b3606c9bab93dce55ae07fefe,0,1,a_f47a8f7809556bd3c474b1520fba0d35,a_f47a8f7809556bd3c474b1520fba0d35,p_58f60cf3640054e1a9e57c96392a47a7,p_fb701d5a05c03fb8299bbc4274ccd85a,6,323,28,60,2105,280132,88,282237,272.44582043343655,873798.76160990715,3207.2386363636365,0.31818181818181818,0.0074582708858158212
r_2e0ef4705b035dafaa3a3b3410b05b48,Direct file transfer,d_fd46828b3606c9bab93dce55ae07fefe,0,1,a_f47a8f7809556bd3c474b1520fba0d35,a_f47a8f7809556bd3c474b1520fba0d35,p_33a07dc50edea6f620d15486912079b7,p_f20f8250c88d103697dd803efa0f0d0c,6,1399,59,49,292608,3553,108,296161,77.197998570407435,211694.78198713367,2742.2314814814813,0.54629629629629628,0.98800314693697011
r_11f24219f9291a7010128dfec1f3f41e,Direct file transfer,d_fd46828b3606c9bab93dce55ae07fefe,0,1,a_f47a8f7809556bd3c474b1520fba0d35,a_f47a8f7809556bd3c474b1520fba0d35,p_406c39a0aa91af31c163f2399cbe7d2a,p_73a113db56cae583b0f4d27a2f1f0ea3,6,333,32,64,2371,214742,96,217113,288.2882882882883,651990.99099099101,2261.59375,0.33333333333333331,0.01092058052719091
r_9347ecbd0039b21c862ec0d8f543d5cf,Direct file transfer,d_fd46828b3606c9bab93dce55ae07fefe,0,1,a_f47a8f7809556bd3c474b1520fba0d35,a_f47a8f7809556bd3c474b1520fba0d35,p_8ef0320de3fed3a96b12a88430bdfe96,p_6688deacbc9d093f76efd71ae803001d,6,1240,53,45,305310,3287,98,308597,79.032258064516128,248868.54838709679,3148.9489795918366,0.54081632653061229,0.98934856787331049
r_c53accfaf7afc96660a0816ef888f53f,Direct file transfer,d_fd46828b3606c9bab93dce55ae07fefe,0,1,a_f47a8f7809556bd3c474b1520fba0d35,a_f47a8f7809556bd3c474b1520fba0d35,p_b43ec9748e7498a855e3b5260a69725b,p_dd74cc5b69b608ff00edcb1d8b246822,6,366,32,67,2369,241270,99,243639,270.49180327868851,665680.32786885253,2461,0.32323232323232326,0.0097234022467667328
r_faf4e486441d2ed795d59c5a6419ce6e,Direct file transfer,d_fd46828b3606c9bab93dce55ae07fefe,0,1,a_f47a8f7809556bd3c474b1520fba0d35,a_f47a8f7809556bd3c474b1520fba0d35,p_36b3527ab4441786d83aa105e26d413a,p_f20f8250c88d103697dd803efa0f0d0c,6,1279,55,47,279228,3421,102,282649,79.749804534792816,220992.18139171228,2771.0686274509803,0.53921568627450978,0.98789664920095244
r_80f39fd5487d3de76c863ab36bd09a1d,Direct file transfer,d_fd46828b3606c9bab93dce55ae07fefe,0,1,a_f47a8f7809556bd3c474b1520fba0d35,a_f47a8f7809556bd3c474b1520fba0d35,p_843f6a8276e60ebfb194829460d809aa,p_f20f8250c88d103697dd803efa0f0d0c,6,332,25,58,1897,344952,83,346849,250,1044725.9036144578,4178.9036144578313,0.30120481927710846,0.0054692387753748749
r_15fa4fbed59b53e1b358b4b1fed22dbe,Direct file transfer,d_fd46828b3606c9bab93dce55ae07fefe,0,1,a_f47a8f7809556bd3c474b1520fba0d35,a_f47a8f7809556bd3c474b1520fba0d35,p_d85fd4c17df24e05bd49a1a1358f3e15,p_c76517ae9b158cba02287e228c4ea7a9,6,328,27,61,2039,293463,88,295502,268.29268292682923,900920.73170731706,3357.9772727272725,0.30681818181818182,0.0069001225034009926
r_f81fa9771b82e4f43fa5a5d48c4eff64,Direct file transfer,d_fd46828b3606c9bab93dce55ae07fefe,0,1,a_f47a8f7809556bd3c474b1520fba0d35,a_f47a8f7809556bd3c474b1520fba0d35,p_8c74e8e29e2980deb9016a27a84a4bb0,p_2e2bdff7d79ba86224377da437861888,6,1303,55,47,279228,3421,102,282649,78.280890253261703,216921.71910974674,2771.0686274509803,0.53921568627450978,0.98789664920095244
r_512f99f9ac180b1e1a2feb57144051d1,Direct file transfer,d_fd46828b3606c9bab93dce55ae07fefe,0,1,a_f47a8f7809556bd3c474b1520fba0d35,a_f47a8f7809556bd3c474b1520fba0d35,p_5226d9a834f259da081609f221764293,p_2e2bdff7d79ba86224377da437861888,6,330,32,66,2371,162550,98,164921,296.96969696969694,499760.60606060602,1682.8673469387754,0.32653061224489793,0.014376580302084028
r_d1fe067798da2ef68335faae738f02af,Direct file transfer,d_fd46828b3606c9bab93dce55ae07fefe,0,1,a_f47a8f7809556bd3c474b1520fba0d35,a_f47a8f7809556bd3c474b1520fba0d35,p_8d1d9f5a56ddb53c41d79624f9dd70f0,p_6688deacbc9d093f76efd71ae803001d,6,1344,57,47,318689,3419,104,322108,77.38095238095238,239663.69047619047,3097.1923076923076,0.54807692307692313,0.9893855477044966
r_fb8959e4ba07267335918a49912eaeb5,Direct file transfer,d_fd46828b3606c9bab93dce55ae07fefe,0,1,a_f47a8f7809556bd3c474b1520fba0d35,a_f47a8f7809556bd3c474b1520fba0d35,p_b5c72e8d6403447dd1037e2f7a848d76,p_de7751b84215a2b890900c93db9f1d01,6,329,29,62,2159,148598,91,150757,276.59574468085106,458227.96352583583,1656.6703296703297,0.31868131868131866,0.01432105971862003
r_ad77fa4dc59a60351f28dc027a0f8a34,Direct file transfer,d_fd46828b3606c9bab93dce55ae07fefe,0,1,a_f47a8f7809556bd3c474b1520fba0d35,a_f47a8f7809556bd3c474b1520fba0d35,p_cb620d49ce99dd78d53c0ea7e301e33a,p_6688deacbc9d093f76efd71ae803001d,6,331,42,73,3029,175539,115,178568,347.43202416918427,539480.36253776436,1552.7652173913043,0.36521739130434783,0.01696272568433314
r_18aa92af94c1ee6a01a63fab0f8896d8,Direct file transfer,d_fd46828b3606c9bab93dce55ae07fefe,0,1,a_f47a8f7809556bd3c474b1520fba0d35,a_f47a8f7809556bd3c474b1520fba0d35,p_7e535dd6c4ca366d3a7c28122fff2b2b,p_de7751b84215a2b890900c93db9f1d01,6,1288,55,47,279227,3419,102,282646,79.192546583850927,219445.65217391303,2771.0392156862745,0.53921568627450978,0.98790359672523231
r_66da5da7174cae3a42b756a530975ce1,Direct file transfer,d_fd46828b3606c9bab93dce55ae07fefe,0,1,a_f47a8f7809556bd3c474b1520fba0d35,a_f47a8f7809556bd3c474b1520fba0d35,p_a639c9b7d1fd41db02cba8de29f49da9,p_c0f14bbd0a7540f9669573a1a65f5285,6,329,28,62,2105,227991,90,230096,273.5562310030395,699379.93920972641,2556.6222222222223,0.31111111111111112,0.0091483554690216257
r_c73438dcfbf652c988c693e273bb14ef,Direct file transfer,d_fd46828b3606c9bab93dce55ae07fefe,0,1,a_f47a8f7809556bd3c474b1520fba0d35,a_f47a8f7809556bd3c474b1520fba0d35,p_bc96a7114ba034916f2a7113e2417cab,p_6688deacbc9d093f76efd71ae803001d,6,364,43,82,3095,137023,125,140118,343.4065934065934,384939.56043956045,1120.944,0.34399999999999997,0.022088525385746301
r_4f4b1a98f089d2ff78ee51718725cac0,Direct file transfer,d_fd46828b3606c9bab93dce55ae07fefe,0,1,a_f47a8f7809556bd3c474b1520fba0d35,a_f47a8f7809556bd3c474b1520fba0d35,p_55d08bb66af72d14c4b859be8ea1e4d6,p_c0f14bbd0a7540f9669573a1a65f5285,6,420,26,67,1973,346605,93,348578,221.42857142857144,829947.61904761905,3748.1505376344085,0.27956989247311825,0.0056601391940971609
r_fdf2993a6e3db8a89104cdf083279008,Direct file transfer,d_fd46828b3606c9bab93dce55ae07fefe,0,1,a_f47a8f7809556bd3c474b1520fba0d35,a_f47a8f7809556bd3c474b1520fba0d35,p_37b4bcc154794d6f38099d8ac4503b8e,p_c76517ae9b158cba02287e228c4ea7a9,6,1274,55,47,279227,3419,102,282646,80.062794348508632,221857.14285714284,2771.0392156862745,0.53921568627450978,0.98790359672523231
r_2b15462961cf852b1e494f0ab7ad3033,Direct file transfer,d_fd46828b3606c9bab93dce55ae07fefe,0,1,a_f47a8f7809556bd3c474b1520fba0d35,a_f47a8f7809556bd3c474b1520fba0d35,p_376bdb312dac19b220b001ff405fb414,p_fb701d5a05c03fb8299bbc4274ccd85a,6,1464,61,49,266525,3551,110,270076,75.136612021857928,184478.14207650273,2455.2363636363634,0.55454545454545456,0.9868518491091397
r_3479ea3404ad36171751e9b227a3cf2f,Direct file transfer,d_fd46828b3606c9bab93dce55ae07fefe,0,1,a_f47a8f7809556bd3c474b1520fba0d35,a_f47a8f7809556bd3c474b1520fba0d35,p_24fd5eeb8eeadfafbc2c4525d26473d2,p_73a113db56cae583b0f4d27a2f1f0ea3,6,367,32,67,2371,241313,99,243684,269.75476839237058,663989.10081743868,2461.4545454545455,0.32323232323232326,0.0097298140214375998
r_7d432f1e3a9140df4654f338f54cd6dd,Direct file transfer,d_fd46828b3606c9bab93dce55ae07fefe,0,1,a_f47a8f7809556bd3c474b1520fba0d35,a_f47a8f7809556bd3c474b1520fba0d35,p_db438460819bd236091ca2c62e9a3d44,p_73a113db56cae583b0f4d27a2f1f0ea3,6,1342,57,48,318690,3487,105,322177,78.241430700447083,240072.28017883754,3068.3523809523808,0.54285714285714282,0.9891767568758788
r_f6b112ff04d3a06b36ead30febbcc355,Direct file transfer,d_fd46828b3606c9bab93dce55ae07fefe,0,1,a_f47a8f7809556bd3c474b1520fba0d35,a_f47a8f7809556bd3c474b1520fba0d35,p_2ff4c7ec51e7abe906489850b41e7843,p_73a113db56cae583b0f4d27a2f1f0ea3,6,374,27,67,2041,202362,94,204403,251.33689839572193,546532.08556149737,2174.5,0.28723404255319152,0.0099851763428129726
r_316cc35c1be4955c5bebadfe05df4f13,Direct file transfer,d_fd46828b3606c9bab93dce55ae07fefe,0,1,a_f47a8f7809556bd3c474b1520fba0d35,a_f47a8f7809556bd3c474b1520fba0d35,p_8910138b34b71c52c9a0dba49b03b236,p_c76517ae9b158cba02287e228c4ea7a9,6,366,28,65,2105,254511,93,256616,254.09836065573771,701136.61202185799,2759.3118279569894,0.30107526881720431,0.0082029179786139595
r_03393d77c225d3a17ae8df72f5bcbee2,Direct file transfer,d_fd46828b3606c9bab93dce55ae07fefe,0,1,a_f47a8f7809556bd3c474b1520fba0d35,a_f47a8f7809556bd3c474b1520fba0d35,p_e61a97329c4d8be81cc05041d26f57be,p_6688deacbc9d093f76efd71ae803001d,6,368,42,79,3029,189042,121,192071,328.80434782608694,521932.0652173913,1587.3636363636363,0.34710743801652894,0.015770209974436535
r_46087689e7d260337a864a5a67bb0b87,Direct file transfer,d_fd46828b3606c9bab93dce55ae07fefe,0,1,a_f47a8f7809556bd3c474b1520fba0d35,a_f47a8f7809556bd3c474b1520fba0d35,p_2d09746f9f7de788eb39c3464b829f3c,p_c0f14bbd0a7540f9669573a1a65f5285,6,1524,63,49,305988,3551,112,309539,73.490813648293965,203109.58005249343,2763.7410714285716,0.5625,0.9885281014670203
r_698e504ce4f5fdb1b50b178b4557c05a,Direct file transfer,d_fd46828b3606c9bab93dce55ae07fefe,0,1,a_f47a8f7809556bd3c474b1520fba0d35,a_f47a8f7809556bd3c474b1520fba0d35,p_fbc25368d9bd9888966980d0c2119247,p_fb701d5a05c03fb8299bbc4274ccd85a,6,1368,57,48,318689,3485,105,322174,76.754385964912274,235507.30994152045,3068.3238095238094,0.54285714285714282,0.98918286391825538
r_ef54b993db92646ecfcce2279c04a915,Direct file transfer,d_fd46828b3606c9bab93dce55ae07fefe,0,1,a_f47a8f7809556bd3c474b1520fba0d35,a_f47a8f7809556bd3c474b1520fba0d35,p_9d2fec6f5fdac0bb62ba8670b247984e,p_c0f14bbd0a7540f9669573a1a65f5285,6,1411,59,48,292607,3485,107,296092,75.83274273564848,209845.49964564139,2767.2149532710282,0.55140186915887845,0.98823000959161345
r_c9e376ba0901796c44da5c08ed6de08e,Direct file transfer,d_fd46828b3606c9bab93dce55ae07fefe,0,1,a_f47a8f7809556bd3c474b1520fba0d35,a_f47a8f7809556bd3c474b1520fba0d35,p_210e92169c9a8def4bb75cb8c27d0ffe,p_c0f14bbd0a7540f9669573a1a65f5285,6,371,28,65,2105,254509,93,256614,250.67385444743937,691681.94070080866,2759.2903225806454,0.30107526881720431,0.0082029819105738574
r_3abae9cdee7005bcfc5133606cfdbfee,Direct file transfer,d_fd46828b3606c9bab93dce55ae07fefe,0,1,a_f47a8f7809556bd3c474b1520fba0d35,a_f47a8f7809556bd3c474b1520fba0d35,p_ff8cfe6dab7a21fcbb6d98f184772504,p_f20f8250c88d103697dd803efa0f0d0c,6,360,43,79,3085,162837,122,165922,338.88888888888891,460894.44444444444,1360.016393442623,0.35245901639344263,0.01859307385397958
r_05a55dea939ffb3d0aa888363b4efe51,Direct file transfer,d_fd46828b3606c9bab93dce55ae07fefe,0,1,a_f47a8f7809556bd3c474b1520fba0d35,a_f47a8f7809556bd3c474b1520fba0d35,p_0d2c4f825b3cb333584a302630fe4383,p_c76517ae9b158cba02287e228c4ea7a9,6,1406,59,49,292607,3551,108,296158,76.813655761024194,210638.69132290187,2742.2037037037039,0.54629629629629628,0.98800977856414485
r_939606541482d34f03151457cd5f89a6,Direct file transfer,d_fd46828b3606c9bab93dce55ae07fefe,0,1,a_f47a8f7809556bd3c474b1520fba0d35,a_f47a8f7809556bd3c474b1520fba0d35,p_0ecd47a7e0da17c25fc11810c3980ab1,p_dd74cc5b69b608ff00edcb1d8b246822,6,385,43,82,3095,137031,125,140126,324.67532467532465,363963.63636363635,1121.008,0.34399999999999997,0.022087264319255527
r_d8787e3802b949c91eaff33a8526ddb3,Direct file transfer,d_fd46828b3606c9bab93dce55ae07fefe,0,1,a_f47a8f7809556bd3c474b1520fba0d35,a_f47a8f7809556bd3c474b1520fba0d35,p_54409a434785b57301e939df16931857,p_2e2bdff7d79ba86224377da437861888,6,1404,59,48,292608,3487,107,296095,76.210826210826212,210893.87464387465,2767.2429906542056,0.55140186915887845,0.98822337425488438
r_86d1cdc402958ff84e776115e19383e3,Direct file transfer,d_fd46828b3606c9bab93dce55ae07fefe,0,1,a_f47a8f7809556bd3c474b1520fba0d35,a_f47a8f7809556bd3c474b1520fba0d35,p_6ea857680641592c31f1be24a0b52cb1,p_2e2bdff7d79ba86224377da437861888,6,372,43,79,3085,162878,122,165963,327.95698924731181,446137.09677419357,1360.3524590163934,0.35245901639344263,0.018588480564945199
r_5c8c177e25a831f6ffac7498bd902501,Direct file transfer,d_fd46828b3606c9bab93dce55ae07fefe,0,1,a_f47a8f7809556bd3c474b1520fba0d35,a_f47a8f7809556bd3c474b1520fba0d35,p_840fd6c8b87c4db74913665571cb71a1,p_77dbe3e2b43b6b81a173862305b375d0,6,367,43,82,3097,137033,125,140130,340.59945504087193,381825.61307901907,1121.04,0.34399999999999997,0.022100906301291658
r_629766c5aed3a5386b2a4ad605074ec1,Direct file transfer,d_fd46828b3606c9bab93dce55ae07fefe,0,1,a_f47a8f7809556bd3c474b1520fba0d35,a_f47a8f7809556bd3c474b1520fba0d35,p_b1e06b383d2e064f59591bed5954ecf9,p_77dbe3e2b43b6b81a173862305b375d0,6,1466,61,49,266526,3553,110,270079,75.034106412005457,184228.51296043658,2455.2636363636366,0.55454545454545456,0.98684458991628377
r_bfd486e86b6071f6d8e89ef53056dfd4,Direct file transfer,d_fd46828b3606c9bab93dce55ae07fefe,0,1,a_f47a8f7809556bd3c474b1520fba0d35,a_f47a8f7809556bd3c474b1520fba0d35,p_7928641898b53889fcc0c043767bc0c8,p_dd74cc5b69b608ff00edcb1d8b246822,6,403,43,85,3095,163602,128,166697,317.61786600496276,413640.19851116621,1302.3203125,0.3359375,0.018566620875000751
r_434fbd3d0f19682a0dbebb55d9cbb1c0,Direct file transfer,d_fd46828b3606c9bab93dce55ae07fefe,0,1,a_f47a8f7809556bd3c474b1520fba0d35,a_f47a8f7809556bd3c474b1520fba0d35,p_7f9e76f888aae44c2224873822119445,p_de7751b84215a2b890900c93db9f1d01,6,1407,59,46,292607,3353,105,295960,74.626865671641795,210348.25870646766,2818.6666666666665,0.56190476190476191,0.98867076631977291
r_344003a8a0d9b918ac2d5848c01389f4,Direct file transfer,d_fd46828b3606c9bab93dce55ae07fefe,0,1,a_f47a8f7809556bd3c474b1520fba0d35,a_f47a8f7809556bd3c474b1520fba0d35,p_a41e9a57d9c7209978379c3e036fad54,p_de7751b84215a2b890900c93db9f1d01,6,378,43,79,3083,162827,122,165910,322.75132275132273,438915.34391534392,1359.9180327868853,0.35245901639344263,0.018582363932252426
r_5bc71ed88b3fb0e5903466e1307e06c6,Direct file transfer,d_fd46828b3606c9bab93dce55ae07fefe,0,1,a_f47a8f7809556bd3c474b1520fba0d35,a_f47a8f7809556bd3c474b1520fba0d35,p_8dbcd623674d1dfcba0cf3fb92a096d3,p_dd74cc5b69b608ff00edcb1d8b246822,6,1460,61,49,266525,3551,110,270076,75.342465753424662,184983.56164383562,2455.2363636363634,0.55454545454545456,0.9868518491091397
r_2aac0d4aabf37aba08704e67c84712c6,Direct file transfer,d_fd46828b3606c9bab93dce55ae07fefe,0,1,a_f47a8f7809556bd3c474b1520fba0d35,a_f47a8f7809556bd3c474b1520fba0d35,p_f07fcabfbe6a051cbc4c57aea9cfff03,p_73a113db56cae583b0f4d27a2f1f0ea3,6,1458,61,48,266526,3487,109,270013,74.759945130315501,185194.10150891633,2477.1834862385322,0.55963302752293576,0.98708580697966397
r_539d1710ff7e769f20d720f8c78dec22,Direct file transfer,d_fd46828b3606c9bab93dce55ae07fefe,0,1,a_f47a8f7809556bd3c474b1520fba0d35,a_f47a8f7809556bd3c474b1520fba0d35,p_0443c73b24f1e1dced8d8950212a9c10,p_fb701d5a05c03fb8299bbc4274ccd85a,6,370,37,76,2699,202491,113,205190,305.40540540540542,554567.56756756757,1815.8407079646017,0.32743362831858408,0.013153662459184172
r_33022692cfb083420d8ec9e187ea7974,Direct file transfer,d_fd46828b3606c9bab93dce55ae07fefe,0,1,a_f47a8f7809556bd3c474b1520fba0d35,a_f47a8f7809556bd3c474b1520fba0d35,p_0831b119276663e0608545d18f1ae15d,p_dd74cc5b69b608ff00edcb1d8b246822,6,1702,69,52,293285,3749,121,297034,71.092831962397184,174520.56404230319,2454.8264462809916,0.57024793388429751,0.98737854925698743
r_ad2b41fe3a04ea23a4d6a5044bb2b335,Direct file transfer,d_fd46828b3606c9bab93dce55ae07fefe,0,1,a_f47a8f7809556bd3c474b1520fba0d35,a_f47a8f7809556bd3c474b1520fba0d35,p_73f53e518abe9ff6c592b26eaa2d9f92,p_6688deacbc9d093f76efd71ae803001d,6,1443,61,49,266525,3551,110,270076,76.230076230076222,187162.85516285515,2455.2363636363634,0.55454545454545456,0.9868518491091397
r_db8084a3d573959fc6af082a1a960622,Direct file transfer,d_fd46828b3606c9bab93dce55ae07fefe,0,1,a_f47a8f7809556bd3c474b1520fba0d35,a_f47a8f7809556bd3c474b1520fba0d35,p_f62b32c43e14f9fd1a9ea578957fb3ad,p_77dbe3e2b43b6b81a173862305b375d0,6,453,32,77,2371,190032,109,192403,240.61810154525386,424730.68432671082,1765.165137614679,0.29357798165137616,0.012323092675270136
r_27c964c645ef7a88ebb8975fd5020f8f,Direct file transfer,d_fd46828b3606c9bab93dce55ae07fefe,0,1,a_f47a8f7809556bd3c474b1520fba0d35,a_f47a8f7809556bd3c474b1520fba0d35,p_5df5b9e9ecc8564764b1e861076d1650,p_f20f8250c88d103697dd803efa0f0d0c,6,1522,63,50,305989,3619,113,309608,74.244415243101187,203421.81340341654,2739.8938053097345,0.55752212389380529,0.98831102555489525
r_f77e61dab6487e920ada13ddc29902b5,Direct file transfer,d_fd46828b3606c9bab93dce55ae07fefe,0,1,a_f47a8f7809556bd3c474b1520fba0d35,a_f47a8f7809556bd3c474b1520fba0d35,p_6e5ddb819406928da13c9af0ad1fdac5,p_f20f8250c88d103697dd803efa0f0d0c,6,408,28,68,2107,281137,96,283244,235.29411764705884,694225.49019607843,2950.4583333333335,0.29166666666666669,0.0074388160031633507
r_5ecc2595f344689b90fbddec1a752a7c,Direct file transfer,d_fd46828b3606c9bab93dce55ae07fefe,0,1,a_f47a8f7809556bd3c474b1520fba0d35,a_f47a8f7809556bd3c474b1520fba0d35,p_47857a97dd46bdac96411c3a9aa10687,p_2e2bdff7d79ba86224377da437861888,6,425,27,68,2041,281125,95,283166,223.52941176470588,666272.9411764706,2980.6947368421052,0.28421052631578947,0.0072077862455238268
r_97dfcee39732390bb38de7ac84fc9115,Direct file transfer,d_fd46828b3606c9bab93dce55ae07fefe,0,1,a_f47a8f7809556bd3c474b1520fba0d35,a_f47a8f7809556bd3c474b1520fba0d35,p_38c1e53c7c9473483eea9f46eec6aaaa,p_c76517ae9b158cba02287e228c4ea7a9,6,1528,63,49,305988,3551,112,309539,73.298429319371721,202577.87958115182,2763.7410714285716,0.5625,0.9885281014670203
r_c1abf0c894a31331cefb7b712a26b2ca,Direct file transfer,d_fd46828b3606c9bab93dce55ae07fefe,0,1,a_f47a8f7809556bd3c474b1520fba0d35,a_f47a8f7809556bd3c474b1520fba0d35,p_3bd094d99c41f3b5334fdb3df4fa9e4e,p_c76517ae9b158cba02287e228c4ea7a9,6,404,27,68,2039,281084,95,283123,235.14851485148515,700799.50495049497,2980.242105263158,0.28421052631578947,0.0072018168781766232
r_12fa83392cd2eeed48c379931a3ca5aa,Direct file transfer,d_fd46828b3606c9bab93dce55ae07fefe,0,1,a_f47a8f7809556bd3c474b1520fba0d35,a_f47a8f7809556bd3c474b1520fba0d35,p_2076e62a40c2fc0f164c40131ea5d9a9,p_2e2bdff7d79ba86224377da437861888,6,1527,63,50,305989,3619,113,309608,74.001309757694827,202755.73018991487,2739.8938053097345,0.55752212389380529,0.98831102555489525
r_a31d290325e835a1a531a1def50aa6ba,Direct file transfer,d_fd46828b3606c9bab93dce55ae07fefe,0,1,a_f47a8f7809556bd3c474b1520fba0d35,a_f47a8f7809556bd3c474b1520fba0d35,p_f22223ddf8dac5e3b7dd1599e8d89833,p_de7751b84215a2b890900c93db9f1d01,6,1509,63,50,305988,3617,113,309605,74.884029158383044,205172.29953611665,2739.8672566371683,0.55752212389380529,0.98831737213546289
r_ca2067e8ea1fcf2e5715ca9d8aa6bca5,Direct file transfer,d_fd46828b3606c9bab93dce55ae07fefe,0,1,a_f47a8f7809556bd3c474b1520fba0d35,a_f47a8f7809556bd3c474b1520fba0d35,p_dea134644688a724dda744f0b22c89b3,p_de7751b84215a2b890900c93db9f1d01,6,407,29,69,2171,215604,98,217775,240.7862407862408,535073.71007371007,2222.1938775510203,0.29591836734693877,0.0099690047066926871
r_4fa055cbe4ea68b11be801c3c17c4a5f,Direct file transfer,d_fd46828b3606c9bab93dce55ae07fefe,0,1,a_f47a8f7809556bd3c474b1520fba0d35,a_f47a8f7809556bd3c474b1520fba0d35,p_fd38bdeac6132b17b8c28119df707161,p_c0f14bbd0a7540f9669573a1a65f5285,6,465,43,82,3095,307849,125,310944,268.81720430107526,668696.77419354836,2487.5520000000001,0.34399999999999997,0.0099535607697849131
r_bbf5bc62dbe6ccf565658dc995259e12,Direct file transfer,d_fd46828b3606c9bab93dce55ae07fefe,0,1,a_f47a8f7809556bd3c474b1520fba0d35,a_f47a8f7809556bd3c474b1520fba0d35,p_de3c779a217f8b7c118d1d52f08a7967,p_2e2bdff7d79ba86224377da437861888,6,287,32,63,2367,135977,95,138344,331.01045296167251,482034.84320557496,1456.2526315789473,0.33684210526315789,0.017109524084889839
r_6b2fe36f1a5d20973bcc58774ab270da,Direct file transfer,d_fd46828b3606c9bab93dce55ae07fefe,0,1,a_f47a8f7809556bd3c474b1520fba0d35,a_f47a8f7809556bd3c474b1520fba0d35,p_685423bc713d11b65816255746409754,p_73a113db56cae583b0f4d27a2f1f0ea3,6,1681,69,52,293286,3751,121,297037,71.980963712076147,176702.55800118975,2454.8512396694214,0.57024793388429751,0.98737194356258651
r_ea4cec183496826daf386b04c7d49145,Direct file transfer,d_fd46828b3606c9bab93dce55ae07fefe,0,1,a_f47a8f7809556bd3c474b1520fba0d35,a_f47a8f7809556bd3c474b1520fba0d35,p_dc8b5b5bde184b470792d00185b1d9b3,p_73a113db56cae583b0f4d27a2f1f0ea3,6,406,29,71,2173,163463,100,165636,246.30541871921181,407970.44334975368,1656.3599999999999,0.28999999999999998,0.013119128691830278
r_da47a3fe9433fb76748c3c2650683688,Direct file transfer,d_fd46828b3606c9bab93dce55ae07fefe,0,1,a_f47a8f7809556bd3c474b1520fba0d35,a_f47a8f7809556bd3c474b1520fba0d35,p_3104858b310e178a68f967e3c32bb5ae,p_77dbe3e2b43b6b81a173862305b375d0,6,1579,65,51,279906,3685,116,283591,73.464217859404684,179601.64661177961,2444.75,0.56034482758620685,0.98700593460300223
r_f54370f5c8f40381e9cace7d3279d9af,Direct file transfer,d_fd46828b3606c9bab93dce55ae07fefe,0,1,a_f47a8f7809556bd3c474b1520fba0d35,a_f47a8f7809556bd3c474b1520fba0d35,p_0f6659fa26506ab9ee9b3083e3b18b21,p_c76517ae9b158cba02287e228c4ea7a9,6,286,27,59,2035,201367,86,203402,300.69930069930075,711195.80419580429,2365.1395348837209,0.31395348837209303,0.010004818045053638
r_4db131583ccab95f246ea6bb6214e961,Direct file transfer,d_fd46828b3606c9bab93dce55ae07fefe,0,1,a_f47a8f7809556bd3c474b1520fba0d35,a_f47a8f7809556bd3c474b1520fba0d35,p_e631e7a79dcca640844749c215e39da1,p_77dbe3e2b43b6b81a173862305b375d0,6,409,38,67,2767,359872,105,362639,256.72371638141811,886647.92176039121,3453.7047619047621,0.3619047619047619,0.0076301776698038549
r_628fe6f8893fef90d748135af02e8e8d,Direct file transfer,d_fd46828b3606c9bab93dce55ae07fefe,0,1,a_f47a8f7809556bd3c474b1520fba0d35,a_f47a8f7809556bd3c474b1520fba0d35,p_e0dba930d32a6de3ea66426a69f085ca,p_6688deacbc9d093f76efd71ae803001d,6,458,43,88,3095,190165,131,193260,286.02620087336243,421965.0655021834,1475.2671755725191,0.3282442748091603,0.016014695229224878
r_e90e2cf68cdc50db3899f7410dbf5e2f,Direct file transfer,d_fd46828b3606c9bab93dce55ae07fefe,0,1,a_f47a8f7809556bd3c474b1520fba0d35,a_f47a8f7809556bd3c474b1520fba0d35,p_a7e0af19af03b5e19a85b9c70ff919e6,p_fb701d5a05c03fb8299bbc4274ccd85a,6,1580,65,51,279905,3683,116,283588,73.417721518987335,179486.07594936708,2444.7241379310344,0.56034482758620685,0.98701284962692359
r_6e5005c93ab6af065def72ff339c2067,Direct file transfer,d_fd46828b3606c9bab93dce55ae07fefe,0,1,a_f47a8f7809556bd3c474b1520fba0d35,a_f47a8f7809556bd3c474b1520fba0d35,p_29464122cd9ca208aedfb1b14c1930eb,p_fb701d5a05c03fb8299bbc4274ccd85a,6,401,26,69,1973,294415,95,296388,236.90773067331671,739122.19451371569,3119.8736842105263,0.27368421052631581,0.0066568147158454459
r_82c74217e73533cfea782b609e0d683d,Direct file transfer,d_fd46828b3606c9bab93dce55ae07fefe,0,1,a_f47a8f7809556bd3c474b1520fba0d35,a_f47a8f7809556bd3c474b1520fba0d35,p_b684a247b4e2dc0884a16585b5166392,p_73a113db56cae583b0f4d27a2f1f0ea3,6,1579,65,49,279906,3553,114,283459,72.19759341355288,179518.04939835338,2486.4824561403507,0.57017543859649122,0.98746555939306924
r_c05ca222c42863204b7e0ba80ee5251c,Direct file transfer,d_fd46828b3606c9bab93dce55ae07fefe,0,1,a_f47a8f7809556bd3c474b1520fba0d35,a_f47a8f7809556bd3c474b1520fba0d35,p_1ee319403131f756d2f04bd5aa990e1e,p_2e2bdff7d79ba86224377da437861888,6,460,28,71,2107,307696,99,309803,215.21739130434781,673484.78260869568,3129.3232323232323,0.28282828282828282,0.00680109618047598
r_446caf970e9be7b421b8d410da1bec42,Direct file transfer,d_fd46828b3606c9bab93dce55ae07fefe,0,1,a_f47a8f7809556bd3c474b1520fba0d35,a_f47a8f7809556bd3c474b1520fba0d35,p_268b64600112a543ec00663b96147116,p_2e2bdff7d79ba86224377da437861888,6,1178,51,45,265846,3285,96,269131,81.494057724957557,228464.34634974535,2803.4479166666665,0.53125,0.987794048251595
r_14523dfd2eabfa5f393b0adbea63c95d,Direct file transfer,d_fd46828b3606c9bab93dce55ae07fefe,0,1,a_f47a8f7809556bd3c474b1520fba0d35,a_f47a8f7809556bd3c474b1520fba0d35,p_0bf80a19fc2755ed22190b0def5b5ca8,p_6688deacbc9d093f76efd71ae803001d,6,1571,65,51,279905,3683,116,283588,73.838319541693195,180514.32208784216,2444.7241379310344,0.56034482758620685,0.98701284962692359
r_f1ea6eef477be541b468f862621f283f,Direct file transfer,d_fd46828b3606c9bab93dce55ae07fefe,0,1,a_f47a8f7809556bd3c474b1520fba0d35,a_f47a8f7809556bd3c474b1520fba0d35,p_67f6f9683fecf980b8db4d81f74cc79c,p_6688deacbc9d093f76efd71ae803001d,6,404,32,74,2369,163451,106,165820,262.37623762376234,410445.54455445544,1564.3396226415093,0.30188679245283018,0.014286575805089857
r_d62f336c75ad2349c9b921aa67179bda,Direct file transfer,d_fd46828b3606c9bab93dce55ae07fefe,0,1,a_f47a8f7809556bd3c474b1520fba0d35,a_f47a8f7809556bd3c474b1520fba0d35,p_dccff7ceb6e94d2d6c09fe263e845b81,p_c0f14bbd0a7540f9669573a1a65f5285,6,1641,67,52,319367,3749,119,323116,72.516758074344907,196901.88909201705,2715.2605042016808,0.56302521008403361,0.98839735574839993
r_a01a1d9ec2b019d7caf113f8a2460d03,Direct file transfer,d_fd46828b3606c9bab93dce55ae07fefe,0,1,a_f47a8f7809556bd3c474b1520fba0d35,a_f47a8f7809556bd3c474b1520fba0d35,p_42eead2a184cb41a6f6fe0cfb9e3be08,p_dd74cc5b69b608ff00edcb1d8b246822,6,1577,65,49,279905,3551,114,283456,72.289156626506028,179743.81737476221,2486.4561403508774,0.57017543859649122,0.98747248250169339
r_e7bed3d44abfd660fb9952fde3d57855,Direct file transfer,d_fd46828b3606c9bab93dce55ae07fefe,0,1,a_f47a8f7809556bd3c474b1520fba0d35,a_f47a8f7809556bd3c474b1520fba0d35,p_349e5d5d8ad3fd8fe1fe77e1ba414e1f,p_f20f8250c88d103697dd803efa0f0d0c,6,1638,67,50,319368,3619,117,322987,71.428571428571431,197183.76068376069,2760.5726495726494,0.57264957264957261,0.98879521466808262
r_e780ca09929ef214d3d174270441e288,Direct file transfer,d_fd46828b3606c9bab93dce55ae07fefe,0,1,a_f47a8f7809556bd3c474b1520fba0d35,a_f47a8f7809556bd3c474b1520fba0d35,p_e45ae53cae5a8c262ba421d435316c22,p_f20f8250c88d103697dd803efa0f0d0c,6,462,27,68,2029,384934,95,386963,205.62770562770561,837582.25108225108,4073.2947368421051,0.28421052631578947,0.0052433953633809951
r_09af152d6df63ea0d05f15d57e2cceef,Direct file transfer,d_fd46828b3606c9bab93dce55ae07fefe,0,1,a_f47a8f7809556bd3c474b1520fba0d35,a_f47a8f7809556bd3c474b1520fba0d35,p_e1c80e1c73813485b6ccda953490a686,p_c76517ae9b158cba02287e228c4ea7a9,6,1644,67,51,319367,3683,118,323050,71.776155717761554,196502.43309002434,2737.7118644067796,0.56779661016949157,0.9885992880359078
r_19a8f8cabfda18dfdc8344c67ec0e984,Direct file transfer,d_fd46828b3606c9bab93dce55ae07fefe,0,1,a_f47a8f7809556bd3c474b1520fba0d35,a_f47a8f7809556bd3c474b1520fba0d35,p_e55d109d36fa34bfe7e66ae739e6da4f,p_c76517ae9b158cba02287e228c4ea7a9,6,450,43,82,3095,307851,125,310946,277.77777777777777,690991.11111111112,2487.5680000000002,0.34399999999999997,0.0099534967486315951
r_75707e6b928f72b4ec426b5d97375c8d,Direct file transfer,d_fd46828b3606c9bab93dce55ae07fefe,0,1,a_f47a8f7809556bd3c474b1520fba0d35,a_f47a8f7809556bd3c474b1520fba0d35,p_665a0ba69b9ef5e6e1ff6be0e688478b,p_2e2bdff7d79ba86224377da437861888,6,1650,67,52,319368,3751,119,323119,72.121212121212125,195829.69696969699,2715.2857142857142,0.56302521008403361,0.98839127380314995
r_0e986b76817e677977332e35aab01094,Direct file transfer,d_fd46828b3606c9bab93dce55ae07fefe,0,1,a_f47a8f7809556bd3c474b1520fba0d35,a_f47a8f7809556bd3c474b1520fba0d35,p_0575b8adf3d26ef16bfa5624b622ea45,p_f20f8250c88d103697dd803efa0f0d0c,6,290,28,58,2091,200771,86,202862,296.55172413793105,699524.13793103455,2358.8604651162791,0.32558139534883723,0.010307499679585136
r_758c977afac9f1f6f51126b5de5b1fba,Direct file transfer,d_fd46828b3606c9bab93dce55ae07fefe,0,1,a_f47a8f7809556bd3c474b1520fba0d35,a_f47a8f7809556bd3c474b1520fba0d35,p_00bd2f643b044c6f1b0f7dd41ef1b95d,p_2e2bdff7d79ba86224377da437861888,6,1849,75,55,280584,3949,130,284533,70.308274743104377,153884.80259599784,2188.7153846153847,0.57692307692307687,0.98612111776138445
r_4ec12e580c1f3e446c63ac6710f70415,Direct file transfer,d_fd46828b3606c9bab93dce55ae07fefe,0,1,a_f47a8f7809556bd3c474b1520fba0d35,a_f47a8f7809556bd3c474b1520fba0d35,p_c64f6181406faf54783d2cecc70134f1,p_de7751b84215a2b890900c93db9f1d01,6,1648,67,52,319367,3749,119,323116,72.208737864077676,196065.53398058252,2715.2605042016808,0.56302521008403361,0.98839735574839993
r_8e751deb8e26b9fb699197776c29f83e,Direct file transfer,d_fd46828b3606c9bab93dce55ae07fefe,0,1,a_f47a8f7809556bd3c474b1520fba0d35,a_f47a8f7809556bd3c474b1520fba0d35,p_1b0a6813e0c8bb1d25c67adb2a60b8a9,p_de7751b84215a2b890900c93db9f1d01,6,457,28,71,2105,307698,99,309803,216.63019693654266,677905.90809628007,3129.3232323232323,0.28282828282828282,0.0067946404650697382
r_c7632334d1c64ed52a2cab5e0ed47298,Direct file transfer,d_fd46828b3606c9bab93dce55ae07fefe,0,1,a_f47a8f7809556bd3c474b1520fba0d35,a_f47a8f7809556bd3c474b1520fba0d35,p_d06e2f8047bdf5bf3df3d7c6b9a96a12,p_de7751b84215a2b890900c93db9f1d01,6,1859,75,55,280583,3947,130,284530,69.930069930069934,153055.4061323292,2188.6923076923076,0.57692307692307687,0.98612800056233085
r_b8607578c1d79768e7630d3c51b6aea8,Direct file transfer,d_fd46828b3606c9bab93dce55ae07fefe,0,1,a_f47a8f7809556bd3c474b1520fba0d35,a_f47a8f7809556bd3c474b1520fba0d35,p_8d93e33fe70cf6a5cf50dde47d854062,p_c0f14bbd0a7540f9669573a1a65f5285,6,296,42,70,3025,136025,112,139050,378.37837837837839,469763.51351351355,1241.5178571428571,0.375,0.021754764473211074
r_0bcd89f715c315bd11e18534131be207,Direct file transfer,d_fd46828b3606c9bab93dce55ae07fefe,0,1,a_f47a8f7809556bd3c474b1520fba0d35,a_f47a8f7809556bd3c474b1520fba0d35,p_2516793a8999d973f854cb4bc6ee4380,p_77dbe3e2b43b6b81a173862305b375d0,6,1695,69,51,293286,3685,120,296971,70.796460176991147,175204.12979351031,2474.7583333333332,0.57499999999999996,0.98759138097659371
r_ffc6b6326043d353bfad33d234dc803c,Direct file transfer,d_fd46828b3606c9bab93dce55ae07fefe,0,1,a_f47a8f7809556bd3c474b1520fba0d35,a_f47a8f7809556bd3c474b1520fba0d35,p_3baacc7b4d36ddb2913dac02f21aae75,p_dd74cc5b69b608ff00edcb1d8b246822,6,454,43,88,3095,190173,131,193268,288.54625550660791,425700.44052863435,1475.3282442748091,0.3282442748091603,0.016014032328166068
r_57d655f4cf04837613fe7062f82c9d05,Direct file transfer,d_fd46828b3606c9bab93dce55ae07fefe,0,1,a_f47a8f7809556bd3c474b1520fba0d35,a_f47a8f7809556bd3c474b1520fba0d35,p_13f8184759441659e0801602da3a97b2,p_fb701d5a05c03fb8299bbc4274ccd85a,6,1681,69,53,293285,3815,122,297100,72.575847709696603,176740.03569303986,2435.2459016393441,0.56557377049180324,0.98715920565466175
r_199badefcfeb1985e5498c5ab813ff9f,Direct file transfer,d_fd46828b3606c9bab93dce55ae07fefe,0,1,a_f47a8f7809556bd3c474b1520fba0d35,a_f47a8f7809556bd3c474b1520fba0d35,p_25705adcb7262cfa72f70f3d640301b5,p_fb701d5a05c03fb8299bbc4274ccd85a,6,455,37,82,2699,321169,119,323868,261.53846153846155,711797.80219780223,2721.5798319327732,0.31092436974789917,0.0083336421011029182
r_9842ba7c7e7c2bdcd6a1c81c9cf3785b,Direct file transfer,d_fd46828b3606c9bab93dce55ae07fefe,0,1,a_f47a8f7809556bd3c474b1520fba0d35,a_f47a8f7809556bd3c474b1520fba0d35,p_35dbf1f67da6d5210113450a4d0ba2d3,p_73a113db56cae583b0f4d27a2f1f0ea3,6,461,28,73,2107,255504,101,257611,219.08893709327549,558809.11062906717,2550.6039603960394,0.27722772277227725,0.0081789985676077488
r_ecde07c99d961d8cf0880f02707f2c82,Direct file transfer,d_fd46828b3606c9bab93dce55ae07fefe,0,1,a_f47a8f7809556bd3c474b1520fba0d35,a_f47a8f7809556bd3c474b1520fba0d35,p_872b325178d20a55ec6dc36d68c83465,p_77dbe3e2b43b6b81a173862305b375d0,6,1804,73,53,306667,3817,126,310484,69.844789356984478,172108.64745011085,2464.1587301587301,0.57936507936507942,0.9877062908233597
r_4340788aa61eb35fe685d1051a90471a,Direct file transfer,d_fd46828b3606c9bab93dce55ae07fefe,0,1,a_f47a8f7809556bd3c474b1520fba0d35,a_f47a8f7809556bd3c474b1520fba0d35,p_8e8574d03d0ba39c1e0fbaf753e64dae,p_6688deacbc9d093f76efd71ae803001d,6,1821,73,53,306666,3815,126,310481,69.192751235584851,170500.27457440968,2464.1349206349205,0.57936507936507942,0.98771261365429763
r_adccf48707ecff85020db77acb9b4d05,Direct file transfer,d_fd46828b3606c9bab93dce55ae07fefe,0,1,a_f47a8f7809556bd3c474b1520fba0d35,a_f47a8f7809556bd3c474b1520fba0d35,p_c4f4c5727cc83091b9b94b92730b1e3c,p_c0f14bbd0a7540f9669573a1a65f5285,6,1164,51,45,265845,3283,96,269128,82.474226804123717,231209.62199312716,2803.4166666666665,0.53125,0.98780134359858507
r_1fe90367a697d675d9350a5617f9a820,Direct file transfer,d_fd46828b3606c9bab93dce55ae07fefe,0,1,a_f47a8f7809556bd3c474b1520fba0d35,a_f47a8f7809556bd3c474b1520fba0d35,p_1f412725542a4176cd88f1a7637593f7,p_fb701d5a05c03fb8299bbc4274ccd85a,6,1810,73,54,306666,3881,127,310547,70.165745856353595,171572.92817679557,2445.251968503937,0.57480314960629919,0.9875026968542604
r_dd2b217e1e612a4191e49fb218d80dcd,Direct file transfer,d_fd46828b3606c9bab93dce55ae07fefe,0,1,a_f47a8f7809556bd3c474b1520fba0d35,a_f47a8f7809556bd3c474b1520fba0d35,p_983c2ef3f8cf09bb9bf65bc7aa8eb7b1,p_f20f8250c88d103697dd803efa0f0d0c,6,1182,51,44,265846,3219,95,269065,80.372250423011849,227635.36379018615,2832.2631578947367,0.5368421052631579,0.98803634809432661
r_7a736956b743144f17e54fbe569e9229,Direct file transfer,d_fd46828b3606c9bab93dce55ae07fefe,0,1,a_f47a8f7809556bd3c474b1520fba0d35,a_f47a8f7809556bd3c474b1520fba0d35,p_44be917ef414d10168c5c18aec5b5a48,p_c76517ae9b158cba02287e228c4ea7a9,6,1164,51,42,265845,3085,93,268930,79.896907216494853,231039.51890034365,2891.7204301075267,0.54838709677419351,0.98852861339381992
r_9feb84644f67ab69481c571fe8ff58b2,Direct file transfer,d_fd46828b3606c9bab93dce55ae07fefe,0,1,a_f47a8f7809556bd3c474b1520fba0d35,a_f47a8f7809556bd3c474b1520fba0d35,p_e24e7c1199d888e5b5ca4516a346c09d,p_f20f8250c88d103697dd803efa0f0d0c,6,1855,75,55,280584,3949,130,284533,70.080862533692724,153387.06199460916,2188.7153846153847,0.57692307692307687,0.98612111776138445
r_5def719d362b90b58bbcdb7ae90303ea,Direct file transfer,d_fd46828b3606c9bab93dce55ae07fefe,0,1,a_f47a8f7809556bd3c474b1520fba0d35,a_f47a8f7809556bd3c474b1520fba0d35,p_54409a434785b57301e939df16931857,p_de7751b84215a2b890900c93db9f1d01,6,1174,51,45,265845,3283,96,269128,81.771720613287911,229240.20442930155,2803.4166666666665,0.53125,0.98780134359858507
r_faef3104265faf4b814a160f2123aa22,Direct file transfer,d_fd46828b3606c9bab93dce55ae07fefe,0,1,a_f47a8f7809556bd3c474b1520fba0d35,a_f47a8f7809556bd3c474b1520fba0d35,p_828c7aa54c0aafc254d5ed96662ee1ed,p_6688deacbc9d093f76efd71ae803001d,6,546,43,94,3095,243309,137,246404,250.91575091575089,451289.37728937727,1798.5693430656934,0.31386861313868614,0.012560672716352007
r_97b01136a91e3aaff26ab2d4b4f106bd,Direct file transfer,d_fd46828b3606c9bab93dce55ae07fefe,0,1,a_f47a8f7809556bd3c474b1520fba0d35,a_f47a8f7809556bd3c474b1520fba0d35,p_2e1880efd8d11bc674f7a0f7c53f7241,p_dd74cc5b69b608ff00edcb1d8b246822,6,496,43,91,3095,216746,134,219841,270.16129032258067,443227.82258064515,1640.6044776119404,0.32089552238805968,0.014078356630473842
r_60702e4a1d6aa8bfbbd94ede19bfa086,Direct file transfer,d_fd46828b3606c9bab93dce55ae07fefe,0,1,a_f47a8f7809556bd3c474b1520fba0d35,a_f47a8f7809556bd3c474b1520fba0d35,p_0cbe6b9ef031e0f85bb9afedad60595e,p_f20f8250c88d103697dd803efa0f0d0c,6,504,33,81,2425,149862,114,152287,226.19047619047618,302156.74603174604,1335.8508771929824,0.28947368421052633,0.015923880567612469
r_1fd8a015e552ee468ea2445c9746159d,Direct file transfer,d_fd46828b3606c9bab93dce55ae07fefe,0,1,a_f47a8f7809556bd3c474b1520fba0d35,a_f47a8f7809556bd3c474b1520fba0d35,p_749b3c5e9525503590349aea084d0830,p_fb701d5a05c03fb8299bbc4274ccd85a,6,486,27,75,2039,347559,102,349598,209.87654320987656,719337.44855967083,3427.4313725490197,0.26470588235294118,0.0058324132289086323
r_aee1ba088decc0f9ecf698c2beaf4458,Direct file transfer,d_fd46828b3606c9bab93dce55ae07fefe,0,1,a_f47a8f7809556bd3c474b1520fba0d35,a_f47a8f7809556bd3c474b1520fba0d35,p_0cc4b9c2d9594caff51800f3d969bd3e,p_77dbe3e2b43b6b81a173862305b375d0,6,493,43,91,3097,216748,134,219845,271.80527383367138,445933.06288032455,1640.6343283582089,0.32089552238805968,0.014087197798448907
r_b60dd20c9c128a664035db6f0de0ce5b,Direct file transfer,d_fd46828b3606c9bab93dce55ae07fefe,0,1,a_f47a8f7809556bd3c474b1520fba0d35,a_f47a8f7809556bd3c474b1520fba0d35,p_badca21dcaa55f84dc2d5da527f20db7,p_6688deacbc9d093f76efd71ae803001d,6,1710,69,52,293285,3749,121,297034,70.760233918128662,173704.09356725146,2454.8264462809916,0.57024793388429751,0.98737854925698743
r_a0e3fbb236b4fc308054d12877e0515b,Direct file transfer,d_fd46828b3606c9bab93dce55ae07fefe,0,1,a_f47a8f7809556bd3c474b1520fba0d35,a_f47a8f7809556bd3c474b1520fba0d35,p_8b65924e429fa32e7f8613d7d2c314b8,p_73a113db56cae583b0f4d27a2f1f0ea3,6,1813,73,54,306667,3883,127,310550,70.049641478212905,171290.67843353559,2445.2755905511813,0.57480314960629919,0.98749637739494445
r_888385512a513e8786c6c74fb686ff6c,Direct file transfer,d_fd46828b3606c9bab93dce55ae07fefe,0,1,a_f47a8f7809556bd3c474b1520fba0d35,a_f47a8f7809556bd3c474b1520fba0d35,p_0227c1314d8451170aeb0e8d29bdd9df,p_73a113db56cae583b0f4d27a2f1f0ea3,6,496,29,76,2173,282130,105,284303,211.69354838709677,573191.53225806449,2707.6476190476192,0.27619047619047621,0.0076432538524039495
r_136ababb26d5c48f755d2e6e3b714885,Direct file transfer,d_fd46828b3606c9bab93dce55ae07fefe,0,1,a_f47a8f7809556bd3c474b1520fba0d35,a_f47a8f7809556bd3c474b1520fba0d35,p_0f9cc7038939620a0c4a29c3033e3a1e,p_de7751b84215a2b890900c93db9f1d01,6,481,30,78,2225,149654,108,151879,224.53222453222455,315756.75675675675,1406.287037037037,0.27777777777777779,0.014649819922438257
r_27ee0760597c504caf879dd6ed82c3ca,Direct file transfer,d_fd46828b3606c9bab93dce55ae07fefe,0,1,a_f47a8f7809556bd3c474b1520fba0d35,a_f47a8f7809556bd3c474b1520fba0d35,p_ecbaf13b1bf4a0d26805c108031b3ff4,p_6688deacbc9d093f76efd71ae803001d,6,486,33,79,2423,175935,112,178358,230.45267489711935,366991.76954732509,1592.4821428571429,0.29464285714285715,0.013585036836026418
r_70b2ead672ebd1b50295fb35c770e2aa,Direct file transfer,d_fd46828b3606c9bab93dce55ae07fefe,0,1,a_f47a8f7809556bd3c474b1520fba0d35,a_f47a8f7809556bd3c474b1520fba0d35,p_ea0d499f69577dfc76be2afcc10e4413,p_c0f14bbd0a7540f9669573a1a65f5285,6,1853,75,55,280583,3947,130,284530,70.156502968159742,153550.99838100377,2188.6923076923076,0.57692307692307687,0.98612800056233085
r_7cbf057089b10f61c5e10776b8592467,Direct file transfer,d_fd46828b3606c9bab93dce55ae07fefe,0,1,a_f47a8f7809556bd3c474b1520fba0d35,a_f47a8f7809556bd3c474b1520fba0d35,p_3284923f8573f80d7bea7d95bebd8167,p_c0f14bbd0a7540f9669573a1a65f5285,6,493,28,77,2105,295365,105,297470,212.98174442190668,603387.42393509124,2833.0476190476193,0.26666666666666666,0.0070763438329915626
r_0f4b282229b28e5942a059ace7d83ef4,Direct file transfer,d_fd46828b3606c9bab93dce55ae07fefe,0,1,a_f47a8f7809556bd3c474b1520fba0d35,a_f47a8f7809556bd3c474b1520fba0d35,p_20e336a4d052f42fec914fde2762bc42,p_de7751b84215a2b890900c93db9f1d01,6,293,28,59,2101,201357,87,203458,296.92832764505124,694395.90443686012,2338.5977011494251,0.32183908045977011,0.010326455582970441
r_249b2556b2d865e031f96fa1a51dc072,Direct file transfer,d_fd46828b3606c9bab93dce55ae07fefe,0,1,a_f47a8f7809556bd3c474b1520fba0d35,a_f47a8f7809556bd3c474b1520fba0d35,p_41b486df814a40741c13882423dafc7b,p_c76517ae9b158cba02287e228c4ea7a9,6,1871,75,55,280583,3947,130,284530,69.481560662747199,152073.75734901123,2188.6923076923076,0.57692307692307687,0.98612800056233085
r_6dab74fc816634889dd41184f710310b,Direct file transfer,d_fd46828b3606c9bab93dce55ae07fefe,0,1,a_f47a8f7809556bd3c474b1520fba0d35,a_f47a8f7809556bd3c474b1520fba0d35,p_3974fb6369910d830efd6fe30bf4521f,p_c76517ae9b158cba02287e228c4ea7a9,6,491,28,76,2093,280604,104,282697,211.81262729124236,575757.63747454179,2718.2403846153848,0.26923076923076922,0.0074036866326844643
r_69f574ff87025ed92634fb52ddc74a3b,Direct file transfer,d_fd46828b3606c9bab93dce55ae07fefe,0,1,a_f47a8f7809556bd3c474b1520fba0d35,a_f47a8f7809556bd3c474b1520fba0d35,p_a7a2a3f3a40ca12cfd5bf344b5281aad,p_c76517ae9b158cba02287e228c4ea7a9,6,530,43,96,3095,191127,139,194222,262.2641509433962,366456.60377358488,1397.2805755395684,0.30935251798561153,0.015935372923767649
r_88b7b0fc48ff66a20082074cacbdd361,Direct file transfer,d_fd46828b3606c9bab93dce55ae07fefe,0,1,a_f47a8f7809556bd3c474b1520fba0d35,a_f47a8f7809556bd3c474b1520fba0d35,p_fc8596fb413e1855ce5b20964baaf848,p_73a113db56cae583b0f4d27a2f1f0ea3,6,531,29,82,2161,202398,111,204559,209.03954802259886,385233.52165725047,1842.8738738738739,0.26126126126126126,0.010564189304797149
r_4104481ef81b951b886ba35a7440fcd5,Direct file transfer,d_fd46828b3606c9bab93dce55ae07fefe,0,1,a_f47a8f7809556bd3c474b1520fba0d35,a_f47a8f7809556bd3c474b1520fba0d35,p_99fdffbce4f7bc41b391cb5b5a415cc8,p_dd74cc5b69b608ff00edcb1d8b246822,6,1805,73,52,306666,3749,125,310415,69.252077562326875,171975.06925207758,2483.3200000000002,0.58399999999999996,0.98792261971876361
r_14cd47b02c818e8f8c5848b533ae5ef7,Direct file transfer,d_fd46828b3606c9bab93dce55ae07fefe,0,1,a_f47a8f7809556bd3c474b1520fba0d35,a_f47a8f7809556bd3c474b1520fba0d35,p_1026ca35b228869e83e49d9bb0f3905a,p_2e2bdff7d79ba86224377da437861888,6,497,28,76,2095,280645,104,282740,209.25553319919518,568893.36016096582,2718.6538461538462,0.26923076923076922,0.0074096342929900263
r_f5af2094ee1ea570a79dabb89e900677,Direct file transfer,d_fd46828b3606c9bab93dce55ae07fefe,0,1,a_f47a8f7809556bd3c474b1520fba0d35,a_f47a8f7809556bd3c474b1520fba0d35,p_e44f6217fdb87e60810331254c72c0a1,p_2e2bdff7d79ba86224377da437861888,6,533,43,96,3097,191168,139,194265,260.78799249530954,364474.67166979361,1397.5899280575541,0.30935251798561153,0.015942140890021363
r_509d96af3e667c3844e28fd8b074c8d3,Direct file transfer,d_fd46828b3606c9bab93dce55ae07fefe,0,1,a_f47a8f7809556bd3c474b1520fba0d35,a_f47a8f7809556bd3c474b1520fba0d35,p_8254a4ee89db0f04809f22406592285f,p_73a113db56cae583b0f4d27a2f1f0ea3,6,1933,77,55,320046,3949,132,323995,68.287635799275733,167612.51939989653,2454.507575757576,0.58333333333333337,0.98781154030154783
r_05b507e0c18caaf29123ce677e320963,Direct file transfer,d_fd46828b3606c9bab93dce55ae07fefe,0,1,a_f47a8f7809556bd3c474b1520fba0d35,a_f47a8f7809556bd3c474b1520fba0d35,p_cbd3912e73a937bf5c3893240154d88a,p_6688deacbc9d093f76efd71ae803001d,6,1929,77,56,320045,4013,133,324058,68.947641264904092,167992.74235355106,2436.5263157894738,0.57894736842105265,0.98761641434558012
r_24330be20ae4cc2fd2ed11d7f438a551,Direct file transfer,d_fd46828b3606c9bab93dce55ae07fefe,0,1,a_f47a8f7809556bd3c474b1520fba0d35,a_f47a8f7809556bd3c474b1520fba0d35,p_84711fb559cc25453d7309b8cc7d6125,p_dd74cc5b69b608ff00edcb1d8b246822,6,1945,77,54,320045,3881,131,323926,67.352185089974284,166542.93059125965,2472.7175572519086,0.58778625954198471,0.98801886850700471
r_d9ada33737f1e8023a338f6890fca4c4,Direct file transfer,d_fd46828b3606c9bab93dce55ae07fefe,0,1,a_f47a8f7809556bd3c474b1520fba0d35,a_f47a8f7809556bd3c474b1520fba0d35,p_cff8664e74c8557b2fea8655d732b542,p_dd74cc5b69b608ff00edcb1d8b246822,6,540,33,82,2423,189248,115,191671,212.96296296296296,354946.29629629629,1666.7043478260869,0.28695652173913044,0.012641453323663987
r_bedc2199712bc7d7332b22f030f6cd66,Direct file transfer,d_fd46828b3606c9bab93dce55ae07fefe,0,1,a_f47a8f7809556bd3c474b1520fba0d35,a_f47a8f7809556bd3c474b1520fba0d35,p_4307567380e364bfffefcf4b7dc0fadb,p_dd74cc5b69b608ff00edcb1d8b246822,6,575,43,101,3095,165506,144,168601,250.43478260869568,293219.13043478265,1170.8402777777778,0.2986111111111111,0.018356949247038866
r_14142764695655a018c958421ee40feb,Direct file transfer,d_fd46828b3606c9bab93dce55ae07fefe,0,1,a_f47a8f7809556bd3c474b1520fba0d35,a_f47a8f7809556bd3c474b1520fba0d35,p_68fc616ab72b177f72c294b1ab682b45,p_f20f8250c88d103697dd803efa0f0d0c,6,567,43,99,3097,217700,142,220797,250.4409171075838,389412.69841269846,1554.9084507042253,0.30281690140845069,0.014026458692826442
r_19c2cc3eefb26a82bd3bd5e8a6b795aa,Direct file transfer,d_fd46828b3606c9bab93dce55ae07fefe,0,1,a_f47a8f7809556bd3c474b1520fba0d35,a_f47a8f7809556bd3c474b1520fba0d35,p_25967bd8fa7ada845bfa95db6447624a,p_c0f14bbd0a7540f9669573a1a65f5285,6,532,26,78,1961,293841,104,295802,195.48872180451127,556018.79699248122,2844.25,0.25,0.0066294345541950362
r_b025187544727ac4a39a9a72b5051391,Direct file transfer,d_fd46828b3606c9bab93dce55ae07fefe,0,1,a_f47a8f7809556bd3c474b1520fba0d35,a_f47a8f7809556bd3c474b1520fba0d35,p_328ff2e86371a0951d9cda0d879b7fce,p_77dbe3e2b43b6b81a173862305b375d0,6,1934,77,56,320046,4015,133,324061,68.769389865563596,167559.97931747674,2436.5488721804513,0.57894736842105265,0.98761035730927205
r_c447178e0524b16689875b6be524c798,Direct file transfer,d_fd46828b3606c9bab93dce55ae07fefe,0,1,a_f47a8f7809556bd3c474b1520fba0d35,a_f47a8f7809556bd3c474b1520fba0d35,p_d5e92f4d5833f8e8a5842383770e3201,p_77dbe3e2b43b6b81a173862305b375d0,6,532,29,75,2161,385396,104,387557,195.48872180451127,728490.60150375939,3726.5096153846152,0.27884615384615385,0.0055759539887035971
r_980cb04abffcd0622e7fd17f2210a198,Direct file transfer,d_fd46828b3606c9bab93dce55ae07fefe,0,1,a_f47a8f7809556bd3c474b1520fba0d35,a_f47a8f7809556bd3c474b1520fba0d35,p_e23f8c02c9e591e76a7320f0510c5d9b,p_fb701d5a05c03fb8299bbc4274ccd85a,6,1926,77,53,320045,3815,130,323860,67.49740394600208,168151.60955347872,2491.2307692307691,0.59230769230769231,0.98822021861298093
r_f38432b3718eb10ba201ed4dd9caed0e,Direct file transfer,d_fd46828b3606c9bab93dce55ae07fefe,0,1,a_f47a8f7809556bd3c474b1520fba0d35,a_f47a8f7809556bd3c474b1520fba0d35,p_59e70e0a1a320fc785f1fa907853da8a,p_fb701d5a05c03fb8299bbc4274ccd85a,6,541,33,82,2423,189250,115,191673,212.56931608133087,354293.90018484287,1666.7217391304348,0.28695652173913044,0.012641321417205344
r_bddb2612e6a2cbc0f4aed37fd6160f7f,Direct file transfer,d_fd46828b3606c9bab93dce55ae07fefe,0,1,a_f47a8f7809556bd3c474b1520fba0d35,a_f47a8f7809556bd3c474b1520fba0d35,p_0f9cc7038939620a0c4a29c3033e3a1e,p_73a113db56cae583b0f4d27a2f1f0ea3,6,2149,85,58,281262,4147,143,285409,66.542577943229404,132810.14425314098,1995.8671328671328,0.59440559440559437,0.98546997466793274
r_d4dc54c6c186a5b0a95f7ee1a223a09f,Direct file transfer,d_fd46828b3606c9bab93dce55ae07fefe,0,1,a_f47a8f7809556bd3c474b1520fba0d35,a_f47a8f7809556bd3c474b1520fba0d35,p_ae80a83a8defa313766aef9b5f6f02a9,p_73a113db56cae583b0f4d27a2f1f0ea3,6,530,29,78,2161,254563,107,256724,201.88679245283018,484384.90566037735,2399.2897196261683,0.27102803738317754,0.0084176002243654662
r_b775874c1e94377c12633c3271736680,Direct file transfer,d_fd46828b3606c9bab93dce55ae07fefe,0,1,a_f47a8f7809556bd3c474b1520fba0d35,a_f47a8f7809556bd3c474b1520fba0d35,p_2b0bc14ec20e53241c8f210f20ff7b67,p_dd74cc5b69b608ff00edcb1d8b246822,6,2150,85,59,281261,4211,144,285472,66.976744186046517,132777.67441860467,1982.4444444444443,0.59027777777777779,0.98524899114449049
r_a5b01db55485d61286316f4b380532bb,Direct file transfer,d_fd46828b3606c9bab93dce55ae07fefe,0,1,a_f47a8f7809556bd3c474b1520fba0d35,a_f47a8f7809556bd3c474b1520fba0d35,p_6a06901953053c0f796136dfd55aad67,p_c0f14bbd0a7540f9669573a1a65f5285,6,1988,79,57,293963,4079,136,298042,68.410462776659955,149920.523138833,2191.4852941176468,0.58088235294117652,0.98631400943491188
r_aad3fbb97b14a09d1212ca81293cfecd,Direct file transfer,d_fd46828b3606c9bab93dce55ae07fefe,0,1,a_f47a8f7809556bd3c474b1520fba0d35,a_f47a8f7809556bd3c474b1520fba0d35,p_4d79019902cc8d891b29f7bb814adf0e,p_f20f8250c88d103697dd803efa0f0d0c,6,1974,79,56,293964,4015,135,297979,68.389057750759875,150951.874366768,2207.2518518518518,0.58518518518518514,0.98652589612019637
r_d3d73414269fe6351e33221488dba9e0,Direct file transfer,d_fd46828b3606c9bab93dce55ae07fefe,0,1,a_f47a8f7809556bd3c474b1520fba0d35,a_f47a8f7809556bd3c474b1520fba0d35,p_05714b835a9ff132e1be09e10c9a7086,p_f20f8250c88d103697dd803efa0f0d0c,6,525,43,96,3097,191127,139,194224,264.76190476190476,369950.47619047615,1397.294964028777,0.30935251798561153,0.015945506219622704
r_81f2c6c4081df667a8aeb384bd13e13e,Direct file transfer,d_fd46828b3606c9bab93dce55ae07fefe,0,1,a_f47a8f7809556bd3c474b1520fba0d35,a_f47a8f7809556bd3c474b1520fba0d35,p_ea352dda47cb4c721530f494e6b8d0c4,p_dd74cc5b69b608ff00edcb1d8b246822,6,536,43,98,3095,138935,141,142030,263.05970149253727,264981.34328358207,1007.3049645390071,0.30496453900709219,0.021791170879391676
r_2ae2d9f2eb2bd888e93f7d9f8a1b214d,Direct file transfer,d_fd46828b3606c9bab93dce55ae07fefe,0,1,a_f47a8f7809556bd3c474b1520fba0d35,a_f47a8f7809556bd3c474b1520fba0d35,p_326c60037b5d804f8a9a8ace5bbf454d,p_c76517ae9b158cba02287e228c4ea7a9,6,1982,79,56,293963,4013,135,297976,68.11301715438951,150341.06962663977,2207.2296296296295,0.58518518518518514,0.98653247241388564
r_7be8e7c0cf6cc84127f944eef51e9921,Direct file transfer,d_fd46828b3606c9bab93dce55ae07fefe,0,1,a_f47a8f7809556bd3c474b1520fba0d35,a_f47a8f7809556bd3c474b1520fba0d35,p_acc1dafb9f60edfff61d7a5d4a25f665,p_de7751b84215a2b890900c93db9f1d01,6,2090,83,58,307344,4145,141,311489,67.464114832535884,149037.7990430622,2209.1418439716313,0.58865248226950351,0.98669294902869764
r_360a1c0f8501d495929a0460d9142558,Direct file transfer,d_fd46828b3606c9bab93dce55ae07fefe,0,1,a_f47a8f7809556bd3c474b1520fba0d35,a_f47a8f7809556bd3c474b1520fba0d35,p_9933786f6c70314f241a5c46c417ec57,p_de7751b84215a2b890900c93db9f1d01,6,535,30,82,2237,190935,112,193172,209.34579439252335,361069.15887850465,1724.75,0.26785714285714285,0.011580353260306877
r_05032955f51d643f2acc1fa99b92c70c,Direct file transfer,d_fd46828b3606c9bab93dce55ae07fefe,0,1,a_f47a8f7809556bd3c474b1520fba0d35,a_f47a8f7809556bd3c474b1520fba0d35,p_b88070bea4d19c64694ce87401d6b2ae,p_dd74cc5b69b608ff00edcb1d8b246822,6,2032,81,55,267881,3947,136,271828,66.929133858267718,133773.62204724411,1998.7352941176471,0.59558823529411764,0.98547978868990682
r_e536f491202db1f564b6a4f341cec709,Direct file transfer,d_fd46828b3606c9bab93dce55ae07fefe,0,1,a_f47a8f7809556bd3c474b1520fba0d35,a_f47a8f7809556bd3c474b1520fba0d35,p_6b1660d8fd20990d574afe701fe29a46,p_de7751b84215a2b890900c93db9f1d01,6,1966,79,57,293963,4079,136,298042,69.175991861648015,151598.16887080367,2191.4852941176468,0.58088235294117652,0.98631400943491188
r_b28e5441d509099b90c51ffc08218e05,Direct file transfer,d_fd46828b3606c9bab93dce55ae07fefe,0,1,a_f47a8f7809556bd3c474b1520fba0d35,a_f47a8f7809556bd3c474b1520fba0d35,p_a4a7018357175f743ba76a54e009b12d,p_77dbe3e2b43b6b81a173862305b375d0,6,2046,81,57,267882,4081,138,271963,67.448680351906162,132924.24242424243,1970.7463768115942,0.58695652173913049,0.98499428231046138
r_81c31a3aac071670ace2aeb1a889e77f,Direct file transfer,d_fd46828b3606c9bab93dce55ae07fefe,0,1,a_f47a8f7809556bd3c474b1520fba0d35,a_f47a8f7809556bd3c474b1520fba0d35,p_dcfd68aa1198952d1eeab3e67fb9f1bd,p_77dbe3e2b43b6b81a173862305b375d0,6,536,27,82,2041,269748,109,271789,203.35820895522386,507069.02985074621,2493.4770642201834,0.24770642201834864,0.0075095018562193463
r_84efe060958ed2c953accf3bd8a95174,Direct file transfer,d_fd46828b3606c9bab93dce55ae07fefe,0,1,a_f47a8f7809556bd3c474b1520fba0d35,a_f47a8f7809556bd3c474b1520fba0d35,p_f95a910f619553ff4bfc8d37c3a61b66,p_fb701d5a05c03fb8299bbc4274ccd85a,6,2028,81,56,267881,4013,137,271894,67.554240631163708,134070.01972386587,1984.6277372262773,0.59124087591240881,0.98524057169338053
r_e18dad42495c16cfd96995bea9e10d84,Direct file transfer,d_fd46828b3606c9bab93dce55ae07fefe,0,1,a_f47a8f7809556bd3c474b1520fba0d35,a_f47a8f7809556bd3c474b1520fba0d35,p_33354397d9e919c83d1dcc3fb5c1fbe7,p_fb701d5a05c03fb8299bbc4274ccd85a,6,530,29,83,2171,204225,112,206396,211.32075471698113,389426.41509433958,1842.8214285714287,0.25892857142857145,0.010518614701835308
r_e39123beca9c63899c0f6ba324871950,Direct file transfer,d_fd46828b3606c9bab93dce55ae07fefe,0,1,a_f47a8f7809556bd3c474b1520fba0d35,a_f47a8f7809556bd3c474b1520fba0d35,p_947e1c95480fc656ceb0263b7d6a55f1,p_73a113db56cae583b0f4d27a2f1f0ea3,6,2042,81,55,267882,3949,136,271831,66.60137120470128,133119.98041136141,1998.7573529411766,0.59558823529411764,0.98547259142629062
r_a046ff6b97ac802e65ce3cc4cafdb2bc,Direct file transfer,d_fd46828b3606c9bab93dce55ae07fefe,0,1,a_f47a8f7809556bd3c474b1520fba0d35,a_f47a8f7809556bd3c474b1520fba0d35,p_45e1935655759cd0bff6115bc8603d62,p_6688deacbc9d093f76efd71ae803001d,6,2035,81,57,267881,4079,138,271960,67.813267813267814,133641.27764127764,1970.7246376811595,0.58695652173913049,0.98500147080453004
r_2360dbfbd7b45a1cf895ec5ef7207ae1,Direct file transfer,d_fd46828b3606c9bab93dce55ae07fefe,0,1,a_f47a8f7809556bd3c474b1520fba0d35,a_f47a8f7809556bd3c474b1520fba0d35,p_8c3edadf04544891e5bbfcade0d11a84,p_6688deacbc9d093f76efd71ae803001d,6,536,43,98,3095,138927,141,142022,263.05970149253727,264966.41791044775,1007.2482269503546,0.30496453900709219,0.021792398360817339
r_fe542ab9a8df70b0d3cf25f89d9bfefe,Direct file transfer,d_fd46828b3606c9bab93dce55ae07fefe,0,1,a_f47a8f7809556bd3c474b1520fba0d35,a_f47a8f7809556bd3c474b1520fba0d35,p_fc7d98e6b1e92f6d1b378007951f4745,p_2e2bdff7d79ba86224377da437861888,6,2204,87,60,320724,4279,147,325003,66.696914700544454,147460.52631578947,2210.9047619047619,0.59183673469387754,0.98683396768645215
r_f78b54c9f97e4b3a4eb8e5f28caea9c2,Direct file transfer,d_fd46828b3606c9bab93dce55ae07fefe,0,1,a_f47a8f7809556bd3c474b1520fba0d35,a_f47a8f7809556bd3c474b1520fba0d35,p_f51f25411021ea4d06ad05414b90a621,p_c0f14bbd0a7540f9669573a1a65f5285,6,2104,83,57,307344,4079,140,311423,66.539923954372625,148014.73384030416,2224.4499999999998,0.59285714285714286,0.98690205925702346
r_90e8b10be155a91888641639875a5eac,Direct file transfer,d_fd46828b3606c9bab93dce55ae07fefe,0,1,a_f47a8f7809556bd3c474b1520fba0d35,a_f47a8f7809556bd3c474b1520fba0d35,p_704031e14c29f1602124035fe4b77edf,p_73a113db56cae583b0f4d27a2f1f0ea3,6,2259,89,60,294642,4279,149,298921,65.958388667552015,132324.47985834439,2006.1812080536913,0.59731543624161076,0.98568518103445391
r_1477886c653274a5db3615d363034c29,Direct file transfer,d_fd46828b3606c9bab93dce55ae07fefe,0,1,a_f47a8f7809556bd3c474b1520fba0d35,a_f47a8f7809556bd3c474b1520fba0d35,p_a6cc422d2e9a3338d09bc4a8b721d7d1,p_c0f14bbd0a7540f9669573a1a65f5285,6,569,29,84,2171,282986,113,285157,198.59402460456943,501154.65729349741,2523.5132743362833,0.25663716814159293,0.0076133498388606981
r_6df771eada747bbb65727df6dc12dc91,Direct file transfer,d_fd46828b3606c9bab93dce55ae07fefe,0,1,a_f47a8f7809556bd3c474b1520fba0d35,a_f47a8f7809556bd3c474b1520fba0d35,p_ca62bffeb6cde51ca80e17082a1b8f3d,p_f20f8250c88d103697dd803efa0f0d0c,6,2108,83,58,307345,4147,141,311492,66.888045540796966,147766.60341555977,2209.1631205673757,0.58865248226950351,0.98668665647913911
r_f48f573e6b116544e2fe0fc58efbd4e5,Direct file transfer,d_fd46828b3606c9bab93dce55ae07fefe,0,1,a_f47a8f7809556bd3c474b1520fba0d35,a_f47a8f7809556bd3c474b1520fba0d35,p_13f365bf31f71fcad9e0d8e12c52d8fd,p_6688deacbc9d093f76efd71ae803001d,6,2277,89,61,294641,4343,150,298984,65.876152832674563,131306.10452349583,1993.2266666666667,0.59333333333333338,0.98547413908436576
r_0639cc53e0e95c71443b2565d16ab972,Direct file transfer,d_fd46828b3606c9bab93dce55ae07fefe,0,1,a_f47a8f7809556bd3c474b1520fba0d35,a_f47a8f7809556bd3c474b1520fba0d35,p_98ebefac15c8f2364274d2aae6c4d22f,p_c76517ae9b158cba02287e228c4ea7a9,6,626,44,101,3149,190504,145,193653,231.62939297124601,309349.84025559103,1335.5379310344827,0.30344827586206896,0.016261044238922197
r_e94ccd038288eb4af02ea56d62c75bda,Direct file transfer,d_fd46828b3606c9bab93dce55ae07fefe,0,1,a_f47a8f7809556bd3c474b1520fba0d35,a_f47a8f7809556bd3c474b1520fba0d35,p_3e9d3c400933b08057e75a689b57e8bc,p_2e2bdff7d79ba86224377da437861888,6,617,44,101,3151,190545,145,193696,235.00810372771474,313931.92868719611,1335.8344827586207,0.30344827586206896,0.016267759788534612
r_411f147f6d1c1bb6118bcf80e2b37f63,Direct file transfer,d_fd46828b3606c9bab93dce55ae07fefe,0,1,a_f47a8f7809556bd3c474b1520fba0d35,a_f47a8f7809556bd3c474b1520fba0d35,p_aaf2bfbcff158ae6aa47e9aef6c09ef2,p_c76517ae9b158cba02287e228c4ea7a9,6,2106,83,57,307344,4079,140,311423,66.476733143399812,147874.16904083572,2224.4499999999998,0.59285714285714286,0.98690205925702346
r_6799c70fb058c596704c8ebe93f80818,Direct file transfer,d_fd46828b3606c9bab93dce55ae07fefe,0,1,a_f47a8f7809556bd3c474b1520fba0d35,a_f47a8f7809556bd3c474b1520fba0d35,p_61fa1821d61a59d6173c0fa0c36276e9,p_c76517ae9b158cba02287e228c4ea7a9,6,568,27,83,2039,348511,110,350550,193.66197183098592,617165.49295774649,3186.818181818182,0.24545454545454545,0.005816573955213236
r_9c5cf7563f1e4f8b1a701a1c8cebb4e2,Direct file transfer,d_fd46828b3606c9bab93dce55ae07fefe,0,1,a_f47a8f7809556bd3c474b1520fba0d35,a_f47a8f7809556bd3c474b1520fba0d35,p_6815a5e56181a9fe0f6d21c9333c328d,p_de7751b84215a2b890900c93db9f1d01,6,2211,87,59,320723,4211,146,324934,66.033469018543656,146962.460425147,2225.5753424657532,0.59589041095890416,0.98704044513655076
r_6c03d44d52a31643cf4743040f75f0e0,Direct file transfer,d_fd46828b3606c9bab93dce55ae07fefe,0,1,a_f47a8f7809556bd3c474b1520fba0d35,a_f47a8f7809556bd3c474b1520fba0d35,p_2af0686071f3dffe76cedb70253e3aa6,p_2e2bdff7d79ba86224377da437861888,6,1973,79,57,293964,4081,136,298045,68.930562595032939,151061.83476938671,2191.5073529411766,0.58088235294117652,0.98630743679645694
r_f8783cbf022e9f52115998e8488486f9,Direct file transfer,d_fd46828b3606c9bab93dce55ae07fefe,0,1,a_f47a8f7809556bd3c474b1520fba0d35,a_f47a8f7809556bd3c474b1520fba0d35,p_2dbd88fb73b5b74263483d79fa1c6419,p_f20f8250c88d103697dd803efa0f0d0c,6,455,29,74,2157,201827,103,203984,226.37362637362637,448316.48351648351,1980.4271844660195,0.28155339805825241,0.010574358773237117
r_f603ebf2080c5ca5a52c5a72e05d8a69,Direct file transfer,d_fd46828b3606c9bab93dce55ae07fefe,0,1,a_f47a8f7809556bd3c474b1520fba0d35,a_f47a8f7809556bd3c474b1520fba0d35,p_82e80ef22e9803bf5e45a1726aa1c059,p_f20f8250c88d103697dd803efa0f0d0c,6,1726,71,52,267202,3747,123,270949,71.263035921205102,156980.88064889918,2202.8373983739839,0.57723577235772361,0.98617082919663845
r_a60f64c87bfcad939e7e8cac1eda13a3,Direct file transfer,d_fd46828b3606c9bab93dce55ae07fefe,0,1,a_f47a8f7809556bd3c474b1520fba0d35,a_f47a8f7809556bd3c474b1520fba0d35,p_361f7a77217ac2e83d1003068c09585e,p_2e2bdff7d79ba86224377da437861888,6,2111,83,56,307345,4015,139,311360,65.845570819516809,147494.07863571765,2240,0.59712230215827333,0.9871049588900308
r_974de98daad351241d9ca22cec1260be,Direct file transfer,d_fd46828b3606c9bab93dce55ae07fefe,0,1,a_f47a8f7809556bd3c474b1520fba0d35,a_f47a8f7809556bd3c474b1520fba0d35,p_5eefc5c520e81868eddbf547e32024b7,p_de7751b84215a2b890900c93db9f1d01,6,577,30,85,2237,217508,115,219745,199.30675909878684,380840.55459272099,1910.8260869565217,0.2608695652173913,0.010179981342010057
r_ec18f11a07e409131a3ae33f13891bb5,Direct file transfer,d_fd46828b3606c9bab93dce55ae07fefe,0,1,a_f47a8f7809556bd3c474b1520fba0d35,a_f47a8f7809556bd3c474b1520fba0d35,p_6e146def21513b3f4d5bbaa707b32e83,p_6688deacbc9d093f76efd71ae803001d,6,2382,93,61,308022,4343,154,312365,64.651553316540713,131135.60033585221,2028.3441558441559,0.60389610389610393,0.98609639364205337
r_1561772a754dd6c13dd2b22f0f819a92,Direct file transfer,d_fd46828b3606c9bab93dce55ae07fefe,0,1,a_f47a8f7809556bd3c474b1520fba0d35,a_f47a8f7809556bd3c474b1520fba0d35,p_0ca5b540bfce8cf2f6bc10f89eb2dbaa,p_77dbe3e2b43b6b81a173862305b375d0,6,2158,85,59,281262,4213,144,285475,66.728452270620949,132286.83966635773,1982.4652777777778,0.59027777777777779,0.98524214029249502
r_df9aa1c7ab1d7ee26a1e786f8699df21,Direct file transfer,d_fd46828b3606c9bab93dce55ae07fefe,0,1,a_f47a8f7809556bd3c474b1520fba0d35,a_f47a8f7809556bd3c474b1520fba0d35,p_bdb93f0b0165dc5769ba4f72ba7f55f1,p_77dbe3e2b43b6b81a173862305b375d0,6,582,28,86,2119,296332,114,298451,195.87628865979383,512802.40549828182,2617.9912280701756,0.24561403508771928,0.007099992963669078
r_12baf333bbdf27a588ad28573cad7b19,Direct file transfer,d_fd46828b3606c9bab93dce55ae07fefe,0,1,a_f47a8f7809556bd3c474b1520fba0d35,a_f47a8f7809556bd3c474b1520fba0d35,p_c5993632dc1d1838a30fc3e5f21415e8,p_f20f8250c88d103697dd803efa0f0d0c,6,665,29,93,2161,216190,122,218351,183.45864661654133,328347.36842105264,1789.7622950819673,0.23770491803278687,0.0098969091050647804
r_b4a3d2862690e5cbab843c3d0d26882b,Direct file transfer,d_fd46828b3606c9bab93dce55ae07fefe,0,1,a_f47a8f7809556bd3c474b1520fba0d35,a_f47a8f7809556bd3c474b1520fba0d35,p_6b91e387d229837af662cfcbf8a1138a,p_c0f14bbd0a7540f9669573a1a65f5285,6,619,28,86,2105,375080,114,377185,184.16801292407109,609345.71890145401,3308.6403508771928,0.24561403508771928,0.0055808157800548803
r_7e012befeeb43c93542f53f799ae711c,Direct file transfer,d_fd46828b3606c9bab93dce55ae07fefe,0,1,a_f47a8f7809556bd3c474b1520fba0d35,a_f47a8f7809556bd3c474b1520fba0d35,p_1feb04a1ff0fb145d447a25e643e5456,p_dd74cc5b69b608ff00edcb1d8b246822,6,2390,93,61,308022,4343,154,312365,64.43514644351464,130696.65271966526,2028.3441558441559,0.60389610389610393,0.98609639364205337
r_bba612ac8e2c01d3defbe9f81770c266,Direct file transfer,d_fd46828b3606c9bab93dce55ae07fefe,0,1,a_f47a8f7809556bd3c474b1520fba0d35,a_f47a8f7809556bd3c474b1520fba0d35,p_7bc2b498b3c972454c04e45e140a67d1,p_2e2bdff7d79ba86224377da437861888,6,2448,95,63,281940,4477,158,286417,64.542483660130713,117000.40849673202,1812.7658227848101,0.60126582278481011,0.98436894458080348
r_d20e93a7d71b612ed83d4e4fbcc06bb4,Direct file transfer,d_fd46828b3606c9bab93dce55ae07fefe,0,1,a_f47a8f7809556bd3c474b1520fba0d35,a_f47a8f7809556bd3c474b1520fba0d35,p_813d3413adc6f1d0446b9cadf0da7214,p_6688deacbc9d093f76efd71ae803001d,6,571,43,101,3095,165498,144,168593,252.18914185639233,295259.19439579686,1170.7847222222222,0.2986111111111111,0.018357820312824374
r_17ccbd993ccbff4b188ae50f9dce54bd,Direct file transfer,d_fd46828b3606c9bab93dce55ae07fefe,0,1,a_f47a8f7809556bd3c474b1520fba0d35,a_f47a8f7809556bd3c474b1520fba0d35,p_026eed37b3c726536de458e202dab5bd,p_2e2bdff7d79ba86224377da437861888,6,452,43,86,3093,203508,129,206601,285.39823008849555,457081.85840707965,1601.5581395348838,0.33333333333333331,0.014970885910523183
r_add2b3cd8534163b8ed4f640e2ed673b,Direct file transfer,d_fd46828b3606c9bab93dce55ae07fefe,0,1,a_f47a8f7809556bd3c474b1520fba0d35,a_f47a8f7809556bd3c474b1520fba0d35,p_c9e15095c790b31cfbfac195369bdbc4,p_c0f14bbd0a7540f9669573a1a65f5285,6,2217,87,55,320723,3947,142,324670,64.050518718989622,146445.64727108704,2286.4084507042253,0.61267605633802813,0.98784304062586625
r_8abaa2d147c056380b1bfb3a5083227f,Direct file transfer,d_fd46828b3606c9bab93dce55ae07fefe,0,1,a_f47a8f7809556bd3c474b1520fba0d35,a_f47a8f7809556bd3c474b1520fba0d35,p_538202bd09226c217b0dfc589720f8d4,p_fb701d5a05c03fb8299bbc4274ccd85a,6,572,29,85,2159,215662,114,217821,199.30069930069931,380805.9440559441,1910.7105263157894,0.25438596491228072,0.009911808319675329
r_7d6d887f85ffa06700971104ca2c95a2,Direct file transfer,d_fd46828b3606c9bab93dce55ae07fefe,0,1,a_f47a8f7809556bd3c474b1520fba0d35,a_f47a8f7809556bd3c474b1520fba0d35,p_1236313ff9d00bf35e2f6acab3f17471,p_f20f8250c88d103697dd803efa0f0d0c,6,2226,87,60,320724,4279,147,325003,66.037735849056602,146003.14465408804,2210.9047619047619,0.59183673469387754,0.98683396768645215
r_a70dd9b18935d78a036cef1e3b96343d,Direct file transfer,d_fd46828b3606c9bab93dce55ae07fefe,0,1,a_f47a8f7809556bd3c474b1520fba0d35,a_f47a8f7809556bd3c474b1520fba0d35,p_7d33ff763d4de5aea960f9147fd251b5,p_f20f8250c88d103697dd803efa0f0d0c,6,608,27,86,2041,375082,113,377123,185.85526315789474,620268.09210526315,3337.3716814159293,0.23893805309734514,0.0054120273756837955
r_d47958e053fce5a6d043ea5e902d7585,Direct file transfer,d_fd46828b3606c9bab93dce55ae07fefe,0,1,a_f47a8f7809556bd3c474b1520fba0d35,a_f47a8f7809556bd3c474b1520fba0d35,p_afe228960b285c73d53215e7e8143228,p_dd74cc5b69b608ff00edcb1d8b246822,6,646,44,106,3149,177725,150,180874,232.19814241486068,279990.71207430342,1205.8266666666666,0.29333333333333333,0.017409909660868892
r_1da5155b16c2ff083b51c688df4b2b73,Direct file transfer,d_fd46828b3606c9bab93dce55ae07fefe,0,1,a_f47a8f7809556bd3c474b1520fba0d35,a_f47a8f7809556bd3c474b1520fba0d35,p_09a1522f39ba47d7555d1b5dbe932987,p_73a113db56cae583b0f4d27a2f1f0ea3,6,563,43,101,3097,165549,144,168646,255.77264653641211,299548.84547069273,1171.1527777777778,0.2986111111111111,0.018363910202435871
r_fd4855fc16a667c980de7c2c1bdc4719,Direct file transfer,d_fd46828b3606c9bab93dce55ae07fefe,0,1,a_f47a8f7809556bd3c474b1520fba0d35,a_f47a8f7809556bd3c474b1520fba0d35,p_0d7678bae9ae4a8c9987386210ed1ed6,p_c76517ae9b158cba02287e228c4ea7a9,6,2199,87,60,320723,4277,147,325000,66.848567530695775,147794.45202364711,2210.8843537414964,0.59183673469387754,0.98684000000000005
r_0301b56aeb02b5137502f3cb244741e7,Direct file transfer,d_fd46828b3606c9bab93dce55ae07fefe,0,1,a_f47a8f7809556bd3c474b1520fba0d35,a_f47a8f7809556bd3c474b1520fba0d35,p_c9830bd1aa961befd8a916721ae5af6d,p_2e2bdff7d79ba86224377da437861888,6,577,30,85,2239,217559,115,219798,199.30675909878684,380932.40901213174,1911.2869565217391,0.2608695652173913,0.01018662590196453
r_495f6aff072dc48ede6143860fa2f548,Direct file transfer,d_fd46828b3606c9bab93dce55ae07fefe,0,1,a_f47a8f7809556bd3c474b1520fba0d35,a_f47a8f7809556bd3c474b1520fba0d35,p_545ae456edc47a5fa2b0ac4730f16cf1,p_dd74cc5b69b608ff00edcb1d8b246822,6,2514,97,62,321401,4409,159,325810,63.245823389021488,129598.24980111378,2049.1194968553459,0.61006289308176098,0.9864675731254412
r_9b0812b0c1d3013f48bb3753681a7601,Direct file transfer,d_fd46828b3606c9bab93dce55ae07fefe,0,1,a_f47a8f7809556bd3c474b1520fba0d35,a_f47a8f7809556bd3c474b1520fba0d35,p_e8c1ad730896e00722529f2ae38cea63,p_dd74cc5b69b608ff00edcb1d8b246822,6,682,44,110,3161,245221,154,248382,225.8064516129032,364196.48093841638,1612.8701298701299,0.2857142857142857,0.012726365034503305
r_c5ad44bab85b52f56bff53a10f321796,Direct file transfer,d_fd46828b3606c9bab93dce55ae07fefe,0,1,a_f47a8f7809556bd3c474b1520fba0d35,a_f47a8f7809556bd3c474b1520fba0d35,p_b9fdb97438f8a49702b5d4ac66622209,p_dd74cc5b69b608ff00edcb1d8b246822,6,620,33,92,2423,163693,125,166116,201.61290322580646,267929.03225806454,1328.9280000000001,0.26400000000000001,0.014586192780948254
r_1df7efe474e4d190945b9ce56d5d23ab,Direct file transfer,d_fd46828b3606c9bab93dce55ae07fefe,0,1,a_f47a8f7809556bd3c474b1520fba0d35,a_f47a8f7809556bd3c474b1520fba0d35,p_4df8df4f4c1df7f88a1a1c2b7f517987,p_77dbe3e2b43b6b81a173862305b375d0,6,621,29,88,2173,322890,117,325063,188.40579710144928,523450.88566827698,2778.3162393162393,0.24786324786324787,0.0066848580121391856
r_7d12a0d9101782f89fc3f04f6f73dcdb,Direct file transfer,d_fd46828b3606c9bab93dce55ae07fefe,0,1,a_f47a8f7809556bd3c474b1520fba0d35,a_f47a8f7809556bd3c474b1520fba0d35,p_2246f62f231027ce996ff3a8b6fb178a,p_fb701d5a05c03fb8299bbc4274ccd85a,6,2259,89,60,294641,4277,149,298918,65.958388667552015,132323.15183709605,2006.1610738255033,0.59731543624161076,0.98569172816625295
r_f29296b826bd78971c17289677765cf4,Direct file transfer,d_fd46828b3606c9bab93dce55ae07fefe,0,1,a_f47a8f7809556bd3c474b1520fba0d35,a_f47a8f7809556bd3c474b1520fba0d35,p_142e7f55163e2f5b8af0c35b107b7ab2,p_fb701d5a05c03fb8299bbc4274ccd85a,6,2174,85,58,281261,4145,143,285406,65.77736890524379,131281.50873965042,1995.8461538461538,0.59440559440559437,0.98547682949902948
r_6056b81f7b044ad5c7d30b29d33ceeea,Direct file transfer,d_fd46828b3606c9bab93dce55ae07fefe,0,1,a_f47a8f7809556bd3c474b1520fba0d35,a_f47a8f7809556bd3c474b1520fba0d35,p_5aea2722715465646574f4a72f4dd95a,p_fb701d5a05c03fb8299bbc4274ccd85a,6,610,27,88,2039,322890,115,324929,188.52459016393442,532670.49180327868,2825.4695652173914,0.23478260869565218,0.0062752170474165122
r_ea1f9a143b9a98879d00d83a4b4db475,Direct file transfer,d_fd46828b3606c9bab93dce55ae07fefe,0,1,a_f47a8f7809556bd3c474b1520fba0d35,a_f47a8f7809556bd3c474b1520fba0d35,p_c8a685307bab7be27a83d3e31328407d,p_de7751b84215a2b890900c93db9f1d01,6,614,28,87,2105,309549,115,311654,187.29641693811075,507579.80456026061,2710.0347826086959,0.24347826086956523,0.0067542852008958655
r_cae2d3c0acebb7b74c6d2a342f9e1c4a,Direct file transfer,d_fd46828b3606c9bab93dce55ae07fefe,0,1,a_f47a8f7809556bd3c474b1520fba0d35,a_f47a8f7809556bd3c474b1520fba0d35,p_4b8ec843e9476a0fb80259219cf32723,p_73a113db56cae583b0f4d27a2f1f0ea3,6,610,44,104,3163,192120,148,195283,242.62295081967213,320136.06557377049,1319.4797297297298,0.29729729729729731,0.016197006395846029
r_5cf941dd76c2818c17fc175068423946,Direct file transfer,d_fd46828b3606c9bab93dce55ae07fefe,0,1,a_f47a8f7809556bd3c474b1520fba0d35,a_f47a8f7809556bd3c474b1520fba0d35,p_1ba0994706dcf28988de5eb6c4ac15d0,p_de7751b84215a2b890900c93db9f1d01,6,663,30,94,2237,231738,124,233975,187.0286576168929,352903.46907993965,1886.8951612903227,0.24193548387096775,0.0095608505182177578
r_b19b7feca48d076c9b50a2a7b5cc7837,Direct file transfer,d_fd46828b3606c9bab93dce55ae07fefe,0,1,a_f47a8f7809556bd3c474b1520fba0d35,a_f47a8f7809556bd3c474b1520fba0d35,p_edcb8286fd27b2caa75b67f104c392af,p_6688deacbc9d093f76efd71ae803001d,6,610,33,93,2435,191926,126,194361,206.55737704918033,318624.59016393445,1542.547619047619,0.26190476190476192,0.012528233544795509
r_3d22cf91214f573cc606b2fba362ccea,Direct file transfer,d_fd46828b3606c9bab93dce55ae07fefe,0,1,a_f47a8f7809556bd3c474b1520fba0d35,a_f47a8f7809556bd3c474b1520fba0d35,p_4e23b5192d3952e35a9aa47bf7100b23,p_dd74cc5b69b608ff00edcb1d8b246822,6,2248,89,59,294641,4211,148,298852,65.836298932384338,132941.28113879001,2019.2702702702702,0.60135135135135132,0.98590941335510551
r_54c47323a0e2f87a6b8efdb19256b57e,Direct file transfer,d_fd46828b3606c9bab93dce55ae07fefe,0,1,a_f47a8f7809556bd3c474b1520fba0d35,a_f47a8f7809556bd3c474b1520fba0d35,p_c3381cd202255ec30c49372f407d9de9,p_6688deacbc9d093f76efd71ae803001d,6,2149,85,59,281261,4211,144,285472,67.007910656119122,132839.46021405305,1982.4444444444443,0.59027777777777779,0.98524899114449049
r_72af88eefc13b85f5e4e6fdbbe29df23,Direct file transfer,d_fd46828b3606c9bab93dce55ae07fefe,0,1,a_f47a8f7809556bd3c474b1520fba0d35,a_f47a8f7809556bd3c474b1520fba0d35,p_bdc547ed96ae4c02ffe8ed3ce643b8b0,p_c0f14bbd0a7540f9669573a1a65f5285,6,1759,71,52,267201,3745,123,270946,69.926094371802165,154034.11028993747,2202.8130081300815,0.57723577235772361,0.98617805762033761
r_cc7384e9644f331b0363c44ba1ff6c13,Direct file transfer,d_fd46828b3606c9bab93dce55ae07fefe,0,1,a_f47a8f7809556bd3c474b1520fba0d35,a_f47a8f7809556bd3c474b1520fba0d35,p_e784271a7b9be1e649c1cba9856c5cf3,p_6688deacbc9d093f76efd71ae803001d,6,696,38,104,2765,310671,142,313436,204.02298850574715,450339.08045977016,2207.2957746478874,0.26760563380281688,0.0088215776107403113
r_377ae2cfb1e666c427c197767b89aec0,Direct file transfer,d_fd46828b3606c9bab93dce55ae07fefe,0,1,a_f47a8f7809556bd3c474b1520fba0d35,a_f47a8f7809556bd3c474b1520fba0d35,p_10d3c83deadc464b26866ed65b68d798,p_c0f14bbd0a7540f9669573a1a65f5285,6,447,43,90,3091,137981,133,141072,297.53914988814319,315597.31543624162,1060.6917293233082,0.32330827067669171,0.021910797323352615
r_88673c1a928ecb984b0de3923be3a5c3,Direct file transfer,d_fd46828b3606c9bab93dce55ae07fefe,0,1,a_f47a8f7809556bd3c474b1520fba0d35,a_f47a8f7809556bd3c474b1520fba0d35,p_acc17dd900ea571aec24c8ad4cb25651,p_6688deacbc9d093f76efd71ae803001d,6,2527,97,63,321401,4475,160,325876,63.316185199841705,128957.6573011476,2036.7249999999999,0.60624999999999996,0.98626778283764371
r_2319b8ea0e1d4e4bb05c092f992b80b5,Direct file transfer,d_fd46828b3606c9bab93dce55ae07fefe,0,1,a_f47a8f7809556bd3c474b1520fba0d35,a_f47a8f7809556bd3c474b1520fba0d35,p_2cffe7eb7c853eabd3663f7f485040c6,p_c76517ae9b158cba02287e228c4ea7a9,6,460,43,90,3091,137983,133,141074,289.13043478260869,306682.60869565216,1060.7067669172932,0.32330827067669171,0.021910486694926068
r_fd677eaa2d4e4b7b47ec70eb4bea72a3,Direct file transfer,d_fd46828b3606c9bab93dce55ae07fefe,0,1,a_f47a8f7809556bd3c474b1520fba0d35,a_f47a8f7809556bd3c474b1520fba0d35,p_10dff6912d81e2c03ff57482cfe9af3b,p_2e2bdff7d79ba86224377da437861888,6,684,44,112,3163,193072,156,196235,228.07017543859646,286893.27485380112,1257.9166666666667,0.28205128205128205,0.016118429434096873
r_af6a98dd4844c1265ce44ee1b733248b,Direct file transfer,d_fd46828b3606c9bab93dce55ae07fefe,0,1,a_f47a8f7809556bd3c474b1520fba0d35,a_f47a8f7809556bd3c474b1520fba0d35,p_cfa2bd2e1b717187376d78233af1cd56,p_c76517ae9b158cba02287e228c4ea7a9,6,731,29,99,2171,308284,128,310455,175.10259917920658,424699.04240766075,2425.4296875,0.2265625,0.0069929619429546959
r_3dad8d5b5b780813c5cb28db6a8a404f,Direct file transfer,d_fd46828b3606c9bab93dce55ae07fefe,0,1,a_f47a8f7809556bd3c474b1520fba0d35,a_f47a8f7809556bd3c474b1520fba0d35,p_778e29aadfdf87e6f06688d3f919b0db,p_f20f8250c88d103697dd803efa0f0d0c,6,2807,107,63,322080,4477,170,326557,60.56287851799074,116336.65835411471,1920.9235294117648,0.62941176470588234,0.98629029541550173
r_dd25e702c756c5e5625ab597fe35eb0d,Direct file transfer,d_fd46828b3606c9bab93dce55ae07fefe,0,1,a_f47a8f7809556bd3c474b1520fba0d35,a_f47a8f7809556bd3c474b1520fba0d35,p_b402437c48f17cb31383b9c8136d8035,p_2e2bdff7d79ba86224377da437861888,6,1748,71,53,267202,3813,124,271015,70.938215102974823,155042.90617848971,2185.6048387096776,0.57258064516129037,0.98593066804420415
r_a430729e20b3ae454d6a94d579220c06,Direct file transfer,d_fd46828b3606c9bab93dce55ae07fefe,0,1,a_f47a8f7809556bd3c474b1520fba0d35,a_f47a8f7809556bd3c474b1520fba0d35,p_c753dcb25a8ed945263afad47cc7ed22,p_de7751b84215a2b890900c93db9f1d01,6,2555,99,62,295319,4409,161,299728,63.013698630136979,117310.37181996086,1861.6645962732919,0.6149068322981367,0.98528999626327873
r_db7dde7ea7e20c0e7603065b7f44d97a,Direct file transfer,d_fd46828b3606c9bab93dce55ae07fefe,0,1,a_f47a8f7809556bd3c474b1520fba0d35,a_f47a8f7809556bd3c474b1520fba0d35,p_2fbafc0e34ca53740193bc29325a2543,p_de7751b84215a2b890900c93db9f1d01,6,1744,71,53,267201,3811,124,271012,71.100917431192656,155396.78899082568,2185.5806451612902,0.57258064516129037,0.98593789204906057
r_314e91ba77bec29bc839f00958ef1782,Direct file transfer,d_fd46828b3606c9bab93dce55ae07fefe,0,1,a_f47a8f7809556bd3c474b1520fba0d35,a_f47a8f7809556bd3c474b1520fba0d35,p_a0261e0d2bdb08d9fd941740f39a275e,p_de7751b84215a2b890900c93db9f1d01,6,454,29,74,2155,201817,103,203972,226.87224669603523,449277.53303964756,1980.3106796116506,0.28155339805825241,0.010565175612338948
r_3480a0dbdf4b999b9aa412e00797ceb7,Direct file transfer,d_fd46828b3606c9bab93dce55ae07fefe,0,1,a_f47a8f7809556bd3c474b1520fba0d35,a_f47a8f7809556bd3c474b1520fba0d35,p_6bb1b0dbb9d926b2f92d77d2a479c85f,p_c76517ae9b158cba02287e228c4ea7a9,6,687,32,98,2393,323868,130,326261,189.22852983988355,474906.84133915574,2509.6999999999998,0.24615384615384617,0.0073346186028976799
r_6ea3879a230ab2427e5fde3cc871171e,Direct file transfer,d_fd46828b3606c9bab93dce55ae07fefe,0,1,a_f47a8f7809556bd3c474b1520fba0d35,a_f47a8f7809556bd3c474b1520fba0d35,p_3a9ea76feb009b791c9e59612300f27d,p_de7751b84215a2b890900c93db9f1d01,6,739,32,101,2381,284895,133,287276,179.97293640054127,388736.1299052774,2159.9699248120301,0.24060150375939848,0.0082881967167462642
r_6101680543bd7e3c0f7937e9db0ac366,Direct file transfer,d_fd46828b3606c9bab93dce55ae07fefe,0,1,a_f47a8f7809556bd3c474b1520fba0d35,a_f47a8f7809556bd3c474b1520fba0d35,p_432655448f8a29ca31be8cf70edee323,p_c0f14bbd0a7540f9669573a1a65f5285,6,758,44,118,3161,246173,162,249334,213.72031662269129,328936.6754617414,1539.0987654320988,0.27160493827160492,0.012677773588840672
r_0f0e2187d686ebe564337a4a0c232876,Direct file transfer,d_fd46828b3606c9bab93dce55ae07fefe,0,1,a_f47a8f7809556bd3c474b1520fba0d35,a_f47a8f7809556bd3c474b1520fba0d35,p_c53c7ef8e070070e0f587e85a878ef3e,p_2e2bdff7d79ba86224377da437861888,6,2783,107,67,322080,4741,174,326821,62.522457779374776,117434.78260869565,1878.2816091954023,0.61494252873563215,0.98549358823331423
r_92c503b42d5bf0086a1575250527af54,Direct file transfer,d_fd46828b3606c9bab93dce55ae07fefe,0,1,a_f47a8f7809556bd3c474b1520fba0d35,a_f47a8f7809556bd3c474b1520fba0d35,p_b4221ef6f418a2d8996ab35687128e83,p_dd74cc5b69b608ff00edcb1d8b246822,6,766,33,109,2435,193838,142,196273,185.37859007832898,256231.07049608356,1382.2042253521126,0.23239436619718309,0.012406189338319586
r_e02fd64047e3fa56ed332f58ff4bd66d,Direct file transfer,d_fd46828b3606c9bab93dce55ae07fefe,0,1,a_f47a8f7809556bd3c474b1520fba0d35,a_f47a8f7809556bd3c474b1520fba0d35,p_4214c3895b121ce678203529bbcfcd39,p_fb701d5a05c03fb8299bbc4274ccd85a,6,2848,109,68,295997,4805,177,300802,62.148876404494388,105618.67977528091,1699.4463276836159,0.61581920903954801,0.98402603706092384
r_673eab072ab6c57a38179c4cdde98d07,Direct file transfer,d_fd46828b3606c9bab93dce55ae07fefe,0,1,a_f47a8f7809556bd3c474b1520fba0d35,a_f47a8f7809556bd3c474b1520fba0d35,p_cfc0f19fb7704f6c1e43e1db05cbe597,p_de7751b84215a2b890900c93db9f1d01,6,2312,91,60,268557,4273,151,272830,65.311418685121112,118006.05536332181,1806.8211920529802,0.60264900662251653,0.9843382325990544
r_5840d78a5857977a204ddcb823762d2d,Direct file transfer,d_fd46828b3606c9bab93dce55ae07fefe,0,1,a_f47a8f7809556bd3c474b1520fba0d35,a_f47a8f7809556bd3c474b1520fba0d35,p_4d4616617a076c9e3f83d2bed5d9dd5a,p_dd74cc5b69b608ff00edcb1d8b246822,6,775,33,111,2431,141646,144,144077,185.80645161290323,185905.80645161291,1000.5347222222222,0.22916666666666666,0.016872922118034105
r_4312d0e12748c501e09e500caec9654a,Direct file transfer,d_fd46828b3606c9bab93dce55ae07fefe,0,1,a_f47a8f7809556bd3c474b1520fba0d35,a_f47a8f7809556bd3c474b1520fba0d35,p_3e3feb813a1501771ea3acc4cff90705,p_77dbe3e2b43b6b81a173862305b375d0,6,2404,93,62,308023,4411,155,312434,64.475873544093176,129964.22628951748,2015.7032258064517,0.59999999999999998,0.98588181824001231
r_1e00cf9940bd3ff2436b190587945596,Direct file transfer,d_fd46828b3606c9bab93dce55ae07fefe,0,1,a_f47a8f7809556bd3c474b1520fba0d35,a_f47a8f7809556bd3c474b1520fba0d35,p_08962fc91c7670a7971890e0f3300de9,p_77dbe3e2b43b6b81a173862305b375d0,6,641,30,92,2239,283940,122,286179,190.32761310452418,446457.09828393132,2345.7295081967213,0.24590163934426229,0.0078237746305633883
r_56e8dd301a599ae388d5623d1bbd3539,Direct file transfer,d_fd46828b3606c9bab93dce55ae07fefe,0,1,a_f47a8f7809556bd3c474b1520fba0d35,a_f47a8f7809556bd3c474b1520fba0d35,p_0558036b18a00b01b4d91a262f2d390a,p_c76517ae9b158cba02287e228c4ea7a9,6,1739,71,52,267201,3745,123,270946,70.730304772857963,155805.63542265669,2202.8130081300815,0.57723577235772361,0.98617805762033761
r_6c4aa5be006d4a0b332ce47a89b6b869,Direct file transfer,d_fd46828b3606c9bab93dce55ae07fefe,0,1,a_f47a8f7809556bd3c474b1520fba0d35,a_f47a8f7809556bd3c474b1520fba0d35,p_ca78ef03bac3f77293fb9f0cd381f820,p_fb701d5a05c03fb8299bbc4274ccd85a,6,2389,93,62,308022,4409,155,312431,64.880703223105911,130778.98702385937,2015.683870967742,0.59999999999999998,0.98588808408896689
r_44bdeeb7a225a65e252e9f7995950e48,Direct file transfer,d_fd46828b3606c9bab93dce55ae07fefe,0,1,a_f47a8f7809556bd3c474b1520fba0d35,a_f47a8f7809556bd3c474b1520fba0d35,p_b3f30ce8f0bbbf88ee07230220d61dee,p_fb701d5a05c03fb8299bbc4274ccd85a,6,653,33,95,2423,177001,128,179424,196.01837672281775,274768.75957120978,1401.75,0.2578125,0.013504324950954164
r_3cae273105a3f98cf5259efe915e49cf,Direct file transfer,d_fd46828b3606c9bab93dce55ae07fefe,0,1,a_f47a8f7809556bd3c474b1520fba0d35,a_f47a8f7809556bd3c474b1520fba0d35,p_f8206a2158456081e023774a4b956e12,p_77dbe3e2b43b6b81a173862305b375d0,6,2279,89,60,294642,4279,149,298921,65.37955243527864,131163.22948661694,2006.1812080536913,0.59731543624161076,0.98568518103445391
r_ef3f6ef1b965c331fcd440c1c88dbe29,Direct file transfer,d_fd46828b3606c9bab93dce55ae07fefe,0,1,a_f47a8f7809556bd3c474b1520fba0d35,a_f47a8f7809556bd3c474b1520fba0d35,p_dabd3115471af235a0056020f0cdb2e8,p_6688deacbc9d093f76efd71ae803001d,6,698,44,114,3161,140831,158,143992,226.36103151862466,206292.26361031519,911.34177215189868,0.27848101265822783,0.021952608478248793
r_2dade721eba711c721ecabe57d4e5be1,Direct file transfer,d_fd46828b3606c9bab93dce55ae07fefe,0,1,a_f47a8f7809556bd3c474b1520fba0d35,a_f47a8f7809556bd3c474b1520fba0d35,p_8a897cfb0a9898b1219fae9ce95d9159,p_73a113db56cae583b0f4d27a2f1f0ea3,6,2832,109,69,295998,4873,178,300871,62.853107344632768,106239.75988700565,1690.2865168539327,0.61235955056179781,0.98380368995350165
r_1f17eb00c1424d408417ea2b434a5757,Direct file transfer,d_fd46828b3606c9bab93dce55ae07fefe,0,1,a_f47a8f7809556bd3c474b1520fba0d35,a_f47a8f7809556bd3c474b1520fba0d35,p_2745831c52e85c38530f48908d6a6a0d,p_c76517ae9b158cba02287e228c4ea7a9,6,2674,103,65,308700,4607,168,313307,62.827225130890056,117167.91323859387,1864.922619047619,0.61309523809523814,0.98529557271302592
r_837417cbcc0db0c48029cf032a3be962,Direct file transfer,d_fd46828b3606c9bab93dce55ae07fefe,0,1,a_f47a8f7809556bd3c474b1520fba0d35,a_f47a8f7809556bd3c474b1520fba0d35,p_7cf1396505b51ff837772e2a082f3fa7,p_c76517ae9b158cba02287e228c4ea7a9,6,2353,91,61,268557,4339,152,272896,64.598385040373984,115977.90055248617,1795.3684210526317,0.59868421052631582,0.98410017002814254
r_508f90b9ba702ad75877e7d8792ea511,Direct file transfer,d_fd46828b3606c9bab93dce55ae07fefe,0,1,a_f47a8f7809556bd3c474b1520fba0d35,a_f47a8f7809556bd3c474b1520fba0d35,p_6e95d2e9b9067f108ffc843b125b5659,p_dd74cc5b69b608ff00edcb1d8b246822,6,2724,105,67,282617,4739,172,287356,63.142437591776797,105490.45521292217,1670.6744186046512,0.61046511627906974,0.98350826152925286
r_b4bd7f8ab50e0c51c8482351afa25f0c,Direct file transfer,d_fd46828b3606c9bab93dce55ae07fefe,0,1,a_f47a8f7809556bd3c474b1520fba0d35,a_f47a8f7809556bd3c474b1520fba0d35,p_f6b3b718c3a6502495b8ff83e4bcb0a1,p_fb701d5a05c03fb8299bbc4274ccd85a,6,2898,111,68,269913,4801,179,274714,61.766735679779153,94794.340924775708,1534.7150837988827,0.62011173184357538,0.98252364277029924
r_233c984e0e67594f7fd9220134f7c079,Direct file transfer,d_fd46828b3606c9bab93dce55ae07fefe,0,1,a_f47a8f7809556bd3c474b1520fba0d35,a_f47a8f7809556bd3c474b1520fba0d35,p_fa2bb96a9327b1210b1ca506ce00b01e,p_c76517ae9b158cba02287e228c4ea7a9,6,760,42,121,3185,322896,163,326081,214.4736842105263,429053.94736842107,2000.4969325153374,0.25766871165644173,0.0097675117532146916
r_7c02156d473193d42560530a77b09956,Direct file transfer,d_fd46828b3606c9bab93dce55ae07fefe,0,1,a_f47a8f7809556bd3c474b1520fba0d35,a_f47a8f7809556bd3c474b1520fba0d35,p_5237b01c30f59b8187f7c1828ee55812,p_77dbe3e2b43b6b81a173862305b375d0,6,773,44,120,3163,193983,164,197146,212.16041397153944,255040.10349288487,1202.1097560975609,0.26829268292682928,0.016043947125480608
r_131acbf676406d05fc9ac3dde517ffa6,Direct file transfer,d_fd46828b3606c9bab93dce55ae07fefe,0,1,a_f47a8f7809556bd3c474b1520fba0d35,a_f47a8f7809556bd3c474b1520fba0d35,p_c55fa58c8a7bbd421f239b6513eec412,p_73a113db56cae583b0f4d27a2f1f0ea3,6,2407,93,62,308023,4411,155,312434,64.395513086830078,129802.24345658495,2015.7032258064517,0.59999999999999998,0.98588181824001231
r_5ab0eb0212d92d2f38e744b3fc4e15bb,Direct file transfer,d_fd46828b3606c9bab93dce55ae07fefe,0,1,a_f47a8f7809556bd3c474b1520fba0d35,a_f47a8f7809556bd3c474b1520fba0d35,p_11683993a5bd22a3891bc6b8d9ab5ca2,p_6688deacbc9d093f76efd71ae803001d,6,2856,110,85,296284,5939,195,302223,68.277310924369758,105820.37815126051,1549.8615384615384,0.5641025641025641,0.9803489476313848
r_e8350a381120025557a3c1e1f92b1d87,Direct file transfer,d_fd46828b3606c9bab93dce55ae07fefe,0,1,a_f47a8f7809556bd3c474b1520fba0d35,a_f47a8f7809556bd3c474b1520fba0d35,p_fc5dcd4a14f5d55d2e015f07e7a37b1b,p_c76517ae9b158cba02287e228c4ea7a9,6,610,45,95,3391,334285,140,337676,229.50819672131149,553567.21311475406,2411.9714285714285,0.32142857142857145,0.010042170601404898
r_77b6466d0800d8e13a130ae6d2aeff0c,Direct file transfer,d_fd46828b3606c9bab93dce55ae07fefe,0,1,a_f47a8f7809556bd3c474b1520fba0d35,a_f47a8f7809556bd3c474b1520fba0d35,p_f06025f245d69b03a74a156bb5aac8f7,p_77dbe3e2b43b6b81a173862305b375d0,6,2912,111,67,269914,4737,178,274651,61.126373626373628,94316.96428571429,1542.9831460674156,0.6235955056179775,0.9827526570083488
r_ab6e78f58363119fdc58e7892a0c1c55,Direct file transfer,d_fd46828b3606c9bab93dce55ae07fefe,0,1,a_f47a8f7809556bd3c474b1520fba0d35,a_f47a8f7809556bd3c474b1520fba0d35,p_f51f25411021ea4d06ad05414b90a621,p_73a113db56cae583b0f4d27a2f1f0ea3,6,660,29,91,2161,242314,120,244475,181.81818181818181,370416.66666666663,2037.2916666666667,0.24166666666666667,0.0088393496267512011
r_d38839bccbbf99c48b0f129ccbea478d,Direct file transfer,d_fd46828b3606c9bab93dce55ae07fefe,0,1,a_f47a8f7809556bd3c474b1520fba0d35,a_f47a8f7809556bd3c474b1520fba0d35,p_8bc70312421b47fe532966a3a1d289f6,p_c0f14bbd0a7540f9669573a1a65f5285,6,2441,95,63,281939,4475,158,286414,64.727570667759124,117334.69889389595,1812.746835443038,0.60126582278481011,0.98437576375456504
r_66fb6d126b0f7d05788fccb1b609c53b,Direct file transfer,d_fd46828b3606c9bab93dce55ae07fefe,0,1,a_f47a8f7809556bd3c474b1520fba0d35,a_f47a8f7809556bd3c474b1520fba0d35,p_0569d0a879e299f8125fdf144a72e97e,p_77dbe3e2b43b6b81a173862305b375d0,6,2608,101,65,269238,4609,166,273847,63.650306748466257,105002.68404907975,1649.6807228915663,0.60843373493975905,0.98316943402702972
r_715882b636821e2a1eb0231740708e4c,Direct file transfer,d_fd46828b3606c9bab93dce55ae07fefe,0,1,a_f47a8f7809556bd3c474b1520fba0d35,a_f47a8f7809556bd3c474b1520fba0d35,p_49ba117fe21478d7d196f6dcf5baa958,p_fb701d5a05c03fb8299bbc4274ccd85a,6,2626,101,63,269237,4475,164,273712,62.452399086062456,104231.53084539223,1668.9756097560976,0.61585365853658536,0.98365069854445553
r_5a4f537cc132baa82e90907cfc306296,Direct file transfer,d_fd46828b3606c9bab93dce55ae07fefe,0,1,a_f47a8f7809556bd3c474b1520fba0d35,a_f47a8f7809556bd3c474b1520fba0d35,p_a3a21020948b5eead36282c5557de694,p_2e2bdff7d79ba86224377da437861888,6,753,44,114,3151,178296,158,181447,209.8273572377158,240965.47144754315,1148.3987341772151,0.27848101265822783,0.017365952592217012
r_989a7ef48ee44f5c67624a69310659c3,Direct file transfer,d_fd46828b3606c9bab93dce55ae07fefe,0,1,a_f47a8f7809556bd3c474b1520fba0d35,a_f47a8f7809556bd3c474b1520fba0d35,p_dc63a04151127942e31cdb1e00997d9a,p_c76517ae9b158cba02287e228c4ea7a9,6,2785,107,67,322079,4739,174,326818,62.47755834829443,117349.37163375223,1878.2643678160919,0.61494252873563215,0.98549957468682881
r_351578278afc46c2bb56d32783babc45,Direct file transfer,d_fd46828b3606c9bab93dce55ae07fefe,0,1,a_f47a8f7809556bd3c474b1520fba0d35,a_f47a8f7809556bd3c474b1520fba0d35,p_51e70167402e5fd5da2b119590e663a0,p_2e2bdff7d79ba86224377da437861888,6,766,44,114,3163,311700,158,314863,206.26631853785901,411048.30287206266,1992.8037974683543,0.27848101265822783,0.010045638896917073
r_3628736751f023b01d754bc7c9348d95,Direct file transfer,d_fd46828b3606c9bab93dce55ae07fefe,0,1,a_f47a8f7809556bd3c474b1520fba0d35,a_f47a8f7809556bd3c474b1520fba0d35,p_60cb3b3a38db11911962a0db591e5626,p_de7751b84215a2b890900c93db9f1d01,6,785,34,104,2513,256122,138,258635,175.79617834394904,329471.3375796178,1874.1666666666667,0.24637681159420291,0.0097163956927716674
r_a4640fd59dfd11482418dbe5e3e0a785,Direct file transfer,d_fd46828b3606c9bab93dce55ae07fefe,0,1,a_f47a8f7809556bd3c474b1520fba0d35,a_f47a8f7809556bd3c474b1520fba0d35,p_b40a816a0e0272c9f6a4ac14323b5944,p_fb701d5a05c03fb8299bbc4274ccd85a,6,780,33,109,2467,272641,142,275108,182.05128205128204,352702.56410256407,1937.3802816901409,0.23239436619718309,0.0089673873533303288
r_b0bcf22e78e763137ffde2bfac85b546,Direct file transfer,d_fd46828b3606c9bab93dce55ae07fefe,0,1,a_f47a8f7809556bd3c474b1520fba0d35,a_f47a8f7809556bd3c474b1520fba0d35,p_e7783f0ffebcf78117e429aab36a5553,p_6688deacbc9d093f76efd71ae803001d,6,86,42,117,3013,136893,159,139906,1848.8372093023256,1626813.9534883723,879.91194968553464,0.26415094339622641,0.021535888382199476
r_4716598f1b61f03611afbc15eeded84a,Direct file transfer,d_fd46828b3606c9bab93dce55ae07fefe,0,1,a_f47a8f7809556bd3c474b1520fba0d35,a_f47a8f7809556bd3c474b1520fba0d35,p_0fc9c838c53ed94d8c5fd80bd6e269ed,p_c0f14bbd0a7540f9669573a1a65f5285,6,649,31,94,2303,231746,125,234049,192.60400616332819,360630.20030816639,1872.3920000000001,0.248,0.0098398198667800328
r_2ff4f8ebe677b7357311aea102615739,Direct file transfer,d_fd46828b3606c9bab93dce55ae07fefe,0,1,a_f47a8f7809556bd3c474b1520fba0d35,a_f47a8f7809556bd3c474b1520fba0d35,p_c391f8a2fc1a023411c4d6b2a122e56d,p_c76517ae9b158cba02287e228c4ea7a9,6,655,28,93,2105,297271,121,299376,184.73282442748092,457062.59541984729,2474.181818181818,0.23140495867768596,0.0070312917535139755
r_dec499bc9cb79400a4fa34eb801678a5,Direct file transfer,d_fd46828b3606c9bab93dce55ae07fefe,0,1,a_f47a8f7809556bd3c474b1520fba0d35,a_f47a8f7809556bd3c474b1520fba0d35,p_da9c0e983038ece48ba20c7bcb4b7710,p_6688deacbc9d093f76efd71ae803001d,6,657,44,107,3161,218642,151,221803,229.83257229832572,337599.69558599696,1468.8940397350993,0.29139072847682118,0.014251385238251962
r_f66e7296cc20e2f75caba3a3ef5fa114,Direct file transfer,d_fd46828b3606c9bab93dce55ae07fefe,0,1,a_f47a8f7809556bd3c474b1520fba0d35,a_f47a8f7809556bd3c474b1520fba0d35,p_55a5ace9c3c1c3b3a01941cbf53b5e1a,p_de7751b84215a2b890900c93db9f1d01,6,2436,95,62,281939,4409,157,286348,64.44991789819376,117548.44006568145,1823.8726114649683,0.60509554140127386,0.98460265131937363
r_12064e6829df9fe81b16c6f9112fe9de,Direct file transfer,d_fd46828b3606c9bab93dce55ae07fefe,0,1,a_f47a8f7809556bd3c474b1520fba0d35,a_f47a8f7809556bd3c474b1520fba0d35,p_22062606a4fde9bfff68ceae3c5d180c,p_77dbe3e2b43b6b81a173862305b375d0,6,2503,97,64,321402,4543,161,325945,64.322812624850172,130221.73391929684,2024.5031055900622,0.60248447204968947,0.98606206568592858
r_232bebe8468aace7261538083084ce48,Direct file transfer,d_fd46828b3606c9bab93dce55ae07fefe,0,1,a_f47a8f7809556bd3c474b1520fba0d35,a_f47a8f7809556bd3c474b1520fba0d35,p_147ee9c95f3538f0028986b0ad719e7b,p_77dbe3e2b43b6b81a173862305b375d0,6,692,28,94,2107,376034,122,378141,176.3005780346821,546446.5317919075,3099.5163934426228,0.22950819672131148,0.0055719956312592391
r_ad2270fd59c356e36daefdd72fe00b95,Direct file transfer,d_fd46828b3606c9bab93dce55ae07fefe,0,1,a_f47a8f7809556bd3c474b1520fba0d35,a_f47a8f7809556bd3c474b1520fba0d35,p_3d1fc88366d6fde1925af1a106401c1c,p_fb701d5a05c03fb8299bbc4274ccd85a,6,2508,97,60,321401,4277,157,325678,62.599681020733655,129855.66188197768,2074.3821656050955,0.61783439490445857,0.98686739663102818
r_12061437135c091dcc6de46642cd99c8,Direct file transfer,d_fd46828b3606c9bab93dce55ae07fefe,0,1,a_f47a8f7809556bd3c474b1520fba0d35,a_f47a8f7809556bd3c474b1520fba0d35,p_4860c72ab340192d291abfa74291b688,p_73a113db56cae583b0f4d27a2f1f0ea3,6,2500,97,64,321402,4543,161,325945,64.400000000000006,130378,2024.5031055900622,0.60248447204968947,0.98606206568592858
r_babce95a708fe8853cf546f042f8dfb9,Direct file transfer,d_fd46828b3606c9bab93dce55ae07fefe,0,1,a_f47a8f7809556bd3c474b1520fba0d35,a_f47a8f7809556bd3c474b1520fba0d35,p_3e9dc956a1303d5a271feb12c704309a,p_2e2bdff7d79ba86224377da437861888,6,652,44,108,3151,151685,152,154836,233.12883435582822,237478.52760736196,1018.6578947368421,0.28947368421052633,0.020350564468211527
r_216f77d56c4da10db850e18c1c906dca,Direct file transfer,d_fd46828b3606c9bab93dce55ae07fefe,0,1,a_f47a8f7809556bd3c474b1520fba0d35,a_f47a8f7809556bd3c474b1520fba0d35,p_e5f452be85786c84fc3e65f7a82d1f58,p_73a113db56cae583b0f4d27a2f1f0ea3,6,709,34,99,2503,245121,133,247624,187.58815232722145,349258.1100141044,1861.8345864661653,0.25563909774436089,0.010108067069427842
r_23ff6591902b0dcf729ba45360de06c5,Direct file transfer,d_fd46828b3606c9bab93dce55ae07fefe,0,1,a_f47a8f7809556bd3c474b1520fba0d35,a_f47a8f7809556bd3c474b1520fba0d35,p_e88c61a2561d862fb543b189b94cbd67,p_c0f14bbd0a7540f9669573a1a65f5285,6,688,28,96,2105,323840,124,325945,180.23255813953489,473757.26744186052,2628.5887096774195,0.22580645161290322,0.0064581447790271361
r_d23b90e2ed19ab06026599e8df3345aa,Direct file transfer,d_fd46828b3606c9bab93dce55ae07fefe,0,1,a_f47a8f7809556bd3c474b1520fba0d35,a_f47a8f7809556bd3c474b1520fba0d35,p_cce38fcc78cd0e69e9435fdb86a2644d,p_c0f14bbd0a7540f9669573a1a65f5285,6,2571,99,64,295319,4541,163,299860,63.399455464799686,116631.66083236094,1839.6319018404909,0.6073619631901841,0.98485626625758682
r_503ab3d3466c473b3248e060143f8d4a,Direct file transfer,d_fd46828b3606c9bab93dce55ae07fefe,0,1,a_f47a8f7809556bd3c474b1520fba0d35,a_f47a8f7809556bd3c474b1520fba0d35,p_90f8522079e9c4e459bf93e422f09484,p_f20f8250c88d103697dd803efa0f0d0c,6,2540,99,65,295320,4609,164,299929,64.566929133858267,118082.28346456692,1828.8353658536585,0.60365853658536583,0.98463302981705669
r_a15be5876ca32f16a32e7caa969b325b,Direct file transfer,d_fd46828b3606c9bab93dce55ae07fefe,0,1,a_f47a8f7809556bd3c474b1520fba0d35,a_f47a8f7809556bd3c474b1520fba0d35,p_83db55d4a7ecd36bc20e343ea4a00450,p_f20f8250c88d103697dd803efa0f0d0c,6,2429,95,63,281940,4477,158,286417,65.047344586249494,117915.60312885963,1812.7658227848101,0.60126582278481011,0.98436894458080348
r_17572c5a98f05081427375728cdadbbd,Direct file transfer,d_fd46828b3606c9bab93dce55ae07fefe,0,1,a_f47a8f7809556bd3c474b1520fba0d35,a_f47a8f7809556bd3c474b1520fba0d35,p_745f267fc157030f9379aa706f78e49c,p_f20f8250c88d103697dd803efa0f0d0c,6,695,52,105,3895,361161,157,365056,225.89928057553959,525260.43165467633,2325.1974522292994,0.33121019108280253,0.010669595897615708
r_ba3a935c98c01d6b00410dfc12ad4dff,Direct file transfer,d_fd46828b3606c9bab93dce55ae07fefe,0,1,a_f47a8f7809556bd3c474b1520fba0d35,a_f47a8f7809556bd3c474b1520fba0d35,p_b7b97b8fbfb955b2c73da1372fedcbe6,p_c76517ae9b158cba02287e228c4ea7a9,6,2444,95,62,281939,4409,157,286348,64.238952536824883,117163.66612111292,1823.8726114649683,0.60509554140127386,0.98460265131937363
r_965b71a17805d9a771560a34b99e6595,Direct file transfer,d_fd46828b3606c9bab93dce55ae07fefe,0,1,a_f47a8f7809556bd3c474b1520fba0d35,a_f47a8f7809556bd3c474b1520fba0d35,p_0ca78bfdd1483be6f408157263415df4,p_c76517ae9b158cba02287e228c4ea7a9,6,2561,99,65,295319,4607,164,299926,64.037485357282307,117112.84654431863,1828.8170731707316,0.60365853658536583,0.98463954442095714
r_4c20e11a55295d143ba235bca99bfbe0,Direct file transfer,d_fd46828b3606c9bab93dce55ae07fefe,0,1,a_f47a8f7809556bd3c474b1520fba0d35,a_f47a8f7809556bd3c474b1520fba0d35,p_c50d35baced68fde034d40844fafc7b9,p_2e2bdff7d79ba86224377da437861888,6,2566,99,61,295320,4345,160,299665,62.353858144972726,116782.93063133283,1872.90625,0.61875000000000002,0.98550047553100961
r_006d8ea53808caad392ff6a13e95113d,Direct file transfer,d_fd46828b3606c9bab93dce55ae07fefe,0,1,a_f47a8f7809556bd3c474b1520fba0d35,a_f47a8f7809556bd3c474b1520fba0d35,p_29f46631f8acefad7bd31250308496ce,p_de7751b84215a2b890900c93db9f1d01,6,697,44,107,3149,230211,151,233360,216.64275466284076,334806.31276901008,1545.4304635761589,0.29139072847682118,0.013494172094617759
r_e952e50db9e49772a9a8a8fa8231363b,Direct file transfer,d_fd46828b3606c9bab93dce55ae07fefe,0,1,a_f47a8f7809556bd3c474b1520fba0d35,a_f47a8f7809556bd3c474b1520fba0d35,p_bdf9881398f848af52b6f52a59f821e5,p_de7751b84215a2b890900c93db9f1d01,6,2658,103,66,308700,4673,169,313373,63.581640331076002,117898.04364183597,1854.2781065088757,0.60946745562130178,0.98508805800116794
r_b235daba06f5a13e30e382cbc90601f7,Direct file transfer,d_fd46828b3606c9bab93dce55ae07fefe,0,1,a_f47a8f7809556bd3c474b1520fba0d35,a_f47a8f7809556bd3c474b1520fba0d35,p_e4cd5ddc565800c463c1ff051526c45a,p_f20f8250c88d103697dd803efa0f0d0c,6,613,40,101,2883,269145,141,272028,230.01631321370311,443765.08972267539,1929.2765957446809,0.28368794326241137,0.010598173717411443
r_c43df49be393fbf4d1ea122019f92c09,Direct file transfer,d_fd46828b3606c9bab93dce55ae07fefe,0,1,a_f47a8f7809556bd3c474b1520fba0d35,a_f47a8f7809556bd3c474b1520fba0d35,p_75f182dfa8dc3a3b7c32d23956204350,p_de7751b84215a2b890900c93db9f1d01,6,613,28,91,2101,205165,119,207266,194.12724306688418,338117.45513866231,1741.7310924369747,0.23529411764705882,0.010136732507984908
r_3b1d2b91080be70f5c50b25784275af9,Direct file transfer,d_fd46828b3606c9bab93dce55ae07fefe,0,1,a_f47a8f7809556bd3c474b1520fba0d35,a_f47a8f7809556bd3c474b1520fba0d35,p_8fc2e4d3b4f61937ec2efe486ad486d9,p_dd74cc5b69b608ff00edcb1d8b246822,6,700,44,114,3161,140839,158,144000,225.71428571428572,205714.28571428574,911.39240506329111,0.27848101265822783,0.021951388888888888
r_ec9bb7b71006757a94ad7766e7b62ff3,Direct file transfer,d_fd46828b3606c9bab93dce55ae07fefe,0,1,a_f47a8f7809556bd3c474b1520fba0d35,a_f47a8f7809556bd3c474b1520fba0d35,p_04fa3a03fc9aa7dc04dc9200ae8bf34c,p_f20f8250c88d103697dd803efa0f0d0c,6,731,27,99,2041,350415,126,352456,172.36662106703147,482155.95075239398,2797.2698412698414,0.21428571428571427,0.0057907937444673947
r_e8ee9fe71655aafef0652b67aab2e100,Direct file transfer,d_fd46828b3606c9bab93dce55ae07fefe,0,1,a_f47a8f7809556bd3c474b1520fba0d35,a_f47a8f7809556bd3c474b1520fba0d35,p_55c56588f6c34cb11b6441dde11ec66b,p_fb701d5a05c03fb8299bbc4274ccd85a,6,692,44,113,3149,138867,157,142016,226.87861271676303,205225.43352601156,904.56050955414014,0.28025477707006369,0.022173557908968005
r_268e76c4759b10f584003229ef54ceb2,Direct file transfer,d_fd46828b3606c9bab93dce55ae07fefe,0,1,a_f47a8f7809556bd3c474b1520fba0d35,a_f47a8f7809556bd3c474b1520fba0d35,p_b8783ea6d4ba095b0df11d269a20afb0,p_dd74cc5b69b608ff00edcb1d8b246822,6,750,44,116,3149,152170,160,155319,213.33333333333334,207092,970.74374999999998,0.27500000000000002,0.020274403002852194
r_26e3059134bd13efb746d039cfb1200e,Direct file transfer,d_fd46828b3606c9bab93dce55ae07fefe,0,1,a_f47a8f7809556bd3c474b1520fba0d35,a_f47a8f7809556bd3c474b1520fba0d35,p_a267eb1c9ff32364ba3c65013b629563,p_77dbe3e2b43b6b81a173862305b375d0,6,699,30,99,2239,206182,129,208421,184.54935622317598,298170.243204578,1615.6666666666667,0.23255813953488372,0.010742679480474616
r_a1d0f2a2112b4bed74ad9b6708116388,Direct file transfer,d_fd46828b3606c9bab93dce55ae07fefe,0,1,a_f47a8f7809556bd3c474b1520fba0d35,a_f47a8f7809556bd3c474b1520fba0d35,p_c4ab7c05664b32a1339aaf8d9c67c801,p_77dbe3e2b43b6b81a173862305b375d0,6,737,44,117,3163,167412,161,170575,218.45318860244234,231445.0474898236,1059.4720496894411,0.27329192546583853,0.018543162831599003
r_6cece892fa2529205eedb5140d0e8859,Direct file transfer,d_fd46828b3606c9bab93dce55ae07fefe,0,1,a_f47a8f7809556bd3c474b1520fba0d35,a_f47a8f7809556bd3c474b1520fba0d35,p_48cc69b3014d4e6b044ef834f85281fb,p_6688deacbc9d093f76efd71ae803001d,6,2730,105,64,282617,4541,169,287158,61.904761904761905,105186.08058608058,1699.1597633136096,0.62130177514792895,0.98418640609002705
r_8667a2d6a8b7a62a72161e67f737e32f,Direct file transfer,d_fd46828b3606c9bab93dce55ae07fefe,0,1,a_f47a8f7809556bd3c474b1520fba0d35,a_f47a8f7809556bd3c474b1520fba0d35,p_a3f7d701e129f15bd36ce707afd4d48a,p_c0f14bbd0a7540f9669573a1a65f5285,6,729,32,102,2405,350452,134,352857,183.81344307270234,484028.80658436217,2633.2611940298507,0.23880597014925373,0.0068157922331142642
r_80246c58ed084b9662fbb0443f1579e7,Direct file transfer,d_fd46828b3606c9bab93dce55ae07fefe,0,1,a_f47a8f7809556bd3c474b1520fba0d35,a_f47a8f7809556bd3c474b1520fba0d35,p_35189aa2c10debf3226afc5ca9eddec6,p_c0f14bbd0a7540f9669573a1a65f5285,6,2687,103,64,308700,4541,167,313241,62.15109787867511,116576.47934499443,1875.6946107784431,0.61676646706586824,0.9855031748717441
r_d6f870964b4d686972b24c4139b08e88,Direct file transfer,d_fd46828b3606c9bab93dce55ae07fefe,0,1,a_f47a8f7809556bd3c474b1520fba0d35,a_f47a8f7809556bd3c474b1520fba0d35,p_95c9b69735be4988319b673aebe90433,p_2e2bdff7d79ba86224377da437861888,6,2659,103,65,308701,4609,168,313310,63.181647235802942,117830.01128243702,1864.9404761904761,0.61309523809523814,0.98528933005649355
r_1d4f92f3d0584c9efc2484ded98bd9c8,Direct file transfer,d_fd46828b3606c9bab93dce55ae07fefe,0,1,a_f47a8f7809556bd3c474b1520fba0d35,a_f47a8f7809556bd3c474b1520fba0d35,p_c24d162ff099360f1d0dfeb74927da14,p_6688deacbc9d093f76efd71ae803001d,6,739,34,106,2501,167259,140,169760,189.44519621109609,229715.83220568337,1212.5714285714287,0.24285714285714285,0.014732563619227144
r_9a5e9a9c4a117e8712d2e4e1222ce5f8,Direct file transfer,d_fd46828b3606c9bab93dce55ae07fefe,0,1,a_f47a8f7809556bd3c474b1520fba0d35,a_f47a8f7809556bd3c474b1520fba0d35,p_5fe10a1d763c2114a115c8cbb8d2b368,p_c0f14bbd0a7540f9669573a1a65f5285,6,2805,107,68,322079,4805,175,326884,62.388591800356501,116536.1853832442,1867.9085714285713,0.61142857142857143,0.9853005959300547
r_10d1d3f24f13c16ab399c5d61756ef95,Direct file transfer,d_fd46828b3606c9bab93dce55ae07fefe,0,1,a_f47a8f7809556bd3c474b1520fba0d35,a_f47a8f7809556bd3c474b1520fba0d35,p_3ea1ee8ea7914564ef9b40e8e50ee08b,p_6688deacbc9d093f76efd71ae803001d,6,2628,101,64,269237,4541,165,273778,62.785388127853878,104177.32115677321,1659.2606060606061,0.61212121212121207,0.98341356865781759
r_419ce258c9f553671f6471071b9f76e5,Direct file transfer,d_fd46828b3606c9bab93dce55ae07fefe,0,1,a_f47a8f7809556bd3c474b1520fba0d35,a_f47a8f7809556bd3c474b1520fba0d35,p_4479995f24da41fd4f1faf0a94e004e7,p_73a113db56cae583b0f4d27a2f1f0ea3,6,2747,105,67,282618,4741,172,287359,62.613760465962869,104608.29996359666,1670.6918604651162,0.61046511627906974,0.98350147376626451
r_8e85db9f4f50eb845f6690ac5256200a,Direct file transfer,d_fd46828b3606c9bab93dce55ae07fefe,0,1,a_f47a8f7809556bd3c474b1520fba0d35,a_f47a8f7809556bd3c474b1520fba0d35,p_65e2e31c98e9a75eb667d4b6a710d0fb,p_77dbe3e2b43b6b81a173862305b375d0,6,2713,105,66,282618,4675,171,287293,63.029856247696273,105894.95023958717,1680.0760233918129,0.61403508771929827,0.98372741417298715
r_ea4f46c435c05b9ab0e6041a703a44c8,Direct file transfer,d_fd46828b3606c9bab93dce55ae07fefe,0,1,a_f47a8f7809556bd3c474b1520fba0d35,a_f47a8f7809556bd3c474b1520fba0d35,p_4f3953bee637252c71fa4dac5bbe4a9e,p_6688deacbc9d093f76efd71ae803001d,6,2915,111,68,269913,4801,179,274714,61.406518010291592,94241.509433962259,1534.7150837988827,0.62011173184357538,0.98252364277029924
r_11e9ab0fa5e99370d7bc05ec60d6fc2a,Direct file transfer,d_fd46828b3606c9bab93dce55ae07fefe,0,1,a_f47a8f7809556bd3c474b1520fba0d35,a_f47a8f7809556bd3c474b1520fba0d35,p_0c3de86ef1f2c3c050db7183e7b4e4e3,p_fb701d5a05c03fb8299bbc4274ccd85a,6,781,36,103,2633,360976,139,363609,177.97695262483995,465568.50192061457,2615.8920863309354,0.25899280575539568,0.0072412949074417846
r_6f923325e2e02d5b52c2b93f518f30e1,Direct file transfer,d_fd46828b3606c9bab93dce55ae07fefe,0,1,a_f47a8f7809556bd3c474b1520fba0d35,a_f47a8f7809556bd3c474b1520fba0d35,p_bbadf08b0c129dc432d8339746e487b1,p_2e2bdff7d79ba86224377da437861888,6,2319,91,61,268558,4341,152,272899,65.545493747304874,117679.60327727468,1795.3881578947369,0.59868421052631582,0.98409301609753064
r_9286ddc13b1a76563ea53230c9c3423e,Direct file transfer,d_fd46828b3606c9bab93dce55ae07fefe,0,1,a_f47a8f7809556bd3c474b1520fba0d35,a_f47a8f7809556bd3c474b1520fba0d35,p_3e19dd90f6109a67000a34bbc658551c,p_77dbe3e2b43b6b81a173862305b375d0,6,793,44,121,3147,139393,165,142540,208.07061790668348,179747.79319041612,863.87878787878788,0.26666666666666666,0.022078013189280203
r_a7c27955e9dfba0e47dbf3d134d4311d,Direct file transfer,d_fd46828b3606c9bab93dce55ae07fefe,0,1,a_f47a8f7809556bd3c474b1520fba0d35,a_f47a8f7809556bd3c474b1520fba0d35,p_5132fe62129acb15a94500e6b3a2ec0a,p_de7751b84215a2b890900c93db9f1d01,6,2803,107,66,322079,4673,173,326752,61.719586157688191,116572.24402425972,1888.7398843930637,0.61849710982658956,0.98569863382626577
r_7bab9025f5f6b7c8ee00c32d42d6fe27,Direct file transfer,d_fd46828b3606c9bab93dce55ae07fefe,0,1,a_f47a8f7809556bd3c474b1520fba0d35,a_f47a8f7809556bd3c474b1520fba0d35,p_77786fc65ae476d9b35d7c745cf2a3f7,p_6688deacbc9d093f76efd71ae803001d,6,774,30,106,2249,259327,136,261576,175.71059431524549,337953.48837209301,1923.3529411764705,0.22058823529411764,0.0085978835978835974
r_b582909c7b76915a719eba53fbe7472d,Direct file transfer,d_fd46828b3606c9bab93dce55ae07fefe,0,1,a_f47a8f7809556bd3c474b1520fba0d35,a_f47a8f7809556bd3c474b1520fba0d35,p_6f0e092031c1a9c06fa5e96d1377d5d0,p_73a113db56cae583b0f4d27a2f1f0ea3,6,782,34,110,2523,141676,144,144199,184.14322250639387,184397.69820971866,1001.3819444444445,0.2361111111111111,0.017496653929638901
r_11d7e143ab1ccbde3222451d972a13e0,Direct file transfer,d_fd46828b3606c9bab93dce55ae07fefe,0,1,a_f47a8f7809556bd3c474b1520fba0d35,a_f47a8f7809556bd3c474b1520fba0d35,p_0aab0015b862723793238e9ea286b139,p_f20f8250c88d103697dd803efa0f0d0c,6,2327,91,61,268558,4341,152,272899,65.320154705629562,117275.03223033949,1795.3881578947369,0.59868421052631582,0.98409301609753064
r_b9f5037e7dec789f461fc687a93c7842,Direct file transfer,d_fd46828b3606c9bab93dce55ae07fefe,0,1,a_f47a8f7809556bd3c474b1520fba0d35,a_f47a8f7809556bd3c474b1520fba0d35,p_fa74ab9de3d322b1ed638faed1d4f79a,p_f20f8250c88d103697dd803efa0f0d0c,6,2674,103,65,308701,4609,168,313310,62.827225130890056,117169.03515332835,1864.9404761904761,0.61309523809523814,0.98528933005649355
r_299a118878da084d3136f4bda9f4bfb3,Direct file transfer,d_fd46828b3606c9bab93dce55ae07fefe,0,1,a_f47a8f7809556bd3c474b1520fba0d35,a_f47a8f7809556bd3c474b1520fba0d35,p_6bfafa8c878d2974167c91c762661062,p_dd74cc5b69b608ff00edcb1d8b246822,6,2857,109,65,295997,4607,174,300604,60.903045152257612,105216.66083304165,1727.6091954022988,0.62643678160919536,0.98467418929887829
r_764e01d9fadb64f7496be1f17e311b69,Direct file transfer,d_fd46828b3606c9bab93dce55ae07fefe,0,1,a_f47a8f7809556bd3c474b1520fba0d35,a_f47a8f7809556bd3c474b1520fba0d35,p_ab1872fbd9211de0dec439d65ebadc58,p_dd74cc5b69b608ff00edcb1d8b246822,6,2922,111,68,269913,4801,179,274714,61.259411362080762,94015.742642026002,1534.7150837988827,0.62011173184357538,0.98252364277029924
r_c8b420ddb1869de1075d5ff9dd0a0359,Direct file transfer,d_fd46828b3606c9bab93dce55ae07fefe,0,1,a_f47a8f7809556bd3c474b1520fba0d35,a_f47a8f7809556bd3c474b1520fba0d35,p_0e4f49120a1d0e81d4d5316acc3bec0b,p_73a113db56cae583b0f4d27a2f1f0ea3,6,786,44,119,3151,165518,163,168669,207.37913486005087,214591.6030534351,1034.7791411042945,0.26993865030674846,0.018681559741268401
r_684f5a9329fabb61a9bc559aa58b21ee,Direct file transfer,d_fd46828b3606c9bab93dce55ae07fefe,0,1,a_f47a8f7809556bd3c474b1520fba0d35,a_f47a8f7809556bd3c474b1520fba0d35,p_e89414fa25fa10efc345579182da24d0,p_77dbe3e2b43b6b81a173862305b375d0,6,2858,109,67,295998,4741,176,300739,61.581525542337296,105227.08187543736,1708.7443181818182,0.61931818181818177,0.98423549988528258
r_dc5890e884cda5dfb50ec1eef3fa600d,Direct file transfer,d_fd46828b3606c9bab93dce55ae07fefe,0,1,a_f47a8f7809556bd3c474b1520fba0d35,a_f47a8f7809556bd3c474b1520fba0d35,p_cfc0f19fb7704f6c1e43e1db05cbe597,p_c0f14bbd0a7540f9669573a1a65f5285,6,610,41,101,3127,334308,142,337435,232.78688524590166,553172.13114754099,2376.3028169014083,0.28873239436619719,0.0092669699349504347
r_a73e87decfa3cc9d54d704c4da4269e0,Direct file transfer,d_fd46828b3606c9bab93dce55ae07fefe,0,1,a_f47a8f7809556bd3c474b1520fba0d35,a_f47a8f7809556bd3c474b1520fba0d35,p_305d6a1cc1f76177a0304575ff2fcae5,p_73a113db56cae583b0f4d27a2f1f0ea3,6,2956,111,69,269914,4869,180,274783,60.893098782138026,92957.713125845738,1526.5722222222223,0.6166666666666667,0.98228056320805868
r_254e3cf44bf388b7ba8e25f632c907ee,Direct file transfer,d_fd46828b3606c9bab93dce55ae07fefe,0,1,a_f47a8f7809556bd3c474b1520fba0d35,a_f47a8f7809556bd3c474b1520fba0d35,p_7f3fe35100906811d50175b268642f49,p_fb701d5a05c03fb8299bbc4274ccd85a,6,699,34,99,2501,245080,133,247581,190.27181688125896,354193.13304721034,1861.5112781954888,0.25563909774436089,0.01010174447958446
r_82c7640e5a95ad7812074505f79f33b5,Direct file transfer,d_fd46828b3606c9bab93dce55ae07fefe,0,1,a_f47a8f7809556bd3c474b1520fba0d35,a_f47a8f7809556bd3c474b1520fba0d35,p_abe12214bdb7c4a0c609d8e9ef1c6dae,p_2e2bdff7d79ba86224377da437861888,6,625,29,91,2169,205216,120,207385,192,331816,1728.2083333333333,0.24166666666666667,0.010458808496275044
r_bdd2d3ad8542167b17a04a1488624401,Direct file transfer,d_fd46828b3606c9bab93dce55ae07fefe,0,1,a_f47a8f7809556bd3c474b1520fba0d35,a_f47a8f7809556bd3c474b1520fba0d35,p_a2553246919bba4a6d6edd43bf0210de,p_dd74cc5b69b608ff00edcb1d8b246822,6,2606,101,62,269237,4409,163,273646,62.547966231772833,105006.13967766693,1678.8098159509202,0.61963190184049077,0.98388794281663172
r_c451cdbbd6e13e762e608b545e6ac2b7,Direct file transfer,d_fd46828b3606c9bab93dce55ae07fefe,0,1,a_f47a8f7809556bd3c474b1520fba0d35,a_f47a8f7809556bd3c474b1520fba0d35,p_3612f55afed8713cc0468ba4d6f59dc8,p_73a113db56cae583b0f4d27a2f1f0ea3,6,2609,101,65,269238,4609,166,273847,63.62591031046378,104962.43771559985,1649.6807228915663,0.60843373493975905,0.98316943402702972
r_9b5112b3f60d7ac448424dad4b644d58,Direct file transfer,d_fd46828b3606c9bab93dce55ae07fefe,0,1,a_f47a8f7809556bd3c474b1520fba0d35,a_f47a8f7809556bd3c474b1520fba0d35,p_900002ba21b5c1cd0f8c1855d1f42b1a,p_fb701d5a05c03fb8299bbc4274ccd85a,6,726,44,113,3161,232896,157,236057,216.2534435261708,325147.38292011019,1503.5477707006369,0.28025477707006369,0.013390833569858127
r_2b4b86dfc7a1c3619391ac48f81b5fcc,Direct file transfer,d_fd46828b3606c9bab93dce55ae07fefe,0,1,a_f47a8f7809556bd3c474b1520fba0d35,a_f47a8f7809556bd3c474b1520fba0d35,p_5e5873883f617a6244b9e4b351f772e7,p_73a113db56cae583b0f4d27a2f1f0ea3,6,743,31,103,2317,232754,134,235071,180.34993270524899,316380.88829071331,1754.2611940298507,0.23134328358208955,0.0098565965176478591
r_a3e21bddae334ae9afedec1fe7940c9b,Direct file transfer,d_fd46828b3606c9bab93dce55ae07fefe,0,1,a_f47a8f7809556bd3c474b1520fba0d35,a_f47a8f7809556bd3c474b1520fba0d35,p_0893ff33c913fbc623808e038a49ff1e,p_f20f8250c88d103697dd803efa0f0d0c,6,778,44,118,3163,246175,162,249338,208.2262210796915,320485.86118251929,1539.1234567901236,0.27160493827160492,0.012685591446149403
r_00fadd7d01b810c4481615b2ba0c6f9c,Direct file transfer,d_fd46828b3606c9bab93dce55ae07fefe,0,1,a_f47a8f7809556bd3c474b1520fba0d35,a_f47a8f7809556bd3c474b1520fba0d35,p_22af22ac100670ad3bec59488a9a0c78,p_73a113db56cae583b0f4d27a2f1f0ea3,6,703,31,100,2305,140700,131,143005,186.34423897581794,203421.05263157896,1091.6412213740457,0.23664122137404581,0.016118317541344709
r_9eaf92da8f480b3f6ac49f4582175bb7,Direct file transfer,d_fd46828b3606c9bab93dce55ae07fefe,0,1,a_f47a8f7809556bd3c474b1520fba0d35,a_f47a8f7809556bd3c474b1520fba0d35,p_339dd6a247f53f2dd5af3d6da675fd73,p_fb701d5a05c03fb8299bbc4274ccd85a,6,2727,105,67,282617,4739,172,287356,63.072973964063074,105374.40410707738,1670.6744186046512,0.61046511627906974,0.98350826152925286
r_dc5a86149be1af3596607aed11a4e556,Direct file transfer,d_fd46828b3606c9bab93dce55ae07fefe,0,1,a_f47a8f7809556bd3c474b1520fba0d35,a_f47a8f7809556bd3c474b1520fba0d35,p_30f3f08acb999ec9a2e003d5b0773674,p_c0f14bbd0a7540f9669573a1a65f5285,6,2342,91,61,268557,4339,152,272896,64.901793339026469,116522.63023057216,1795.3684210526317,0.59868421052631582,0.98410017002814254
r_4c3e8cc432f648f47c517667f0022774,Direct file transfer,d_fd46828b3606c9bab93dce55ae07fefe,0,1,a_f47a8f7809556bd3c474b1520fba0d35,a_f47a8f7809556bd3c474b1520fba0d35,p_47e82ec110eb4c9c6ab4c78361787abb,p_dd74cc5b69b608ff00edcb1d8b246822,6,3,7,5,625,478,12,1103,4000,367666.66666666669,91.916666666666671,0.58333333333333337,0.56663644605621033
r_1482e615ca6c944d6049beab0b55a6fd,Direct file transfer,d_fd46828b3606c9bab93dce55ae07fefe,0,1,a_f47a8f7809556bd3c474b1520fba0d35,a_f47a8f7809556bd3c474b1520fba0d35,p_8ffe1203bec7496449128bf438c8f5a7,p_77dbe3e2b43b6b81a173862305b375d0,6,562,25,38,1909,435383,63,437292,112.09964412811387,778099.64412811375,6941.1428571428569,0.3968253968253968,0.0043655040567858548
r_6418e44542deeebe14b5e39e920e07d4,Direct file transfer,d_fd46828b3606c9bab93dce55ae07fefe,0,1,a_f47a8f7809556bd3c474b1520fba0d35,a_f47a8f7809556bd3c474b1520fba0d35,p_ec57bd8b5a7894bb7ec3325b0ec8f266,p_77dbe3e2b43b6b81a173862305b375d0,6,222,33,32,303955,2431,65,306386,292.7927927927928,1380117.1171171172,4713.6307692307691,0.50769230769230766,0.9920655643534626
r_2a3cf6780d61ed2c41e8aae0b57b0403,Direct file transfer,d_fd46828b3606c9bab93dce55ae07fefe,0,1,a_f47a8f7809556bd3c474b1520fba0d35,a_f47a8f7809556bd3c474b1520fba0d35,p_d829bd78aab6e8c1176d5c0643c3f48a,p_fb701d5a05c03fb8299bbc4274ccd85a,6,561,25,38,1907,435383,63,437290,112.29946524064169,779483.06595365412,6941.1111111111113,0.3968253968253968,0.0043609503990486862
r_97fad815384676e35451f95edf1336e6,Direct file transfer,d_fd46828b3606c9bab93dce55ae07fefe,0,1,a_f47a8f7809556bd3c474b1520fba0d35,a_f47a8f7809556bd3c474b1520fba0d35,p_0c73ac9d62be6f7056fada0eb4c533b6,p_6688deacbc9d093f76efd71ae803001d,6,219,33,32,303954,2429,65,306383,296.80365296803654,1399009.1324200914,4713.5846153846151,0.50769230769230766,0.99207201443944348
r_bc886be2c7c962a3474986d6d7ab8ff1,Direct file transfer,d_fd46828b3606c9bab93dce55ae07fefe,0,1,a_f47a8f7809556bd3c474b1520fba0d35,a_f47a8f7809556bd3c474b1520fba0d35,p_5ed10aa656957bef6c8b58824b65ad64,p_f20f8250c88d103697dd803efa0f0d0c,6,562,25,42,1921,409432,67,411353,119.2170818505338,731944.83985765115,6139.5970149253735,0.37313432835820898,0.004669955002151437
r_3167de73fd86859128c2ce5f8ce18c8b,Direct file transfer,d_fd46828b3606c9bab93dce55ae07fefe,0,1,a_f47a8f7809556bd3c474b1520fba0d35,a_f47a8f7809556bd3c474b1520fba0d35,p_cd136e40c8c0b443fec776b76ae86967,p_73a113db56cae583b0f4d27a2f1f0ea3,6,218,33,32,303955,2431,65,306386,298.16513761467888,1405440.3669724772,4713.6307692307691,0.50769230769230766,0.9920655643534626
r_554ee0ba224cb882074f3c66606b4442,Direct file transfer,d_fd46828b3606c9bab93dce55ae07fefe,0,1,a_f47a8f7809556bd3c474b1520fba0d35,a_f47a8f7809556bd3c474b1520fba0d35,p_e238e3bfabfd38119fbe852f302c6ca7,p_de7751b84215a2b890900c93db9f1d01,6,226,35,34,277871,2561,69,280432,305.30973451327435,1240849.5575221239,4064.231884057971,0.50724637681159424,0.9908676613225309
r_b676187406c56921a30e6f2f6d1e5917,Direct file transfer,d_fd46828b3606c9bab93dce55ae07fefe,0,1,a_f47a8f7809556bd3c474b1520fba0d35,a_f47a8f7809556bd3c474b1520fba0d35,p_ee51800e2cf96010d2fa96efcc9d1427,p_c0f14bbd0a7540f9669573a1a65f5285,6,560,24,43,1841,343960,67,345801,119.64285714285712,617501.78571428568,5161.2089552238804,0.35820895522388058,0.0053238712438656915
r_aeb126cfc41a710eacfe6c38497d42d9,Direct file transfer,d_fd46828b3606c9bab93dce55ae07fefe,0,1,a_f47a8f7809556bd3c474b1520fba0d35,a_f47a8f7809556bd3c474b1520fba0d35,p_a63875a0ba710af4735415a0f4579632,p_77dbe3e2b43b6b81a173862305b375d0,6,699,24,45,1843,383416,69,385259,98.712446351931334,551157.36766809737,5583.463768115942,0.34782608695652173,0.0047837947977853856
r_f5d2d0bef6e60ee45a11a188cbe31455,Direct file transfer,d_fd46828b3606c9bab93dce55ae07fefe,0,1,a_f47a8f7809556bd3c474b1520fba0d35,a_f47a8f7809556bd3c474b1520fba0d35,p_12dffa2c1d5509683dfed13a3b1e406e,p_2e2bdff7d79ba86224377da437861888,6,568,30,44,2227,147461,74,149688,130.28169014084509,263535.21126760566,2022.8108108108108,0.40540540540540543,0.014877612099834321
r_9eb6ee2923e42238919e210ab59464d4,Direct file transfer,d_fd46828b3606c9bab93dce55ae07fefe,0,1,a_f47a8f7809556bd3c474b1520fba0d35,a_f47a8f7809556bd3c474b1520fba0d35,p_a4a65ca55c1ca6990b289106249486cb,p_de7751b84215a2b890900c93db9f1d01,6,556,24,42,1841,409422,66,411263,118.70503597122301,739681.65467625891,6231.257575757576,0.36363636363636365,0.0044764542397443974
r_8e8c67eef2d6c9801f73f259465e861a,Direct file transfer,d_fd46828b3606c9bab93dce55ae07fefe,0,1,a_f47a8f7809556bd3c474b1520fba0d35,a_f47a8f7809556bd3c474b1520fba0d35,p_ebb563d67f65d92efd334b0358e6909a,p_77dbe3e2b43b6b81a173862305b375d0,6,274,37,36,317334,2695,73,320029,266.42335766423355,1167989.0510948903,4383.9589041095887,0.50684931506849318,0.99157888816326023
r_280357448dff1e06f025e18e47648bf2,Direct file transfer,d_fd46828b3606c9bab93dce55ae07fefe,0,1,a_f47a8f7809556bd3c474b1520fba0d35,a_f47a8f7809556bd3c474b1520fba0d35,p_bfa72b9a0db3b3b0e93069e60ad3204b,p_f20f8250c88d103697dd803efa0f0d0c,6,264,39,38,291252,2827,77,294079,291.66666666666663,1113935.606060606,3819.2077922077924,0.50649350649350644,0.99038693684350121
r_97e927923af23b7b71960aef9fcfb85b,Direct file transfer,d_fd46828b3606c9bab93dce55ae07fefe,0,1,a_f47a8f7809556bd3c474b1520fba0d35,a_f47a8f7809556bd3c474b1520fba0d35,p_d34fde5b7a77d88e6ac19f814aca5a9b,p_6688deacbc9d093f76efd71ae803001d,6,274,37,36,317333,2693,73,320026,266.42335766423355,1167978.1021897809,4383.9178082191784,0.50684931506849318,0.99158505871397951
r_d12ae17310cfd5c55c8493f6e085714f,Direct file transfer,d_fd46828b3606c9bab93dce55ae07fefe,0,1,a_f47a8f7809556bd3c474b1520fba0d35,a_f47a8f7809556bd3c474b1520fba0d35,p_2a35bac5b85959000f29f2ffa1bbbdcd,p_c76517ae9b158cba02287e228c4ea7a9,6,699,25,45,1895,357201,70,359096,100.14306151645208,513728.18311874109,5129.9428571428571,0.35714285714285715,0.0052771403747187383
r_fbe644f0cc7de84aeef90d2066e819f5,Direct file transfer,d_fd46828b3606c9bab93dce55ae07fefe,0,1,a_f47a8f7809556bd3c474b1520fba0d35,a_f47a8f7809556bd3c474b1520fba0d35,p_8929bb72a826763de8c390f01eb89371,p_f20f8250c88d103697dd803efa0f0d0c,6,231,35,34,277872,2563,69,280435,298.7012987012987,1214004.3290043289,4064.2753623188405,0.50724637681159424,0.99086062723982382
r_9325b095c3e64aae11e8e6d466944ebd,Direct file transfer,d_fd46828b3606c9bab93dce55ae07fefe,0,1,a_f47a8f7809556bd3c474b1520fba0d35,a_f47a8f7809556bd3c474b1520fba0d35,p_6795da6ec068a1512974aaaab68479f4,p_2e2bdff7d79ba86224377da437861888,6,348,47,44,318012,3223,91,321235,261.49425287356325,923089.08045977016,3530.0549450549452,0.51648351648351654,0.98996684670101331
r_1cc8c505fe669fee43ab0a020fc0f1c3,Direct file transfer,d_fd46828b3606c9bab93dce55ae07fefe,0,1,a_f47a8f7809556bd3c474b1520fba0d35,a_f47a8f7809556bd3c474b1520fba0d35,p_ded00f7d52d9f4fca2dc2c50c53c8d0a,p_dd74cc5b69b608ff00edcb1d8b246822,6,226,33,32,303954,2429,65,306383,287.61061946902652,1355676.9911504425,4713.5846153846151,0.50769230769230766,0.99207201443944348
r_d037893dbac37b59eee683a59383753d,Direct file transfer,d_fd46828b3606c9bab93dce55ae07fefe,0,1,a_f47a8f7809556bd3c474b1520fba0d35,a_f47a8f7809556bd3c474b1520fba0d35,p_9c87db64fc5954801683fc38269e608d,p_2e2bdff7d79ba86224377da437861888,6,262,39,37,291252,2761,76,294013,290.07633587786256,1122187.0229007632,3868.5921052631579,0.51315789473684215,0.99060925877427186
r_c733a795e7ca3ae0fd0e938725ae8b43,Direct file transfer,d_fd46828b3606c9bab93dce55ae07fefe,0,1,a_f47a8f7809556bd3c474b1520fba0d35,a_f47a8f7809556bd3c474b1520fba0d35,p_bae29321c3ec4c4839dfc82bfe767ebf,p_de7751b84215a2b890900c93db9f1d01,6,976,27,54,2039,567766,81,569805,82.991803278688522,583816.59836065571,7034.6296296296296,0.33333333333333331,0.0035784171778064427
r_41f267c614144b3297c8284d70d194c5,Direct file transfer,d_fd46828b3606c9bab93dce55ae07fefe,0,1,a_f47a8f7809556bd3c474b1520fba0d35,a_f47a8f7809556bd3c474b1520fba0d35,p_fda15a741dd097fce72cd5d9e0cdc221,p_77dbe3e2b43b6b81a173862305b375d0,6,705,25,50,1909,462442,75,464351,106.38297872340426,658653.90070921986,6191.3466666666664,0.33333333333333331,0.0041111142217848135
r_5b02afa202d9852fe72718a124ca57ec,Direct file transfer,d_fd46828b3606c9bab93dce55ae07fefe,0,1,a_f47a8f7809556bd3c474b1520fba0d35,a_f47a8f7809556bd3c474b1520fba0d35,p_3e75d52e02b7e0b055ca63e0f01743be,p_fb701d5a05c03fb8299bbc4274ccd85a,6,283,41,40,265169,2957,81,268126,286.21908127208485,947441.69611307431,3310.1975308641977,0.50617283950617287,0.9889716029031127
r_95fc88d75f4750d0a483386ade5d08e8,Direct file transfer,d_fd46828b3606c9bab93dce55ae07fefe,0,1,a_f47a8f7809556bd3c474b1520fba0d35,a_f47a8f7809556bd3c474b1520fba0d35,p_57999291ea2604739a01a39f9e01ce14,p_c0f14bbd0a7540f9669573a1a65f5285,6,229,35,34,277871,2561,69,280432,301.31004366812226,1224593.8864628822,4064.231884057971,0.50724637681159424,0.9908676613225309
r_5604aa5c5dac826d96179a1745c15e56,Direct file transfer,d_fd46828b3606c9bab93dce55ae07fefe,0,1,a_f47a8f7809556bd3c474b1520fba0d35,a_f47a8f7809556bd3c474b1520fba0d35,p_a098ad3014f73fbf404fcc58941d0a72,p_73a113db56cae583b0f4d27a2f1f0ea3,6,552,28,40,2095,173412,68,175507,123.18840579710144,317947.46376811591,2580.9852941176468,0.41176470588235292,0.011936845823813295
r_7863f918e7613ccf7d96ee992c1ef5ca,Direct file transfer,d_fd46828b3606c9bab93dce55ae07fefe,0,1,a_f47a8f7809556bd3c474b1520fba0d35,a_f47a8f7809556bd3c474b1520fba0d35,p_e817257ff8bc3bb9d4447402c099f734,p_de7751b84215a2b890900c93db9f1d01,6,261,39,38,291251,2825,77,294076,295.0191570881226,1126727.969348659,3819.1688311688313,0.50649350649350644,0.9903936397393871
r_9f537fdc798f13a397abefc3f34f9cdc,Direct file transfer,d_fd46828b3606c9bab93dce55ae07fefe,0,1,a_f47a8f7809556bd3c474b1520fba0d35,a_f47a8f7809556bd3c474b1520fba0d35,p_882e6a7f04e096a2a6dad019ddf42677,p_6688deacbc9d093f76efd71ae803001d,6,695,28,51,2105,200460,79,202565,113.66906474820145,291460.43165467627,2564.1139240506327,0.35443037974683544,0.01039172611260583
r_c5460f9b4639d145c5c81fd48c530a44,Direct file transfer,d_fd46828b3606c9bab93dce55ae07fefe,0,1,a_f47a8f7809556bd3c474b1520fba0d35,a_f47a8f7809556bd3c474b1520fba0d35,p_0e234aec8e0112be0ea957496b0b4fc7,p_2e2bdff7d79ba86224377da437861888,6,228,35,34,277872,2563,69,280435,302.63157894736838,1229978.0701754387,4064.2753623188405,0.50724637681159424,0.99086062723982382
r_d0fd824d73e637f435bbfe05829d8bd0,Direct file transfer,d_fd46828b3606c9bab93dce55ae07fefe,0,1,a_f47a8f7809556bd3c474b1520fba0d35,a_f47a8f7809556bd3c474b1520fba0d35,p_a1d9afe39ef4f454ea88a5417240297f,p_73a113db56cae583b0f4d27a2f1f0ea3,6,700,27,50,2029,200286,77,202315,110,289021.42857142858,2627.4675324675327,0.35064935064935066,0.010028915305340681
r_acf1572803862d3a02c775a58fef03a1,Direct file transfer,d_fd46828b3606c9bab93dce55ae07fefe,0,1,a_f47a8f7809556bd3c474b1520fba0d35,a_f47a8f7809556bd3c474b1520fba0d35,p_96cfd5010dc01155fec0e72a456d6250,p_c76517ae9b158cba02287e228c4ea7a9,6,314,43,42,304632,3089,85,307721,270.70063694267515,980003.18471337575,3620.2470588235292,0.50588235294117645,0.98996168607277368
r_48e52c3c880ee466a47d36e11f305726,Direct file transfer,d_fd46828b3606c9bab93dce55ae07fefe,0,1,a_f47a8f7809556bd3c474b1520fba0d35,a_f47a8f7809556bd3c474b1520fba0d35,p_c49303fd2374df0828c78131b9b951fc,p_c76517ae9b158cba02287e228c4ea7a9,6,836,27,51,2063,501777,78,503840,93.301435406698573,602679.42583732062,6459.4871794871797,0.34615384615384615,0.0040945538266116228
r_c3dfc9d666c1461277be5555e1665736,Direct file transfer,d_fd46828b3606c9bab93dce55ae07fefe,0,1,a_f47a8f7809556bd3c474b1520fba0d35,a_f47a8f7809556bd3c474b1520fba0d35,p_9c7e9d0b45346cd5be1f2a8c2494b456,p_77dbe3e2b43b6b81a173862305b375d0,6,288,41,40,265170,2959,81,268129,281.25,931003.47222222225,3310.2345679012346,0.50617283950617287,0.9889642671997434
r_8471a9929bc26d622274bc85a1c78061,Direct file transfer,d_fd46828b3606c9bab93dce55ae07fefe,0,1,a_f47a8f7809556bd3c474b1520fba0d35,a_f47a8f7809556bd3c474b1520fba0d35,p_cb9ace4dd7ccb63a9594266f743093cf,p_2e2bdff7d79ba86224377da437861888,6,831,27,52,2041,279221,79,281262,95.066185318892906,338462.09386281588,3560.2784810126582,0.34177215189873417,0.0072565792748398288
r_fea9f49411550e05949d3fd2aa6310ac,Direct file transfer,d_fd46828b3606c9bab93dce55ae07fefe,0,1,a_f47a8f7809556bd3c474b1520fba0d35,a_f47a8f7809556bd3c474b1520fba0d35,p_93288998ddbdac2be9b1e87c6a71e925,p_fb701d5a05c03fb8299bbc4274ccd85a,6,693,25,43,1907,579892,68,581799,98.124098124098126,839536.79653679661,8555.8676470588234,0.36764705882352944,0.0032777643137922204
r_79efee2699ecc7427281d9ec8f72952f,Direct file transfer,d_fd46828b3606c9bab93dce55ae07fefe,0,1,a_f47a8f7809556bd3c474b1520fba0d35,a_f47a8f7809556bd3c474b1520fba0d35,p_6bee663e7445e160344211072cc44cdd,p_73a113db56cae583b0f4d27a2f1f0ea3,6,700,28,47,2107,186981,75,189088,107.14285714285715,270125.71428571432,2521.1733333333332,0.37333333333333335,0.011142959891690641
r_6d646190f8d3ffc462d2592c54c16c82,Direct file transfer,d_fd46828b3606c9bab93dce55ae07fefe,0,1,a_f47a8f7809556bd3c474b1520fba0d35,a_f47a8f7809556bd3c474b1520fba0d35,p_2d928516446669ad9a91a81ebd90a1bb,p_f20f8250c88d103697dd803efa0f0d0c,6,832,26,50,1975,501711,76,503686,91.346153846153854,605391.82692307699,6627.4473684210525,0.34210526315789475,0.0039210936972637715
r_313e5f46a947bd5dd96b007ea154e080,Direct file transfer,d_fd46828b3606c9bab93dce55ae07fefe,0,1,a_f47a8f7809556bd3c474b1520fba0d35,a_f47a8f7809556bd3c474b1520fba0d35,p_b2a7735dd010e7fb9ee7f9bcbcdd31b1,p_77dbe3e2b43b6b81a173862305b375d0,6,344,45,39,278550,2893,84,281443,244.18604651162792,818148.25581395358,3350.5119047619046,0.5357142857142857,0.98972083157157931
r_2fba36854ed76b5f772c8c69616164d9,Direct file transfer,d_fd46828b3606c9bab93dce55ae07fefe,0,1,a_f47a8f7809556bd3c474b1520fba0d35,a_f47a8f7809556bd3c474b1520fba0d35,p_53a469945a977f77241fdc716a2be6e4,p_fb701d5a05c03fb8299bbc4274ccd85a,6,227,33,32,303954,2429,65,306383,286.34361233480178,1349704.845814978,4713.5846153846151,0.50769230769230766,0.99207201443944348
r_534e44cf16b0aee7588afde8a5c5b361,Direct file transfer,d_fd46828b3606c9bab93dce55ae07fefe,0,1,a_f47a8f7809556bd3c474b1520fba0d35,a_f47a8f7809556bd3c474b1520fba0d35,p_15ef1d30a6459cdbbd83361207e4aa94,p_dd74cc5b69b608ff00edcb1d8b246822,6,562,28,40,2093,173369,68,175462,120.99644128113877,312209.96441281133,2580.3235294117649,0.41176470588235292,0.011928508736934493
r_9bd471fab1db27488e5c3670af36b3d4,Direct file transfer,d_fd46828b3606c9bab93dce55ae07fefe,0,1,a_f47a8f7809556bd3c474b1520fba0d35,a_f47a8f7809556bd3c474b1520fba0d35,p_270f6ec6e08291a1ce3fa92e4f010bc9,p_f20f8250c88d103697dd803efa0f0d0c,6,304,43,42,304633,3091,85,307724,279.60526315789474,1012250,3620.2823529411767,0.50588235294117645,0.9899552846056856
r_42730b9d4340b90ba7a59dd1d9a42c37,Direct file transfer,d_fd46828b3606c9bab93dce55ae07fefe,0,1,a_f47a8f7809556bd3c474b1520fba0d35,a_f47a8f7809556bd3c474b1520fba0d35,p_e4552ba46db43404f58cfaf13c46db13,p_de7751b84215a2b890900c93db9f1d01,6,322,43,42,304632,3089,85,307721,263.9751552795031,955655.27950310556,3620.2470588235292,0.50588235294117645,0.98996168607277368
r_73e7269887561f93360316abddff46a1,Direct file transfer,d_fd46828b3606c9bab93dce55ae07fefe,0,1,a_f47a8f7809556bd3c474b1520fba0d35,a_f47a8f7809556bd3c474b1520fba0d35,p_aff01f05787959f0f3b5091fdb7c6f2d,p_fb701d5a05c03fb8299bbc4274ccd85a,6,318,45,42,278549,3089,87,281638,273.58490566037733,885654.08805031446,3237.2183908045977,0.51724137931034486,0.98903201982686995
r_ff6ba1956e9e802fc0393146f902b9a2,Direct file transfer,d_fd46828b3606c9bab93dce55ae07fefe,0,1,a_f47a8f7809556bd3c474b1520fba0d35,a_f47a8f7809556bd3c474b1520fba0d35,p_ab90fd7ed5eae638fda7515f44c6f93b,p_fb701d5a05c03fb8299bbc4274ccd85a,6,831,26,54,1973,489026,80,490999,96.269554753309265,590853.18892900122,6137.4875000000002,0.32500000000000001,0.0040183381228882341
r_b1840a9df0cba0beaaa5bbf6a76f2da2,Direct file transfer,d_fd46828b3606c9bab93dce55ae07fefe,0,1,a_f47a8f7809556bd3c474b1520fba0d35,a_f47a8f7809556bd3c474b1520fba0d35,p_bb4acbf4c5dac56fecd9a65e64466ade,p_de7751b84215a2b890900c93db9f1d01,6,696,25,45,1895,357191,70,359086,100.57471264367817,515928.16091954027,5129.8000000000002,0.35714285714285715,0.0052772873350673656
r_c9fc89603e0d312919bbfe39b2324949,Direct file transfer,d_fd46828b3606c9bab93dce55ae07fefe,0,1,a_f47a8f7809556bd3c474b1520fba0d35,a_f47a8f7809556bd3c474b1520fba0d35,p_99e5a0c17e34844cd63a30082021a3aa,p_6688deacbc9d093f76efd71ae803001d,6,554,28,40,2093,173361,68,175454,122.74368231046931,316703.97111913352,2580.205882352941,0.41176470588235292,0.011929052629179157
r_baea6e8a74906de973f4a625710d8985,Direct file transfer,d_fd46828b3606c9bab93dce55ae07fefe,0,1,a_f47a8f7809556bd3c474b1520fba0d35,a_f47a8f7809556bd3c474b1520fba0d35,p_6e50f6b5a23a1c1742555b3afe30087a,p_73a113db56cae583b0f4d27a2f1f0ea3,6,835,38,60,2755,148517,98,151272,117.36526946107784,181164.07185628742,1543.591836734694,0.38775510204081631,0.01821222698186049
r_65cf1ebaca5c03397bdba9788933b061,Direct file transfer,d_fd46828b3606c9bab93dce55ae07fefe,0,1,a_f47a8f7809556bd3c474b1520fba0d35,a_f47a8f7809556bd3c474b1520fba0d35,p_eb988e47640542d5a563e9fc58c2c792,p_dd74cc5b69b608ff00edcb1d8b246822,6,697,26,47,1973,462401,73,464374,104.7345767575323,666246.7718794836,6361.2876712328771,0.35616438356164382,0.0042487305490832824
r_a5b72c0ebab326e82255fe4eb3ef9140,Direct file transfer,d_fd46828b3606c9bab93dce55ae07fefe,0,1,a_f47a8f7809556bd3c474b1520fba0d35,a_f47a8f7809556bd3c474b1520fba0d35,p_e87b950e1904ed48c8409cf963008d57,p_77dbe3e2b43b6b81a173862305b375d0,6,845,26,53,1975,606766,79,608741,93.491124260355036,720403.55029585806,7705.5822784810125,0.32911392405063289,0.0032444011492572373
r_477d0e276ac9a13ee60d8b4ec1da1c6f,Direct file transfer,d_fd46828b3606c9bab93dce55ae07fefe,0,1,a_f47a8f7809556bd3c474b1520fba0d35,a_f47a8f7809556bd3c474b1520fba0d35,p_049ca3f1cdc85fab278252cc2b2b49da,p_6688deacbc9d093f76efd71ae803001d,6,842,27,54,2039,226978,81,229017,96.199524940617579,271991.68646080763,2827.3703703703704,0.33333333333333331,0.0089032691896234785
r_f8080227dc1e33dcd237a19c52b62930,Direct file transfer,d_fd46828b3606c9bab93dce55ae07fefe,0,1,a_f47a8f7809556bd3c474b1520fba0d35,a_f47a8f7809556bd3c474b1520fba0d35,p_cb992ef23e23b54bf56a692fc9746350,p_c76517ae9b158cba02287e228c4ea7a9,6,557,25,42,1907,409432,67,411339,120.28725314183123,738490.12567324948,6139.3880597014922,0.37313432835820898,0.0046360787574239249
r_09b8ea205fdd443c8f39bdac831b383c,Direct file transfer,d_fd46828b3606c9bab93dce55ae07fefe,0,1,a_f47a8f7809556bd3c474b1520fba0d35,a_f47a8f7809556bd3c474b1520fba0d35,p_7ca90e56b7affbbd283019987c6a47ae,p_73a113db56cae583b0f4d27a2f1f0ea3,6,290,41,40,265170,2959,81,268129,279.31034482758622,924582.75862068974,3310.2345679012346,0.50617283950617287,0.9889642671997434
r_1732cf78cff4c77ddbf33299a4bc942f,Direct file transfer,d_fd46828b3606c9bab93dce55ae07fefe,0,1,a_f47a8f7809556bd3c474b1520fba0d35,a_f47a8f7809556bd3c474b1520fba0d35,p_59cc1e097933f55e7ab025c98f1ccc71,p_c76517ae9b158cba02287e228c4ea7a9,6,232,35,34,277871,2561,69,280432,297.41379310344826,1208758.6206896552,4064.231884057971,0.50724637681159424,0.9908676613225309
r_eafccfd8e99474ee857bc8fe14b3bba6,Direct file transfer,d_fd46828b3606c9bab93dce55ae07fefe,0,1,a_f47a8f7809556bd3c474b1520fba0d35,a_f47a8f7809556bd3c474b1520fba0d35,p_e571b41345c246934d893e6747739410,p_6688deacbc9d093f76efd71ae803001d,6,304,41,40,265169,2957,81,268126,266.44736842105266,881993.42105263157,3310.1975308641977,0.50617283950617287,0.9889716029031127
r_f47d59e134c20d548f8f935e0a33b392,Direct file transfer,d_fd46828b3606c9bab93dce55ae07fefe,0,1,a_f47a8f7809556bd3c474b1520fba0d35,a_f47a8f7809556bd3c474b1520fba0d35,p_2207cd0048e651605207d39025da668d,p_dd74cc5b69b608ff00edcb1d8b246822,6,271,37,36,317333,2693,73,320026,269.37269372693726,1180907.7490774908,4383.9178082191784,0.50684931506849318,0.99158505871397951
r_528dc1a0b485869ea9bb9a9c04586e9d,Direct file transfer,d_fd46828b3606c9bab93dce55ae07fefe,0,1,a_f47a8f7809556bd3c474b1520fba0d35,a_f47a8f7809556bd3c474b1520fba0d35,p_dc112dc80044a69b86adf1684d437150,p_de7751b84215a2b890900c93db9f1d01,6,342,47,44,318011,3221,91,321232,266.08187134502924,939274.85380116955,3530.0219780219782,0.51648351648351654,0.98997297903073167
r_f3bf83cbb333319c5ea8c066d8f446f8,Direct file transfer,d_fd46828b3606c9bab93dce55ae07fefe,0,1,a_f47a8f7809556bd3c474b1520fba0d35,a_f47a8f7809556bd3c474b1520fba0d35,p_37dfb98a1c66d42c0e82ff27646b8482,p_dd74cc5b69b608ff00edcb1d8b246822,6,699,27,47,2039,252474,74,254513,105.86552217453506,364110.15736766811,3439.364864864865,0.36486486486486486,0.0080113785936278305
r_e7b86c992817947011ef983d8639e1d1,Direct file transfer,d_fd46828b3606c9bab93dce55ae07fefe,0,1,a_f47a8f7809556bd3c474b1520fba0d35,a_f47a8f7809556bd3c474b1520fba0d35,p_96d7c8231702a3a6a13156f334c617c7,p_73a113db56cae583b0f4d27a2f1f0ea3,6,262,37,36,317334,2695,73,320029,278.62595419847327,1221484.7328244275,4383.9589041095887,0.50684931506849318,0.99157888816326023
r_d08aa459a7100c38cffa39bca04f8743,Direct file transfer,d_fd46828b3606c9bab93dce55ae07fefe,0,1,a_f47a8f7809556bd3c474b1520fba0d35,a_f47a8f7809556bd3c474b1520fba0d35,p_12dffa2c1d5509683dfed13a3b1e406e,p_c0f14bbd0a7540f9669573a1a65f5285,6,975,27,54,2039,698793,81,700832,83.07692307692308,718802.05128205125,8652.2469135802476,0.33333333333333331,0.0029093991141956989
r_3ff8f49c2142f7bf7ecb2fc311e78c5d,Direct file transfer,d_fd46828b3606c9bab93dce55ae07fefe,0,1,a_f47a8f7809556bd3c474b1520fba0d35,a_f47a8f7809556bd3c474b1520fba0d35,p_b418915c81a521d5596b1b2a6d44c3f5,p_77dbe3e2b43b6b81a173862305b375d0,6,370,49,45,291930,3289,94,295219,254.05405405405406,797889.18918918923,3140.627659574468,0.52127659574468088,0.98885911814618976
r_c33e514fb16ff9cce5716173e8e2afed,Direct file transfer,d_fd46828b3606c9bab93dce55ae07fefe,0,1,a_f47a8f7809556bd3c474b1520fba0d35,a_f47a8f7809556bd3c474b1520fba0d35,p_03b5303b17b18d3a32dae51f4787bfaf,p_f20f8250c88d103697dd803efa0f0d0c,6,353,47,44,318012,3223,91,321235,257.79036827195466,910014.164305949,3530.0549450549452,0.51648351648351654,0.98996684670101331
r_88a33645f095c935473da3c07741950f,Direct file transfer,d_fd46828b3606c9bab93dce55ae07fefe,0,1,a_f47a8f7809556bd3c474b1520fba0d35,a_f47a8f7809556bd3c474b1520fba0d35,p_20b28938128174599453c813ef858dd9,p_c0f14bbd0a7540f9669573a1a65f5285,6,276,39,37,291251,2759,76,294010,275.36231884057969,1065253.6231884058,3868.5526315789475,0.51315789473684215,0.99061596544335229
r_471f0ea465d4746d5fb8689e8e67098d,Direct file transfer,d_fd46828b3606c9bab93dce55ae07fefe,0,1,a_f47a8f7809556bd3c474b1520fba0d35,a_f47a8f7809556bd3c474b1520fba0d35,p_6f5c4020d6f8998435200615f1a60018,p_fb701d5a05c03fb8299bbc4274ccd85a,6,250,37,35,317333,2627,72,319960,288,1279840,4443.8888888888887,0.51388888888888884,0.99178959869983752
r_00cd9485633c940003652b63425b8c7d,Direct file transfer,d_fd46828b3606c9bab93dce55ae07fefe,0,1,a_f47a8f7809556bd3c474b1520fba0d35,a_f47a8f7809556bd3c474b1520fba0d35,p_cae3ac0c81e128c08b3d839be22e4580,p_2e2bdff7d79ba86224377da437861888,6,322,43,42,304633,3091,85,307724,263.9751552795031,955664.59627329186,3620.2823529411767,0.50588235294117645,0.9899552846056856
r_23d8df0b8decffa0cc213ef4db9e9c5f,Direct file transfer,d_fd46828b3606c9bab93dce55ae07fefe,0,1,a_f47a8f7809556bd3c474b1520fba0d35,a_f47a8f7809556bd3c474b1520fba0d35,p_cbbb8388e7965cf21f4e664a39054623,p_f20f8250c88d103697dd803efa0f0d0c,6,695,26,48,2011,488471,74,490482,106.4748201438849,705729.49640287773,6628.135135135135,0.35135135135135137,0.0041000485236970981
r_02b70d36df2dc6e72103ecba15069b36,Direct file transfer,d_fd46828b3606c9bab93dce55ae07fefe,0,1,a_f47a8f7809556bd3c474b1520fba0d35,a_f47a8f7809556bd3c474b1520fba0d35,p_6f97124dbfe94a3287b4ea14fc78d160,p_c76517ae9b158cba02287e228c4ea7a9,6,281,39,38,291251,2825,77,294076,274.02135231316726,1046533.8078291814,3819.1688311688313,0.50649350649350644,0.9903936397393871
r_88191a242754619096380cb84298d56b,Direct file transfer,d_fd46828b3606c9bab93dce55ae07fefe,0,1,a_f47a8f7809556bd3c474b1520fba0d35,a_f47a8f7809556bd3c474b1520fba0d35,p_93e5b8f0a47a3e1f2c7a65f3d17ec427,p_2e2bdff7d79ba86224377da437861888,6,964,26,54,1975,371315,80,373290,82.987551867219921,387230.29045643157,4666.125,0.32500000000000001,0.0052907926812933645
r_0f12da02f3e35a1d08e616f6c8ef8c32,Direct file transfer,d_fd46828b3606c9bab93dce55ae07fefe,0,1,a_f47a8f7809556bd3c474b1520fba0d35,a_f47a8f7809556bd3c474b1520fba0d35,p_c4c81bc2a0b6bffb017037aee6040f84,p_6688deacbc9d093f76efd71ae803001d,6,706,28,47,2105,186930,75,189035,106.23229461756374,267754.95750708214,2520.4666666666667,0.37333333333333335,0.011135504007194435
r_c1e23c1741616d4510c90ff31c0ad0cd,Direct file transfer,d_fd46828b3606c9bab93dce55ae07fefe,0,1,a_f47a8f7809556bd3c474b1520fba0d35,a_f47a8f7809556bd3c474b1520fba0d35,p_01959467f920ac4247c91f64bb30c6fe,p_2e2bdff7d79ba86224377da437861888,6,693,26,50,1975,226500,76,228475,109.66810966810968,329689.75468975469,3006.25,0.34210526315789475,0.0086442718021665383
r_c9510c8aa8b13969a63825ccb224903e,Direct file transfer,d_fd46828b3606c9bab93dce55ae07fefe,0,1,a_f47a8f7809556bd3c474b1520fba0d35,a_f47a8f7809556bd3c474b1520fba0d35,p_36c6da3cfa3a4a988f9dc9f113a3aa23,p_c0f14bbd0a7540f9669573a1a65f5285,6,708,26,48,1973,488469,74,490442,104.51977401129945,692714.68926553673,6627.594594594595,0.35135135135135137,0.0040229017906296769
r_556c9119becddb7e52d2816fbdb51b7c,Direct file transfer,d_fd46828b3606c9bab93dce55ae07fefe,0,1,a_f47a8f7809556bd3c474b1520fba0d35,a_f47a8f7809556bd3c474b1520fba0d35,p_d369383c737fa064dff08527876942cf,p_dd74cc5b69b608ff00edcb1d8b246822,6,284,41,39,265169,2891,80,268060,281.69014084507046,943873.2394366198,3350.75,0.51249999999999996,0.98921510109676936
r_9a1a24b5cb99ce7940ff4eb41506690b,Direct file transfer,d_fd46828b3606c9bab93dce55ae07fefe,0,1,a_f47a8f7809556bd3c474b1520fba0d35,a_f47a8f7809556bd3c474b1520fba0d35,p_07fde9e834b22fd7d1d4cb913949a0b2,p_fb701d5a05c03fb8299bbc4274ccd85a,6,364,49,45,291929,3287,94,295216,258.24175824175825,811032.96703296702,3140.5957446808511,0.52127659574468088,0.98886577963254019
r_8501febc5262eb841ddfced32c1f1c53,Direct file transfer,d_fd46828b3606c9bab93dce55ae07fefe,0,1,a_f47a8f7809556bd3c474b1520fba0d35,a_f47a8f7809556bd3c474b1520fba0d35,p_8e60b6d9f74434315d1f7cdc32df2471,p_fb701d5a05c03fb8299bbc4274ccd85a,6,693,25,50,1907,527925,75,529832,108.22510822510823,764548.34054834058,7064.4266666666663,0.33333333333333331,0.0035992541031874253
r_8d2141653a96fa96a8e745a8c37f6929,Direct file transfer,d_fd46828b3606c9bab93dce55ae07fefe,0,1,a_f47a8f7809556bd3c474b1520fba0d35,a_f47a8f7809556bd3c474b1520fba0d35,p_e742c6178f3f50dad91698a05eb16a35,p_73a113db56cae583b0f4d27a2f1f0ea3,6,362,49,44,291930,3223,93,295153,256.90607734806633,815339.77900552494,3173.6881720430106,0.5268817204301075,0.98908023974006698
r_de3b8a4766116c282bfc534904dabcc8,Direct file transfer,d_fd46828b3606c9bab93dce55ae07fefe,0,1,a_f47a8f7809556bd3c474b1520fba0d35,a_f47a8f7809556bd3c474b1520fba0d35,p_ef014ca662ddd93f6f0d738fba6c2d94,p_6688deacbc9d093f76efd71ae803001d,6,328,45,43,278549,3155,88,281704,268.29268292682923,858853.65853658528,3201.181818181818,0.51136363636363635,0.98880030102518957
r_83d57aada77713936e6a2c4e57bb29b6,Direct file transfer,d_fd46828b3606c9bab93dce55ae07fefe,0,1,a_f47a8f7809556bd3c474b1520fba0d35,a_f47a8f7809556bd3c474b1520fba0d35,p_245e07d4af7e53dd034824d608c95371,p_c0f14bbd0a7540f9669573a1a65f5285,6,358,47,44,318011,3221,91,321232,254.18994413407822,897296.08938547492,3530.0219780219782,0.51648351648351654,0.98997297903073167
r_bdda767e7e117999b3a55f65d9a06258,Direct file transfer,d_fd46828b3606c9bab93dce55ae07fefe,0,1,a_f47a8f7809556bd3c474b1520fba0d35,a_f47a8f7809556bd3c474b1520fba0d35,p_e8034a2df8e9fb20eba4177aba5e1ea2,p_2e2bdff7d79ba86224377da437861888,6,417,26,38,1971,133956,64,135927,153.47721822541968,325964.02877697843,2123.859375,0.40625,0.014500430378070582
r_ee799dc34b046d9683aa72d798afa3f1,Direct file transfer,d_fd46828b3606c9bab93dce55ae07fefe,0,1,a_f47a8f7809556bd3c474b1520fba0d35,a_f47a8f7809556bd3c474b1520fba0d35,p_1f412725542a4176cd88f1a7637593f7,p_c0f14bbd0a7540f9669573a1a65f5285,6,203,31,30,264489,2293,61,266782,300.49261083743841,1314197.0443349753,4373.4754098360654,0.50819672131147542,0.99140496735162043
r_0ce33fd4a580d3108c336be2edddca1d,Direct file transfer,d_fd46828b3606c9bab93dce55ae07fefe,0,1,a_f47a8f7809556bd3c474b1520fba0d35,a_f47a8f7809556bd3c474b1520fba0d35,p_2008e402e9c85e34e40b2642ebec4847,p_c0f14bbd0a7540f9669573a1a65f5285,6,312,43,42,304632,3089,85,307721,272.43589743589746,986285.25641025638,3620.2470588235292,0.50588235294117645,0.98996168607277368
r_e811471c642faf8147a81e28e1844085,Direct file transfer,d_fd46828b3606c9bab93dce55ae07fefe,0,1,a_f47a8f7809556bd3c474b1520fba0d35,a_f47a8f7809556bd3c474b1520fba0d35,p_38f950ffcab72d16ddeb145458cc50ce,p_6688deacbc9d093f76efd71ae803001d,6,372,49,45,291929,3287,94,295216,252.68817204301075,793591.39784946234,3140.5957446808511,0.52127659574468088,0.98886577963254019
r_9244b3a284f8532cd02fa5e5cb3fb9aa,Direct file transfer,d_fd46828b3606c9bab93dce55ae07fefe,0,1,a_f47a8f7809556bd3c474b1520fba0d35,a_f47a8f7809556bd3c474b1520fba0d35,p_69875f28bffde40fbe44f7133bda517f,p_c76517ae9b158cba02287e228c4ea7a9,6,350,47,44,318011,3221,91,321232,260,917805.71428571432,3530.0219780219782,0.51648351648351654,0.98997297903073167
r_eb852c6b43583efd6fd7b23355f5b8c5,Direct file transfer,d_fd46828b3606c9bab93dce55ae07fefe,0,1,a_f47a8f7809556bd3c474b1520fba0d35,a_f47a8f7809556bd3c474b1520fba0d35,p_e6025f6e636553025e51702bebd5fae0,p_f20f8250c88d103697dd803efa0f0d0c,6,189,31,30,264490,2295,61,266785,322.75132275132273,1411560.8465608465,4373.5245901639346,0.50819672131147542,0.99139756732949758
r_37c2ba20134452a9aa01a01140d7d7ca,Direct file transfer,d_fd46828b3606c9bab93dce55ae07fefe,0,1,a_f47a8f7809556bd3c474b1520fba0d35,a_f47a8f7809556bd3c474b1520fba0d35,p_9d5c29a6b4e46aa9ffb75ef99909366e,p_c76517ae9b158cba02287e228c4ea7a9,6,424,24,37,1837,199385,61,201222,143.8679245283019,474580.1886792453,3298.7213114754099,0.39344262295081966,0.0091292204629712451
r_7af834bcf9d5e4d980ce1c87a28cf7d7,Direct file transfer,d_fd46828b3606c9bab93dce55ae07fefe,0,1,a_f47a8f7809556bd3c474b1520fba0d35,a_f47a8f7809556bd3c474b1520fba0d35,p_8f5dc1ab97221b02f78c9d7091c10197,p_f20f8250c88d103697dd803efa0f0d0c,6,419,24,37,1839,264921,61,266760,145.58472553699283,636658.71121718385,4373.1147540983602,0.39344262295081966,0.0068938371569950514
r_ad0fbacd770ed01f51040d0b2435b342,Direct file transfer,d_fd46828b3606c9bab93dce55ae07fefe,0,1,a_f47a8f7809556bd3c474b1520fba0d35,a_f47a8f7809556bd3c474b1520fba0d35,p_b90e6be08838c9caa88f0cacc7554b5f,p_c0f14bbd0a7540f9669573a1a65f5285,6,841,27,50,2087,501709,77,503796,91.557669441141499,599043.9952437575,6542.8051948051952,0.35064935064935066,0.0041425497622053368
r_954b83faf3c9ff2a88afa7dfc0273f83,Direct file transfer,d_fd46828b3606c9bab93dce55ae07fefe,0,1,a_f47a8f7809556bd3c474b1520fba0d35,a_f47a8f7809556bd3c474b1520fba0d35,p_00e1f4bdbda207e73b85cad6f78f200e,p_c76517ae9b158cba02287e228c4ea7a9,6,978,27,54,2039,698795,81,700834,82.822085889570559,716599.18200409005,8652.2716049382725,0.33333333333333331,0.0029093908115188478
r_82292e00897c4dc04ff7ac87b9491a30,Direct file transfer,d_fd46828b3606c9bab93dce55ae07fefe,0,1,a_f47a8f7809556bd3c474b1520fba0d35,a_f47a8f7809556bd3c474b1520fba0d35,p_0c69abb3b6daa41249665018fdae6185,p_dd74cc5b69b608ff00edcb1d8b246822,6,1108,27,60,2039,280130,87,282169,78.519855595667863,254665.16245487361,3243.32183908046,0.31034482758620691,0.0072261658793134611
r_8fb37697fd069c1fdf1bebae901923f2,Direct file transfer,d_fd46828b3606c9bab93dce55ae07fefe,0,1,a_f47a8f7809556bd3c474b1520fba0d35,a_f47a8f7809556bd3c474b1520fba0d35,p_f78e1f954566061c2b046a5a827f042b,p_dd74cc5b69b608ff00edcb1d8b246822,6,319,45,43,278549,3155,88,281704,275.86206896551721,883084.63949843263,3201.181818181818,0.51136363636363635,0.98880030102518957
r_33a5433e3162a60be652e586cf59cddd,Direct file transfer,d_fd46828b3606c9bab93dce55ae07fefe,0,1,a_f47a8f7809556bd3c474b1520fba0d35,a_f47a8f7809556bd3c474b1520fba0d35,p_8c8e52ac8b86887455d9176e3ea35f5d,p_77dbe3e2b43b6b81a173862305b375d0,6,1125,26,60,1975,607653,86,609628,76.444444444444443,541891.5555555555,7088.6976744186049,0.30232558139534882,0.003239680592098788
r_b57430f03e71d2a6fe2dd5ffed0b68fb,Direct file transfer,d_fd46828b3606c9bab93dce55ae07fefe,0,1,a_f47a8f7809556bd3c474b1520fba0d35,a_f47a8f7809556bd3c474b1520fba0d35,p_778e29aadfdf87e6f06688d3f919b0db,p_73a113db56cae583b0f4d27a2f1f0ea3,6,406,53,46,305311,3355,99,308666,243.8423645320197,760261.08374384232,3117.8383838383838,0.53535353535353536,0.98913064607050982
r_576e3cb9be3f220b828581b80d257100,Direct file transfer,d_fd46828b3606c9bab93dce55ae07fefe,0,1,a_f47a8f7809556bd3c474b1520fba0d35,a_f47a8f7809556bd3c474b1520fba0d35,p_1b7a9bd92b1bcf36aed707859a347c5e,p_fb701d5a05c03fb8299bbc4274ccd85a,6,410,53,46,305310,3353,99,308663,241.46341463414635,752836.58536585374,3117.8080808080808,0.53535353535353536,0.98913701998619852
r_b1c836ed882bcbac9f7372555a5eb4b5,Direct file transfer,d_fd46828b3606c9bab93dce55ae07fefe,0,1,a_f47a8f7809556bd3c474b1520fba0d35,a_f47a8f7809556bd3c474b1520fba0d35,p_aeafe6772f238745180eef2f3e65c8c9,p_de7751b84215a2b890900c93db9f1d01,6,838,27,50,2075,501701,77,503776,91.885441527446304,601164.67780429602,6542.545454545455,0.35064935064935066,0.0041188941116686783
r_ac06a79c69572ce44765b614923b0d35,Direct file transfer,d_fd46828b3606c9bab93dce55ae07fefe,0,1,a_f47a8f7809556bd3c474b1520fba0d35,a_f47a8f7809556bd3c474b1520fba0d35,p_b520590200d66dc59d1a0c38d0893128,p_dd74cc5b69b608ff00edcb1d8b246822,6,1248,26,62,1973,372224,88,374197,70.512820512820511,299837.33974358975,4252.238636363636,0.29545454545454547,0.005272623778384113
r_5f9df0aed3402b525da4744d877ee629,Direct file transfer,d_fd46828b3606c9bab93dce55ae07fefe,0,1,a_f47a8f7809556bd3c474b1520fba0d35,a_f47a8f7809556bd3c474b1520fba0d35,p_904de86ec86c6545749ff67fde06bb3d,p_dd74cc5b69b608ff00edcb1d8b246822,6,844,26,53,1973,292509,79,294482,93.601895734597164,348912.32227488153,3727.6202531645567,0.32911392405063289,0.0066999001636772366
r_45c913d82f061f44784418d388f3401b,Direct file transfer,d_fd46828b3606c9bab93dce55ae07fefe,0,1,a_f47a8f7809556bd3c474b1520fba0d35,a_f47a8f7809556bd3c474b1520fba0d35,p_0893ff33c913fbc623808e038a49ff1e,p_73a113db56cae583b0f4d27a2f1f0ea3,6,1121,26,59,1975,345696,85,347671,75.825156110615524,310143.62176628009,4090.2470588235292,0.30588235294117649,0.0056806578633248096
r_0fd5e871a0a994b97e479ea33520870a,Direct file transfer,d_fd46828b3606c9bab93dce55ae07fefe,0,1,a_f47a8f7809556bd3c474b1520fba0d35,a_f47a8f7809556bd3c474b1520fba0d35,p_16c6987e060037ffdeaeb81cd81b4b9c,p_73a113db56cae583b0f4d27a2f1f0ea3,6,985,29,58,2173,188130,87,190303,88.324873096446709,193201.0152284264,2187.3908045977009,0.33333333333333331,0.011418632391501973
r_89c40a4981fd9825042e19c009261b63,Direct file transfer,d_fd46828b3606c9bab93dce55ae07fefe,0,1,a_f47a8f7809556bd3c474b1520fba0d35,a_f47a8f7809556bd3c474b1520fba0d35,p_8139f17b64e2ee65a8083c47e9600571,p_f20f8250c88d103697dd803efa0f0d0c,6,964,26,55,1975,633272,81,635247,84.024896265560173,658969.91701244819,7842.5555555555557,0.32098765432098764,0.0031090268824567452
r_425b881501ea419d7ef5f0981279cd52,Direct file transfer,d_fd46828b3606c9bab93dce55ae07fefe,0,1,a_f47a8f7809556bd3c474b1520fba0d35,a_f47a8f7809556bd3c474b1520fba0d35,p_8cf8eb7f8b056966fcb05286a70d5f9d,p_6688deacbc9d093f76efd71ae803001d,6,400,53,45,305310,3287,98,308597,245,771492.5,3148.9489795918366,0.54081632653061229,0.98934856787331049
r_6236574c9e9ba6dc2ed191c2488c724a,Direct file transfer,d_fd46828b3606c9bab93dce55ae07fefe,0,1,a_f47a8f7809556bd3c474b1520fba0d35,a_f47a8f7809556bd3c474b1520fba0d35,p_a46aaf081e0860d61813e31739a54dc8,p_c0f14bbd0a7540f9669573a1a65f5285,6,1107,26,62,1973,620942,88,622915,79.494128274616074,562705.51038843719,7078.579545454545,0.29545454545454547,0.0031673663340905261
r_3b05f003808407bd20998b6f72907dcc,Direct file transfer,d_fd46828b3606c9bab93dce55ae07fefe,0,1,a_f47a8f7809556bd3c474b1520fba0d35,a_f47a8f7809556bd3c474b1520fba0d35,p_d3ab6e66d6994a8742dad801841aebf8,p_73a113db56cae583b0f4d27a2f1f0ea3,6,332,45,43,278550,3157,88,281707,265.06024096385539,848515.06024096382,3201.215909090909,0.51136363636363635,0.9887933207197549
r_c7ac5dd606c228ca071f1e1165f48c9c,Direct file transfer,d_fd46828b3606c9bab93dce55ae07fefe,0,1,a_f47a8f7809556bd3c474b1520fba0d35,a_f47a8f7809556bd3c474b1520fba0d35,p_d1ef7b85cf7a8190c1c02b68d9839874,p_f20f8250c88d103697dd803efa0f0d0c,6,414,55,47,279228,3421,102,282649,246.37681159420291,682727.0531400966,2771.0686274509803,0.53921568627450978,0.98789664920095244
r_6010a658216c4f8468883885ff713303,Direct file transfer,d_fd46828b3606c9bab93dce55ae07fefe,0,1,a_f47a8f7809556bd3c474b1520fba0d35,a_f47a8f7809556bd3c474b1520fba0d35,p_6d5799d6c50cc36ca824a7de16b4d7b7,p_c76517ae9b158cba02287e228c4ea7a9,6,181,31,30,264489,2293,61,266782,337.0165745856354,1473933.7016574587,4373.4754098360654,0.50819672131147542,0.99140496735162043
r_2c8f55191f8a79fe9eb85d2b7a7166a1,Direct file transfer,d_fd46828b3606c9bab93dce55ae07fefe,0,1,a_f47a8f7809556bd3c474b1520fba0d35,a_f47a8f7809556bd3c474b1520fba0d35,p_7e1099732f126d03e302461ac9e707ac,p_2e2bdff7d79ba86224377da437861888,6,189,31,30,264490,2295,61,266785,322.75132275132273,1411560.8465608465,4373.5245901639346,0.50819672131147542,0.99139756732949758
r_ebc033652c3df14a62aededb325e73ae,Direct file transfer,d_fd46828b3606c9bab93dce55ae07fefe,0,1,a_f47a8f7809556bd3c474b1520fba0d35,a_f47a8f7809556bd3c474b1520fba0d35,p_6f6fd4684433bffc5df391c65bead6bf,p_dd74cc5b69b608ff00edcb1d8b246822,6,369,49,45,291929,3287,94,295216,254.74254742547427,800043.36043360434,3140.5957446808511,0.52127659574468088,0.98886577963254019
r_44473c0b0af61f1e10b9a1a4b922fbd8,Direct file transfer,d_fd46828b3606c9bab93dce55ae07fefe,0,1,a_f47a8f7809556bd3c474b1520fba0d35,a_f47a8f7809556bd3c474b1520fba0d35,p_ec3a7513fb219d7ba7b6e97ccce380bc,p_2e2bdff7d79ba86224377da437861888,6,428,55,47,279228,3421,102,282649,238.3177570093458,660394.85981308413,2771.0686274509803,0.53921568627450978,0.98789664920095244
r_4006404ff33b39be2a2a39c04ae805c1,Direct file transfer,d_fd46828b3606c9bab93dce55ae07fefe,0,1,a_f47a8f7809556bd3c474b1520fba0d35,a_f47a8f7809556bd3c474b1520fba0d35,p_fe9818c9b4078bc83601897df90e4d9c,p_c0f14bbd0a7540f9669573a1a65f5285,6,459,59,46,292607,3353,105,295960,228.75816993464051,644793.02832244011,2818.6666666666665,0.56190476190476191,0.98867076631977291
r_acbc83a359d3fc1c79e1baa5052861cc,Direct file transfer,d_fd46828b3606c9bab93dce55ae07fefe,0,1,a_f47a8f7809556bd3c474b1520fba0d35,a_f47a8f7809556bd3c474b1520fba0d35,p_9431e9350c3f2e2143e6f5c534de9ff5,p_de7751b84215a2b890900c93db9f1d01,6,412,26,35,2005,461387,61,463392,148.05825242718447,1124737.86407767,7596.5901639344265,0.42622950819672129,0.0043267902769145777
r_a0fd9c4266fa5a299a68e7632294df5a,Direct file transfer,d_fd46828b3606c9bab93dce55ae07fefe,0,1,a_f47a8f7809556bd3c474b1520fba0d35,a_f47a8f7809556bd3c474b1520fba0d35,p_56d861a0a8d8e1905df90b77c9913f3d,p_c76517ae9b158cba02287e228c4ea7a9,6,1120,27,61,2039,555448,88,557487,78.571428571428569,497756.24999999994,6335.079545454545,0.30681818181818182,0.0036574843897705239
r_a0b42425e2cc2197f972d58d77ee22f4,Direct file transfer,d_fd46828b3606c9bab93dce55ae07fefe,0,1,a_f47a8f7809556bd3c474b1520fba0d35,a_f47a8f7809556bd3c474b1520fba0d35,p_add309fb90965df147c5bea4af349e89,p_c76517ae9b158cba02287e228c4ea7a9,6,420,55,46,279227,3353,101,282580,240.47619047619048,672809.52380952379,2797.8217821782177,0.54455445544554459,0.98813433364003112
r_79a596d8c08777c0b18a1bd767bfb364,Direct file transfer,d_fd46828b3606c9bab93dce55ae07fefe,0,1,a_f47a8f7809556bd3c474b1520fba0d35,a_f47a8f7809556bd3c474b1520fba0d35,p_26ecd79c14ce17d6d72c12e2de0d8567,p_de7751b84215a2b890900c93db9f1d01,6,200,31,30,264489,2293,61,266782,305,1333910,4373.4754098360654,0.50819672131147542,0.99140496735162043
r_c5baa1d938fe7a1ca4e82b900ad6f4a4,Direct file transfer,d_fd46828b3606c9bab93dce55ae07fefe,0,1,a_f47a8f7809556bd3c474b1520fba0d35,a_f47a8f7809556bd3c474b1520fba0d35,p_b8d6b45af02ebcba6350345fe0697203,p_dd74cc5b69b608ff00edcb1d8b246822,6,403,53,46,305310,3353,99,308663,245.65756823821337,765913.1513647642,3117.8080808080808,0.53535353535353536,0.98913701998619852
r_bc2056a7f0ddb4bc59bd38720f0e1ae1,Direct file transfer,d_fd46828b3606c9bab93dce55ae07fefe,0,1,a_f47a8f7809556bd3c474b1520fba0d35,a_f47a8f7809556bd3c474b1520fba0d35,p_e34dc333800fbe07831f7369adf0731a,p_de7751b84215a2b890900c93db9f1d01,6,419,55,47,279227,3419,102,282646,243.43675417661098,674572.79236276855,2771.0392156862745,0.53921568627450978,0.98790359672523231
r_820b5fc6568a58d775155676ef3f2804,Direct file transfer,d_fd46828b3606c9bab93dce55ae07fefe,0,1,a_f47a8f7809556bd3c474b1520fba0d35,a_f47a8f7809556bd3c474b1520fba0d35,p_38d7628dc0a948a82422874f92ab7313,p_2e2bdff7d79ba86224377da437861888,6,1115,27,61,2041,293504,88,295545,78.923766816143498,265062.7802690583,3358.465909090909,0.30681818181818182,0.0069058857365206653
r_b21ffa9bb361584108a2058e27ab7cc5,Direct file transfer,d_fd46828b3606c9bab93dce55ae07fefe,0,1,a_f47a8f7809556bd3c474b1520fba0d35,a_f47a8f7809556bd3c474b1520fba0d35,p_c9741f4567651eb44189ed3080da80a6,p_6688deacbc9d093f76efd71ae803001d,6,1113,26,59,1973,345645,85,347618,76.370170709793356,312325.24707996409,4089.6235294117646,0.30588235294117649,0.0056757705297194047
r_04212c9f2729205edf48e41b0a7c2133,Direct file transfer,d_fd46828b3606c9bab93dce55ae07fefe,0,1,a_f47a8f7809556bd3c474b1520fba0d35,a_f47a8f7809556bd3c474b1520fba0d35,p_b99f41df15662ef4c6460fffc0ad49ad,p_c0f14bbd0a7540f9669573a1a65f5285,6,433,55,47,279227,3419,102,282646,235.56581986143186,652762.12471131643,2771.0392156862745,0.53921568627450978,0.98790359672523231
r_afc61bf9b66da9278fc876f52eca8e45,Direct file transfer,d_fd46828b3606c9bab93dce55ae07fefe,0,1,a_f47a8f7809556bd3c474b1520fba0d35,a_f47a8f7809556bd3c474b1520fba0d35,p_37573974c7cbd8a20745df0da67f675a,p_fb701d5a05c03fb8299bbc4274ccd85a,6,973,27,52,2039,581015,79,583054,81.192189105858176,599233.29907502572,7380.4303797468356,0.34177215189873417,0.0034971031842676663
r_95801dca3dd8bd9e229b3929a7703fd4,Direct file transfer,d_fd46828b3606c9bab93dce55ae07fefe,0,1,a_f47a8f7809556bd3c474b1520fba0d35,a_f47a8f7809556bd3c474b1520fba0d35,p_022f83c1f0cc2a1420c51ed5ed0a36bd,p_f20f8250c88d103697dd803efa0f0d0c,6,1112,27,57,2041,555396,84,557437,75.53956834532373,501292.26618705032,6636.1547619047615,0.32142857142857145,0.0036614003017381336
r_ba596baf58e0eac28be2ff5e64575566,Direct file transfer,d_fd46828b3606c9bab93dce55ae07fefe,0,1,a_f47a8f7809556bd3c474b1520fba0d35,a_f47a8f7809556bd3c474b1520fba0d35,p_3e9d3c400933b08057e75a689b57e8bc,p_77dbe3e2b43b6b81a173862305b375d0,6,1259,26,63,1987,699707,89,701694,70.691024622716441,557342.3351866561,7884.2022471910113,0.29213483146067415,0.002831718669391501
r_76fd62d6bbbba89006f56d57c934861e,Direct file transfer,d_fd46828b3606c9bab93dce55ae07fefe,0,1,a_f47a8f7809556bd3c474b1520fba0d35,a_f47a8f7809556bd3c474b1520fba0d35,p_d8d5e6bcb69913e142a121dcd15487b5,p_6688deacbc9d093f76efd71ae803001d,6,975,27,57,2039,253549,84,255588,86.15384615384616,262141.53846153847,3042.7142857142858,0.32142857142857145,0.0079776828333098584
r_1e2259ee8a63895d61d26b60e636ea19,Direct file transfer,d_fd46828b3606c9bab93dce55ae07fefe,0,1,a_f47a8f7809556bd3c474b1520fba0d35,a_f47a8f7809556bd3c474b1520fba0d35,p_35840d3d44b9fcfdbfa10c1818b3e9fe,p_c0f14bbd0a7540f9669573a1a65f5285,6,426,24,36,1837,330389,60,332226,140.8450704225352,779873.23943661968,5537.1000000000004,0.40000000000000002,0.0055293685623641741
r_0a962691c3a59eb8137091cafda12037,Direct file transfer,d_fd46828b3606c9bab93dce55ae07fefe,0,1,a_f47a8f7809556bd3c474b1520fba0d35,a_f47a8f7809556bd3c474b1520fba0d35,p_26a32529453694497abe1711797b02db,p_dd74cc5b69b608ff00edcb1d8b246822,6,984,27,57,2039,253557,84,255596,85.365853658536594,259752.03252032521,3042.8095238095239,0.32142857142857145,0.0079774331366688055
r_2e307f45348c15685a9b288f65ae9a7d,Direct file transfer,d_fd46828b3606c9bab93dce55ae07fefe,0,1,a_f47a8f7809556bd3c474b1520fba0d35,a_f47a8f7809556bd3c474b1520fba0d35,p_7851d96377eca8987df325da0cb0ee0b,p_77dbe3e2b43b6b81a173862305b375d0,6,975,26,57,1975,581080,83,583055,85.128205128205124,598005.12820512825,7024.7590361445782,0.31325301204819278,0.0033873305262796822
r_722ae17202fb0fb16ff12dc7b71d90d6,Direct file transfer,d_fd46828b3606c9bab93dce55ae07fefe,0,1,a_f47a8f7809556bd3c474b1520fba0d35,a_f47a8f7809556bd3c474b1520fba0d35,p_3a1e69dbf4ed4030450731fd22b3724a,p_77dbe3e2b43b6b81a173862305b375d0,6,410,53,46,305311,3355,99,308666,241.46341463414635,752843.90243902442,3117.8383838383838,0.53535353535353536,0.98913064607050982
r_9115253a9d4ae6e22fa1712a670d3a10,Direct file transfer,d_fd46828b3606c9bab93dce55ae07fefe,0,1,a_f47a8f7809556bd3c474b1520fba0d35,a_f47a8f7809556bd3c474b1520fba0d35,p_42d56ac72e1854ef79ad3710b766267b,p_fb701d5a05c03fb8299bbc4274ccd85a,6,1118,37,62,2747,673162,99,675909,88.550983899821105,604569.7674418604,6827.363636363636,0.37373737373737376,0.0040641565654548168
r_39f9ccd53af67ecaf4e99ce08c317f4d,Direct file transfer,d_fd46828b3606c9bab93dce55ae07fefe,0,1,a_f47a8f7809556bd3c474b1520fba0d35,a_f47a8f7809556bd3c474b1520fba0d35,p_0652c5eccb911817472c96ce65a770e5,p_c0f14bbd0a7540f9669573a1a65f5285,6,1248,26,62,1973,647474,88,649447,70.512820512820511,520390.22435897437,7380.079545454545,0.29545454545454547,0.0030379692261262273
r_b32a03ecae49b1a96b0502813ea68705,Direct file transfer,d_fd46828b3606c9bab93dce55ae07fefe,0,1,a_f47a8f7809556bd3c474b1520fba0d35,a_f47a8f7809556bd3c474b1520fba0d35,p_802ace56233e768ad89e5f5d0117642b,p_77dbe3e2b43b6b81a173862305b375d0,6,444,57,48,318690,3487,105,322177,236.48648648648648,725623.87387387385,3068.3523809523808,0.54285714285714282,0.9891767568758788
r_d56e7f83684f10817122f47c7994c494,Direct file transfer,d_fd46828b3606c9bab93dce55ae07fefe,0,1,a_f47a8f7809556bd3c474b1520fba0d35,a_f47a8f7809556bd3c474b1520fba0d35,p_d0382aebdbe4fdbef62fbfdf60e73566,p_f20f8250c88d103697dd803efa0f0d0c,6,466,59,49,292608,3553,108,296161,231.75965665236049,635538.62660944206,2742.2314814814813,0.54629629629629628,0.98800314693697011
r_aec6ed2006ac561aa14c5928a6ece930,Direct file transfer,d_fd46828b3606c9bab93dce55ae07fefe,0,1,a_f47a8f7809556bd3c474b1520fba0d35,a_f47a8f7809556bd3c474b1520fba0d35,p_ca01c8d32cce8ead6b1cf4c33962e212,p_6688deacbc9d093f76efd71ae803001d,6,1249,26,66,1973,267834,92,269807,73.658927141713363,216018.41473178542,2932.6847826086955,0.28260869565217389,0.0073126345869454837
r_fa4ec4a3ea2ed4c0e2ab686ed8b77fea,Direct file transfer,d_fd46828b3606c9bab93dce55ae07fefe,0,1,a_f47a8f7809556bd3c474b1520fba0d35,a_f47a8f7809556bd3c474b1520fba0d35,p_239a9cd3a5041c24e037b6b9365ce401,p_de7751b84215a2b890900c93db9f1d01,6,1110,26,61,1973,555438,87,557411,78.378378378378372,502172.07207207201,6407.022988505747,0.2988505747126437,0.0035395785156733541
r_7ddf6734bc7d5ebd4dddcf6c08518981,Direct file transfer,d_fd46828b3606c9bab93dce55ae07fefe,0,1,a_f47a8f7809556bd3c474b1520fba0d35,a_f47a8f7809556bd3c474b1520fba0d35,p_897b146809606fbda2ac9b6c7968cbc8,p_c76517ae9b158cba02287e228c4ea7a9,6,1261,27,63,2039,713025,90,715064,71.371927042030137,567061.06264869159,7945.1555555555551,0.29999999999999999,0.0028514930132128033
r_90fa818f44662e95d8a2d15f783f8e14,Direct file transfer,d_fd46828b3606c9bab93dce55ae07fefe,0,1,a_f47a8f7809556bd3c474b1520fba0d35,a_f47a8f7809556bd3c474b1520fba0d35,p_a3c10399c339cd1ef98919e83face9d6,p_c76517ae9b158cba02287e228c4ea7a9,6,461,59,48,292607,3485,107,296092,232.10412147505423,642281.99566160515,2767.2149532710282,0.55140186915887845,0.98823000959161345
r_c4481c958a464552f966c97ff1dd93da,Direct file transfer,d_fd46828b3606c9bab93dce55ae07fefe,0,1,a_f47a8f7809556bd3c474b1520fba0d35,a_f47a8f7809556bd3c474b1520fba0d35,p_a2553246919bba4a6d6edd43bf0210de,p_2e2bdff7d79ba86224377da437861888,6,458,59,49,292608,3553,108,296161,235.80786026200872,646639.7379912663,2742.2314814814813,0.54629629629629628,0.98800314693697011
r_a04f08a0d6235923d0eddd0c101d761c,Direct file transfer,d_fd46828b3606c9bab93dce55ae07fefe,0,1,a_f47a8f7809556bd3c474b1520fba0d35,a_f47a8f7809556bd3c474b1520fba0d35,p_2daea87e9a6b33c1952d130a59c2ed10,p_2e2bdff7d79ba86224377da437861888,6,1254,43,79,3085,162878,122,165963,97.288676236044651,132346.88995215311,1360.3524590163934,0.35245901639344263,0.018588480564945199
r_79472ed809ac1feb01aeec9d9afe4f15,Direct file transfer,d_fd46828b3606c9bab93dce55ae07fefe,0,1,a_f47a8f7809556bd3c474b1520fba0d35,a_f47a8f7809556bd3c474b1520fba0d35,p_e8c1ad730896e00722529f2ae38cea63,p_de7751b84215a2b890900c93db9f1d01,6,452,59,49,292607,3551,108,296158,238.93805309734512,655216.81415929203,2742.2037037037039,0.54629629629629628,0.98800977856414485
r_61cb0181dcdf78216cda5111fd6ff0f4,Direct file transfer,d_fd46828b3606c9bab93dce55ae07fefe,0,1,a_f47a8f7809556bd3c474b1520fba0d35,a_f47a8f7809556bd3c474b1520fba0d35,p_7ba195c4cb4e79d536b6b37b23ddc61c,p_f20f8250c88d103697dd803efa0f0d0c,6,1532,26,70,1975,373178,96,375153,62.663185378590079,244877.93733681462,3907.84375,0.27083333333333331,0.005264518743019515
r_6a477b57b6504c191d1759a7d04571f1,Direct file transfer,d_fd46828b3606c9bab93dce55ae07fefe,0,1,a_f47a8f7809556bd3c474b1520fba0d35,a_f47a8f7809556bd3c474b1520fba0d35,p_85116ff768381086428273bb0de651c7,p_fb701d5a05c03fb8299bbc4274ccd85a,6,1247,27,62,2075,699694,89,701769,71.371291098636718,562765.83801122685,7885.0449438202249,0.30337078651685395,0.0029568134243604378
r_d61fffb2baab411363e59814e4f468bc,Direct file transfer,d_fd46828b3606c9bab93dce55ae07fefe,0,1,a_f47a8f7809556bd3c474b1520fba0d35,a_f47a8f7809556bd3c474b1520fba0d35,p_f86299a673f2968ea276664693e7e74e,p_73a113db56cae583b0f4d27a2f1f0ea3,6,1254,26,62,1975,372267,88,374242,70.175438596491233,298438.59649122809,4252.75,0.29545454545454547,0.0052773339176254933
r_6feac414ce532add2ad4474ffac8a237,Direct file transfer,d_fd46828b3606c9bab93dce55ae07fefe,0,1,a_f47a8f7809556bd3c474b1520fba0d35,a_f47a8f7809556bd3c474b1520fba0d35,p_c8568b1c88b877fdc1255f0c97977f42,p_6688deacbc9d093f76efd71ae803001d,6,1250,29,64,2171,241223,93,243394,74.400000000000006,194715.20000000001,2617.1397849462364,0.31182795698924731,0.0089196939941001002
r_d3163aac829aaa106bb252749b2b5cb1,Direct file transfer,d_fd46828b3606c9bab93dce55ae07fefe,0,1,a_f47a8f7809556bd3c474b1520fba0d35,a_f47a8f7809556bd3c474b1520fba0d35,p_f3a39334cca31f10104478e246e4c974,p_6688deacbc9d093f76efd71ae803001d,6,458,57,56,318689,4013,113,322702,246.72489082969432,704589.51965065498,2855.7699115044247,0.50442477876106195,0.98756437828089072
r_67cbf41070fd181eae2f14fe04a12194,Direct file transfer,d_fd46828b3606c9bab93dce55ae07fefe,0,1,a_f47a8f7809556bd3c474b1520fba0d35,a_f47a8f7809556bd3c474b1520fba0d35,p_ae0dfe7e62c86864612260838a438c38,p_77dbe3e2b43b6b81a173862305b375d0,6,479,61,48,266526,3487,109,270013,227.55741127348645,563701.46137787064,2477.1834862385322,0.55963302752293576,0.98708580697966397
r_81dcaffb5f7f8e7a5931a4b989213658,Direct file transfer,d_fd46828b3606c9bab93dce55ae07fefe,0,1,a_f47a8f7809556bd3c474b1520fba0d35,a_f47a8f7809556bd3c474b1520fba0d35,p_dc6d10ff1ca5c66f5865950222e7b135,p_f20f8250c88d103697dd803efa0f0d0c,6,1250,27,62,2077,712959,89,715036,71.200000000000003,572028.80000000005,8034.1123595505615,0.30337078651685395,0.0029047488518060627
r_60f336cb5c2662be0337691810575fc1,Direct file transfer,d_fd46828b3606c9bab93dce55ae07fefe,0,1,a_f47a8f7809556bd3c474b1520fba0d35,a_f47a8f7809556bd3c474b1520fba0d35,p_8d8eb023e31bb2c2331967a318e7f389,p_77dbe3e2b43b6b81a173862305b375d0,6,1263,26,65,1975,333314,91,335289,72.050673000791775,265470.30878859857,3684.4945054945056,0.2857142857142857,0.0058904407839207367
r_a97b8d88d65323e13304ec462e832c74,Direct file transfer,d_fd46828b3606c9bab93dce55ae07fefe,0,1,a_f47a8f7809556bd3c474b1520fba0d35,a_f47a8f7809556bd3c474b1520fba0d35,p_cd3149afd80a17b16070b99863fbfcbb,p_fb701d5a05c03fb8299bbc4274ccd85a,6,484,61,49,266525,3551,110,270076,227.27272727272728,558008.26446280989,2455.2363636363634,0.55454545454545456,0.9868518491091397
r_8403f5661fb3289c609203b346d46ac7,Direct file transfer,d_fd46828b3606c9bab93dce55ae07fefe,0,1,a_f47a8f7809556bd3c474b1520fba0d35,a_f47a8f7809556bd3c474b1520fba0d35,p_8d1590122f229bdeb5b8fcc32c0d53e3,p_de7751b84215a2b890900c93db9f1d01,6,557,67,52,319367,3749,119,323116,213.64452423698381,580100.53859964083,2715.2605042016808,0.56302521008403361,0.98839735574839993
r_dd85a4a2f8dc951713cf702fb661b1ee,Direct file transfer,d_fd46828b3606c9bab93dce55ae07fefe,0,1,a_f47a8f7809556bd3c474b1520fba0d35,a_f47a8f7809556bd3c474b1520fba0d35,p_71fdafc4f73cf02e4e3e337342699c22,p_73a113db56cae583b0f4d27a2f1f0ea3,6,1255,26,65,1975,529857,91,531832,72.509960159362549,423770.51792828686,5844.3076923076924,0.2857142857142857,0.0037135787241083652
r_c130c2f09785c1809e6bd1ee9c17176e,Direct file transfer,d_fd46828b3606c9bab93dce55ae07fefe,0,1,a_f47a8f7809556bd3c474b1520fba0d35,a_f47a8f7809556bd3c474b1520fba0d35,p_10ca0f7d008a97dfbd1a5ded335bd29e,p_dd74cc5b69b608ff00edcb1d8b246822,6,475,61,49,266525,3551,110,270076,231.57894736842107,568581.05263157899,2455.2363636363634,0.55454545454545456,0.9868518491091397
r_10cc5bb5161783dcbce0fced1e299578,Direct file transfer,d_fd46828b3606c9bab93dce55ae07fefe,0,1,a_f47a8f7809556bd3c474b1520fba0d35,a_f47a8f7809556bd3c474b1520fba0d35,p_c26fb7cd2126f57490df9edad28d7d0f,p_6688deacbc9d093f76efd71ae803001d,6,466,61,49,266525,3551,110,270076,236.05150214592274,579562.23175965657,2455.2363636363634,0.55454545454545456,0.9868518491091397
r_f98c3741072b22bdff031308c44d9e8c,Direct file transfer,d_fd46828b3606c9bab93dce55ae07fefe,0,1,a_f47a8f7809556bd3c474b1520fba0d35,a_f47a8f7809556bd3c474b1520fba0d35,p_287a60f1f38c8dfb962b347b11f7fb18,p_c0f14bbd0a7540f9669573a1a65f5285,6,497,63,48,305988,3485,111,309473,223.34004024144869,622682.092555332,2788.0450450450448,0.56756756756756754,0.98873892068128721
r_2fa31dd7d0d4e95f02df83c1f78b4904,Direct file transfer,d_fd46828b3606c9bab93dce55ae07fefe,0,1,a_f47a8f7809556bd3c474b1520fba0d35,a_f47a8f7809556bd3c474b1520fba0d35,p_5cb4879f2359f01e87392abf3bdbbdef,p_dd74cc5b69b608ff00edcb1d8b246822,6,463,57,48,318689,3485,105,322174,226.78185745140388,695840.17278617702,3068.3238095238094,0.54285714285714282,0.98918286391825538
r_c0f085096a08f4d1a10e334b1b86491b,Direct file transfer,d_fd46828b3606c9bab93dce55ae07fefe,0,1,a_f47a8f7809556bd3c474b1520fba0d35,a_f47a8f7809556bd3c474b1520fba0d35,p_258dfdd8f039d476a4763d79248df177,p_6688deacbc9d093f76efd71ae803001d,6,1401,26,68,1973,359875,94,361848,67.094932191291932,258278.37259100642,3849.4468085106382,0.27659574468085107,0.0054525657182021179
r_4be170a9f1e9a3a48533d0351d38861c,Direct file transfer,d_fd46828b3606c9bab93dce55ae07fefe,0,1,a_f47a8f7809556bd3c474b1520fba0d35,a_f47a8f7809556bd3c474b1520fba0d35,p_deff2ce7917dfa310ddb4e93f3ebd2da,p_c0f14bbd0a7540f9669573a1a65f5285,6,1402,26,68,1973,674086,94,676059,67.047075606276749,482210.41369472188,7192.1170212765956,0.27659574468085107,0.0029183843421949859
r_51e334809cff3d92afc05e99ff32ea28,Direct file transfer,d_fd46828b3606c9bab93dce55ae07fefe,0,1,a_f47a8f7809556bd3c474b1520fba0d35,a_f47a8f7809556bd3c474b1520fba0d35,p_0f077cc9f39ef991c58511bde1eac0a8,p_f20f8250c88d103697dd803efa0f0d0c,6,540,67,50,319368,3619,117,322987,216.66666666666666,598124.07407407404,2760.5726495726494,0.57264957264957261,0.98879521466808262
r_f09a4ce0dca075477fb37bf355b72ab8,Direct file transfer,d_fd46828b3606c9bab93dce55ae07fefe,0,1,a_f47a8f7809556bd3c474b1520fba0d35,a_f47a8f7809556bd3c474b1520fba0d35,p_30f93b3a2d79a027b66d67b82c7f44f6,p_fb701d5a05c03fb8299bbc4274ccd85a,6,445,57,48,318689,3485,105,322174,235.95505617977528,723986.51685393252,3068.3238095238094,0.54285714285714282,0.98918286391825538
r_d317ea55992674647512fddc6093a563,Direct file transfer,d_fd46828b3606c9bab93dce55ae07fefe,0,1,a_f47a8f7809556bd3c474b1520fba0d35,a_f47a8f7809556bd3c474b1520fba0d35,p_32e9885dcc7e8c7f6026882287276934,p_2e2bdff7d79ba86224377da437861888,6,972,26,59,1971,594412,85,596383,87.44855967078189,613562.75720164611,7016.2705882352939,0.30588235294117649,0.0033049231785614278
r_1317bebe2063e688140892ba62cec33c,Direct file transfer,d_fd46828b3606c9bab93dce55ae07fefe,0,1,a_f47a8f7809556bd3c474b1520fba0d35,a_f47a8f7809556bd3c474b1520fba0d35,p_ab666450d0faa3a352ad48b29016487d,p_c76517ae9b158cba02287e228c4ea7a9,6,496,63,48,305988,3485,111,309473,223.79032258064515,623937.5,2788.0450450450448,0.56756756756756754,0.98873892068128721
r_cef94f059b781592b28b7b8bfffd9949,Direct file transfer,d_fd46828b3606c9bab93dce55ae07fefe,0,1,a_f47a8f7809556bd3c474b1520fba0d35,a_f47a8f7809556bd3c474b1520fba0d35,p_7ab98c5f3cfe79e83ef2eb2be221dff6,p_dd74cc5b69b608ff00edcb1d8b246822,6,1258,25,64,1907,333299,89,335206,70.747217806041334,266459.45945945947,3766.3595505617977,0.2808988764044944,0.0056890389790158888
r_2c1128267020458281a3f8b07db710b1,Direct file transfer,d_fd46828b3606c9bab93dce55ae07fefe,0,1,a_f47a8f7809556bd3c474b1520fba0d35,a_f47a8f7809556bd3c474b1520fba0d35,p_26d78d90abcc2f6150a07391c49ef15c,p_f20f8250c88d103697dd803efa0f0d0c,6,1402,26,67,1975,543109,93,545084,66.333808844507857,388790.29957203998,5861.1182795698924,0.27956989247311825,0.0036232947582390969
r_9feb89e0a681820abe5111e4c1c6cb80,Direct file transfer,d_fd46828b3606c9bab93dce55ae07fefe,0,1,a_f47a8f7809556bd3c474b1520fba0d35,a_f47a8f7809556bd3c474b1520fba0d35,p_9ababe898b0832745403daf42c7dae41,p_73a113db56cae583b0f4d27a2f1f0ea3,6,448,57,47,318690,3421,104,322111,232.14285714285714,718997.76785714284,3097.2211538461538,0.54807692307692313,0.98937943752308988
r_5dae1a8a8e5fd4fa2190dabcfda5b0c1,Direct file transfer,d_fd46828b3606c9bab93dce55ae07fefe,0,1,a_f47a8f7809556bd3c474b1520fba0d35,a_f47a8f7809556bd3c474b1520fba0d35,p_d1c74084936cc7e5d209d06590c0d71e,p_fb701d5a05c03fb8299bbc4274ccd85a,6,1258,27,65,2039,333314,92,335353,73.131955484896665,266576.31160572334,3645.141304347826,0.29347826086956524,0.0060801603086896496
r_c5101361b70371ab31a17177b04685ed,Direct file transfer,d_fd46828b3606c9bab93dce55ae07fefe,0,1,a_f47a8f7809556bd3c474b1520fba0d35,a_f47a8f7809556bd3c474b1520fba0d35,p_5e368254019a95163ac3ce534ea8140a,p_73a113db56cae583b0f4d27a2f1f0ea3,6,474,61,49,266526,3553,110,270079,232.06751054852322,569786.91983122367,2455.2636363636366,0.55454545454545456,0.98684458991628377
r_40e2e4cbd9de756eae0a63a1f48b24b0,Direct file transfer,d_fd46828b3606c9bab93dce55ae07fefe,0,1,a_f47a8f7809556bd3c474b1520fba0d35,a_f47a8f7809556bd3c474b1520fba0d35,p_f6b814f0d1a431bdcc52e34c22300086,p_dd74cc5b69b608ff00edcb1d8b246822,6,515,65,51,279905,3683,116,283588,225.24271844660194,550656.31067961163,2444.7241379310344,0.56034482758620685,0.98701284962692359
r_0e947cef6563d9d43d4ffc05ec83425d,Direct file transfer,d_fd46828b3606c9bab93dce55ae07fefe,0,1,a_f47a8f7809556bd3c474b1520fba0d35,a_f47a8f7809556bd3c474b1520fba0d35,p_1fe6ec3e9097fa5179c13b643a8dbd97,p_77dbe3e2b43b6b81a173862305b375d0,6,512,65,51,279906,3685,116,283591,226.5625,553888.671875,2444.75,0.56034482758620685,0.98700593460300223
r_95dab00ca1b4398289bf90db1b0e7a85,Direct file transfer,d_fd46828b3606c9bab93dce55ae07fefe,0,1,a_f47a8f7809556bd3c474b1520fba0d35,a_f47a8f7809556bd3c474b1520fba0d35,p_00832d478be3886c80437420b6506eff,p_77dbe3e2b43b6b81a173862305b375d0,6,1401,27,66,2089,818293,93,820382,66.381156316916488,585568.87937187718,8821.3118279569899,0.29032258064516131,0.0025463747376222295
r_e4e682a1ae2b30f07ae0929b0421986a,Direct file transfer,d_fd46828b3606c9bab93dce55ae07fefe,0,1,a_f47a8f7809556bd3c474b1520fba0d35,a_f47a8f7809556bd3c474b1520fba0d35,p_a2a7150beb1ad3f57b6a9e7c224e412f,p_c76517ae9b158cba02287e228c4ea7a9,6,1400,27,66,2039,870511,93,872550,66.428571428571431,623250,9382.2580645161288,0.29032258064516131,0.002336828835023781
r_368f601765c91079c0ceade584f36f31,Direct file transfer,d_fd46828b3606c9bab93dce55ae07fefe,0,1,a_f47a8f7809556bd3c474b1520fba0d35,a_f47a8f7809556bd3c474b1520fba0d35,p_4fd0234ee62e6e1ac9cf5989b022325d,p_fb701d5a05c03fb8299bbc4274ccd85a,6,501,65,51,279905,3683,116,283588,231.53692614770458,566043.91217564873,2444.7241379310344,0.56034482758620685,0.98701284962692359
r_5974d0678dcb089fc481227c716f2a5c,Direct file transfer,d_fd46828b3606c9bab93dce55ae07fefe,0,1,a_f47a8f7809556bd3c474b1520fba0d35,a_f47a8f7809556bd3c474b1520fba0d35,p_5b06036f44af9eebd1721ae5c23baad0,p_fb701d5a05c03fb8299bbc4274ccd85a,6,1414,26,64,1973,752731,90,754704,63.649222065063654,533736.91654879774,8385.6000000000004,0.28888888888888886,0.0026142699654434056
r_391f7305f37ebd3d7a70341e64ca8463,Direct file transfer,d_fd46828b3606c9bab93dce55ae07fefe,0,1,a_f47a8f7809556bd3c474b1520fba0d35,a_f47a8f7809556bd3c474b1520fba0d35,p_f2787a9864b0482fd29671509aade941,p_73a113db56cae583b0f4d27a2f1f0ea3,6,525,65,51,279906,3685,116,283591,220.95238095238093,540173.33333333326,2444.75,0.56034482758620685,0.98700593460300223
r_fc517cb4420c52b1170ef62025f544ac,Direct file transfer,d_fd46828b3606c9bab93dce55ae07fefe,0,1,a_f47a8f7809556bd3c474b1520fba0d35,a_f47a8f7809556bd3c474b1520fba0d35,p_938420a6b97c2b9ef63a1999b4d0ae54,p_2e2bdff7d79ba86224377da437861888,6,497,63,50,305989,3619,113,309608,227.36418511066398,622953.72233400401,2739.8938053097345,0.55752212389380529,0.98831102555489525
r_50c209f4302b6a865f5e4f5588ba1c3a,Direct file transfer,d_fd46828b3606c9bab93dce55ae07fefe,0,1,a_f47a8f7809556bd3c474b1520fba0d35,a_f47a8f7809556bd3c474b1520fba0d35,p_b3bd559c9c519b297896c4c70315521f,p_de7751b84215a2b890900c93db9f1d01,6,489,63,49,305988,3551,112,309539,229.03885480572598,633004.0899795501,2763.7410714285716,0.5625,0.9885281014670203
r_4260e4448d90935ba87234d11d2c238c,Direct file transfer,d_fd46828b3606c9bab93dce55ae07fefe,0,1,a_f47a8f7809556bd3c474b1520fba0d35,a_f47a8f7809556bd3c474b1520fba0d35,p_8de704ff82250a14bdd9e210e3198b0c,p_c76517ae9b158cba02287e228c4ea7a9,6,1681,29,76,2171,346087,105,348258,62.462819750148718,207173.11124330756,3316.7428571428572,0.27619047619047621,0.0062338840744505511
r_0c98814d9434aee103d707a4cf1f4733,Direct file transfer,d_fd46828b3606c9bab93dce55ae07fefe,0,1,a_f47a8f7809556bd3c474b1520fba0d35,a_f47a8f7809556bd3c474b1520fba0d35,p_096cbf90984724cc48c5869573b49afb,p_6688deacbc9d093f76efd71ae803001d,6,504,65,51,279905,3683,116,283588,230.15873015873015,562674.60317460319,2444.7241379310344,0.56034482758620685,0.98701284962692359
r_92b686dae964042b095b9ed8d5afa728,Direct file transfer,d_fd46828b3606c9bab93dce55ae07fefe,0,1,a_f47a8f7809556bd3c474b1520fba0d35,a_f47a8f7809556bd3c474b1520fba0d35,p_fb9197126fb2bb16115b908c7f894b44,p_dd74cc5b69b608ff00edcb1d8b246822,6,1388,26,69,1973,294413,95,296386,68.443804034582143,213534.58213256486,3119.8526315789472,0.27368421052631581,0.0066568596357452778
r_d68026b5c85eaa9438858332bb77b52a,Direct file transfer,d_fd46828b3606c9bab93dce55ae07fefe,0,1,a_f47a8f7809556bd3c474b1520fba0d35,a_f47a8f7809556bd3c474b1520fba0d35,p_ddb5e46c8d711ba0701fe361343a9984,p_c0f14bbd0a7540f9669573a1a65f5285,6,538,67,52,319367,3749,119,323116,221.18959107806691,600587.36059479555,2715.2605042016808,0.56302521008403361,0.98839735574839993
r_01e889be3ee994429cd96e16e533f4ae,Direct file transfer,d_fd46828b3606c9bab93dce55ae07fefe,0,1,a_f47a8f7809556bd3c474b1520fba0d35,a_f47a8f7809556bd3c474b1520fba0d35,p_f029a199ccc05dbe9a05eade18306191,p_c76517ae9b158cba02287e228c4ea7a9,6,523,67,51,319367,3683,118,323050,225.62141491395792,617686.42447418731,2737.7118644067796,0.56779661016949157,0.9885992880359078
r_14c47baed0d81180df5781a67b008d50,Direct file transfer,d_fd46828b3606c9bab93dce55ae07fefe,0,1,a_f47a8f7809556bd3c474b1520fba0d35,a_f47a8f7809556bd3c474b1520fba0d35,p_6e6101f9b77c3c7a591840b4d3523c39,p_73a113db56cae583b0f4d27a2f1f0ea3,6,1385,26,69,1975,294456,95,296431,68.592057761732846,214029.60288808664,3120.3263157894735,0.27368421052631581,0.0066625960172856415
r_84870148bac6ad9f60b4f1f689f3aa54,Direct file transfer,d_fd46828b3606c9bab93dce55ae07fefe,0,1,a_f47a8f7809556bd3c474b1520fba0d35,a_f47a8f7809556bd3c474b1520fba0d35,p_37666a58417f2e27b1afdcf8416fc2ee,p_de7751b84215a2b890900c93db9f1d01,6,1256,26,64,1973,582009,90,583982,71.656050955414017,464953.82165605098,6488.6888888888889,0.28888888888888886,0.0033785287902709329
r_d324c23c2f4fbdf778bc8c1a39550497,Direct file transfer,d_fd46828b3606c9bab93dce55ae07fefe,0,1,a_f47a8f7809556bd3c474b1520fba0d35,a_f47a8f7809556bd3c474b1520fba0d35,p_aee31579ad5ef6e5c594ec1b8972a151,p_2e2bdff7d79ba86224377da437861888,6,534,67,52,319368,3751,119,323119,222.84644194756552,605091.76029962546,2715.2857142857142,0.56302521008403361,0.98839127380314995
r_7c29052b412df37a17f3263d8f2a30e7,Direct file transfer,d_fd46828b3606c9bab93dce55ae07fefe,0,1,a_f47a8f7809556bd3c474b1520fba0d35,a_f47a8f7809556bd3c474b1520fba0d35,p_64bb985082d971dc1a949d52023b7a2a,p_c0f14bbd0a7540f9669573a1a65f5285,6,1535,26,68,1961,319396,94,321357,61.237785016286651,209353.09446254073,3418.6914893617022,0.27659574468085107,0.0061022476560336327
r_065427fdb0aaebff0d42f7ec34d95edc,Direct file transfer,d_fd46828b3606c9bab93dce55ae07fefe,0,1,a_f47a8f7809556bd3c474b1520fba0d35,a_f47a8f7809556bd3c474b1520fba0d35,p_f92471663587ed239d04ea27a558a655,p_c76517ae9b158cba02287e228c4ea7a9,6,1525,26,66,1985,831507,92,833492,60.327868852459019,546552.13114754099,9059.6956521739139,0.28260869565217389,0.0023815465535362069
r_f809309fe905974b7eee5075d452c529,Direct file transfer,d_fd46828b3606c9bab93dce55ae07fefe,0,1,a_f47a8f7809556bd3c474b1520fba0d35,a_f47a8f7809556bd3c474b1520fba0d35,p_d337e7196ea0f19cd47da248649a1597,p_de7751b84215a2b890900c93db9f1d01,6,1524,27,68,2039,831629,95,833668,62.335958005249346,547026.24671916012,8775.4526315789481,0.28421052631578947,0.0024458177595877498
r_c3797197eab7d53ab8805b01fad05ed5,Direct file transfer,d_fd46828b3606c9bab93dce55ae07fefe,0,1,a_f47a8f7809556bd3c474b1520fba0d35,a_f47a8f7809556bd3c474b1520fba0d35,p_328170a28bff8906dd75b132d3a2f7de,p_c0f14bbd0a7540f9669573a1a65f5285,6,589,75,53,280583,3815,128,284398,217.31748726655348,482848.89643463498,2221.859375,0.5859375,0.9865857003213806
r_22b915945eb227ae6faa26b1ae9cc9f7,Direct file transfer,d_fd46828b3606c9bab93dce55ae07fefe,0,1,a_f47a8f7809556bd3c474b1520fba0d35,a_f47a8f7809556bd3c474b1520fba0d35,p_d1a380efafbc27dded328cd28880e072,p_dd74cc5b69b608ff00edcb1d8b246822,6,1535,26,70,1973,386441,96,388414,62.540716612377857,253038.43648208471,4045.9791666666665,0.27083333333333331,0.0050796315271849106
r_f194ed7a4dcba93f09a1f08dd2482671,Direct file transfer,d_fd46828b3606c9bab93dce55ae07fefe,0,1,a_f47a8f7809556bd3c474b1520fba0d35,a_f47a8f7809556bd3c474b1520fba0d35,p_bd09f8f2dee16d0e527acd4c3901001f,p_2e2bdff7d79ba86224377da437861888,6,1517,25,67,1909,831561,92,833470,60.646011865524066,549419.90771259065,9059.45652173913,0.27173913043478259,0.0022904243704032537
r_74c7d4a320fc68029873cdb57f8adc05,Direct file transfer,d_fd46828b3606c9bab93dce55ae07fefe,0,1,a_f47a8f7809556bd3c474b1520fba0d35,a_f47a8f7809556bd3c474b1520fba0d35,p_e63f62f24fdd257f54bd9034e73bc0c6,p_77dbe3e2b43b6b81a173862305b375d0,6,547,69,52,293286,3751,121,297037,221.20658135283361,543029.2504570384,2454.8512396694214,0.57024793388429751,0.98737194356258651
r_587da24e1a9bd6deb21b734a03b6187d,Direct file transfer,d_fd46828b3606c9bab93dce55ae07fefe,0,1,a_f47a8f7809556bd3c474b1520fba0d35,a_f47a8f7809556bd3c474b1520fba0d35,p_51cdce7d4e0c2f1a30a4c267a285f405,p_dd74cc5b69b608ff00edcb1d8b246822,6,555,69,52,293285,3749,121,297034,218.01801801801801,535196.39639639633,2454.8264462809916,0.57024793388429751,0.98737854925698743
r_1469a3ecf1f3859e550ce6dc179def14,Direct file transfer,d_fd46828b3606c9bab93dce55ae07fefe,0,1,a_f47a8f7809556bd3c474b1520fba0d35,a_f47a8f7809556bd3c474b1520fba0d35,p_8f2e6d5d888d42039ebf07c056a6e4d2,p_f20f8250c88d103697dd803efa0f0d0c,6,1664,28,75,2107,346021,103,348128,61.899038461538467,209211.53846153847,3379.8834951456311,0.27184466019417475,0.006052371541501976
r_c883cf11e295ac2b9e827003f5582c41,Direct file transfer,d_fd46828b3606c9bab93dce55ae07fefe,0,1,a_f47a8f7809556bd3c474b1520fba0d35,a_f47a8f7809556bd3c474b1520fba0d35,p_d0d1fa750e9661ade6fb3cff00622157,p_77dbe3e2b43b6b81a173862305b375d0,6,1527,27,72,2041,320986,99,323027,64.833005893909629,211543.549443353,3262.8989898989898,0.27272727272727271,0.0063183572890191837
r_bc775fe3fbe9219acd8a53e36c9bfff8,Direct file transfer,d_fd46828b3606c9bab93dce55ae07fefe,0,1,a_f47a8f7809556bd3c474b1520fba0d35,a_f47a8f7809556bd3c474b1520fba0d35,p_f22f7e069e16d13367e1bbfce7ce8e6d,p_fb701d5a05c03fb8299bbc4274ccd85a,6,552,69,53,293285,3815,122,297100,221.01449275362316,538224.63768115942,2435.2459016393441,0.56557377049180324,0.98715920565466175
r_b03b770d6a1e2bb7fea1297fa10b2d8d,Direct file transfer,d_fd46828b3606c9bab93dce55ae07fefe,0,1,a_f47a8f7809556bd3c474b1520fba0d35,a_f47a8f7809556bd3c474b1520fba0d35,p_fe565f75c33a20686fdf1fe2d8ce92c1,p_73a113db56cae583b0f4d27a2f1f0ea3,6,548,69,53,293286,3817,122,297103,222.62773722627736,542158.75912408752,2435.2704918032787,0.56557377049180324,0.98715260364250779
r_f25ecf6c9817deb5fbcfc41364ec2778,Direct file transfer,d_fd46828b3606c9bab93dce55ae07fefe,0,1,a_f47a8f7809556bd3c474b1520fba0d35,a_f47a8f7809556bd3c474b1520fba0d35,p_7aa1afdf70ade04a2782d97e3add2394,p_fb701d5a05c03fb8299bbc4274ccd85a,6,1524,26,70,1973,386443,96,388416,62.99212598425197,254866.14173228346,4046,0.27083333333333331,0.0050796053715603893
r_bc935f1ae037b8763603eae7fae50e76,Direct file transfer,d_fd46828b3606c9bab93dce55ae07fefe,0,1,a_f47a8f7809556bd3c474b1520fba0d35,a_f47a8f7809556bd3c474b1520fba0d35,p_75522d5013dc33cdbdfd8ba05c0c035c,p_2e2bdff7d79ba86224377da437861888,6,613,75,55,280584,3949,130,284533,212.07177814029365,464164.76345840131,2188.7153846153847,0.57692307692307687,0.98612111776138445
r_18387acd244d40bb438f30de9f3b85f8,Direct file transfer,d_fd46828b3606c9bab93dce55ae07fefe,0,1,a_f47a8f7809556bd3c474b1520fba0d35,a_f47a8f7809556bd3c474b1520fba0d35,p_9fde021aba81e9cccbeeda3c518b19e3,p_f20f8250c88d103697dd803efa0f0d0c,6,495,63,50,305989,3619,113,309608,228.28282828282829,625470.70707070711,2739.8938053097345,0.55752212389380529,0.98831102555489525
r_0eb9305568e97f3e30591f576b21c3da,Direct file transfer,d_fd46828b3606c9bab93dce55ae07fefe,0,1,a_f47a8f7809556bd3c474b1520fba0d35,a_f47a8f7809556bd3c474b1520fba0d35,p_951e23b70720e2622de41e68e68ccd6f,p_73a113db56cae583b0f4d27a2f1f0ea3,6,1522,26,67,1975,779343,93,781318,61.103810775295663,513349.54007884359,8401.2688172043017,0.27956989247311825,0.0025277799820303641
r_eb53eb095d1ae9f4948c7768dfccdfdc,Direct file transfer,d_fd46828b3606c9bab93dce55ae07fefe,0,1,a_f47a8f7809556bd3c474b1520fba0d35,a_f47a8f7809556bd3c474b1520fba0d35,p_bd8e3e4b88417302ef74870ce870973f,p_6688deacbc9d093f76efd71ae803001d,6,1525,27,72,2039,320976,99,323015,64.918032786885249,211813.11475409838,3262.7777777777778,0.27272727272727271,0.0063124003529247867
r_0b5258c636b5dcbb53c18ef03ed87526,Direct file transfer,d_fd46828b3606c9bab93dce55ae07fefe,0,1,a_f47a8f7809556bd3c474b1520fba0d35,a_f47a8f7809556bd3c474b1520fba0d35,p_06589fbeb759f33059f0cd7fdf523312,p_6688deacbc9d093f76efd71ae803001d,6,553,69,53,293285,3815,122,297100,220.61482820976491,537251.356238698,2435.2459016393441,0.56557377049180324,0.98715920565466175
r_f465ec52b067388cdbe288b01e93ad10,Direct file transfer,d_fd46828b3606c9bab93dce55ae07fefe,0,1,a_f47a8f7809556bd3c474b1520fba0d35,a_f47a8f7809556bd3c474b1520fba0d35,p_93ad957f1ed4f3cc25fae6e7d8adff43,p_c0f14bbd0a7540f9669573a1a65f5285,6,380,51,45,265845,3283,96,269128,252.63157894736841,708231.57894736843,2803.4166666666665,0.53125,0.98780134359858507
r_71e0ab742b9a5994240dc853f008e06d,Direct file transfer,d_fd46828b3606c9bab93dce55ae07fefe,0,1,a_f47a8f7809556bd3c474b1520fba0d35,a_f47a8f7809556bd3c474b1520fba0d35,p_2cbb3061530e5c0e05e9a32811bce691,p_77dbe3e2b43b6b81a173862305b375d0,6,1793,29,83,2185,269761,112,271946,62.465142219743448,151670.94255437815,2428.0892857142858,0.25892857142857145,0.008034683356254551
r_9cb079683f53b24ee180fdccd0f57f54,Direct file transfer,d_fd46828b3606c9bab93dce55ae07fefe,0,1,a_f47a8f7809556bd3c474b1520fba0d35,a_f47a8f7809556bd3c474b1520fba0d35,p_91019de00a345fdc86fa4606b7f279bd,p_c0f14bbd0a7540f9669573a1a65f5285,6,986,27,59,2035,201365,86,203400,87.2210953346856,206288.03245436106,2365.1162790697676,0.31395348837209303,0.010004916420845625
r_c4d3b9acc88474cdc40f0d0ebeeab17d,Direct file transfer,d_fd46828b3606c9bab93dce55ae07fefe,0,1,a_f47a8f7809556bd3c474b1520fba0d35,a_f47a8f7809556bd3c474b1520fba0d35,p_009be51bf07d7569406e16a4b1a19cb8,p_f20f8250c88d103697dd803efa0f0d0c,6,372,51,45,265846,3285,96,269131,258.06451612903226,723470.43010752683,2803.4479166666665,0.53125,0.987794048251595
r_7395153cbbbb6429dd4d6b35a19e8825,Direct file transfer,d_fd46828b3606c9bab93dce55ae07fefe,0,1,a_f47a8f7809556bd3c474b1520fba0d35,a_f47a8f7809556bd3c474b1520fba0d35,p_1ecb432fc2eef00b8b1f9e3b2cfe7f5b,p_f20f8250c88d103697dd803efa0f0d0c,6,966,29,60,2169,135897,89,138066,92.132505175983439,142925.46583850932,1551.3033707865168,0.3258426966292135,0.015709877884490027
r_760da95e4fa9b3d2782d757f55d5fd38,Direct file transfer,d_fd46828b3606c9bab93dce55ae07fefe,0,1,a_f47a8f7809556bd3c474b1520fba0d35,a_f47a8f7809556bd3c474b1520fba0d35,p_b1da3a58ec1f59df27384de831a2b02a,p_c76517ae9b158cba02287e228c4ea7a9,6,376,51,45,265845,3283,96,269128,255.31914893617022,715765.95744680846,2803.4166666666665,0.53125,0.98780134359858507
r_1f8ce3f8f81a36f04c7fecb7baaa8a41,Direct file transfer,d_fd46828b3606c9bab93dce55ae07fefe,0,1,a_f47a8f7809556bd3c474b1520fba0d35,a_f47a8f7809556bd3c474b1520fba0d35,p_8ab249568262ade85bd91b65e9c93118,p_2e2bdff7d79ba86224377da437861888,6,1396,26,66,1987,739586,92,741573,65.902578796561613,531212.75071633246,8060.576086956522,0.28260869565217389,0.002679439515732099
r_fb4d2f06a60cfcf508c0bb63b5e99641,Direct file transfer,d_fd46828b3606c9bab93dce55ae07fefe,0,1,a_f47a8f7809556bd3c474b1520fba0d35,a_f47a8f7809556bd3c474b1520fba0d35,p_84df41ce06ad54a391cedf2f43d83f9f,p_c76517ae9b158cba02287e228c4ea7a9,6,984,27,59,2035,201367,86,203402,87.398373983739845,206709.34959349595,2365.1395348837209,0.31395348837209303,0.010004818045053638
r_30878abe3929e691515d5c0e4b352c80,Direct file transfer,d_fd46828b3606c9bab93dce55ae07fefe,0,1,a_f47a8f7809556bd3c474b1520fba0d35,a_f47a8f7809556bd3c474b1520fba0d35,p_b9f7e2f86976bcd4f26d208f20b29254,p_2e2bdff7d79ba86224377da437861888,6,378,51,45,265846,3285,96,269131,253.96825396825398,711986.7724867725,2803.4479166666665,0.53125,0.987794048251595
r_cb146e34dad80fa26ac7b7686ecd59cf,Direct file transfer,d_fd46828b3606c9bab93dce55ae07fefe,0,1,a_f47a8f7809556bd3c474b1520fba0d35,a_f47a8f7809556bd3c474b1520fba0d35,p_e687be22be3785b0b7b0f3eafd7cd70d,p_de7751b84215a2b890900c93db9f1d01,6,390,51,45,265845,3283,96,269128,246.15384615384613,690071.79487179487,2803.4166666666665,0.53125,0.98780134359858507
r_abf1cd47fc1404d7a098b48a411e4ca4,Direct file transfer,d_fd46828b3606c9bab93dce55ae07fefe,0,1,a_f47a8f7809556bd3c474b1520fba0d35,a_f47a8f7809556bd3c474b1520fba0d35,p_ccdd3d3ae72facd689b0f34d9c09e8ff,p_de7751b84215a2b890900c93db9f1d01,6,1396,26,66,1973,608569,92,610542,65.902578796561613,437351.00286532956,6636.326086956522,0.28260869565217389,0.0032315549135030841
r_a907855b49113edcfaad70de811b0c02,Direct file transfer,d_fd46828b3606c9bab93dce55ae07fefe,0,1,a_f47a8f7809556bd3c474b1520fba0d35,a_f47a8f7809556bd3c474b1520fba0d35,p_1796749b489f5ffa4cbef6b2db5e99a2,p_c0f14bbd0a7540f9669573a1a65f5285,6,1958,31,85,2327,348535,116,350862,59.244126659856995,179194.07558733402,3024.6724137931033,0.26724137931034481,0.0066322371758697155
r_c87664cb460a21570d5ebbb556470d54,Direct file transfer,d_fd46828b3606c9bab93dce55ae07fefe,0,1,a_f47a8f7809556bd3c474b1520fba0d35,a_f47a8f7809556bd3c474b1520fba0d35,p_a551a35fb0b0bd782e3699749b206507,p_de7751b84215a2b890900c93db9f1d01,6,979,27,55,2035,463343,82,465378,83.758937691521965,475360.57201225741,5675.3414634146338,0.32926829268292684,0.0043727894313869585
r_6e7f7b204c6497796a62bf505fe9cc38,Direct file transfer,d_fd46828b3606c9bab93dce55ae07fefe,0,1,a_f47a8f7809556bd3c474b1520fba0d35,a_f47a8f7809556bd3c474b1520fba0d35,p_a37ddb3a222b67ff82cbb5b1904d5d2e,p_dd74cc5b69b608ff00edcb1d8b246822,6,610,73,54,306666,3881,127,310547,208.19672131147541,509093.44262295082,2445.251968503937,0.57480314960629919,0.9875026968542604
r_ac7aaafa3718b480ac22862e7add4e7c,Direct file transfer,d_fd46828b3606c9bab93dce55ae07fefe,0,1,a_f47a8f7809556bd3c474b1520fba0d35,a_f47a8f7809556bd3c474b1520fba0d35,p_99c5504ebb9fa8c90a7c128160140f31,p_77dbe3e2b43b6b81a173862305b375d0,6,577,73,54,306667,3883,127,310550,220.103986135182,538214.90467937617,2445.2755905511813,0.57480314960629919,0.98749637739494445
r_813104e210bdbde62acc7e86b8c03613,Direct file transfer,d_fd46828b3606c9bab93dce55ae07fefe,0,1,a_f47a8f7809556bd3c474b1520fba0d35,a_f47a8f7809556bd3c474b1520fba0d35,p_57c641f6dde9aa9b786319a4d4dad9d5,p_dd74cc5b69b608ff00edcb1d8b246822,6,1671,26,73,1973,413014,99,414987,59.245960502692995,248346.49910233394,4191.787878787879,0.26262626262626265,0.0047543657994105837
r_f0dd7f18b379a1291d52b3a760b93671,Direct file transfer,d_fd46828b3606c9bab93dce55ae07fefe,0,1,a_f47a8f7809556bd3c474b1520fba0d35,a_f47a8f7809556bd3c474b1520fba0d35,p_1a6a6a5de885c9e568d298778840aac6,p_fb701d5a05c03fb8299bbc4274ccd85a,6,603,73,54,306666,3881,127,310547,210.61359867330017,515003.31674958544,2445.251968503937,0.57480314960629919,0.9875026968542604
r_d637e9635313ba3f15e2ea27936c52c7,Direct file transfer,d_fd46828b3606c9bab93dce55ae07fefe,0,1,a_f47a8f7809556bd3c474b1520fba0d35,a_f47a8f7809556bd3c474b1520fba0d35,p_dc2798c4eeb75cc73122ef5eb291189f,p_77dbe3e2b43b6b81a173862305b375d0,6,1680,26,71,1963,765241,97,767204,57.738095238095241,456669.04761904763,7909.3195876288664,0.26804123711340205,0.002558641508646983
r_cbe39a115330096234b1252e6a1db0a1,Direct file transfer,d_fd46828b3606c9bab93dce55ae07fefe,0,1,a_f47a8f7809556bd3c474b1520fba0d35,a_f47a8f7809556bd3c474b1520fba0d35,p_6223f57e21c2aa0f647e8a99ae12bf68,p_73a113db56cae583b0f4d27a2f1f0ea3,6,592,73,52,306667,3751,125,310418,211.14864864864865,524354.7297297297,2483.3440000000001,0.58399999999999996,0.98791629351390708
r_5386c1f7fbb4aa583906552dfb359835,Direct file transfer,d_fd46828b3606c9bab93dce55ae07fefe,0,1,a_f47a8f7809556bd3c474b1520fba0d35,a_f47a8f7809556bd3c474b1520fba0d35,p_adcff7fe806683cb9c55e4c37def8c8b,p_73a113db56cae583b0f4d27a2f1f0ea3,6,1673,26,74,1975,740538,100,742513,59.772863120143455,443821.27913927077,7425.1300000000001,0.26000000000000001,0.0026598860895364796
r_13926b9e9567e6971deb09af3776f6a6,Direct file transfer,d_fd46828b3606c9bab93dce55ae07fefe,0,1,a_f47a8f7809556bd3c474b1520fba0d35,a_f47a8f7809556bd3c474b1520fba0d35,p_77089de53a966d82cdf2b4718449c7ad,p_fb701d5a05c03fb8299bbc4274ccd85a,6,1675,27,75,2039,347559,102,349598,60.895522388059703,208715.22388059701,3427.4313725490197,0.26470588235294118,0.0058324132289086323
r_ec944f57f3fc32eafd0118ae2d74ac47,Direct file transfer,d_fd46828b3606c9bab93dce55ae07fefe,0,1,a_f47a8f7809556bd3c474b1520fba0d35,a_f47a8f7809556bd3c474b1520fba0d35,p_60008d63b940d504abda7c2ff9e19aff,p_2e2bdff7d79ba86224377da437861888,6,647,79,57,293964,4081,136,298045,210.20092735703244,460656.87789799069,2191.5073529411766,0.58088235294117652,0.98630743679645694
r_dc4e349c4253fa22539d65c11121aa67,Direct file transfer,d_fd46828b3606c9bab93dce55ae07fefe,0,1,a_f47a8f7809556bd3c474b1520fba0d35,a_f47a8f7809556bd3c474b1520fba0d35,p_df9610a7ad04c451430cada3a55c8cb5,p_6688deacbc9d093f76efd71ae803001d,6,1674,27,75,2039,347549,102,349588,60.931899641577061,208833.93070489846,3427.3333333333335,0.26470588235294118,0.0058325800656773112
r_da783078ebd31e67717c7e0d73e5b4a8,Direct file transfer,d_fd46828b3606c9bab93dce55ae07fefe,0,1,a_f47a8f7809556bd3c474b1520fba0d35,a_f47a8f7809556bd3c474b1520fba0d35,p_b1ce4ccb31102574c06fc33d910065e5,p_c0f14bbd0a7540f9669573a1a65f5285,6,1673,28,76,2105,688356,104,690461,62.163777644949192,412708.30842797371,6639.0480769230771,0.26923076923076922,0.0030486877607859095
r_63983bac8d43cf57aa643eebd1cbebbc,Direct file transfer,d_fd46828b3606c9bab93dce55ae07fefe,0,1,a_f47a8f7809556bd3c474b1520fba0d35,a_f47a8f7809556bd3c474b1520fba0d35,p_c411c138b6ad2079d3f73029a348fc9e,p_c76517ae9b158cba02287e228c4ea7a9,6,602,75,54,280583,3881,129,284464,214.28571428571431,472531.56146179402,2205.1472868217056,0.58139534883720934,0.98635679734518256
r_9ed351b617a485bbc88cccf000bd1d94,Direct file transfer,d_fd46828b3606c9bab93dce55ae07fefe,0,1,a_f47a8f7809556bd3c474b1520fba0d35,a_f47a8f7809556bd3c474b1520fba0d35,p_076de4bbb4542dff46e6fb4da92a694c,p_f20f8250c88d103697dd803efa0f0d0c,6,590,75,55,280584,3949,130,284533,220.33898305084747,482259.32203389832,2188.7153846153847,0.57692307692307687,0.98612111776138445
r_24b4cbc4635e738fc65d489bbd733482,Direct file transfer,d_fd46828b3606c9bab93dce55ae07fefe,0,1,a_f47a8f7809556bd3c474b1520fba0d35,a_f47a8f7809556bd3c474b1520fba0d35,p_c8f894e6c7889450d1c091af17d835e9,p_de7751b84215a2b890900c93db9f1d01,6,604,75,55,280583,3947,130,284530,215.23178807947019,471076.15894039738,2188.6923076923076,0.57692307692307687,0.98612800056233085
r_e06cdc37cebc3e6ded7e8c97cc9eb133,Direct file transfer,d_fd46828b3606c9bab93dce55ae07fefe,0,1,a_f47a8f7809556bd3c474b1520fba0d35,a_f47a8f7809556bd3c474b1520fba0d35,p_5f54de75403f9ca7167f5707028de037,p_2e2bdff7d79ba86224377da437861888,6,1667,27,76,2041,688399,103,690440,61.787642471505698,414181.16376724653,6703.3009708737864,0.26213592233009708,0.0029560859741614041
r_d5fab5fb7aae9c125276f6b9023b2b2e,Direct file transfer,d_fd46828b3606c9bab93dce55ae07fefe,0,1,a_f47a8f7809556bd3c474b1520fba0d35,a_f47a8f7809556bd3c474b1520fba0d35,p_c73616bd27957d2d07dc8c2db2f05570,p_f20f8250c88d103697dd803efa0f0d0c,6,2099,31,85,2305,1041363,116,1043668,55.264411624583133,497221.53406383988,8997.1379310344819,0.26724137931034481,0.002208556744098698
r_3461bdd40e9d199d2e380b761fc895cf,Direct file transfer,d_fd46828b3606c9bab93dce55ae07fefe,0,1,a_f47a8f7809556bd3c474b1520fba0d35,a_f47a8f7809556bd3c474b1520fba0d35,p_6c47d96203d9d96d6ababd0c5d6e7ce2,p_dd74cc5b69b608ff00edcb1d8b246822,6,624,77,56,320045,4013,133,324058,213.14102564102564,519323.71794871794,2436.5263157894738,0.57894736842105265,0.98761641434558012
r_b2893cb5ec0fa7e28985fd917c3189da,Direct file transfer,d_fd46828b3606c9bab93dce55ae07fefe,0,1,a_f47a8f7809556bd3c474b1520fba0d35,a_f47a8f7809556bd3c474b1520fba0d35,p_a3e81ea00b114bfbfa8113cbee92bd96,p_de7751b84215a2b890900c93db9f1d01,6,1666,28,75,2105,739227,103,741332,61.824729891956785,444977.19087635056,7197.3980582524273,0.27184466019417475,0.0028394835242509429
r_bbb3e5a36f40b05c25a60fcf7b67f227,Direct file transfer,d_fd46828b3606c9bab93dce55ae07fefe,0,1,a_f47a8f7809556bd3c474b1520fba0d35,a_f47a8f7809556bd3c474b1520fba0d35,p_33b3204a4fc16cad5d4329f5da7bc5dc,p_77dbe3e2b43b6b81a173862305b375d0,6,1807,47,85,3457,957406,132,960863,73.049252905368022,531744.88101826236,7279.265151515152,0.35606060606060608,0.0035978073877337351
r_aaf272cb43762549946b7767144fc6f4,Direct file transfer,d_fd46828b3606c9bab93dce55ae07fefe,0,1,a_f47a8f7809556bd3c474b1520fba0d35,a_f47a8f7809556bd3c474b1520fba0d35,p_19f293735699857d9bfb3e7ee466df28,p_f20f8250c88d103697dd803efa0f0d0c,6,1962,28,81,2107,372632,109,374739,55.555555555555557,190998.47094801223,3437.9724770642201,0.25688073394495414,0.0056225799823343718
r_6e9dbf045781a1474244a94261c2f124,Direct file transfer,d_fd46828b3606c9bab93dce55ae07fefe,0,1,a_f47a8f7809556bd3c474b1520fba0d35,a_f47a8f7809556bd3c474b1520fba0d35,p_cbe0f99d0286f23f5382032b6de9b42c,p_77dbe3e2b43b6b81a173862305b375d0,6,615,77,55,320046,3949,132,323995,214.63414634146341,526821.13821138209,2454.507575757576,0.58333333333333337,0.98781154030154783
r_13c686b982e655764c648f9e6a97f973,Direct file transfer,d_fd46828b3606c9bab93dce55ae07fefe,0,1,a_f47a8f7809556bd3c474b1520fba0d35,a_f47a8f7809556bd3c474b1520fba0d35,p_e8c6aea3c06dd42f3343fe847d8334e4,p_dd74cc5b69b608ff00edcb1d8b246822,6,1823,28,78,2105,516611,106,518716,58.145913329676361,284539.76961053209,4893.5471698113206,0.26415094339622641,0.0040580973017990581
r_b505f7b669a131e16cad335cc01d392d,Direct file transfer,d_fd46828b3606c9bab93dce55ae07fefe,0,1,a_f47a8f7809556bd3c474b1520fba0d35,a_f47a8f7809556bd3c474b1520fba0d35,p_ad9dd8df273a048379045a0b190d53a9,p_73a113db56cae583b0f4d27a2f1f0ea3,6,644,77,56,320046,4015,133,324061,206.52173913043478,503200.31055900618,2436.5488721804513,0.57894736842105265,0.98761035730927205
r_e399880f7ee331cdee8f8b8f03cff2fe,Direct file transfer,d_fd46828b3606c9bab93dce55ae07fefe,0,1,a_f47a8f7809556bd3c474b1520fba0d35,a_f47a8f7809556bd3c474b1520fba0d35,p_03af9ca8a61a949481e9ba52880c661c,p_73a113db56cae583b0f4d27a2f1f0ea3,6,1815,30,74,2263,844070,104,846333,57.300275482093667,466299.17355371901,8137.8173076923076,0.28846153846153844,0.0026738884103538444
r_661bffd1ca929249368c58602f105ce6,Direct file transfer,d_fd46828b3606c9bab93dce55ae07fefe,0,1,a_f47a8f7809556bd3c474b1520fba0d35,a_f47a8f7809556bd3c474b1520fba0d35,p_7ee8ec8b37b6aba8e00bc712f82027b9,p_fb701d5a05c03fb8299bbc4274ccd85a,6,652,77,55,320045,3947,132,323992,202.45398773006133,496920.245398773,2454.4848484848485,0.58333333333333337,0.98781760043457867
r_593c459288bc15e69d704f0a19e26e91,Direct file transfer,d_fd46828b3606c9bab93dce55ae07fefe,0,1,a_f47a8f7809556bd3c474b1520fba0d35,a_f47a8f7809556bd3c474b1520fba0d35,p_a97f091b0c6a9629035d4ad1dc8d7b01,p_de7751b84215a2b890900c93db9f1d01,6,687,83,58,307344,4145,141,311489,205.24017467248908,453404.65793304215,2209.1418439716313,0.58865248226950351,0.98669294902869764
r_cc44066668ac2b70fc977f59a18274bd,Direct file transfer,d_fd46828b3606c9bab93dce55ae07fefe,0,1,a_f47a8f7809556bd3c474b1520fba0d35,a_f47a8f7809556bd3c474b1520fba0d35,p_16dd433beaf5896d138751b9019dba86,p_c0f14bbd0a7540f9669573a1a65f5285,6,656,79,56,293963,4013,135,297976,205.79268292682926,454231.70731707313,2207.2296296296295,0.58518518518518514,0.98653247241388564
r_97feae9b50e4b220667e17ffe80a4b41,Direct file transfer,d_fd46828b3606c9bab93dce55ae07fefe,0,1,a_f47a8f7809556bd3c474b1520fba0d35,a_f47a8f7809556bd3c474b1520fba0d35,p_25d1aafd2d8a50c8b981f531687fe8bc,p_6688deacbc9d093f76efd71ae803001d,6,1801,42,82,3077,713422,124,716499,68.850638534147691,397833.98112159915,5778.2177419354839,0.33870967741935482,0.0042944930837307523
r_bc4525281919b749da3ba47072293c2b,Direct file transfer,d_fd46828b3606c9bab93dce55ae07fefe,0,1,a_f47a8f7809556bd3c474b1520fba0d35,a_f47a8f7809556bd3c474b1520fba0d35,p_da2d46012dc63d27d354c7182ea97ca9,p_f20f8250c88d103697dd803efa0f0d0c,6,1816,28,78,2107,359326,106,361433,58.370044052863435,199026.98237885462,3409.7452830188681,0.26415094339622641,0.0058295728392260809
r_ae32e2953bbd4ce01f49638b58b63436,Direct file transfer,d_fd46828b3606c9bab93dce55ae07fefe,0,1,a_f47a8f7809556bd3c474b1520fba0d35,a_f47a8f7809556bd3c474b1520fba0d35,p_dfa46296bed7f2dce2f23aa5410e72a9,p_c0f14bbd0a7540f9669573a1a65f5285,6,1805,28,78,2105,359324,106,361429,58.72576177285319,200237.6731301939,3409.7075471698113,0.26415094339622641,0.0058241037658848622
r_7981d86acbc4e1ff93cf09c79fb29b1b,Direct file transfer,d_fd46828b3606c9bab93dce55ae07fefe,0,1,a_f47a8f7809556bd3c474b1520fba0d35,a_f47a8f7809556bd3c474b1520fba0d35,p_f46576f580ddbacb2b90c1492fcf9058,p_c76517ae9b158cba02287e228c4ea7a9,6,1809,29,81,2183,321951,110,324134,60.807075732448865,179178.55168601437,2946.6727272727271,0.26363636363636361,0.0067348689122399994
r_8eebcacf4ba9e4001c40a6b6a8a0e14a,Direct file transfer,d_fd46828b3606c9bab93dce55ae07fefe,0,1,a_f47a8f7809556bd3c474b1520fba0d35,a_f47a8f7809556bd3c474b1520fba0d35,p_42bfbac4672d22dd205783185615d90c,p_f20f8250c88d103697dd803efa0f0d0c,6,652,79,57,293964,4081,136,298045,208.58895705521471,457124.23312883434,2191.5073529411766,0.58088235294117652,0.98630743679645694
r_28c0c7949988d440f084d0d18083d6b3,Direct file transfer,d_fd46828b3606c9bab93dce55ae07fefe,0,1,a_f47a8f7809556bd3c474b1520fba0d35,a_f47a8f7809556bd3c474b1520fba0d35,p_f3f29a75d7d1b08060ace0a1ffc6b604,p_c0f14bbd0a7540f9669573a1a65f5285,6,1524,27,74,2035,268792,101,270827,66.272965879265087,177708.00524934384,2681.4554455445545,0.26732673267326734,0.0075140218663574902
r_076c5d7b3f0a862d2dbc46609ecc59b3,Direct file transfer,d_fd46828b3606c9bab93dce55ae07fefe,0,1,a_f47a8f7809556bd3c474b1520fba0d35,a_f47a8f7809556bd3c474b1520fba0d35,p_edaea54571889635363b16c3f2ceda5e,p_c76517ae9b158cba02287e228c4ea7a9,6,656,79,65,293963,4607,144,298570,219.51219512195121,455137.19512195123,2073.4027777777778,0.54861111111111116,0.98456978263053885
r_1379dd3ce2ed80b1ddf236e146442a28,Direct file transfer,d_fd46828b3606c9bab93dce55ae07fefe,0,1,a_f47a8f7809556bd3c474b1520fba0d35,a_f47a8f7809556bd3c474b1520fba0d35,p_f2f9cfa8f68510a80b9eb4ebf1f218bc,p_de7751b84215a2b890900c93db9f1d01,6,1805,30,77,2237,686930,107,689167,59.279778393351805,381809.97229916899,6440.8130841121492,0.28037383177570091,0.0032459476440398335
r_1326de0e44c38e4f34627c81110809b2,Direct file transfer,d_fd46828b3606c9bab93dce55ae07fefe,0,1,a_f47a8f7809556bd3c474b1520fba0d35,a_f47a8f7809556bd3c474b1520fba0d35,p_1bc0f71efdaeef85397cdc3c6a2a51a7,p_de7751b84215a2b890900c93db9f1d01,6,648,79,57,293963,4079,136,298042,209.87654320987653,459941.35802469135,2191.4852941176468,0.58088235294117652,0.98631400943491188
r_4e1888c0d8424e7614778601963e96ac,Direct file transfer,d_fd46828b3606c9bab93dce55ae07fefe,0,1,a_f47a8f7809556bd3c474b1520fba0d35,a_f47a8f7809556bd3c474b1520fba0d35,p_3b2cfb656926ae3e8315e2009ae8fa16,p_fb701d5a05c03fb8299bbc4274ccd85a,6,658,81,57,267881,4079,138,271960,209.72644376899694,413313.06990881456,1970.7246376811595,0.58695652173913049,0.98500147080453004
r_c19850a55db49ca349a1ab5eb3614713,Direct file transfer,d_fd46828b3606c9bab93dce55ae07fefe,0,1,a_f47a8f7809556bd3c474b1520fba0d35,a_f47a8f7809556bd3c474b1520fba0d35,p_dfa49d8f2b9934c3f82b4b5d72940b40,p_6688deacbc9d093f76efd71ae803001d,6,581,73,54,306666,3881,127,310547,218.58864027538729,534504.30292598973,2445.251968503937,0.57480314960629919,0.9875026968542604
r_5396c81ae32ca83ba26b5ceb62c7e79b,Direct file transfer,d_fd46828b3606c9bab93dce55ae07fefe,0,1,a_f47a8f7809556bd3c474b1520fba0d35,a_f47a8f7809556bd3c474b1520fba0d35,p_095194cba48dcad40015b219d2e80da9,p_dd74cc5b69b608ff00edcb1d8b246822,6,1811,29,81,2171,333308,110,335479,60.739922694643845,185245.16841524022,3049.8090909090911,0.26363636363636361,0.0064713439589363271
r_d2c684359e7cdec15c9826e76c1620bf,Direct file transfer,d_fd46828b3606c9bab93dce55ae07fefe,0,1,a_f47a8f7809556bd3c474b1520fba0d35,a_f47a8f7809556bd3c474b1520fba0d35,p_686d68cd75c2a3bbe5f5dd63c528de50,p_77dbe3e2b43b6b81a173862305b375d0,6,649,81,57,267882,4081,138,271963,212.63482280431433,419049.3066255778,1970.7463768115942,0.58695652173913049,0.98499428231046138
r_e4b5d73a08a0688cb5005469befe939e,Direct file transfer,d_fd46828b3606c9bab93dce55ae07fefe,0,1,a_f47a8f7809556bd3c474b1520fba0d35,a_f47a8f7809556bd3c474b1520fba0d35,p_1d55b796577a8b147f4dba5e69063388,p_6688deacbc9d093f76efd71ae803001d,6,1812,33,87,2435,138784,120,141219,66.225165562913901,77935.430463576151,1176.825,0.27500000000000002,0.017242722296574822
r_81d9b49ccdbb4b62a58477a0d5945ebc,Direct file transfer,d_fd46828b3606c9bab93dce55ae07fefe,0,1,a_f47a8f7809556bd3c474b1520fba0d35,a_f47a8f7809556bd3c474b1520fba0d35,p_4645dc4ed00577c66d906ca595f20498,p_fb701d5a05c03fb8299bbc4274ccd85a,6,1820,29,79,2219,791930,108,794149,59.340659340659336,436345.6043956044,7353.2314814814818,0.26851851851851855,0.0027941859776943623
r_4508353b1f508f93837fd7a5a3c490a7,Direct file transfer,d_fd46828b3606c9bab93dce55ae07fefe,0,1,a_f47a8f7809556bd3c474b1520fba0d35,a_f47a8f7809556bd3c474b1520fba0d35,p_73a792479b70f410f09dd71ba5c2740f,p_73a113db56cae583b0f4d27a2f1f0ea3,6,1831,29,78,2173,791958,107,794131,58.438012015292195,433714.36373566359,7421.7850467289718,0.27102803738317754,0.0027363243595829906
r_c431380a928a68dd754e359a266c4a3e,Direct file transfer,d_fd46828b3606c9bab93dce55ae07fefe,0,1,a_f47a8f7809556bd3c474b1520fba0d35,a_f47a8f7809556bd3c474b1520fba0d35,p_14d09b242372f43d965a32a4585ceebc,p_c0f14bbd0a7540f9669573a1a65f5285,6,2223,29,90,2207,936833,119,939040,53.531264057579847,422420.15294646873,7891.09243697479,0.24369747899159663,0.0023502726188447775
r_a20d36cf8b2b289ffcc9f4c031f71b85,Direct file transfer,d_fd46828b3606c9bab93dce55ae07fefe,0,1,a_f47a8f7809556bd3c474b1520fba0d35,a_f47a8f7809556bd3c474b1520fba0d35,p_f494facb37ebf95fe4ec0a9f0d507010,p_c76517ae9b158cba02287e228c4ea7a9,6,1953,29,80,2183,831318,109,833501,55.811571940604196,426779.82590885815,7646.7981651376149,0.26605504587155965,0.0026190730425038481
r_04a65eb44725cd48e6678844ae7b6431,Direct file transfer,d_fd46828b3606c9bab93dce55ae07fefe,0,1,a_f47a8f7809556bd3c474b1520fba0d35,a_f47a8f7809556bd3c474b1520fba0d35,p_6bb887b058463642b7555e112008c0f0,p_f20f8250c88d103697dd803efa0f0d0c,6,676,83,58,307345,4147,141,311492,208.57988165680473,460786.98224852065,2209.1631205673757,0.58865248226950351,0.98668665647913911
r_ea2a817d21004c3f6cb6b0d8cbba0388,Direct file transfer,d_fd46828b3606c9bab93dce55ae07fefe,0,1,a_f47a8f7809556bd3c474b1520fba0d35,a_f47a8f7809556bd3c474b1520fba0d35,p_f5cf4b4ba1e20144d1f5313839df5afe,p_de7751b84215a2b890900c93db9f1d01,6,1950,31,82,2303,765904,113,768207,57.948717948717949,393952.30769230769,6798.2920353982299,0.27433628318584069,0.0029978898916568062
r_3d409ab9d6e9fb53da0ac43190aec669,Direct file transfer,d_fd46828b3606c9bab93dce55ae07fefe,0,1,a_f47a8f7809556bd3c474b1520fba0d35,a_f47a8f7809556bd3c474b1520fba0d35,p_dc95df64198f5222ad9ed1ba27fa1a1c,p_2e2bdff7d79ba86224377da437861888,6,683,83,58,307345,4147,141,311492,206.44216691068812,456064.42166910687,2209.1631205673757,0.58865248226950351,0.98668665647913911
r_908a7f040b89e8788ed5e312c1087980,Direct file transfer,d_fd46828b3606c9bab93dce55ae07fefe,0,1,a_f47a8f7809556bd3c474b1520fba0d35,a_f47a8f7809556bd3c474b1520fba0d35,p_2ed6feed9a657090296b39a84ed40778,p_2e2bdff7d79ba86224377da437861888,6,1526,26,73,1971,661773,99,663744,64.875491480996061,434956.74967234599,6704.484848484848,0.26262626262626265,0.0029695183685276251
r_73f12aabcb349cf872d99776c954d80e,Direct file transfer,d_fd46828b3606c9bab93dce55ae07fefe,0,1,a_f47a8f7809556bd3c474b1520fba0d35,a_f47a8f7809556bd3c474b1520fba0d35,p_5d622e5152495041b8affb83a0a3486c,p_2e2bdff7d79ba86224377da437861888,6,1962,29,82,2173,372739,111,374912,56.574923547400616,191086.64627930682,3377.5855855855857,0.26126126126126126,0.0057960268009559579
r_d048064aca29a72741e8e7bc423cf58b,Direct file transfer,d_fd46828b3606c9bab93dce55ae07fefe,0,1,a_f47a8f7809556bd3c474b1520fba0d35,a_f47a8f7809556bd3c474b1520fba0d35,p_cac14d54be4a8e696e792d971e659bf8,p_73a113db56cae583b0f4d27a2f1f0ea3,6,689,85,56,281262,4015,141,285277,204.64441219158201,414044.99274310598,2023.241134751773,0.6028368794326241,0.98592595968129226
r_4c69f370aab21fffcadba88eb16ef670,Direct file transfer,d_fd46828b3606c9bab93dce55ae07fefe,0,1,a_f47a8f7809556bd3c474b1520fba0d35,a_f47a8f7809556bd3c474b1520fba0d35,p_2a4838476123e3244e2b9fbb6998b177,p_fb701d5a05c03fb8299bbc4274ccd85a,6,1820,28,76,2105,385409,104,387514,57.142857142857139,212919.78021978022,3726.0961538461538,0.26923076923076922,0.0054320618093797899
r_285f391d86cac1cc85d91b1eb81f3bc0,Direct file transfer,d_fd46828b3606c9bab93dce55ae07fefe,0,1,a_f47a8f7809556bd3c474b1520fba0d35,a_f47a8f7809556bd3c474b1520fba0d35,p_ee3328197e8deef345b4396512eec65d,p_fb701d5a05c03fb8299bbc4274ccd85a,6,2380,28,92,2105,386465,120,388570,50.420168067226896,163264.70588235295,3238.0833333333335,0.23333333333333334,0.0054172993283063539
r_2fa71b0787f0042318a560f17d2d3f16,Direct file transfer,d_fd46828b3606c9bab93dce55ae07fefe,0,1,a_f47a8f7809556bd3c474b1520fba0d35,a_f47a8f7809556bd3c474b1520fba0d35,p_49fb1e951f2936e63f07d6af073b2fbb,p_dd74cc5b69b608ff00edcb1d8b246822,6,690,85,66,281261,4673,151,285934,218.84057971014494,414397.10144927539,1893.6026490066224,0.5629139072847682,0.98365706771492722
r_10aaafab82bc67ec69bbcf93ce6aa2ca,Direct file transfer,d_fd46828b3606c9bab93dce55ae07fefe,0,1,a_f47a8f7809556bd3c474b1520fba0d35,a_f47a8f7809556bd3c474b1520fba0d35,p_be3287000101dbf5993a614266552196,p_77dbe3e2b43b6b81a173862305b375d0,6,708,85,67,281262,4741,152,286003,214.68926553672318,403959.03954802261,1881.5986842105262,0.55921052631578949,0.98342325080506143
r_0a5b9583a3b40ae6f915b3c0d1e330ff,Direct file transfer,d_fd46828b3606c9bab93dce55ae07fefe,0,1,a_f47a8f7809556bd3c474b1520fba0d35,a_f47a8f7809556bd3c474b1520fba0d35,p_20992ca64b8f2449ba04f00a5988d8fd,p_6688deacbc9d093f76efd71ae803001d,6,1957,30,83,2237,739755,113,741992,57.741440981093511,379147.67501277465,6566.3008849557518,0.26548672566371684,0.0030148573030436988
r_b313ea39c73603bd1344a05f89e9fb71,Direct file transfer,d_fd46828b3606c9bab93dce55ae07fefe,0,1,a_f47a8f7809556bd3c474b1520fba0d35,a_f47a8f7809556bd3c474b1520fba0d35,p_24cace651cbf31d8975522decbd8b5b3,p_c0f14bbd0a7540f9669573a1a65f5285,6,738,87,60,320723,4277,147,325000,199.1869918699187,440379.40379403793,2210.8843537414964,0.59183673469387754,0.98684000000000005
r_2c1b158d2020106dce3a5f886c7b5b5d,Direct file transfer,d_fd46828b3606c9bab93dce55ae07fefe,0,1,a_f47a8f7809556bd3c474b1520fba0d35,a_f47a8f7809556bd3c474b1520fba0d35,p_3a28ab505e6e2caf96547c333de4be45,p_fb701d5a05c03fb8299bbc4274ccd85a,6,700,85,59,281261,4211,144,285472,205.71428571428572,407817.1428571429,1982.4444444444443,0.59027777777777779,0.98524899114449049
r_c739982be8b94f607a619b842f415e49,Direct file transfer,d_fd46828b3606c9bab93dce55ae07fefe,0,1,a_f47a8f7809556bd3c474b1520fba0d35,a_f47a8f7809556bd3c474b1520fba0d35,p_8757c302fdd46c2ab1af6a23d0084201,p_c0f14bbd0a7540f9669573a1a65f5285,6,2092,28,84,2105,385935,112,388040,53.537284894837477,185487.57170172082,3464.6428571428573,0.25,0.0054246984846922997
r_02eb0a74faf53ffbbe66eff395b76fde,Direct file transfer,d_fd46828b3606c9bab93dce55ae07fefe,0,1,a_f47a8f7809556bd3c474b1520fba0d35,a_f47a8f7809556bd3c474b1520fba0d35,p_24d45d7a0c3928776919851de247d96a,p_c0f14bbd0a7540f9669573a1a65f5285,6,847,99,65,295319,4607,164,299926,193.62455726092091,354103.89610389614,1828.8170731707316,0.60365853658536583,0.98463954442095714
r_1a10f4b8e1a55ad05c0e2333b3787cc2,Direct file transfer,d_fd46828b3606c9bab93dce55ae07fefe,0,1,a_f47a8f7809556bd3c474b1520fba0d35,a_f47a8f7809556bd3c474b1520fba0d35,p_56959072b526f822d391330507457fa1,p_f20f8250c88d103697dd803efa0f0d0c,6,706,87,59,320724,4213,146,324937,206.7988668555241,460250.70821529749,2225.5958904109589,0.59589041095890416,0.9870344097471202
r_3fd6331fd0f43c6d2872f349feea2769,Direct file transfer,d_fd46828b3606c9bab93dce55ae07fefe,0,1,a_f47a8f7809556bd3c474b1520fba0d35,a_f47a8f7809556bd3c474b1520fba0d35,p_780086708cbcd2ace1c65e44e2df69ec,p_fb701d5a05c03fb8299bbc4274ccd85a,6,1947,31,87,2327,296345,118,298672,60.606060606060602,153401.12994350283,2531.1186440677966,0.26271186440677968,0.0077911555150800881
r_c2f004d175eb080ee2b7225c9a2879bc,Direct file transfer,d_fd46828b3606c9bab93dce55ae07fefe,0,1,a_f47a8f7809556bd3c474b1520fba0d35,a_f47a8f7809556bd3c474b1520fba0d35,p_089fe7cc5a572d3dd18f5d65ce605ec4,p_6688deacbc9d093f76efd71ae803001d,6,622,77,56,320045,4013,133,324058,213.82636655948554,520993.5691318328,2436.5263157894738,0.57894736842105265,0.98761641434558012
r_f322883f3b39b587849550f3f14b617c,Direct file transfer,d_fd46828b3606c9bab93dce55ae07fefe,0,1,a_f47a8f7809556bd3c474b1520fba0d35,a_f47a8f7809556bd3c474b1520fba0d35,p_829a6467d9a2a55ee0b30b9e67b79c12,p_c76517ae9b158cba02287e228c4ea7a9,6,2093,28,87,2105,451671,115,453776,54.945054945054949,216806.49784997612,3945.8782608695651,0.24347826086956523,0.0046388526497655232
r_ae2ec105a5f4efefa252af1aff4acec5,Direct file transfer,d_fd46828b3606c9bab93dce55ae07fefe,0,1,a_f47a8f7809556bd3c474b1520fba0d35,a_f47a8f7809556bd3c474b1520fba0d35,p_3766d7232126b4027f00e31701335da7,p_73a113db56cae583b0f4d27a2f1f0ea3,6,1953,28,85,2107,412258,113,414365,57.859703020993344,212168.45878136199,3666.9469026548672,0.24778761061946902,0.0050848889264295972
r_eaa9b1570008bad26af5e44f03f0351b,Direct file transfer,d_fd46828b3606c9bab93dce55ae07fefe,0,1,a_f47a8f7809556bd3c474b1520fba0d35,a_f47a8f7809556bd3c474b1520fba0d35,p_1c9b4000b9a3cb1efdaf31a18d717a9d,p_6688deacbc9d093f76efd71ae803001d,6,703,85,66,281261,4673,151,285934,214.7937411095306,406733.99715504982,1893.6026490066224,0.5629139072847682,0.98365706771492722
r_cc54b2ad8b3f388ba9c1b6bdc997b757,Direct file transfer,d_fd46828b3606c9bab93dce55ae07fefe,0,1,a_f47a8f7809556bd3c474b1520fba0d35,a_f47a8f7809556bd3c474b1520fba0d35,p_277b16f1ca9ee286e28ceaf672c98596,p_2e2bdff7d79ba86224377da437861888,6,2093,29,85,2173,386044,114,388217,54.467271858576204,185483.51648351649,3405.4122807017543,0.25438596491228072,0.0055973849676855987
r_e58d12bcf63ddc73231c34b214e8460c,Direct file transfer,d_fd46828b3606c9bab93dce55ae07fefe,0,1,a_f47a8f7809556bd3c474b1520fba0d35,a_f47a8f7809556bd3c474b1520fba0d35,p_90cf9950acabfc89bac9a9e6bc54cbb0,p_c76517ae9b158cba02287e228c4ea7a9,6,732,87,60,320723,4277,147,325000,200.81967213114754,443989.07103825139,2210.8843537414964,0.59183673469387754,0.98684000000000005
r_ceeb22d21968ce182687fb886ae9a15e,Direct file transfer,d_fd46828b3606c9bab93dce55ae07fefe,0,1,a_f47a8f7809556bd3c474b1520fba0d35,a_f47a8f7809556bd3c474b1520fba0d35,p_4a460802ec7c0a14501b82d1447b9322,p_dd74cc5b69b608ff00edcb1d8b246822,6,2087,27,88,2039,425520,115,427559,55.103018687110684,204867.75275515093,3717.9043478260869,0.23478260869565218,0.0047689324748163408
r_5caa311ecdb11888f2d265fd2104a711,Direct file transfer,d_fd46828b3606c9bab93dce55ae07fefe,0,1,a_f47a8f7809556bd3c474b1520fba0d35,a_f47a8f7809556bd3c474b1520fba0d35,p_04ece3e73e2ce8f9c5fb70871533c0ef,p_dd74cc5b69b608ff00edcb1d8b246822,6,651,81,56,267881,4013,137,271894,210.44546850998464,417655.91397849459,1984.6277372262773,0.59124087591240881,0.98524057169338053
r_3fcc3894b8fe4b85735d0f5dd4b295d5,Direct file transfer,d_fd46828b3606c9bab93dce55ae07fefe,0,1,a_f47a8f7809556bd3c474b1520fba0d35,a_f47a8f7809556bd3c474b1520fba0d35,p_0805d574c2c32b1e828c55643a039648,p_fb701d5a05c03fb8299bbc4274ccd85a,6,868,105,67,282617,4739,172,287356,198.15668202764977,331055.29953917052,1670.6744186046512,0.61046511627906974,0.98350826152925286
r_7171a85d380c87cacce4f131d59cef31,Direct file transfer,d_fd46828b3606c9bab93dce55ae07fefe,0,1,a_f47a8f7809556bd3c474b1520fba0d35,a_f47a8f7809556bd3c474b1520fba0d35,p_86b2aabf14997e974110192e62d43457,p_6688deacbc9d093f76efd71ae803001d,6,918,109,66,295997,4673,175,300670,190.63180827886708,327527.23311546841,1718.1142857142856,0.62285714285714289,0.98445804370239798
r_865e0eb4d1fe5d7a8891a3ee89b8fba2,Direct file transfer,d_fd46828b3606c9bab93dce55ae07fefe,0,1,a_f47a8f7809556bd3c474b1520fba0d35,a_f47a8f7809556bd3c474b1520fba0d35,p_d6c7e5f74cd285953c93eda4936344d2,p_2e2bdff7d79ba86224377da437861888,6,2096,29,89,2169,333877,118,336046,56.297709923664122,160327.29007633586,2847.8474576271187,0.24576271186440679,0.0064544734947001303
r_f263990abf25b60409186a9a287da282,Direct file transfer,d_fd46828b3606c9bab93dce55ae07fefe,0,1,a_f47a8f7809556bd3c474b1520fba0d35,a_f47a8f7809556bd3c474b1520fba0d35,p_69257a75d57d36d412d42abd65dd7c6f,p_2e2bdff7d79ba86224377da437861888,6,725,87,60,320724,4279,147,325003,202.75862068965517,448280,2210.9047619047619,0.59183673469387754,0.98683396768645215
r_18922e9a0ddfc8460fe5dedb6be31650,Direct file transfer,d_fd46828b3606c9bab93dce55ae07fefe,0,1,a_f47a8f7809556bd3c474b1520fba0d35,a_f47a8f7809556bd3c474b1520fba0d35,p_f50052435421f92572d5f6de0b461b79,p_2e2bdff7d79ba86224377da437861888,6,1811,43,96,3097,191168,139,194265,76.753175041413584,107269.46438431805,1397.5899280575541,0.30935251798561153,0.015942140890021363
r_350327a19959f5c05659438b88fda101,Direct file transfer,d_fd46828b3606c9bab93dce55ae07fefe,0,1,a_f47a8f7809556bd3c474b1520fba0d35,a_f47a8f7809556bd3c474b1520fba0d35,p_5a4d0c353dc5e86ceeef2ed8c4eef63d,p_fb701d5a05c03fb8299bbc4274ccd85a,6,2081,29,84,2195,818474,113,820669,54.30081691494474,394362.80634310428,7262.5575221238942,0.25663716814159293,0.0026746471476319931
r_f3fd2bfd672f5b09cbfc3ededae6b605,Direct file transfer,d_fd46828b3606c9bab93dce55ae07fefe,0,1,a_f47a8f7809556bd3c474b1520fba0d35,a_f47a8f7809556bd3c474b1520fba0d35,p_7504ea2935ed8ec18de821d4210fed00,p_de7751b84215a2b890900c93db9f1d01,6,725,87,60,320723,4277,147,325000,202.75862068965517,448275.86206896551,2210.8843537414964,0.59183673469387754,0.98684000000000005
r_0d98a90239bbaba168fd99fa1c2dde48,Direct file transfer,d_fd46828b3606c9bab93dce55ae07fefe,0,1,a_f47a8f7809556bd3c474b1520fba0d35,a_f47a8f7809556bd3c474b1520fba0d35,p_f4b59911f28385abdda5360c8186faa6,p_73a113db56cae583b0f4d27a2f1f0ea3,6,2087,30,87,2239,359961,117,362200,56.06133205558217,173550.55103018685,3095.7264957264956,0.25641025641025639,0.0061816675869685259
r_616267934d740b9912636075223d265d,Direct file transfer,d_fd46828b3606c9bab93dce55ae07fefe,0,1,a_f47a8f7809556bd3c474b1520fba0d35,a_f47a8f7809556bd3c474b1520fba0d35,p_9f5cc27fb14a8825f992564cfc7dd92d,p_dd74cc5b69b608ff00edcb1d8b246822,6,732,89,61,294641,4343,150,298984,204.91803278688525,408448.08743169397,1993.2266666666667,0.59333333333333338,0.98547413908436576
r_588dd028c698314c6833101485b0deae,Direct file transfer,d_fd46828b3606c9bab93dce55ae07fefe,0,1,a_f47a8f7809556bd3c474b1520fba0d35,a_f47a8f7809556bd3c474b1520fba0d35,p_cdec5a38e7fa39e80260120eca071cd4,p_de7751b84215a2b890900c93db9f1d01,6,2084,29,82,2195,844547,111,846742,53.26295585412668,406306.14203454892,7628.3063063063064,0.26126126126126126,0.0025922890325506469
r_8530c086d4e49ae7f9b58267f9442769,Direct file transfer,d_fd46828b3606c9bab93dce55ae07fefe,0,1,a_f47a8f7809556bd3c474b1520fba0d35,a_f47a8f7809556bd3c474b1520fba0d35,p_7888ec24f755db6d5a7e8d786ec6d400,p_6688deacbc9d093f76efd71ae803001d,6,2095,29,84,2195,818464,113,820659,53.937947494033409,391722.67303102621,7262.4690265486724,0.25663716814159293,0.002674679739087733
r_fb1b34e94a1e37a88597e30f1929d9e7,Direct file transfer,d_fd46828b3606c9bab93dce55ae07fefe,0,1,a_f47a8f7809556bd3c474b1520fba0d35,a_f47a8f7809556bd3c474b1520fba0d35,p_d977f7a9db4b68afabc1603c13e23521,p_c0f14bbd0a7540f9669573a1a65f5285,6,557,71,53,267201,3811,124,271012,222.62118491921004,486556.55296229798,2185.5806451612902,0.57258064516129037,0.98593789204906057
r_6ad3c6fba6474d05eaf9de96d718ad01,Direct file transfer,d_fd46828b3606c9bab93dce55ae07fefe,0,1,a_f47a8f7809556bd3c474b1520fba0d35,a_f47a8f7809556bd3c474b1520fba0d35,p_81f5e885409254a80f87e7621d839c68,p_73a113db56cae583b0f4d27a2f1f0ea3,6,649,81,57,267882,4081,138,271963,212.63482280431433,419049.3066255778,1970.7463768115942,0.58695652173913049,0.98499428231046138
r_0b1d7655a758a5b62c893b9942572a3e,Direct file transfer,d_fd46828b3606c9bab93dce55ae07fefe,0,1,a_f47a8f7809556bd3c474b1520fba0d35,a_f47a8f7809556bd3c474b1520fba0d35,p_438d4f47b7cc807a22b5064aa983a57c,p_77dbe3e2b43b6b81a173862305b375d0,6,742,89,61,294642,4345,150,298987,202.15633423180594,402947.43935309973,1993.2466666666667,0.59333333333333338,0.98546759558107877
r_c9e64b50fa2ce1fa8f183287a22db30c,Direct file transfer,d_fd46828b3606c9bab93dce55ae07fefe,0,1,a_f47a8f7809556bd3c474b1520fba0d35,a_f47a8f7809556bd3c474b1520fba0d35,p_753394d2391ffd20bed01aeeda453c2a,p_f20f8250c88d103697dd803efa0f0d0c,6,1537,26,72,1971,334251,98,336222,63.760572543916723,218752.11450878336,3430.8367346938776,0.26530612244897961,0.0058621981904812895
r_2233f45d14683958a0169778657c717c,Direct file transfer,d_fd46828b3606c9bab93dce55ae07fefe,0,1,a_f47a8f7809556bd3c474b1520fba0d35,a_f47a8f7809556bd3c474b1520fba0d35,p_53f788acc6bedf3f729096c89924e4ff,p_77dbe3e2b43b6b81a173862305b375d0,6,2096,29,84,2209,884010,113,886219,53.912213740458014,422814.40839694656,7842.646017699115,0.25663716814159293,0.0024926118713320296
r_ca8043cc6e370e1992e04f25ffbbbc75,Direct file transfer,d_fd46828b3606c9bab93dce55ae07fefe,0,1,a_f47a8f7809556bd3c474b1520fba0d35,a_f47a8f7809556bd3c474b1520fba0d35,p_b2aadbe6eef3de0da8d0d489e7204ec9,p_6688deacbc9d093f76efd71ae803001d,6,662,81,64,267881,4541,145,272422,219.03323262839879,411513.59516616311,1878.7724137931034,0.55862068965517242,0.98333100850885757
r_c40b503c967571f5a11c055bce70af59,Direct file transfer,d_fd46828b3606c9bab93dce55ae07fefe,0,1,a_f47a8f7809556bd3c474b1520fba0d35,a_f47a8f7809556bd3c474b1520fba0d35,p_e6c974f6850073e44197fde901aa3bbc,p_6688deacbc9d093f76efd71ae803001d,6,732,89,61,294641,4343,150,298984,204.91803278688525,408448.08743169397,1993.2266666666667,0.59333333333333338,0.98547413908436576
r_63d280d06b5c4618a2d560966c387b5a,Direct file transfer,d_fd46828b3606c9bab93dce55ae07fefe,0,1,a_f47a8f7809556bd3c474b1520fba0d35,a_f47a8f7809556bd3c474b1520fba0d35,p_5ac075af081421f2e353b6e209e3f7db,p_77dbe3e2b43b6b81a173862305b375d0,6,779,93,61,308023,4345,154,312368,197.68934531450577,400985.87933247752,2028.3636363636363,0.60389610389610393,0.98609012446857558
r_5453d971e4907a5bd846a7fcffdc72de,Direct file transfer,d_fd46828b3606c9bab93dce55ae07fefe,0,1,a_f47a8f7809556bd3c474b1520fba0d35,a_f47a8f7809556bd3c474b1520fba0d35,p_899f74480411d5109ee23ef8b987e7d8,p_c0f14bbd0a7540f9669573a1a65f5285,6,685,83,57,307344,4079,140,311423,204.3795620437956,454632.11678832112,2224.4499999999998,0.59285714285714286,0.98690205925702346
r_9809fa2a01788da9398f0944176ff1be,Direct file transfer,d_fd46828b3606c9bab93dce55ae07fefe,0,1,a_f47a8f7809556bd3c474b1520fba0d35,a_f47a8f7809556bd3c474b1520fba0d35,p_3442252181274c9a3ae30a8e46b353de,p_c76517ae9b158cba02287e228c4ea7a9,6,676,83,58,307344,4145,141,311489,208.57988165680473,460782.54437869822,2209.1418439716313,0.58865248226950351,0.98669294902869764
r_ffa42849d7c732217c5feadb8baa6791,Direct file transfer,d_fd46828b3606c9bab93dce55ae07fefe,0,1,a_f47a8f7809556bd3c474b1520fba0d35,a_f47a8f7809556bd3c474b1520fba0d35,p_c9446b5ba8bc334a85d85f3175b01b55,p_f20f8250c88d103697dd803efa0f0d0c,6,542,71,52,267202,3747,123,270949,226.93726937269372,499905.90405904053,2202.8373983739839,0.57723577235772361,0.98617082919663845
r_8784582820e2f80447cb717b877a013f,Direct file transfer,d_fd46828b3606c9bab93dce55ae07fefe,0,1,a_f47a8f7809556bd3c474b1520fba0d35,a_f47a8f7809556bd3c474b1520fba0d35,p_3e00575c4cfa92e36fba67d7c55916fd,p_fb701d5a05c03fb8299bbc4274ccd85a,6,767,93,61,308022,4343,154,312365,200.78226857887876,407255.54106910038,2028.3441558441559,0.60389610389610393,0.98609639364205337
r_4e8c269202e6ec3470c78b20014e1e40,Direct file transfer,d_fd46828b3606c9bab93dce55ae07fefe,0,1,a_f47a8f7809556bd3c474b1520fba0d35,a_f47a8f7809556bd3c474b1520fba0d35,p_b03319871bd5604e9cb4183fd110a703,p_c76517ae9b158cba02287e228c4ea7a9,6,566,71,53,267201,3811,124,271012,219.08127208480568,478819.78798586578,2185.5806451612902,0.57258064516129037,0.98593789204906057
r_9d749a861608c888175ff3a5fd911b86,Direct file transfer,d_fd46828b3606c9bab93dce55ae07fefe,0,1,a_f47a8f7809556bd3c474b1520fba0d35,a_f47a8f7809556bd3c474b1520fba0d35,p_4d80264640157e3e11712f06bfceaf25,p_fb701d5a05c03fb8299bbc4274ccd85a,6,2235,29,89,2171,438696,118,440867,52.796420581655482,197255.92841163313,3736.1610169491523,0.24576271186440679,0.004924387627107495
r_5a6b172ac138fa1d5555bee0677f3db2,Direct file transfer,d_fd46828b3606c9bab93dce55ae07fefe,0,1,a_f47a8f7809556bd3c474b1520fba0d35,a_f47a8f7809556bd3c474b1520fba0d35,p_5bf0cb114f0753d442b65c788626b6cb,p_c76517ae9b158cba02287e228c4ea7a9,6,1545,27,69,2035,725785,96,727820,62.135922330097088,471080.90614886733,7581.458333333333,0.28125,0.002796020994201863
r_5accedad3a084af605777976429f3e1b,Direct file transfer,d_fd46828b3606c9bab93dce55ae07fefe,0,1,a_f47a8f7809556bd3c474b1520fba0d35,a_f47a8f7809556bd3c474b1520fba0d35,p_677604dfc0f7974a97f87769e69d7ad3,p_2e2bdff7d79ba86224377da437861888,6,565,71,52,267202,3747,123,270949,217.6991150442478,479555.75221238943,2202.8373983739839,0.57723577235772361,0.98617082919663845
r_1057e369a46e42ea4512fa90defb3e50,Direct file transfer,d_fd46828b3606c9bab93dce55ae07fefe,0,1,a_f47a8f7809556bd3c474b1520fba0d35,a_f47a8f7809556bd3c474b1520fba0d35,p_2c379f2909506e7a238e2bf7f71d655e,p_de7751b84215a2b890900c93db9f1d01,6,1537,41,79,3019,685714,120,688733,78.074170461938849,448102.14703968773,5739.4416666666666,0.34166666666666667,0.0043834112783909
r_366c189fb0d9fe7f76ae9f4472cdc0ac,Direct file transfer,d_fd46828b3606c9bab93dce55ae07fefe,0,1,a_f47a8f7809556bd3c474b1520fba0d35,a_f47a8f7809556bd3c474b1520fba0d35,p_b65da3edfda648cec1cd03606c11254a,p_6688deacbc9d093f76efd71ae803001d,6,2216,30,89,2237,766366,119,768603,53.700361010830321,346842.5090252707,6458.8487394957983,0.25210084033613445,0.0029104752388424194
r_0ec92f3fa63332a556d48e8a8b809229,Direct file transfer,d_fd46828b3606c9bab93dce55ae07fefe,0,1,a_f47a8f7809556bd3c474b1520fba0d35,a_f47a8f7809556bd3c474b1520fba0d35,p_cbec9acc13a58e7167dad1fd3f14a959,p_dd74cc5b69b608ff00edcb1d8b246822,6,767,93,60,308022,4277,153,312299,199.47848761408082,407169.49152542371,2041.1699346405228,0.60784313725490191,0.98630479124172665
r_c27d60c783c7bc23a1c49cc7a0c1a73d,Direct file transfer,d_fd46828b3606c9bab93dce55ae07fefe,0,1,a_f47a8f7809556bd3c474b1520fba0d35,a_f47a8f7809556bd3c474b1520fba0d35,p_bab4ca685626f9f8e9c9641c5a0484eb,p_c76517ae9b158cba02287e228c4ea7a9,6,2648,28,101,2117,1042419,129,1044536,48.716012084592144,394462.23564954678,8097.1782945736431,0.21705426356589147,0.0020267372306938202
r_74d01b87289d0478db8340db2238ec02,Direct file transfer,d_fd46828b3606c9bab93dce55ae07fefe,0,1,a_f47a8f7809556bd3c474b1520fba0d35,a_f47a8f7809556bd3c474b1520fba0d35,p_62d78dc9f7f0ea82b445f44f407c2bda,p_2e2bdff7d79ba86224377da437861888,6,922,107,67,322080,4741,174,326821,188.72017353579176,354469.63123644248,1878.2816091954023,0.61494252873563215,0.98549358823331423
r_d9ada59154fbca686b2ff5d9511afdee,Direct file transfer,d_fd46828b3606c9bab93dce55ae07fefe,0,1,a_f47a8f7809556bd3c474b1520fba0d35,a_f47a8f7809556bd3c474b1520fba0d35,p_5607e45ac16db34664e5b21402775950,p_73a113db56cae583b0f4d27a2f1f0ea3,6,913,109,68,295998,4807,177,300805,193.86637458926614,329468.78422782035,1699.4632768361582,0.61581920903954801,0.98401954754741439
r_74f35124d188e52512b4ee5fdb2e852d,Direct file transfer,d_fd46828b3606c9bab93dce55ae07fefe,0,1,a_f47a8f7809556bd3c474b1520fba0d35,a_f47a8f7809556bd3c474b1520fba0d35,p_4625457d53fedb3d7e93b5a44e898904,p_dd74cc5b69b608ff00edcb1d8b246822,6,2236,28,88,2105,438628,116,440733,51.878354203935594,197107.78175313058,3799.4224137931033,0.2413793103448276,0.0047761343035352469
r_2e87cab0c91a8809167ef5a5d8a01a1a,Direct file transfer,d_fd46828b3606c9bab93dce55ae07fefe,0,1,a_f47a8f7809556bd3c474b1520fba0d35,a_f47a8f7809556bd3c474b1520fba0d35,p_fc0f4225acb1831b0505e78519b9b04a,p_dd74cc5b69b608ff00edcb1d8b246822,6,1944,28,83,2105,346547,111,348652,57.098765432098766,179347.7366255144,3141.0090090090089,0.25225225225225223,0.0060375388639675089
r_ffff0a499eea85c37374f3b33f4d0a7f,Direct file transfer,d_fd46828b3606c9bab93dce55ae07fefe,0,1,a_f47a8f7809556bd3c474b1520fba0d35,a_f47a8f7809556bd3c474b1520fba0d35,p_289c136b6873ff3b11f7a06e323c782f,p_77dbe3e2b43b6b81a173862305b375d0,6,2227,29,88,2221,897382,117,899603,52.537045352492143,403952.85136955546,7688.9145299145302,0.24786324786324787,0.0024688668223649766
r_77285ec46e34dac342486e6b18cdcabb,Direct file transfer,d_fd46828b3606c9bab93dce55ae07fefe,0,1,a_f47a8f7809556bd3c474b1520fba0d35,a_f47a8f7809556bd3c474b1520fba0d35,p_f225b7b0e349a588a058f0af0c703c13,p_77dbe3e2b43b6b81a173862305b375d0,6,1941,30,83,2251,951335,113,953586,58.217413704276147,491285.93508500769,8438.8141592920347,0.26548672566371684,0.0023605631794090935
r_bccd09bcabba19c9167d815fd49cf10f,Direct file transfer,d_fd46828b3606c9bab93dce55ae07fefe,0,1,a_f47a8f7809556bd3c474b1520fba0d35,a_f47a8f7809556bd3c474b1520fba0d35,p_7a3bd1346128cfdbc173fff5d89ec60b,p_73a113db56cae583b0f4d27a2f1f0ea3,6,768,93,60,308023,4279,153,312302,199.21875,406643.22916666669,2041.18954248366,0.60784313725490191,0.98629851874147456
r_b872daae9e61c94b4648e7fb9de1f9e3,Direct file transfer,d_fd46828b3606c9bab93dce55ae07fefe,0,1,a_f47a8f7809556bd3c474b1520fba0d35,a_f47a8f7809556bd3c474b1520fba0d35,p_9809039f1c6269538cc7b1a5f54d539b,p_73a113db56cae583b0f4d27a2f1f0ea3,6,2243,29,90,2173,373267,119,375440,53.053945608559964,167382.96923762819,3154.9579831932774,0.24369747899159663,0.0057878755593437038
r_de4254a058dedcbf5a5104bf6a46de91,Direct file transfer,d_fd46828b3606c9bab93dce55ae07fefe,0,1,a_f47a8f7809556bd3c474b1520fba0d35,a_f47a8f7809556bd3c474b1520fba0d35,p_b0c60e104752c7d8b9c96eaf3c7aa61b,p_6688deacbc9d093f76efd71ae803001d,6,774,93,60,308022,4277,153,312299,197.67441860465115,403487.08010335919,2041.1699346405228,0.60784313725490191,0.98630479124172665
r_70594df7e7e37684ab6b8097fda458b7,Direct file transfer,d_fd46828b3606c9bab93dce55ae07fefe,0,1,a_f47a8f7809556bd3c474b1520fba0d35,a_f47a8f7809556bd3c474b1520fba0d35,p_b29c72dd86e602fe8544f27d341c5b1e,p_dd74cc5b69b608ff00edcb1d8b246822,6,822,97,64,321401,4541,161,325942,195.86374695863748,396523.11435523117,2024.4844720496894,0.60248447204968947,0.98606807346092251
r_cd778b9d50bd6592f424356c8950abbb,Direct file transfer,d_fd46828b3606c9bab93dce55ae07fefe,0,1,a_f47a8f7809556bd3c474b1520fba0d35,a_f47a8f7809556bd3c474b1520fba0d35,p_1478aebbfb47a6770c5610d948860871,p_c0f14bbd0a7540f9669573a1a65f5285,6,789,95,62,281939,4409,157,286348,198.98605830164766,362925.2217997465,1823.8726114649683,0.60509554140127386,0.98460265131937363
r_3cc7491827441fd130afd2a4b33534d6,Direct file transfer,d_fd46828b3606c9bab93dce55ae07fefe,0,1,a_f47a8f7809556bd3c474b1520fba0d35,a_f47a8f7809556bd3c474b1520fba0d35,p_84810c7c15f6799a776134c55b1d9ba9,p_77dbe3e2b43b6b81a173862305b375d0,6,799,97,64,321402,4543,161,325945,201.50187734668333,407941.17647058819,2024.5031055900622,0.60248447204968947,0.98606206568592858
r_32585ebcbd7afa5fc000b27ca68b46c4,Direct file transfer,d_fd46828b3606c9bab93dce55ae07fefe,0,1,a_f47a8f7809556bd3c474b1520fba0d35,a_f47a8f7809556bd3c474b1520fba0d35,p_9af6102a237b83920c8fa2533ebbafff,p_fb701d5a05c03fb8299bbc4274ccd85a,6,803,97,62,321401,4409,159,325810,198.00747198007471,405740.97135740967,2049.1194968553459,0.61006289308176098,0.9864675731254412
r_b45efe8c78bc331174a31f31bca1129c,Direct file transfer,d_fd46828b3606c9bab93dce55ae07fefe,0,1,a_f47a8f7809556bd3c474b1520fba0d35,a_f47a8f7809556bd3c474b1520fba0d35,p_487ea25f99dc4d7665ba9d256b85b59e,p_f20f8250c88d103697dd803efa0f0d0c,6,2228,29,90,2221,871299,119,873520,53.411131059245953,392064.631956912,7340.5042016806719,0.24369747899159663,0.0025425863174283361
r_282044a732feb60070cbb392046e018f,Direct file transfer,d_fd46828b3606c9bab93dce55ae07fefe,0,1,a_f47a8f7809556bd3c474b1520fba0d35,a_f47a8f7809556bd3c474b1520fba0d35,p_584e4bf0bc8fdf479fec381b8c47ef9d,p_c76517ae9b158cba02287e228c4ea7a9,6,781,95,63,281939,4475,158,286414,202.3047375160051,366727.27272727271,1812.746835443038,0.60126582278481011,0.98437576375456504
r_426969834ccd8d803d46bcc27d3a09cf,Direct file transfer,d_fd46828b3606c9bab93dce55ae07fefe,0,1,a_f47a8f7809556bd3c474b1520fba0d35,a_f47a8f7809556bd3c474b1520fba0d35,p_2ec891fe82710ab8d996cf49a41b616a,p_c76517ae9b158cba02287e228c4ea7a9,6,2228,31,95,2315,231814,126,234129,56.552962298025129,105084.82944344703,1858.1666666666667,0.24603174603174602,0.0098877114752978067
r_7796ebefe2a7654a31e037fa72f4be7c,Direct file transfer,d_fd46828b3606c9bab93dce55ae07fefe,0,1,a_f47a8f7809556bd3c474b1520fba0d35,a_f47a8f7809556bd3c474b1520fba0d35,p_cf797662e1a174f8d99cec0076cb45e1,p_2e2bdff7d79ba86224377da437861888,6,790,95,62,281940,4411,157,286351,198.73417721518987,362469.62025316455,1823.8917197452229,0.60509554140127386,0.98459582819686331
r_6dcc748341558dff1d32b57caa656aad,Direct file transfer,d_fd46828b3606c9bab93dce55ae07fefe,0,1,a_f47a8f7809556bd3c474b1520fba0d35,a_f47a8f7809556bd3c474b1520fba0d35,p_67cf3fa5a9f47798ec174b26968a220b,p_de7751b84215a2b890900c93db9f1d01,6,788,95,63,281939,4475,158,286414,200.50761421319797,363469.54314720811,1812.746835443038,0.60126582278481011,0.98437576375456504
r_c11bdeaa55ec22af1f6501bc94ee4985,Direct file transfer,d_fd46828b3606c9bab93dce55ae07fefe,0,1,a_f47a8f7809556bd3c474b1520fba0d35,a_f47a8f7809556bd3c474b1520fba0d35,p_200278073666ea52d0e4bfd9272a1782,p_f20f8250c88d103697dd803efa0f0d0c,6,2383,30,94,2239,425918,124,428157,52.035249685270664,179671.42257658413,3452.8790322580644,0.24193548387096775,0.0052293901536118763
r_ce332c9d5211e6c5cc7be5d80ed26c99,Direct file transfer,d_fd46828b3606c9bab93dce55ae07fefe,0,1,a_f47a8f7809556bd3c474b1520fba0d35,a_f47a8f7809556bd3c474b1520fba0d35,p_e24e7c1199d888e5b5ca4516a346c09d,p_c76517ae9b158cba02287e228c4ea7a9,6,843,99,63,295319,4475,162,299794,192.17081850533808,355627.52075919334,1850.5802469135801,0.61111111111111116,0.98507308351734857
r_a5df0d50a25bef34706646a2288b10d4,Direct file transfer,d_fd46828b3606c9bab93dce55ae07fefe,0,1,a_f47a8f7809556bd3c474b1520fba0d35,a_f47a8f7809556bd3c474b1520fba0d35,p_120c06d8acd70975e235d5e9c9f6d5e5,p_dd74cc5b69b608ff00edcb1d8b246822,6,2359,28,91,2105,451933,119,454038,50.445103857566764,192470.53836371345,3815.4453781512607,0.23529411764705882,0.00463617582669292
r_f89b2d42b6fb76356d81cff0fe80fb7b,Direct file transfer,d_fd46828b3606c9bab93dce55ae07fefe,0,1,a_f47a8f7809556bd3c474b1520fba0d35,a_f47a8f7809556bd3c474b1520fba0d35,p_c96a25fea1455bad4133d017173e723b,p_c76517ae9b158cba02287e228c4ea7a9,6,2366,30,96,2249,585827,126,588076,53.254437869822482,248552.831783601,4667.269841269841,0.23809523809523808,0.0038243356300886279
r_b9bc1b271624de08076727977922241f,Direct file transfer,d_fd46828b3606c9bab93dce55ae07fefe,0,1,a_f47a8f7809556bd3c474b1520fba0d35,a_f47a8f7809556bd3c474b1520fba0d35,p_f36c7fbecd47875b3246b4448920ef3f,p_73a113db56cae583b0f4d27a2f1f0ea3,6,807,97,63,321402,4477,160,325879,198.26517967781908,403815.36555142503,2036.7437500000001,0.60624999999999996,0.9862617720074015
r_336efd0672b241538392fb5464e2a7e2,Direct file transfer,d_fd46828b3606c9bab93dce55ae07fefe,0,1,a_f47a8f7809556bd3c474b1520fba0d35,a_f47a8f7809556bd3c474b1520fba0d35,p_ea283467aa7171c98eff29aff879090c,p_73a113db56cae583b0f4d27a2f1f0ea3,6,2369,29,93,2173,386572,122,388745,51.498522583368505,164096.66525960321,3186.4344262295081,0.23770491803278687,0.0055897825052412253
r_2276cd42de7aac9765a4b7e728a8fc63,Direct file transfer,d_fd46828b3606c9bab93dce55ae07fefe,0,1,a_f47a8f7809556bd3c474b1520fba0d35,a_f47a8f7809556bd3c474b1520fba0d35,p_3e19dd90f6109a67000a34bbc658551c,p_6688deacbc9d093f76efd71ae803001d,6,817,97,64,321401,4541,161,325942,197.062423500612,398949.81640146882,2024.4844720496894,0.60248447204968947,0.98606807346092251
r_19889a64dad6ad5cab584f6a733102c1,Direct file transfer,d_fd46828b3606c9bab93dce55ae07fefe,0,1,a_f47a8f7809556bd3c474b1520fba0d35,a_f47a8f7809556bd3c474b1520fba0d35,p_175c6b6dcf8f0dd765f967487e578fe0,p_fb701d5a05c03fb8299bbc4274ccd85a,6,751,89,61,294641,4343,150,298984,199.73368841544607,398114.51398135821,1993.2266666666667,0.59333333333333338,0.98547413908436576
r_ed9d29219300305af3b2855b51e9d81c,Direct file transfer,d_fd46828b3606c9bab93dce55ae07fefe,0,1,a_f47a8f7809556bd3c474b1520fba0d35,a_f47a8f7809556bd3c474b1520fba0d35,p_2cee2201d2a2ff412a4fd516e668b854,p_de7751b84215a2b890900c93db9f1d01,6,2383,29,92,2207,884528,121,886735,50.776332354175409,372108.68652958458,7328.3884297520663,0.23966942148760331,0.0024889059301820724
r_82428f1bf0517f91bffa931ded2af635,Direct file transfer,d_fd46828b3606c9bab93dce55ae07fefe,0,1,a_f47a8f7809556bd3c474b1520fba0d35,a_f47a8f7809556bd3c474b1520fba0d35,p_28fedf69d485a37d66bfbb9b177328ae,p_6688deacbc9d093f76efd71ae803001d,6,2387,32,97,2381,245044,129,247425,54.042731462086302,103655.21575198995,1918.0232558139535,0.24806201550387597,0.009623118116600991
r_ef31ad47f221e0ec6b3b2e05b9b39cf9,Direct file transfer,d_fd46828b3606c9bab93dce55ae07fefe,0,1,a_f47a8f7809556bd3c474b1520fba0d35,a_f47a8f7809556bd3c474b1520fba0d35,p_685423bc713d11b65816255746409754,p_fb701d5a05c03fb8299bbc4274ccd85a,6,927,111,68,269913,4801,179,274714,193.0960086299892,296347.35706580366,1534.7150837988827,0.62011173184357538,0.98252364277029924
r_e45f3b78c9c0b1b1e56fc270a43f7ee6,Direct file transfer,d_fd46828b3606c9bab93dce55ae07fefe,0,1,a_f47a8f7809556bd3c474b1520fba0d35,a_f47a8f7809556bd3c474b1520fba0d35,p_b402437c48f17cb31383b9c8136d8035,p_f20f8250c88d103697dd803efa0f0d0c,6,919,107,65,322080,4609,172,326689,187.15995647442872,355483.13384113164,1899.3546511627908,0.62209302325581395,0.98589178086804274
r_3560bf071295c45e53f13a6e86cb7b54,Direct file transfer,d_fd46828b3606c9bab93dce55ae07fefe,0,1,a_f47a8f7809556bd3c474b1520fba0d35,a_f47a8f7809556bd3c474b1520fba0d35,p_f87be45b22ebc07fdc5360458505d887,p_73a113db56cae583b0f4d27a2f1f0ea3,6,2365,37,95,2701,924099,132,926800,55.813953488372086,391881.60676532768,7021.212121212121,0.28030303030303028,0.0029143288735433751
r_224eb8db2fa0fb80b6cc0643cc58ecac,Direct file transfer,d_fd46828b3606c9bab93dce55ae07fefe,0,1,a_f47a8f7809556bd3c474b1520fba0d35,a_f47a8f7809556bd3c474b1520fba0d35,p_e2478ee7389caf67f2b1e927383ac6bd,p_73a113db56cae583b0f4d27a2f1f0ea3,6,830,101,66,269238,4675,167,273913,201.20481927710844,330015.6626506024,1640.1976047904191,0.60479041916167664,0.98293253697341854
r_7f786cdb7e0a9ac626ae57aa25d8fec8,Direct file transfer,d_fd46828b3606c9bab93dce55ae07fefe,0,1,a_f47a8f7809556bd3c474b1520fba0d35,a_f47a8f7809556bd3c474b1520fba0d35,p_60c3a2aa77ef9c5b9da3bf8ac143f976,p_fb701d5a05c03fb8299bbc4274ccd85a,6,2659,29,102,2179,858982,131,861161,49.266641594584435,323866.49116209103,6573.7480916030536,0.22137404580152673,0.0025303050184576404
r_77fc075e4b18db2be3292e3a991b9fdc,Direct file transfer,d_fd46828b3606c9bab93dce55ae07fefe,0,1,a_f47a8f7809556bd3c474b1520fba0d35,a_f47a8f7809556bd3c474b1520fba0d35,p_4fe2d098690300a90d93d8c2c17ce965,p_2e2bdff7d79ba86224377da437861888,6,876,103,66,308701,4675,169,313376,192.92237442922374,357735.15981735161,1854.2958579881656,0.60946745562130178,0.98508181864597166
r_76076e345c813f902fcd475904e5df1c,Direct file transfer,d_fd46828b3606c9bab93dce55ae07fefe,0,1,a_f47a8f7809556bd3c474b1520fba0d35,a_f47a8f7809556bd3c474b1520fba0d35,p_4594a7718d98a605803f260f4a79c60a,p_dd74cc5b69b608ff00edcb1d8b246822,6,930,109,66,295997,4673,175,300670,188.17204301075267,323301.07526881719,1718.1142857142856,0.62285714285714289,0.98445804370239798
r_4fb52b25df1d809622a38fbceafc8236,Direct file transfer,d_fd46828b3606c9bab93dce55ae07fefe,0,1,a_f47a8f7809556bd3c474b1520fba0d35,a_f47a8f7809556bd3c474b1520fba0d35,p_cf9f8fd83c02b7780dd88a379a698b63,p_c76517ae9b158cba02287e228c4ea7a9,6,876,103,66,308700,4673,169,313373,192.92237442922374,357731.73515981733,1854.2781065088757,0.60946745562130178,0.98508805800116794
r_70154b71465f7c1b81e87f1ac4185720,Direct file transfer,d_fd46828b3606c9bab93dce55ae07fefe,0,1,a_f47a8f7809556bd3c474b1520fba0d35,a_f47a8f7809556bd3c474b1520fba0d35,p_ec0ffc629461d1854266e5f5de953b7a,p_dd74cc5b69b608ff00edcb1d8b246822,6,890,105,67,282617,4739,172,287356,193.25842696629212,322871.91011235956,1670.6744186046512,0.61046511627906974,0.98350826152925286
r_57a84b1bcb0b9c7805325082034b59b2,Direct file transfer,d_fd46828b3606c9bab93dce55ae07fefe,0,1,a_f47a8f7809556bd3c474b1520fba0d35,a_f47a8f7809556bd3c474b1520fba0d35,p_1218e6812a13d15c6fc74c373c3b4158,p_2e2bdff7d79ba86224377da437861888,6,751,91,58,268558,4143,149,272701,198.40213049267643,363117.17709720373,1830.2080536912752,0.61073825503355705,0.9848075364593456
r_a7f1b58f1b466f613204184adc991c7d,Direct file transfer,d_fd46828b3606c9bab93dce55ae07fefe,0,1,a_f47a8f7809556bd3c474b1520fba0d35,a_f47a8f7809556bd3c474b1520fba0d35,p_a6ad670b3d3c6883807c3c057f93ed38,p_fb701d5a05c03fb8299bbc4274ccd85a,6,2510,28,99,2105,347605,127,349710,50.597609561752989,139326.69322709166,2753.6220472440946,0.22047244094488189,0.0060192731120070914
r_c413d9e0d155ebe27f3d78fc6dd4c2f2,Direct file transfer,d_fd46828b3606c9bab93dce55ae07fefe,0,1,a_f47a8f7809556bd3c474b1520fba0d35,a_f47a8f7809556bd3c474b1520fba0d35,p_c7f169caa4fa933eaa7a4e752a082b18,p_c76517ae9b158cba02287e228c4ea7a9,6,756,91,59,268557,4207,150,272764,198.4126984126984,360798.94179894181,1818.4266666666667,0.60666666666666669,0.98457641037673593
r_be95c848db16017eda9f3f73ef4832fb,Direct file transfer,d_fd46828b3606c9bab93dce55ae07fefe,0,1,a_f47a8f7809556bd3c474b1520fba0d35,a_f47a8f7809556bd3c474b1520fba0d35,p_a0e1737f2c37b29eb627f87f9a7ac264,p_6688deacbc9d093f76efd71ae803001d,6,2506,37,97,2699,1002823,134,1005522,53.471667996807668,401245.81005586596,7503.8955223880594,0.27611940298507465,0.0026841779692537808
r_ca6a2804d43da3ec0d734df5132709e6,Direct file transfer,d_fd46828b3606c9bab93dce55ae07fefe,0,1,a_f47a8f7809556bd3c474b1520fba0d35,a_f47a8f7809556bd3c474b1520fba0d35,p_6bfed13a0c3c32320531795dbeb3def4,p_77dbe3e2b43b6b81a173862305b375d0,6,2635,29,102,2173,1081806,131,1083979,49.715370018975335,411377.22960151808,8274.6488549618316,0.22137404580152673,0.0020046513816227066
r_3a8714a0306ceb35f98215de58dfb4e8,Direct file transfer,d_fd46828b3606c9bab93dce55ae07fefe,0,1,a_f47a8f7809556bd3c474b1520fba0d35,a_f47a8f7809556bd3c474b1520fba0d35,p_77b03f9ad8747d12208d585e037365e0,p_c0f14bbd0a7540f9669573a1a65f5285,6,749,91,61,268557,4339,152,272896,202.93724966622162,364347.129506008,1795.3684210526317,0.59868421052631582,0.98410017002814254
r_f97393f2d7fab9b64271b474aa1b405f,Direct file transfer,d_fd46828b3606c9bab93dce55ae07fefe,0,1,a_f47a8f7809556bd3c474b1520fba0d35,a_f47a8f7809556bd3c474b1520fba0d35,p_8bf9883e8cc95d8084810bc4f4770713,p_73a113db56cae583b0f4d27a2f1f0ea3,6,718,89,61,294642,4345,150,298987,208.91364902506965,416416.43454038998,1993.2466666666667,0.59333333333333338,0.98546759558107877
r_5beec023c13107d0ea74bfd61921cb11,Direct file transfer,d_fd46828b3606c9bab93dce55ae07fefe,0,1,a_f47a8f7809556bd3c474b1520fba0d35,a_f47a8f7809556bd3c474b1520fba0d35,p_99cf2e14643ad361f7f443e1cb5234d4,p_77dbe3e2b43b6b81a173862305b375d0,6,2646,29,103,2157,465885,132,468042,49.886621315192748,176886.62131519275,3545.7727272727275,0.2196969696969697,0.0046085607701872909
r_2fc4bc33ec3e3f5c9fb4980f4d971bad,Direct file transfer,d_fd46828b3606c9bab93dce55ae07fefe,0,1,a_f47a8f7809556bd3c474b1520fba0d35,a_f47a8f7809556bd3c474b1520fba0d35,p_7355c32b52c6f22930641afc482c13c7,p_f20f8250c88d103697dd803efa0f0d0c,6,2082,31,92,2313,205241,123,207554,59.077809798270899,99689.721421709895,1687.4308943089432,0.25203252032520324,0.011144087803655917
r_17d6747948e812931738ad25e974e9f6,Direct file transfer,d_fd46828b3606c9bab93dce55ae07fefe,0,1,a_f47a8f7809556bd3c474b1520fba0d35,a_f47a8f7809556bd3c474b1520fba0d35,p_487772483567d5c93ad7c0f0071f0b8a,p_73a113db56cae583b0f4d27a2f1f0ea3,6,924,111,68,269914,4803,179,274717,193.72294372294371,297312.77056277054,1534.7318435754189,0.62011173184357538,0.98251655339858834
r_ad67a19e0e0b0155a23d2a86a1cd2fc4,Direct file transfer,d_fd46828b3606c9bab93dce55ae07fefe,0,1,a_f47a8f7809556bd3c474b1520fba0d35,a_f47a8f7809556bd3c474b1520fba0d35,p_be3287000101dbf5993a614266552196,p_73a113db56cae583b0f4d27a2f1f0ea3,6,2637,28,106,2103,466071,134,468174,50.815320439893817,177540.38680318545,3493.8358208955224,0.20895522388059701,0.0044919196708915919
r_0106598df5b767c33ac4e7b93c50c97b,Direct file transfer,d_fd46828b3606c9bab93dce55ae07fefe,0,1,a_f47a8f7809556bd3c474b1520fba0d35,a_f47a8f7809556bd3c474b1520fba0d35,p_03af9ca8a61a949481e9ba52880c661c,p_f20f8250c88d103697dd803efa0f0d0c,6,818,99,65,295320,4609,164,299929,200.48899755501225,366661.36919315404,1828.8353658536585,0.60365853658536583,0.98463302981705669
r_8f60548f9385dc1875f0bd869c44c9f9,Direct file transfer,d_fd46828b3606c9bab93dce55ae07fefe,0,1,a_f47a8f7809556bd3c474b1520fba0d35,a_f47a8f7809556bd3c474b1520fba0d35,p_d7c19e8c229a3f2aea4904d81e62df86,p_2e2bdff7d79ba86224377da437861888,6,818,99,65,295320,4609,164,299929,200.48899755501225,366661.36919315404,1828.8353658536585,0.60365853658536583,0.98463302981705669
r_5f91c899e8e17a0ecd1db174eeb3521f,Direct file transfer,d_fd46828b3606c9bab93dce55ae07fefe,0,1,a_f47a8f7809556bd3c474b1520fba0d35,a_f47a8f7809556bd3c474b1520fba0d35,p_4f431079332a9b08100501ff10b71408,p_de7751b84215a2b890900c93db9f1d01,6,568,71,51,267201,3679,122,270880,214.78873239436621,476901.40845070424,2220.3278688524592,0.58196721311475408,0.98641834022445363
r_1115f72131a553534a3ab07fe184be55,Direct file transfer,d_fd46828b3606c9bab93dce55ae07fefe,0,1,a_f47a8f7809556bd3c474b1520fba0d35,a_f47a8f7809556bd3c474b1520fba0d35,p_aa9085fff3da248afbb088b132558fba,p_dd74cc5b69b608ff00edcb1d8b246822,6,857,101,63,269237,4475,164,273712,191.365227537923,319383.8973162194,1668.9756097560976,0.61585365853658536,0.98365069854445553
r_cb8a05bb84b58a562c2967ac319f0f72,Direct file transfer,d_fd46828b3606c9bab93dce55ae07fefe,0,1,a_f47a8f7809556bd3c474b1520fba0d35,a_f47a8f7809556bd3c474b1520fba0d35,p_a3df0d44f2f3c30ecf99d553ff38f26e,p_dd74cc5b69b608ff00edcb1d8b246822,6,2374,32,101,2393,206153,133,208546,56.023588879528219,87845.829823083404,1568.015037593985,0.24060150375939848,0.011474686639878013
r_b97b8c8754d4aec413a76d616b48cfc7,Direct file transfer,d_fd46828b3606c9bab93dce55ae07fefe,0,1,a_f47a8f7809556bd3c474b1520fba0d35,a_f47a8f7809556bd3c474b1520fba0d35,p_96a37156710b8de791cb089a75f5d7d1,p_c0f14bbd0a7540f9669573a1a65f5285,6,877,103,65,308700,4607,168,313307,191.56214367160774,357248.57468643103,1864.922619047619,0.61309523809523814,0.98529557271302592
r_a5fb0964d5cf8edc11df0d4075f52db3,Direct file transfer,d_fd46828b3606c9bab93dce55ae07fefe,0,1,a_f47a8f7809556bd3c474b1520fba0d35,a_f47a8f7809556bd3c474b1520fba0d35,p_503e007a32f95d9bb90a7f718816805b,p_fb701d5a05c03fb8299bbc4274ccd85a,6,2361,29,96,2171,399836,125,402007,52.943667937314693,170269.80093180854,3216.056,0.23200000000000001,0.0054004034755613705
r_326912b9b4c418d4ca6b8bde052789e5,Direct file transfer,d_fd46828b3606c9bab93dce55ae07fefe,0,1,a_f47a8f7809556bd3c474b1520fba0d35,a_f47a8f7809556bd3c474b1520fba0d35,p_f47c862315588d944878e7709d659cfc,p_77dbe3e2b43b6b81a173862305b375d0,6,2368,29,98,2233,989792,127,992025,53.631756756756758,418929.47635135136,7811.2204724409448,0.2283464566929134,0.0022509513369118723
r_72536b6a79ec92edbe7697fd9d390c60,Direct file transfer,d_fd46828b3606c9bab93dce55ae07fefe,0,1,a_f47a8f7809556bd3c474b1520fba0d35,a_f47a8f7809556bd3c474b1520fba0d35,p_0a4e6561cf6b57954a9bbea870fcae22,p_6688deacbc9d093f76efd71ae803001d,6,838,101,65,269237,4607,166,273844,198.09069212410503,326782.81622911699,1649.6626506024097,0.60843373493975905,0.98317655307401297
r_03a22ca60cdda39428d080aa7452d581,Direct file transfer,d_fd46828b3606c9bab93dce55ae07fefe,0,1,a_f47a8f7809556bd3c474b1520fba0d35,a_f47a8f7809556bd3c474b1520fba0d35,p_79475ea5a85b4d135fcff2d703e01b11,p_f20f8250c88d103697dd803efa0f0d0c,6,2650,30,102,2251,638971,132,641222,49.811320754716981,241970.56603773584,4857.742424242424,0.22727272727272727,0.0035104846683363953
r_8b64d93d403771db1cd4f3b130853990,Direct file transfer,d_fd46828b3606c9bab93dce55ae07fefe,0,1,a_f47a8f7809556bd3c474b1520fba0d35,a_f47a8f7809556bd3c474b1520fba0d35,p_0da8ff79e620555e588ae9eb52c9e32d,p_fb701d5a05c03fb8299bbc4274ccd85a,6,832,101,63,269237,4475,164,273712,197.11538461538461,328980.76923076925,1668.9756097560976,0.61585365853658536,0.98365069854445553
r_09237d694819b3636d4e388e7c3552fc,Direct file transfer,d_fd46828b3606c9bab93dce55ae07fefe,0,1,a_f47a8f7809556bd3c474b1520fba0d35,a_f47a8f7809556bd3c474b1520fba0d35,p_0831b119276663e0608545d18f1ae15d,p_77dbe3e2b43b6b81a173862305b375d0,6,848,101,65,269238,4609,166,273847,195.75471698113208,322932.78301886795,1649.6807228915663,0.60843373493975905,0.98316943402702972
r_3828ff737c39f6cbe56f66bdd2b21ac8,Direct file transfer,d_fd46828b3606c9bab93dce55ae07fefe,0,1,a_f47a8f7809556bd3c474b1520fba0d35,a_f47a8f7809556bd3c474b1520fba0d35,p_832049baf3f47f3004f80ec81274cd1c,p_73a113db56cae583b0f4d27a2f1f0ea3,6,2509,34,105,2527,167297,139,169824,55.400557991231565,67685.930649661226,1221.7553956834533,0.2446043165467626,0.014880111173921236
r_0ab956901642ef713d9cebb458756b2f,Direct file transfer,d_fd46828b3606c9bab93dce55ae07fefe,0,1,a_f47a8f7809556bd3c474b1520fba0d35,a_f47a8f7809556bd3c474b1520fba0d35,p_e50617782b619878fd6cd0e9c53ebc70,p_6688deacbc9d093f76efd71ae803001d,6,2383,29,96,2231,924114,125,926345,52.454888795635753,388730.59169114562,7410.7600000000002,0.23200000000000001,0.0024083899627028809
r_76016083da1b683bcc2e300a92e83cb2,Direct file transfer,d_fd46828b3606c9bab93dce55ae07fefe,0,1,a_f47a8f7809556bd3c474b1520fba0d35,a_f47a8f7809556bd3c474b1520fba0d35,p_cccd39a4b0e433c87ff65c4d3411e3c0,p_f20f8250c88d103697dd803efa0f0d0c,6,746,91,58,268558,4143,149,272701,199.73190348525469,365550.93833780161,1830.2080536912752,0.61073825503355705,0.9848075364593456
r_b3b5325a0bbaba96faa9913a920c9984,Direct file transfer,d_fd46828b3606c9bab93dce55ae07fefe,0,1,a_f47a8f7809556bd3c474b1520fba0d35,a_f47a8f7809556bd3c474b1520fba0d35,p_61f3b4b40dabaeece48e954698ee6280,p_c0f14bbd0a7540f9669573a1a65f5285,6,2510,30,97,2237,439222,127,441459,50.597609561752989,175880.07968127492,3476.0551181102364,0.23622047244094488,0.0050672882419431926
r_709a2ab63e8dd94837e557180ef54d36,Direct file transfer,d_fd46828b3606c9bab93dce55ae07fefe,0,1,a_f47a8f7809556bd3c474b1520fba0d35,a_f47a8f7809556bd3c474b1520fba0d35,p_ccb5064ffd06e24ce74a20b048821294,p_dd74cc5b69b608ff00edcb1d8b246822,6,2522,27,101,2039,413271,128,415310,50.753370340999211,164674.861221253,3244.609375,0.2109375,0.0049095856107485977
r_e7862b664b1b71eeed4206d9437958b5,Direct file transfer,d_fd46828b3606c9bab93dce55ae07fefe,0,1,a_f47a8f7809556bd3c474b1520fba0d35,a_f47a8f7809556bd3c474b1520fba0d35,p_ea44a6a030d7c0d36e43d2c35d7e567e,p_c76517ae9b158cba02287e228c4ea7a9,6,907,107,67,322079,4739,174,326818,191.8412348401323,360328.55567805952,1878.2643678160919,0.61494252873563215,0.98549957468682881
r_bbc273c3dfefdf867678e99dcdf78eac,Direct file transfer,d_fd46828b3606c9bab93dce55ae07fefe,0,1,a_f47a8f7809556bd3c474b1520fba0d35,a_f47a8f7809556bd3c474b1520fba0d35,p_d4e09e59cd80489aae8cdc4c374900d5,p_de7751b84215a2b890900c93db9f1d01,6,882,103,66,308700,4673,169,313373,191.60997732426304,355298.18594104308,1854.2781065088757,0.60946745562130178,0.98508805800116794
r_ee34e0b95db9632211d3d9f3fe78d802,Direct file transfer,d_fd46828b3606c9bab93dce55ae07fefe,0,1,a_f47a8f7809556bd3c474b1520fba0d35,a_f47a8f7809556bd3c474b1520fba0d35,p_918a1074513a2e20adb72a56a45ec8f8,p_c76517ae9b158cba02287e228c4ea7a9,6,2506,29,97,2171,1029048,126,1031219,50.279329608938554,411500.00000000006,8184.2777777777774,0.23015873015873015,0.002105275407066782
r_f48e5f42b3f2c63a5e038b776be5b1c5,Direct file transfer,d_fd46828b3606c9bab93dce55ae07fefe,0,1,a_f47a8f7809556bd3c474b1520fba0d35,a_f47a8f7809556bd3c474b1520fba0d35,p_80976509b174bc92611a640be3169e51,p_de7751b84215a2b890900c93db9f1d01,6,2086,27,87,2035,726910,114,728945,54.650047938638544,349446.30872483226,6394.2543859649122,0.23684210526315788,0.0027917058214268565
r_d393c44ff27ca18cc28dcfe16ede4d02,Direct file transfer,d_fd46828b3606c9bab93dce55ae07fefe,0,1,a_f47a8f7809556bd3c474b1520fba0d35,a_f47a8f7809556bd3c474b1520fba0d35,p_b9dc5108efe70ee8539b0df40166bfe3,p_de7751b84215a2b890900c93db9f1d01,6,889,107,66,322079,4673,173,326752,194.60067491563555,367550.05624296964,1888.7398843930637,0.61849710982658956,0.98569863382626577
r_9e910778db9c14231ffee5d50ce4e5a8,Direct file transfer,d_fd46828b3606c9bab93dce55ae07fefe,0,1,a_f47a8f7809556bd3c474b1520fba0d35,a_f47a8f7809556bd3c474b1520fba0d35,p_973516f29106ab30987d1495117dca7f,p_2e2bdff7d79ba86224377da437861888,6,2504,44,115,3163,219645,159,222808,63.498402555910545,88980.830670926516,1401.308176100629,0.27672955974842767,0.014196079135399088
r_d0fa9b2ba417516a008adccfc4398c1f,Direct file transfer,d_fd46828b3606c9bab93dce55ae07fefe,0,1,a_f47a8f7809556bd3c474b1520fba0d35,a_f47a8f7809556bd3c474b1520fba0d35,p_97418a3311d158d693f0da1487f8d86b,p_c0f14bbd0a7540f9669573a1a65f5285,6,912,107,65,322079,4607,172,326686,188.59649122807016,358208.33333333331,1899.3372093023256,0.62209302325581395,0.98589777339708462
r_405df0a893270c5a03ead8b258748c8c,Direct file transfer,d_fd46828b3606c9bab93dce55ae07fefe,0,1,a_f47a8f7809556bd3c474b1520fba0d35,a_f47a8f7809556bd3c474b1520fba0d35,p_b37f611fb3291dcb2c24697ac986482d,p_f20f8250c88d103697dd803efa0f0d0c,6,857,103,66,308701,4675,169,313376,197.1995332555426,365666.27771295217,1854.2958579881656,0.60946745562130178,0.98508181864597166
r_1b931c4f88807b478e28c45203cb796f,Direct file transfer,d_fd46828b3606c9bab93dce55ae07fefe,0,1,a_f47a8f7809556bd3c474b1520fba0d35,a_f47a8f7809556bd3c474b1520fba0d35,p_e5d78c546c5e49d413d3b4cbb42b1ed2,p_c76517ae9b158cba02287e228c4ea7a9,6,2094,48,100,3541,974551,148,978092,70.678127984718245,467092.64565425029,6608.72972972973,0.32432432432432434,0.0036203138355083162
r_8369b4a21f42d1772c92b58e90c27e7f,Direct file transfer,d_fd46828b3606c9bab93dce55ae07fefe,0,1,a_f47a8f7809556bd3c474b1520fba0d35,a_f47a8f7809556bd3c474b1520fba0d35,p_b045fa802c123a207c20af798e066262,p_de7751b84215a2b890900c93db9f1d01,6,762,91,61,268557,4339,152,272896,199.47506561679791,358131.23359580053,1795.3684210526317,0.59868421052631582,0.98410017002814254
r_3158043c779d777f952f3bedfce0e15c,Direct file transfer,d_fd46828b3606c9bab93dce55ae07fefe,0,1,a_f47a8f7809556bd3c474b1520fba0d35,a_f47a8f7809556bd3c474b1520fba0d35,p_5d622e5152495041b8affb83a0a3486c,p_77dbe3e2b43b6b81a173862305b375d0,6,932,109,69,295998,4873,178,300871,190.98712446351931,322822.96137339051,1690.2865168539327,0.61235955056179781,0.98380368995350165
r_8e5597d4a8700e8bb10e265d6dd5727c,Direct file transfer,d_fd46828b3606c9bab93dce55ae07fefe,0,1,a_f47a8f7809556bd3c474b1520fba0d35,a_f47a8f7809556bd3c474b1520fba0d35,p_d369383c737fa064dff08527876942cf,p_77dbe3e2b43b6b81a173862305b375d0,6,886,105,67,282618,4741,172,287359,194.13092550790068,324332.95711060945,1670.6918604651162,0.61046511627906974,0.98350147376626451
r_0e0bb78cde2e80532fdc6ea6cda7ba8c,Direct file transfer,d_fd46828b3606c9bab93dce55ae07fefe,0,1,a_f47a8f7809556bd3c474b1520fba0d35,a_f47a8f7809556bd3c474b1520fba0d35,p_845cd635e5dca759807b009ed9cdba95,p_77dbe3e2b43b6b81a173862305b375d0,6,944,111,68,269914,4803,179,274717,189.61864406779662,291013.77118644072,1534.7318435754189,0.62011173184357538,0.98251655339858834
r_3b584461a17bc2cae324b2a1d98fdf38,Direct file transfer,d_fd46828b3606c9bab93dce55ae07fefe,0,1,a_f47a8f7809556bd3c474b1520fba0d35,a_f47a8f7809556bd3c474b1520fba0d35,p_721480403366b7efa0507cc3cb155841,p_6688deacbc9d093f76efd71ae803001d,6,877,105,66,282617,4673,171,287290,194.98289623717218,327582.66818700114,1680.0584795321638,0.61403508771929827,0.98373420585471127
r_3c0e5df7550460a0d670ba15cccd554d,Direct file transfer,d_fd46828b3606c9bab93dce55ae07fefe,0,1,a_f47a8f7809556bd3c474b1520fba0d35,a_f47a8f7809556bd3c474b1520fba0d35,p_c6cfed2d03262051a64503e454b35b59,p_73a113db56cae583b0f4d27a2f1f0ea3,6,875,105,67,282618,4741,172,287359,196.57142857142858,328410.28571428574,1670.6918604651162,0.61046511627906974,0.98350147376626451
r_f4eca479a60f5a2a515f449302947b84,Direct file transfer,d_fd46828b3606c9bab93dce55ae07fefe,0,1,a_f47a8f7809556bd3c474b1520fba0d35,a_f47a8f7809556bd3c474b1520fba0d35,p_385df9f23575985024201553d4860374,p_2e2bdff7d79ba86224377da437861888,6,2643,28,103,2107,452768,131,454875,49.56488838441166,172105.56186152101,3472.3282442748091,0.21374045801526717,0.004632041769716955
r_8ceced437235917696266c8eddb136f0,Direct file transfer,d_fd46828b3606c9bab93dce55ae07fefe,0,1,a_f47a8f7809556bd3c474b1520fba0d35,a_f47a8f7809556bd3c474b1520fba0d35,p_b159dc1f0b73b197313d96857e032727,p_dd74cc5b69b608ff00edcb1d8b246822,6,2650,31,104,2303,492112,135,494415,50.943396226415096,186571.69811320756,3662.3333333333335,0.22962962962962963,0.0046580301973038847
r_316a3f9b3cfc69a37bfb7bcbfc451b6c,Direct file transfer,d_fd46828b3606c9bab93dce55ae07fefe,0,1,a_f47a8f7809556bd3c474b1520fba0d35,a_f47a8f7809556bd3c474b1520fba0d35,p_c66dde3f223fa2d6bb4a1cf977037eab,p_fb701d5a05c03fb8299bbc4274ccd85a,6,916,109,64,295997,4541,173,300538,188.86462882096069,328098.25327510916,1737.21387283237,0.63005780346820806,0.98489042982917296
r_c70c3c1ff0e80455b805ff59f5149002,Direct file transfer,d_fd46828b3606c9bab93dce55ae07fefe,0,1,a_f47a8f7809556bd3c474b1520fba0d35,a_f47a8f7809556bd3c474b1520fba0d35,p_5a996f44079195dfe510cde68ce74c7a,p_73a113db56cae583b0f4d27a2f1f0ea3,6,2655,31,104,2305,492155,135,494460,50.847457627118651,186237.28813559323,3662.6666666666665,0.22962962962962963,0.0046616510941228815
r_d9d9a13978e872e5bd58ca91422fab9c,Direct file transfer,d_fd46828b3606c9bab93dce55ae07fefe,0,1,a_f47a8f7809556bd3c474b1520fba0d35,a_f47a8f7809556bd3c474b1520fba0d35,p_6436ece7c3bb1662bae52d674ea052d7,p_6688deacbc9d093f76efd71ae803001d,6,922,111,68,269913,4801,179,274714,194.14316702819957,297954.44685466378,1534.7150837988827,0.62011173184357538,0.98252364277029924
r_bbff958853ad5a295ba487438906252a,Direct file transfer,d_fd46828b3606c9bab93dce55ae07fefe,0,1,a_f47a8f7809556bd3c474b1520fba0d35,a_f47a8f7809556bd3c474b1520fba0d35,p_847b2bb991158870080f3aa12c98e304,p_dd74cc5b69b608ff00edcb1d8b246822,6,915,111,68,269913,4801,179,274714,195.62841530054644,300233.87978142075,1534.7150837988827,0.62011173184357538,0.98252364277029924
r_a56e35a93ece7744804d18abb13525ef,Direct file transfer,d_fd46828b3606c9bab93dce55ae07fefe,0,1,a_f47a8f7809556bd3c474b1520fba0d35,a_f47a8f7809556bd3c474b1520fba0d35,p_8ba8abcc4506cc30cc673b39059d51d3,p_6688deacbc9d093f76efd71ae803001d,6,143,27,103,2071,1055646,130,1057717,909.09090909090912,7396622.3776223781,8136.2846153846158,0.2076923076923077,0.0019579906534545632
r_36e3cca641da328a5b6f9e51c1bc5d90,Direct file transfer,d_fd46828b3606c9bab93dce55ae07fefe,0,1,a_f47a8f7809556bd3c474b1520fba0d35,a_f47a8f7809556bd3c474b1520fba0d35,p_d829bd78aab6e8c1176d5c0643c3f48a,p_f20f8250c88d103697dd803efa0f0d0c,6,783,95,63,281940,4477,158,286417,201.78799489144316,365794.38058748405,1812.7658227848101,0.60126582278481011,0.98436894458080348
r_4308b21bc693d4a3f1c35e7ee741369d,Direct file transfer,d_fd46828b3606c9bab93dce55ae07fefe,0,1,a_f47a8f7809556bd3c474b1520fba0d35,a_f47a8f7809556bd3c474b1520fba0d35,p_b28123125b8866153ff12251ac98973f,p_2e2bdff7d79ba86224377da437861888,6,2234,31,91,2317,952328,122,954645,54.610564010743062,427325.42524619517,7824.9590163934427,0.25409836065573771,0.0024270802235385929
r_b05ca9b878ca4faaba6374a8ba8d6b96,Direct file transfer,d_fd46828b3606c9bab93dce55ae07fefe,0,1,a_f47a8f7809556bd3c474b1520fba0d35,a_f47a8f7809556bd3c474b1520fba0d35,p_c186cfe124487d935bfc2a1130a140cd,p_de7751b84215a2b890900c93db9f1d01,6,2225,34,92,2501,1002493,126,1004994,56.629213483146067,451682.69662921346,7976.1428571428569,0.26984126984126983,0.002488572071077041
r_a16b8bfa9966ba6641dadc267b53aabd,Direct file transfer,d_fd46828b3606c9bab93dce55ae07fefe,0,1,a_f47a8f7809556bd3c474b1520fba0d35,a_f47a8f7809556bd3c474b1520fba0d35,p_8e7aa46bfddb198f78cafc415b6a3a98,p_77dbe3e2b43b6b81a173862305b375d0,6,2367,28,90,2167,910621,118,912788,49.852133502323618,385630.75623151672,7735.4915254237285,0.23728813559322035,0.0023740452328470576
r_144c36997e23763fe247834ad1fc7ab1,Direct file transfer,d_fd46828b3606c9bab93dce55ae07fefe,0,1,a_f47a8f7809556bd3c474b1520fba0d35,a_f47a8f7809556bd3c474b1520fba0d35,p_c6c9d852b8a9cd90a0801402d0c7ef02,p_c0f14bbd0a7540f9669573a1a65f5285,6,2363,28,94,2105,360380,122,362485,51.629284807448158,153400.33855268726,2971.188524590164,0.22950819672131148,0.0058071368470419462
r_3495a17adc16fafe7c8e67bcb86048bb,Direct file transfer,d_fd46828b3606c9bab93dce55ae07fefe,0,1,a_f47a8f7809556bd3c474b1520fba0d35,a_f47a8f7809556bd3c474b1520fba0d35,p_6c857065f7cadc6ac8c2e955b9fb72a1,p_2e2bdff7d79ba86224377da437861888,6,2367,30,94,2239,425959,124,428198,52.386987748204476,180903.25306294888,3453.2096774193546,0.24193548387096775,0.0052288894389978472
r_ddb3136cfa32b2d394707c1559873e0a,Direct file transfer,d_fd46828b3606c9bab93dce55ae07fefe,0,1,a_f47a8f7809556bd3c474b1520fba0d35,a_f47a8f7809556bd3c474b1520fba0d35,p_9c4cba97cd8bf632f4f8053014b105e6,p_f20f8250c88d103697dd803efa0f0d0c,6,2497,28,97,2095,439277,125,441372,50.060072086503808,176760.91309571487,3530.9760000000001,0.224,0.004746562989949521
r_e700aaf1f8232ffc7392c94feb94060f,Direct file transfer,d_fd46828b3606c9bab93dce55ae07fefe,0,1,a_f47a8f7809556bd3c474b1520fba0d35,a_f47a8f7809556bd3c474b1520fba0d35,p_f91b4d5d29741a8fd48a622661d00acf,p_de7751b84215a2b890900c93db9f1d01,6,2647,29,98,2183,911139,127,913322,47.978843974310543,345040.42312051379,7191.5118110236217,0.2283464566929134,0.0023901756445152971
r_26590778a308569e3b0c97169cdcaac3,Direct file transfer,d_fd46828b3606c9bab93dce55ae07fefe,0,1,a_f47a8f7809556bd3c474b1520fba0d35,a_f47a8f7809556bd3c474b1520fba0d35,p_0ad4fc38007103b34b1224bf2a76735e,p_de7751b84215a2b890900c93db9f1d01,6,832,99,64,295319,4541,163,299860,195.91346153846155,360408.65384615387,1839.6319018404909,0.6073619631901841,0.98485626625758682
r_2343f99a34f2eab42cf884d552d7b3e9,Direct file transfer,d_fd46828b3606c9bab93dce55ae07fefe,0,1,a_f47a8f7809556bd3c474b1520fba0d35,a_f47a8f7809556bd3c474b1520fba0d35,p_75e286401d48726948af52c2fa983077,p_de7751b84215a2b890900c93db9f1d01,6,2502,29,96,2207,963436,125,965643,49.960031974420467,385948.44124700245,7725.1440000000002,0.23200000000000001,0.0022855237391044103
r_0458377f1577949837f5c1be38e7b467,Direct file transfer,d_fd46828b3606c9bab93dce55ae07fefe,0,1,a_f47a8f7809556bd3c474b1520fba0d35,a_f47a8f7809556bd3c474b1520fba0d35,p_2cdc4dbb71e9bde0d21167da86dda360,p_77dbe3e2b43b6b81a173862305b375d0,6,2518,29,100,2185,937495,129,939680,51.231135822081022,373185.06751389994,7284.3410852713178,0.22480620155038761,0.0023252596628639535
r_99ed1537ba4c4e87d525f88778497962,Direct file transfer,d_fd46828b3606c9bab93dce55ae07fefe,0,1,a_f47a8f7809556bd3c474b1520fba0d35,a_f47a8f7809556bd3c474b1520fba0d35,p_b0b9585236ba8442a5dab36eae21fc86,p_c0f14bbd0a7540f9669573a1a65f5285,6,2635,27,102,2039,452659,129,454698,48.956356736242888,172560.91081593931,3524.7906976744184,0.20930232558139536,0.0044842950705743156
r_6e31f69333531c5941f718cc42f180a2,Direct file transfer,d_fd46828b3606c9bab93dce55ae07fefe,0,1,a_f47a8f7809556bd3c474b1520fba0d35,a_f47a8f7809556bd3c474b1520fba0d35,p_dd30cc95ccddb9d14d8ecd6a5cb8ace5,p_fb701d5a05c03fb8299bbc4274ccd85a,6,2642,29,103,2207,1081872,132,1084079,49.962149886449659,410325.13247539743,8212.7196969696961,0.2196969696969697,0.0020358294921311087
r_00eee48b763ef97a742d3b461a6b6a17,Direct file transfer,d_fd46828b3606c9bab93dce55ae07fefe,0,1,a_f47a8f7809556bd3c474b1520fba0d35,a_f47a8f7809556bd3c474b1520fba0d35,p_448e6c4ec077eb5777bfeab08b05d399,p_6688deacbc9d093f76efd71ae803001d,6,2643,29,100,2183,885056,129,887239,48.808172531214531,335693.90843738179,6877.8217054263569,0.22480620155038761,0.0024604418876988049
r_cd2a59007698774fb432e2da06039884,Direct file transfer,d_fd46828b3606c9bab93dce55ae07fefe,0,1,a_f47a8f7809556bd3c474b1520fba0d35,a_f47a8f7809556bd3c474b1520fba0d35,p_729e8a1222bd2c870332dc4388273117,p_c0f14bbd0a7540f9669573a1a65f5285,6,2096,30,88,2233,399304,118,401537,56.297709923664122,191572.99618320609,3402.8559322033898,0.25423728813559321,0.0055611313527769548
r_f2234866fcba49ca4b3dc7861c994c71,Direct file transfer,d_fd46828b3606c9bab93dce55ae07fefe,0,1,a_f47a8f7809556bd3c474b1520fba0d35,a_f47a8f7809556bd3c474b1520fba0d35,p_36ab4fab3301169423d1b42b9405650c,p_dd74cc5b69b608ff00edcb1d8b246822,6,2656,27,105,2047,400426,132,402473,49.69879518072289,151533.50903614456,3049.037878787879,0.20454545454545456,0.0050860554621055326
r_9d90e008c0de13e8ffed68a6e092b3bf,Direct file transfer,d_fd46828b3606c9bab93dce55ae07fefe,0,1,a_f47a8f7809556bd3c474b1520fba0d35,a_f47a8f7809556bd3c474b1520fba0d35,p_3dc1194e78a69e39862fdbe250dfa9bd,p_2e2bdff7d79ba86224377da437861888,6,250,28,45,2107,147527,73,149634,292,598536,2049.7808219178082,0.38356164383561642,0.01408102436612
r_acb6fc1c69e19311527b3cb26a3d35c8,Direct file transfer,d_fd46828b3606c9bab93dce55ae07fefe,0,1,a_f47a8f7809556bd3c474b1520fba0d35,a_f47a8f7809556bd3c474b1520fba0d35,p_c262f8d6a5a6c9140400420c0128bf85,p_6688deacbc9d093f76efd71ae803001d,6,198,33,32,303954,2429,65,306383,328.28282828282829,1547388.8888888888,4713.5846153846151,0.50769230769230766,0.99207201443944348
r_881b0ce2358a7ab61859486a85a4d53f,Direct file transfer,d_fd46828b3606c9bab93dce55ae07fefe,0,1,a_f47a8f7809556bd3c474b1520fba0d35,a_f47a8f7809556bd3c474b1520fba0d35,p_2e8d44b5020dc4a573b6a5b3ba07d555,p_c0f14bbd0a7540f9669573a1a65f5285,6,207,35,34,277871,2561,69,280432,333.33333333333337,1354743.9613526571,4064.231884057971,0.50724637681159424,0.9908676613225309
r_d4bca74f799d7baa33baf408b89e46a2,Direct file transfer,d_fd46828b3606c9bab93dce55ae07fefe,0,1,a_f47a8f7809556bd3c474b1520fba0d35,a_f47a8f7809556bd3c474b1520fba0d35,p_b8d6b45af02ebcba6350345fe0697203,p_dd74cc5b69b608ff00edcb1d8b246822,6,296,45,43,278549,3155,88,281704,297.29729729729729,951702.70270270272,3201.181818181818,0.51136363636363635,0.98880030102518957
r_9272ffff8d119ca693a48ef4db0ed49b,Direct file transfer,d_fd46828b3606c9bab93dce55ae07fefe,0,1,a_f47a8f7809556bd3c474b1520fba0d35,a_f47a8f7809556bd3c474b1520fba0d35,p_26a48935b715d64e762b5420a8ea87d7,p_dd74cc5b69b608ff00edcb1d8b246822,6,4,7,5,625,478,12,1103,3000,275750,91.916666666666671,0.58333333333333337,0.56663644605621033
r_382612a337fbdb5fe7eafa9e9b70ffea,Direct file transfer,d_fd46828b3606c9bab93dce55ae07fefe,0,1,a_f47a8f7809556bd3c474b1520fba0d35,a_f47a8f7809556bd3c474b1520fba0d35,p_5e368254019a95163ac3ce534ea8140a,p_fb701d5a05c03fb8299bbc4274ccd85a,6,249,24,39,1841,369913,63,371754,253.01204819277109,1492987.9518072288,5900.8571428571431,0.38095238095238093,0.0049521995728357996
r_7fd00c87d88b75af03f13db40418caef,Direct file transfer,d_fd46828b3606c9bab93dce55ae07fefe,0,1,a_f47a8f7809556bd3c474b1520fba0d35,a_f47a8f7809556bd3c474b1520fba0d35,p_251ac426f49beeac3b50b5159c2aaf74,p_73a113db56cae583b0f4d27a2f1f0ea3,6,197,33,32,303955,2431,65,306386,329.94923857868019,1555258.8832487308,4713.6307692307691,0.50769230769230766,0.9920655643534626
r_b7c7038418a747060d84e88b8a17c5bf,Direct file transfer,d_fd46828b3606c9bab93dce55ae07fefe,0,1,a_f47a8f7809556bd3c474b1520fba0d35,a_f47a8f7809556bd3c474b1520fba0d35,p_2e066a00ac9af9f2b4101460ad55be10,p_77dbe3e2b43b6b81a173862305b375d0,6,247,24,39,1843,369913,63,371756,255.06072874493927,1505085.020242915,5900.8888888888887,0.38095238095238093,0.0049575528034517266
r_ed07b18129cd29cda06ef73ef62da5ce,Direct file transfer,d_fd46828b3606c9bab93dce55ae07fefe,0,1,a_f47a8f7809556bd3c474b1520fba0d35,a_f47a8f7809556bd3c474b1520fba0d35,p_24416601e0f5074f66667f3d4ed8cd0e,p_f20f8250c88d103697dd803efa0f0d0c,6,305,47,44,318012,3223,91,321235,298.36065573770492,1053229.5081967213,3530.0549450549452,0.51648351648351654,0.98996684670101331
r_c0359bc71f7c7bf9a2313600754d1c44,Direct file transfer,d_fd46828b3606c9bab93dce55ae07fefe,0,1,a_f47a8f7809556bd3c474b1520fba0d35,a_f47a8f7809556bd3c474b1520fba0d35,p_e45a4077a69b2928928c90d6961a55dd,p_f20f8250c88d103697dd803efa0f0d0c,6,203,35,34,277872,2563,69,280435,339.90147783251228,1381453.2019704434,4064.2753623188405,0.50724637681159424,0.99086062723982382
r_751f728662f62b930ad0aa2f6a76a309,Direct file transfer,d_fd46828b3606c9bab93dce55ae07fefe,0,1,a_f47a8f7809556bd3c474b1520fba0d35,a_f47a8f7809556bd3c474b1520fba0d35,p_a97d44186e7ea1717201f02bbcfb73b1,p_c76517ae9b158cba02287e228c4ea7a9,6,210,35,34,277871,2561,69,280432,328.57142857142856,1335390.4761904762,4064.231884057971,0.50724637681159424,0.9908676613225309
r_03f5d52f9f078c092f3e2c1d2e51b391,Direct file transfer,d_fd46828b3606c9bab93dce55ae07fefe,0,1,a_f47a8f7809556bd3c474b1520fba0d35,a_f47a8f7809556bd3c474b1520fba0d35,p_fdc85f2e720d876f5cf150afcbfd5246,p_de7751b84215a2b890900c93db9f1d01,6,314,47,44,318011,3221,91,321232,289.80891719745222,1023031.847133758,3530.0219780219782,0.51648351648351654,0.98997297903073167
r_d9edd588477165a29ee4b6b3e6d83f55,Direct file transfer,d_fd46828b3606c9bab93dce55ae07fefe,0,1,a_f47a8f7809556bd3c474b1520fba0d35,a_f47a8f7809556bd3c474b1520fba0d35,p_46f2b6c93bd521b1d49b9f8f864aff23,p_de7751b84215a2b890900c93db9f1d01,6,256,30,44,2225,147410,74,149635,289.0625,584511.71875,2022.0945945945946,0.40540540540540543,0.014869515821833127
r_159ca5a5e42dd211dabb7575d123d233,Direct file transfer,d_fd46828b3606c9bab93dce55ae07fefe,0,1,a_f47a8f7809556bd3c474b1520fba0d35,a_f47a8f7809556bd3c474b1520fba0d35,p_9e1321ed38e635fa8bffe603e05389a7,p_dd74cc5b69b608ff00edcb1d8b246822,6,326,28,47,2105,186938,75,189043,230.06134969325151,579886.50306748459,2520.5733333333333,0.37333333333333335,0.011135032770322096
r_e94cd5e98b9505c02c6069c015a2addc,Direct file transfer,d_fd46828b3606c9bab93dce55ae07fefe,0,1,a_f47a8f7809556bd3c474b1520fba0d35,a_f47a8f7809556bd3c474b1520fba0d35,p_cfbd513234662a484f4c6c26bc059669,p_dd74cc5b69b608ff00edcb1d8b246822,6,435,27,57,2039,253557,84,255596,193.10344827586206,587577.01149425283,3042.8095238095239,0.32142857142857145,0.0079774331366688055
r_da771ce9e9544b17dd92243f8dbca088,Direct file transfer,d_fd46828b3606c9bab93dce55ae07fefe,0,1,a_f47a8f7809556bd3c474b1520fba0d35,a_f47a8f7809556bd3c474b1520fba0d35,p_b69d3f04c8467fe0e53facbf59a4a36e,p_fb701d5a05c03fb8299bbc4274ccd85a,6,314,25,44,1907,448886,69,450793,219.74522292993632,1435646.4968152866,6533.231884057971,0.36231884057971014,0.0042303230085649068
r_348b03e5ca65da3a3049d09545a1a8c9,Direct file transfer,d_fd46828b3606c9bab93dce55ae07fefe,0,1,a_f47a8f7809556bd3c474b1520fba0d35,a_f47a8f7809556bd3c474b1520fba0d35,p_50172496a0dae42599fdf337d79a8f77,p_c0f14bbd0a7540f9669573a1a65f5285,6,244,39,38,291251,2825,77,294076,315.57377049180326,1205229.5081967213,3819.1688311688313,0.50649350649350644,0.9903936397393871
r_846e0feeab0d8ffb2c95554342e2d6aa,Direct file transfer,d_fd46828b3606c9bab93dce55ae07fefe,0,1,a_f47a8f7809556bd3c474b1520fba0d35,a_f47a8f7809556bd3c474b1520fba0d35,p_f29d52c182fad1d943faa08bd42016d4,p_c76517ae9b158cba02287e228c4ea7a9,6,250,39,38,291251,2825,77,294076,308,1176304,3819.1688311688313,0.50649350649350644,0.9903936397393871
r_9443c975b0f79d5e1ddfd1d0a1da7c3b,Direct file transfer,d_fd46828b3606c9bab93dce55ae07fefe,0,1,a_f47a8f7809556bd3c474b1520fba0d35,a_f47a8f7809556bd3c474b1520fba0d35,p_f2e8d4aa937b484771dc272fe735cf11,p_fb701d5a05c03fb8299bbc4274ccd85a,6,259,41,40,265169,2957,81,268126,312.74131274131275,1035235.5212355212,3310.1975308641977,0.50617283950617287,0.9889716029031127
r_c4c574d0d1eb7a33939423f34ba6f83b,Direct file transfer,d_fd46828b3606c9bab93dce55ae07fefe,0,1,a_f47a8f7809556bd3c474b1520fba0d35,a_f47a8f7809556bd3c474b1520fba0d35,p_72f42aabab98e6333f2d4b475495ed05,p_de7751b84215a2b890900c93db9f1d01,6,173,31,30,264489,2293,61,266782,352.60115606936421,1542092.485549133,4373.4754098360654,0.50819672131147542,0.99140496735162043
r_0c143032e9261af42089fd06e51cfcb5,Direct file transfer,d_fd46828b3606c9bab93dce55ae07fefe,0,1,a_f47a8f7809556bd3c474b1520fba0d35,a_f47a8f7809556bd3c474b1520fba0d35,p_0ebd5c9c73cb5e512b07b0b3beea34ac,p_c0f14bbd0a7540f9669573a1a65f5285,6,381,41,54,3055,638485,95,641540,249.34383202099738,1683832.0209973752,6753.0526315789475,0.43157894736842106,0.0047619789880599811
r_cc086bce0122bb74077b3a9ea2f7e9e5,Direct file transfer,d_fd46828b3606c9bab93dce55ae07fefe,0,1,a_f47a8f7809556bd3c474b1520fba0d35,a_f47a8f7809556bd3c474b1520fba0d35,p_768d71756676a64a4d62174e5e9c006f,p_fb701d5a05c03fb8299bbc4274ccd85a,6,366,53,46,305310,3353,99,308663,270.49180327868851,843341.5300546448,3117.8080808080808,0.53535353535353536,0.98913701998619852
r_eb635b39400e7e4f1837c364e125061b,Direct file transfer,d_fd46828b3606c9bab93dce55ae07fefe,0,1,a_f47a8f7809556bd3c474b1520fba0d35,a_f47a8f7809556bd3c474b1520fba0d35,p_d9ba4506601ec7d4cc0bcbe8a0b39306,p_c76517ae9b158cba02287e228c4ea7a9,6,284,43,42,304632,3089,85,307721,299.29577464788736,1083524.647887324,3620.2470588235292,0.50588235294117645,0.98996168607277368
r_2b12481c2079ab9c3be12759a869bbf1,Direct file transfer,d_fd46828b3606c9bab93dce55ae07fefe,0,1,a_f47a8f7809556bd3c474b1520fba0d35,a_f47a8f7809556bd3c474b1520fba0d35,p_3547fe2ca46fc8e2c921e764457a97a5,p_6688deacbc9d093f76efd71ae803001d,6,336,49,45,291929,3287,94,295216,279.76190476190476,878619.04761904757,3140.5957446808511,0.52127659574468088,0.98886577963254019
r_250a91e90136abc0e4bb3c13405bbcaa,Direct file transfer,d_fd46828b3606c9bab93dce55ae07fefe,0,1,a_f47a8f7809556bd3c474b1520fba0d35,a_f47a8f7809556bd3c474b1520fba0d35,p_ed5c4a91cceb2675a6071aa25e70348f,p_c0f14bbd0a7540f9669573a1a65f5285,6,176,31,30,264489,2293,61,266782,346.59090909090912,1515806.8181818184,4373.4754098360654,0.50819672131147542,0.99140496735162043
r_80d077e4523abe19dc87f14dada3e471,Direct file transfer,d_fd46828b3606c9bab93dce55ae07fefe,0,1,a_f47a8f7809556bd3c474b1520fba0d35,a_f47a8f7809556bd3c474b1520fba0d35,p_0c69abb3b6daa41249665018fdae6185,p_dd74cc5b69b608ff00edcb1d8b246822,6,388,27,54,2039,226986,81,229025,208.76288659793815,590270.618556701,2827.4691358024693,0.33333333333333331,0.008902958192337081
r_4c57bfce5c4ae4c625fba1ad8d2da5e7,Direct file transfer,d_fd46828b3606c9bab93dce55ae07fefe,0,1,a_f47a8f7809556bd3c474b1520fba0d35,a_f47a8f7809556bd3c474b1520fba0d35,p_84d4c4e9adc2f81c3d81a0b81fe07d19,p_dd74cc5b69b608ff00edcb1d8b246822,6,198,33,32,303954,2429,65,306383,328.28282828282829,1547388.8888888888,4713.5846153846151,0.50769230769230766,0.99207201443944348
r_20d5e4eede4b2683ea151a14b36a1a35,Direct file transfer,d_fd46828b3606c9bab93dce55ae07fefe,0,1,a_f47a8f7809556bd3c474b1520fba0d35,a_f47a8f7809556bd3c474b1520fba0d35,p_45fcac56ac2cc9da98b3b6ef978cf8ee,p_6688deacbc9d093f76efd71ae803001d,6,249,24,39,1841,369903,63,371744,253.01204819277109,1492947.7911646587,5900.6984126984125,0.38095238095238093,0.0049523327881552896
r_9eb6b8e7d4fdb3c30db83497e1525640,Direct file transfer,d_fd46828b3606c9bab93dce55ae07fefe,0,1,a_f47a8f7809556bd3c474b1520fba0d35,a_f47a8f7809556bd3c474b1520fba0d35,p_b6e94a5ac44f801abe6fdb2173233d0c,p_6688deacbc9d093f76efd71ae803001d,6,374,34,55,2549,536250,89,538799,237.96791443850267,1440639.0374331551,6053.9213483146068,0.38202247191011235,0.0047308922251154883
r_55307e850e8f13a441e075b4f1a114ea,Direct file transfer,d_fd46828b3606c9bab93dce55ae07fefe,0,1,a_f47a8f7809556bd3c474b1520fba0d35,a_f47a8f7809556bd3c474b1520fba0d35,p_012d5c465fa019166cbaaf21c9648ff0,p_fb701d5a05c03fb8299bbc4274ccd85a,6,191,33,32,303954,2429,65,306383,340.31413612565444,1604099.4764397906,4713.5846153846151,0.50769230769230766,0.99207201443944348
r_ebf38b518ef2658de0ecb3ae1c9b2570,Direct file transfer,d_fd46828b3606c9bab93dce55ae07fefe,0,1,a_f47a8f7809556bd3c474b1520fba0d35,a_f47a8f7809556bd3c474b1520fba0d35,p_1882a33e0ffa902d8cb5bd8fdcb8e0a6,p_73a113db56cae583b0f4d27a2f1f0ea3,6,257,27,39,2029,238882,66,240911,256.80933852140078,937396.8871595331,3650.1666666666665,0.40909090909090912,0.0084221974090016652
r_c41f6e6f3fbad6866ee1011b12dbae46,Direct file transfer,d_fd46828b3606c9bab93dce55ae07fefe,0,1,a_f47a8f7809556bd3c474b1520fba0d35,a_f47a8f7809556bd3c474b1520fba0d35,p_e5edd64cc45111fb5b9bb66c741dc36b,p_6688deacbc9d093f76efd71ae803001d,6,366,53,46,305310,3353,99,308663,270.49180327868851,843341.5300546448,3117.8080808080808,0.53535353535353536,0.98913701998619852
r_443ba9acf0c527d754f6d74d39865bcd,Direct file transfer,d_fd46828b3606c9bab93dce55ae07fefe,0,1,a_f47a8f7809556bd3c474b1520fba0d35,a_f47a8f7809556bd3c474b1520fba0d35,p_0da8ff79e620555e588ae9eb52c9e32d,p_2e2bdff7d79ba86224377da437861888,6,209,35,33,277872,2497,68,280369,325.35885167464119,1341478.4688995215,4123.0735294117649,0.51470588235294112,0.99109387985119612
r_f20663eb96385e2eea9179854d5884c9,Direct file transfer,d_fd46828b3606c9bab93dce55ae07fefe,0,1,a_f47a8f7809556bd3c474b1520fba0d35,a_f47a8f7809556bd3c474b1520fba0d35,p_e73b42b1e1378243cb7c2726fbdf6273,p_de7751b84215a2b890900c93db9f1d01,6,214,35,34,277871,2561,69,280432,322.42990654205607,1310429.906542056,4064.231884057971,0.50724637681159424,0.9908676613225309
r_1b36f80678f4aea28d163bd25155c1cc,Direct file transfer,d_fd46828b3606c9bab93dce55ae07fefe,0,1,a_f47a8f7809556bd3c474b1520fba0d35,a_f47a8f7809556bd3c474b1520fba0d35,p_31d0a5cb48eea5c4559fb9076889472c,p_dd74cc5b69b608ff00edcb1d8b246822,6,232,37,36,317333,2693,73,320026,314.65517241379308,1379422.4137931033,4383.9178082191784,0.50684931506849318,0.99158505871397951
r_221e1429b3c6e08d39cec9273062f5b4,Direct file transfer,d_fd46828b3606c9bab93dce55ae07fefe,0,1,a_f47a8f7809556bd3c474b1520fba0d35,a_f47a8f7809556bd3c474b1520fba0d35,p_12a2aa4a5d1b89f514e1071e0a198ea2,p_73a113db56cae583b0f4d27a2f1f0ea3,6,441,27,57,2041,253600,84,255641,190.47619047619048,579684.80725623586,3043.3452380952381,0.32142857142857145,0.0079838523554515897
r_a42b3e7a80df345a9057ee7fb5b70423,Direct file transfer,d_fd46828b3606c9bab93dce55ae07fefe,0,1,a_f47a8f7809556bd3c474b1520fba0d35,a_f47a8f7809556bd3c474b1520fba0d35,p_717e998c2f98b53713d47fcc83083180,p_c0f14bbd0a7540f9669573a1a65f5285,6,256,30,44,2225,147418,74,149643,289.0625,584542.96875,2022.2027027027027,0.40540540540540543,0.01486872088904927
r_72396233b9f743fd6edff08b61c6c84a,Direct file transfer,d_fd46828b3606c9bab93dce55ae07fefe,0,1,a_f47a8f7809556bd3c474b1520fba0d35,a_f47a8f7809556bd3c474b1520fba0d35,p_74437d6238b994f53c7eeb4648feae4c,p_f20f8250c88d103697dd803efa0f0d0c,6,383,55,47,279228,3421,102,282649,266.31853785900785,737986.94516971277,2771.0686274509803,0.53921568627450978,0.98789664920095244
r_ddfd51c59542522b4726fc31ac64ef74,Direct file transfer,d_fd46828b3606c9bab93dce55ae07fefe,0,1,a_f47a8f7809556bd3c474b1520fba0d35,a_f47a8f7809556bd3c474b1520fba0d35,p_f68c788b4895f0d8e73f8cec41f95bf6,p_77dbe3e2b43b6b81a173862305b375d0,6,227,37,36,317334,2695,73,320029,321.58590308370043,1409819.3832599118,4383.9589041095887,0.50684931506849318,0.99157888816326023
r_25b35a4f50a516679e950516f11d4e73,Direct file transfer,d_fd46828b3606c9bab93dce55ae07fefe,0,1,a_f47a8f7809556bd3c474b1520fba0d35,a_f47a8f7809556bd3c474b1520fba0d35,p_f47a97388ce108fe975e97c8b6f8a880,p_f20f8250c88d103697dd803efa0f0d0c,6,253,24,43,1843,343962,67,345805,264.82213438735175,1366818.1818181819,5161.2686567164183,0.35820895522388058,0.0053295932678821883
r_28a15c65a3f28d63bf7f42e4378e791a,Direct file transfer,d_fd46828b3606c9bab93dce55ae07fefe,0,1,a_f47a8f7809556bd3c474b1520fba0d35,a_f47a8f7809556bd3c474b1520fba0d35,p_2be71c0ab7316f4c3c760e1a8acb3909,p_77dbe3e2b43b6b81a173862305b375d0,6,315,25,44,1909,514422,69,516331,219.04761904761904,1639146.0317460317,7483.057971014493,0.36231884057971014,0.0036972407234893896
r_fb860ef2ad4cee78daaa95a2706a027c,Direct file transfer,d_fd46828b3606c9bab93dce55ae07fefe,0,1,a_f47a8f7809556bd3c474b1520fba0d35,a_f47a8f7809556bd3c474b1520fba0d35,p_52d96abdd74bc1c2a02325e2ec06578d,p_c76517ae9b158cba02287e228c4ea7a9,6,253,24,43,1841,343962,67,345803,264.82213438735175,1366810.2766798418,5161.2388059701489,0.35820895522388058,0.0053238404525119791
r_11e676e4e3e1120c6217a4688674a397,Direct file transfer,d_fd46828b3606c9bab93dce55ae07fefe,0,1,a_f47a8f7809556bd3c474b1520fba0d35,a_f47a8f7809556bd3c474b1520fba0d35,p_9be18dbdc05c067aa374e81de73249f4,p_c76517ae9b158cba02287e228c4ea7a9,6,181,31,30,264489,2293,61,266782,337.0165745856354,1473933.7016574587,4373.4754098360654,0.50819672131147542,0.99140496735162043
r_820d603883d7b071d83bde90f9e59bbc,Direct file transfer,d_fd46828b3606c9bab93dce55ae07fefe,0,1,a_f47a8f7809556bd3c474b1520fba0d35,a_f47a8f7809556bd3c474b1520fba0d35,p_e41c46c05b4ec7cc56950ec2196f3a73,p_6688deacbc9d093f76efd71ae803001d,6,317,24,44,1841,448876,68,450717,214.51104100946372,1421820.189274448,6628.1911764705883,0.35294117647058826,0.0040846029770343698
r_1de17bbd8b93f64d30d1c826cff878d7,Direct file transfer,d_fd46828b3606c9bab93dce55ae07fefe,0,1,a_f47a8f7809556bd3c474b1520fba0d35,a_f47a8f7809556bd3c474b1520fba0d35,p_0fb5148a7335b0c00e9a2c55ca5b31f0,p_77dbe3e2b43b6b81a173862305b375d0,6,331,49,45,291930,3289,94,295219,283.98791540785498,891900.30211480358,3140.627659574468,0.52127659574468088,0.98885911814618976
r_9cf5c9f96969b50c424b54449ff82016,Direct file transfer,d_fd46828b3606c9bab93dce55ae07fefe,0,1,a_f47a8f7809556bd3c474b1520fba0d35,a_f47a8f7809556bd3c474b1520fba0d35,p_b0cf4302303b5ad4d0679968b7c660a4,p_6688deacbc9d093f76efd71ae803001d,6,235,37,36,317333,2693,73,320026,310.63829787234044,1361812.765957447,4383.9178082191784,0.50684931506849318,0.99158505871397951
r_b9df2ccda4b72c7aeb5b1a5d458e49a9,Direct file transfer,d_fd46828b3606c9bab93dce55ae07fefe,0,1,a_f47a8f7809556bd3c474b1520fba0d35,a_f47a8f7809556bd3c474b1520fba0d35,p_ed80deb33d37d8b614dd7d864be60b4f,p_2e2bdff7d79ba86224377da437861888,6,504,26,61,1975,293504,87,295479,172.61904761904762,586267.85714285716,3396.3103448275861,0.2988505747126437,0.0066840621499328207
r_4d94daf25d282ffad5808cfbf145249c,Direct file transfer,d_fd46828b3606c9bab93dce55ae07fefe,0,1,a_f47a8f7809556bd3c474b1520fba0d35,a_f47a8f7809556bd3c474b1520fba0d35,p_496ab681d72d5b41faa88cb4b4d149ad,p_fb701d5a05c03fb8299bbc4274ccd85a,6,228,37,36,317333,2693,73,320026,320.17543859649123,1403622.8070175438,4383.9178082191784,0.50684931506849318,0.99158505871397951
r_04c3eb4116035dfb2c929cb3764e9ab4,Direct file transfer,d_fd46828b3606c9bab93dce55ae07fefe,0,1,a_f47a8f7809556bd3c474b1520fba0d35,a_f47a8f7809556bd3c474b1520fba0d35,p_bfd9f55d092a153606a1f1719d6de7ba,p_dd74cc5b69b608ff00edcb1d8b246822,6,250,26,38,1973,435381,64,437354,256,1749416,6833.65625,0.40625,0.0045112197441889183
r_67e8d5fc306d9cb9be7af932bec254fa,Direct file transfer,d_fd46828b3606c9bab93dce55ae07fefe,0,1,a_f47a8f7809556bd3c474b1520fba0d35,a_f47a8f7809556bd3c474b1520fba0d35,p_ee51800e2cf96010d2fa96efcc9d1427,p_73a113db56cae583b0f4d27a2f1f0ea3,6,240,37,36,317334,2695,73,320029,304.16666666666669,1333454.1666666667,4383.9589041095887,0.50684931506849318,0.99157888816326023
r_183f37c0a655d44ae7113436bc9be0ef,Direct file transfer,d_fd46828b3606c9bab93dce55ae07fefe,0,1,a_f47a8f7809556bd3c474b1520fba0d35,a_f47a8f7809556bd3c474b1520fba0d35,p_0028ffa958f48e47ab82c5683029c5c0,p_f20f8250c88d103697dd803efa0f0d0c,6,311,26,46,1975,449070,72,451045,231.51125401929261,1450305.4662379422,6264.5138888888887,0.3611111111111111,0.0043787205267767073
r_e0652079da8478b6761d6a11af1ecb18,Direct file transfer,d_fd46828b3606c9bab93dce55ae07fefe,0,1,a_f47a8f7809556bd3c474b1520fba0d35,a_f47a8f7809556bd3c474b1520fba0d35,p_bb50a271a46a4d89e2b641d5a8e37b50,p_77dbe3e2b43b6b81a173862305b375d0,6,197,33,32,303955,2431,65,306386,329.94923857868019,1555258.8832487308,4713.6307692307691,0.50769230769230766,0.9920655643534626
r_da72fb1bc216f968985a2dde9cf48846,Direct file transfer,d_fd46828b3606c9bab93dce55ae07fefe,0,1,a_f47a8f7809556bd3c474b1520fba0d35,a_f47a8f7809556bd3c474b1520fba0d35,p_d0673be4f15bd93ce3e391d008488cf1,p_73a113db56cae583b0f4d27a2f1f0ea3,6,316,26,46,1975,252451,72,254426,227.84810126582278,805145.56962025317,3533.6944444444443,0.3611111111111111,0.0077625714353092845
r_2b76511d44d54876351134b94d0aa33a,Direct file transfer,d_fd46828b3606c9bab93dce55ae07fefe,0,1,a_f47a8f7809556bd3c474b1520fba0d35,a_f47a8f7809556bd3c474b1520fba0d35,p_b777e3c9c1f00df6b9667ff67ff9352b,p_c76517ae9b158cba02287e228c4ea7a9,6,318,25,47,1907,553941,72,555848,226.41509433962264,1747949.6855345911,7720.1111111111113,0.34722222222222221,0.003430794030022596
r_1a13cba838ac845c6c21e129382fcb94,Direct file transfer,d_fd46828b3606c9bab93dce55ae07fefe,0,1,a_f47a8f7809556bd3c474b1520fba0d35,a_f47a8f7809556bd3c474b1520fba0d35,p_c894d97694f2c7da9653da413f694fac,p_77dbe3e2b43b6b81a173862305b375d0,6,507,26,60,1987,673136,86,675123,169.62524654832347,1331603.5502958579,7850.2674418604647,0.30232558139534882,0.0029431673932009427
r_54097ca3c6864771880fa7dba21c482a,Direct file transfer,d_fd46828b3606c9bab93dce55ae07fefe,0,1,a_f47a8f7809556bd3c474b1520fba0d35,a_f47a8f7809556bd3c474b1520fba0d35,p_5ea7aef1e704b440fa5c8e36ecf3be8e,p_de7751b84215a2b890900c93db9f1d01,6,311,24,48,1841,422925,72,424766,231.51125401929261,1365807.0739549838,5899.5277777777774,0.33333333333333331,0.0043341510384541137
r_78dd01fc8e31fe95e7f8b6fba73201f6,Direct file transfer,d_fd46828b3606c9bab93dce55ae07fefe,0,1,a_f47a8f7809556bd3c474b1520fba0d35,a_f47a8f7809556bd3c474b1520fba0d35,p_f563022b9b942843030d14b811039daf,p_de7751b84215a2b890900c93db9f1d01,6,247,39,38,291251,2825,77,294076,311.74089068825913,1190591.0931174089,3819.1688311688313,0.50649350649350644,0.9903936397393871
r_03f51a3f0fa1ceec41de9e46fc7af0da,Direct file transfer,d_fd46828b3606c9bab93dce55ae07fefe,0,1,a_f47a8f7809556bd3c474b1520fba0d35,a_f47a8f7809556bd3c474b1520fba0d35,p_ef82320ee049b2421d0f326214c12fbd,p_c0f14bbd0a7540f9669573a1a65f5285,6,319,27,49,2039,252658,76,254697,238.24451410658307,798423.19749216305,3351.2763157894738,0.35526315789473684,0.0080055909570980414
r_53228c08b2b398000c88119c246d27fe,Direct file transfer,d_fd46828b3606c9bab93dce55ae07fefe,0,1,a_f47a8f7809556bd3c474b1520fba0d35,a_f47a8f7809556bd3c474b1520fba0d35,p_df0e9e5ad273c96c5a341fe52aae1d7f,p_dd74cc5b69b608ff00edcb1d8b246822,6,264,41,40,265169,2957,81,268126,306.81818181818181,1015628.7878787878,3310.1975308641977,0.50617283950617287,0.9889716029031127
r_b44f0d91d8648594877c2f37482a08cb,Direct file transfer,d_fd46828b3606c9bab93dce55ae07fefe,0,1,a_f47a8f7809556bd3c474b1520fba0d35,a_f47a8f7809556bd3c474b1520fba0d35,p_c4a16ccb07baf99b384f01e72af818dd,p_77dbe3e2b43b6b81a173862305b375d0,6,316,25,50,1909,396906,75,398815,237.34177215189874,1262072.7848101265,5317.5333333333338,0.33333333333333331,0.004786680541103018
r_f457d1c59cecbe54a7d08a2cb3c02c44,Direct file transfer,d_fd46828b3606c9bab93dce55ae07fefe,0,1,a_f47a8f7809556bd3c474b1520fba0d35,a_f47a8f7809556bd3c474b1520fba0d35,p_34ad33705728d9875f500b1b30982207,p_f20f8250c88d103697dd803efa0f0d0c,6,242,39,38,291252,2827,77,294079,318.18181818181819,1215202.4793388429,3819.2077922077924,0.50649350649350644,0.99038693684350121
r_d50d9100d41225353f70de8e3fde011d,Direct file transfer,d_fd46828b3606c9bab93dce55ae07fefe,0,1,a_f47a8f7809556bd3c474b1520fba0d35,a_f47a8f7809556bd3c474b1520fba0d35,p_c8becd7fadbb85cdfc27efe3b4e4b52e,p_2e2bdff7d79ba86224377da437861888,6,323,27,49,2041,252701,76,254742,235.29411764705881,788674.92260061915,3351.8684210526317,0.35526315789473684,0.0080120278556343287
r_70ec3340fdea29f51e5e21992067b754,Direct file transfer,d_fd46828b3606c9bab93dce55ae07fefe,0,1,a_f47a8f7809556bd3c474b1520fba0d35,a_f47a8f7809556bd3c474b1520fba0d35,p_acc1dafb9f60edfff61d7a5d4a25f665,p_c76517ae9b158cba02287e228c4ea7a9,6,385,55,47,279227,3419,102,282646,264.93506493506493,734145.45454545447,2771.0392156862745,0.53921568627450978,0.98790359672523231
r_bd3d2f93d6c6b512f712fd21006fd3c0,Direct file transfer,d_fd46828b3606c9bab93dce55ae07fefe,0,1,a_f47a8f7809556bd3c474b1520fba0d35,a_f47a8f7809556bd3c474b1520fba0d35,p_6576938ad89d088bddce6b4711914c2b,p_77dbe3e2b43b6b81a173862305b375d0,6,260,41,40,265170,2959,81,268129,311.53846153846155,1031265.3846153846,3310.2345679012346,0.50617283950617287,0.9889642671997434
r_e8c1898fd3cfbf238ba6dceb3f7eca2a,Direct file transfer,d_fd46828b3606c9bab93dce55ae07fefe,0,1,a_f47a8f7809556bd3c474b1520fba0d35,a_f47a8f7809556bd3c474b1520fba0d35,p_8227826aab5d8289fd4f2f11c494c268,p_c0f14bbd0a7540f9669573a1a65f5285,6,289,43,42,304632,3089,85,307721,294.11764705882354,1064778.546712803,3620.2470588235292,0.50588235294117645,0.98996168607277368
r_a5acd4bfc41a31eb57b218201a7a6e04,Direct file transfer,d_fd46828b3606c9bab93dce55ae07fefe,0,1,a_f47a8f7809556bd3c474b1520fba0d35,a_f47a8f7809556bd3c474b1520fba0d35,p_c55fa58c8a7bbd421f239b6513eec412,p_f20f8250c88d103697dd803efa0f0d0c,6,427,59,49,292608,3553,108,296161,252.92740046838409,693585.48009367683,2742.2314814814813,0.54629629629629628,0.98800314693697011
r_f44bca9f397bc3d5582e654e916bca60,Direct file transfer,d_fd46828b3606c9bab93dce55ae07fefe,0,1,a_f47a8f7809556bd3c474b1520fba0d35,a_f47a8f7809556bd3c474b1520fba0d35,p_cee542fa0cc85d5f622c9e4c6ba52a92,p_dd74cc5b69b608ff00edcb1d8b246822,6,317,26,50,1973,265938,76,267911,239.74763406940062,845145.11041009461,3525.1447368421054,0.34210526315789475,0.0073643859341348435
r_bc0fa122a337bb71ea8d44ac1de2bf7f,Direct file transfer,d_fd46828b3606c9bab93dce55ae07fefe,0,1,a_f47a8f7809556bd3c474b1520fba0d35,a_f47a8f7809556bd3c474b1520fba0d35,p_ad1082452980374d6ba3787787e14e07,p_f20f8250c88d103697dd803efa0f0d0c,6,378,29,53,2173,213710,82,215883,216.93121693121694,571119.04761904757,2632.7195121951218,0.35365853658536583,0.010065637405446469
r_b055ef34ff18bbe32dcd13f2ec55760f,Direct file transfer,d_fd46828b3606c9bab93dce55ae07fefe,0,1,a_f47a8f7809556bd3c474b1520fba0d35,a_f47a8f7809556bd3c474b1520fba0d35,p_2a5a860e213fd3195f9d0784c7d5a7de,p_73a113db56cae583b0f4d27a2f1f0ea3,6,251,41,40,265170,2959,81,268129,322.70916334661354,1068243.0278884461,3310.2345679012346,0.50617283950617287,0.9889642671997434
r_e35f82768c1c5ac1759f5168b72c7204,Direct file transfer,d_fd46828b3606c9bab93dce55ae07fefe,0,1,a_f47a8f7809556bd3c474b1520fba0d35,a_f47a8f7809556bd3c474b1520fba0d35,p_717e998c2f98b53713d47fcc83083180,p_fb701d5a05c03fb8299bbc4274ccd85a,6,314,26,50,2021,462442,76,464463,242.03821656050954,1479181.5286624203,6111.355263157895,0.34210526315789475,0.0043512615644303206
r_afacdc68143486619c2502389f392370,Direct file transfer,d_fd46828b3606c9bab93dce55ae07fefe,0,1,a_f47a8f7809556bd3c474b1520fba0d35,a_f47a8f7809556bd3c474b1520fba0d35,p_ed9c659e4ba06baec3572edd7b30d648,p_6688deacbc9d093f76efd71ae803001d,6,255,41,38,265169,2825,79,267994,309.80392156862746,1050956.8627450981,3392.3291139240505,0.51898734177215189,0.98945871922505724
r_b134cba86096dd385583662e4f65db01,Direct file transfer,d_fd46828b3606c9bab93dce55ae07fefe,0,1,a_f47a8f7809556bd3c474b1520fba0d35,a_f47a8f7809556bd3c474b1520fba0d35,p_16afb3c0a1cf624c6a1872a6ef26b5f6,p_73a113db56cae583b0f4d27a2f1f0ea3,6,319,29,51,2161,134816,80,136977,250.78369905956112,429394.98432601878,1712.2125000000001,0.36249999999999999,0.015776371215605541
r_632691432ba9c8e7ffe7ef5f030bc03f,Direct file transfer,d_fd46828b3606c9bab93dce55ae07fefe,0,1,a_f47a8f7809556bd3c474b1520fba0d35,a_f47a8f7809556bd3c474b1520fba0d35,p_f50052435421f92572d5f6de0b461b79,p_2e2bdff7d79ba86224377da437861888,6,276,43,42,304633,3091,85,307724,307.97101449275362,1114942.0289855071,3620.2823529411767,0.50588235294117645,0.9899552846056856
r_90bfb056f578af5844bf0ad8fdeec5e1,Direct file transfer,d_fd46828b3606c9bab93dce55ae07fefe,0,1,a_f47a8f7809556bd3c474b1520fba0d35,a_f47a8f7809556bd3c474b1520fba0d35,p_16f9e82fd8e1ad292c7368a8b3cef199,p_6688deacbc9d093f76efd71ae803001d,6,308,29,51,2159,134765,80,136924,259.74025974025972,444558.44155844155,1711.55,0.36249999999999999,0.015767871227834421
r_47f924ce792ea32ba00fecd7e10d16c6,Direct file transfer,d_fd46828b3606c9bab93dce55ae07fefe,0,1,a_f47a8f7809556bd3c474b1520fba0d35,a_f47a8f7809556bd3c474b1520fba0d35,p_25bd31a99aff6852be3157d1d94f78d5,p_2e2bdff7d79ba86224377da437861888,6,379,40,56,2887,240004,96,242891,253.29815303430078,640873.35092348279,2530.1145833333335,0.41666666666666669,0.011885990011980683
r_61c36d383b20e201b804bda29f574545,Direct file transfer,d_fd46828b3606c9bab93dce55ae07fefe,0,1,a_f47a8f7809556bd3c474b1520fba0d35,a_f47a8f7809556bd3c474b1520fba0d35,p_22f885dc40f14889c3851e6d5737e485,p_f20f8250c88d103697dd803efa0f0d0c,6,287,43,39,304633,2893,82,307526,285.71428571428572,1071519.1637630663,3750.3170731707319,0.52439024390243905,0.99059266533561385
r_cbe0b5ad8995ddded3a73b3a147d6a39,Direct file transfer,d_fd46828b3606c9bab93dce55ae07fefe,0,1,a_f47a8f7809556bd3c474b1520fba0d35,a_f47a8f7809556bd3c474b1520fba0d35,p_df72ab6cc997b16a44b658575f380b1b,p_de7751b84215a2b890900c93db9f1d01,6,375,27,52,2075,567369,79,569444,210.66666666666666,1518517.3333333333,7208.1518987341769,0.34177215189873417,0.0036439052830480258
r_a2b3af2bca2ece79fe209077e35db34a,Direct file transfer,d_fd46828b3606c9bab93dce55ae07fefe,0,1,a_f47a8f7809556bd3c474b1520fba0d35,a_f47a8f7809556bd3c474b1520fba0d35,p_caa0ceaa2c45653e5b0716cf2dfc0651,p_c76517ae9b158cba02287e228c4ea7a9,6,378,27,49,2039,475643,76,477682,201.05820105820106,1263708.9947089946,6285.2894736842109,0.35526315789473684,0.004268530109989491
r_4d1166b0eba712f58c5c5ee9aa13d4ea,Direct file transfer,d_fd46828b3606c9bab93dce55ae07fefe,0,1,a_f47a8f7809556bd3c474b1520fba0d35,a_f47a8f7809556bd3c474b1520fba0d35,p_d4d74bdd63ec67d9b3c7a644d05ab038,p_77dbe3e2b43b6b81a173862305b375d0,6,377,26,53,1963,541230,79,543193,209.54907161803715,1440830.2387267905,6875.8607594936711,0.32911392405063289,0.0036138168201725724
r_571c61b1d0ce721a4da9d9c3f5a9d0c0,Direct file transfer,d_fd46828b3606c9bab93dce55ae07fefe,0,1,a_f47a8f7809556bd3c474b1520fba0d35,a_f47a8f7809556bd3c474b1520fba0d35,p_c076c45e9af03fbfeb33058ff0abe27a,p_2e2bdff7d79ba86224377da437861888,6,249,39,37,291252,2761,76,294013,305.22088353413653,1180775.1004016064,3868.5921052631579,0.51315789473684215,0.99060925877427186
r_8560fa117304fc0713cf2143fc2acfaa,Direct file transfer,d_fd46828b3606c9bab93dce55ae07fefe,0,1,a_f47a8f7809556bd3c474b1520fba0d35,a_f47a8f7809556bd3c474b1520fba0d35,p_614ab3cbcf9877be156b1385ccb289d7,p_fb701d5a05c03fb8299bbc4274ccd85a,6,376,27,51,2039,423451,78,425490,207.44680851063831,1131622.3404255318,5455,0.34615384615384615,0.0047921220240193657
r_7899166f58d0a93fa085b50138bca785,Direct file transfer,d_fd46828b3606c9bab93dce55ae07fefe,0,1,a_f47a8f7809556bd3c474b1520fba0d35,a_f47a8f7809556bd3c474b1520fba0d35,p_eda128c1b21d5cc919e102caffbd247e,p_c0f14bbd0a7540f9669573a1a65f5285,6,444,28,55,2105,305749,83,307854,186.93693693693695,693364.86486486485,3709.0843373493976,0.33734939759036142,0.0068376568113456375
r_ef73d60f092881b6b9d7416dca28cb7c,Direct file transfer,d_fd46828b3606c9bab93dce55ae07fefe,0,1,a_f47a8f7809556bd3c474b1520fba0d35,a_f47a8f7809556bd3c474b1520fba0d35,p_0dc14050666a9fd697e85ce5b5e2f6af,p_c0f14bbd0a7540f9669573a1a65f5285,6,321,47,43,318011,3155,90,321166,280.37383177570092,1000517.1339563862,3568.5111111111109,0.52222222222222225,0.99017641967082448
r_cc5ae674282e0b631617827eb1402c9f,Direct file transfer,d_fd46828b3606c9bab93dce55ae07fefe,0,1,a_f47a8f7809556bd3c474b1520fba0d35,a_f47a8f7809556bd3c474b1520fba0d35,p_d97ee4c6f5bb11858afe87df387b782b,p_c76517ae9b158cba02287e228c4ea7a9,6,317,47,42,318011,3089,89,321100,280.75709779179812,1012933.7539432177,3607.8651685393256,0.5280898876404494,0.99037994394269702
r_8def86c120c1ded2db27d349cb602ad1,Direct file transfer,d_fd46828b3606c9bab93dce55ae07fefe,0,1,a_f47a8f7809556bd3c474b1520fba0d35,a_f47a8f7809556bd3c474b1520fba0d35,p_664ee54f231173ba29d97f45ee2cfeb5,p_73a113db56cae583b0f4d27a2f1f0ea3,6,381,26,53,1975,292552,79,294527,207.3490813648294,773036.74540682416,3728.1898734177216,0.32911392405063289,0.0067056670525961967
r_bef06fbd64e256e7338e88b3ead34313,Direct file transfer,d_fd46828b3606c9bab93dce55ae07fefe,0,1,a_f47a8f7809556bd3c474b1520fba0d35,a_f47a8f7809556bd3c474b1520fba0d35,p_056ad7335b959545a49054264819b6fc,p_73a113db56cae583b0f4d27a2f1f0ea3,6,304,45,42,278550,3091,87,281641,286.18421052631578,926450.65789473685,3237.2528735632186,0.51724137931034486,0.98902503541742859
r_c0cb33405b801622838495add286b3b5,Direct file transfer,d_fd46828b3606c9bab93dce55ae07fefe,0,1,a_f47a8f7809556bd3c474b1520fba0d35,a_f47a8f7809556bd3c474b1520fba0d35,p_d80b872106b166bdab55052127dda096,p_6688deacbc9d093f76efd71ae803001d,6,292,45,43,278549,3155,88,281704,301.36986301369865,964739.72602739732,3201.181818181818,0.51136363636363635,0.98880030102518957
r_1efaa8b8549169cd939d36fe248c1d93,Direct file transfer,d_fd46828b3606c9bab93dce55ae07fefe,0,1,a_f47a8f7809556bd3c474b1520fba0d35,a_f47a8f7809556bd3c474b1520fba0d35,p_c3263ceff0b673b1404e0d21973eb903,p_2e2bdff7d79ba86224377da437861888,6,318,47,44,318012,3223,91,321235,286.1635220125786,1010172.9559748428,3530.0549450549452,0.51648351648351654,0.98996684670101331
r_3406cc9eeda482fc20ad676eedef835a,Direct file transfer,d_fd46828b3606c9bab93dce55ae07fefe,0,1,a_f47a8f7809556bd3c474b1520fba0d35,a_f47a8f7809556bd3c474b1520fba0d35,p_c91226e7809124ae8f46702a6a1bfc36,p_de7751b84215a2b890900c93db9f1d01,6,447,26,55,1973,633262,81,635235,181.20805369127515,1421107.3825503355,7842.4074074074078,0.32098765432098764,0.0031059371728572888
r_a47554633c6b199e71ea080913ba8cf6,Direct file transfer,d_fd46828b3606c9bab93dce55ae07fefe,0,1,a_f47a8f7809556bd3c474b1520fba0d35,a_f47a8f7809556bd3c474b1520fba0d35,p_e7cb8a47a8317fd78c8a15842ca4833b,p_c76517ae9b158cba02287e228c4ea7a9,6,440,26,53,1973,567763,79,569736,179.54545454545453,1294854.5454545454,7211.8481012658231,0.32911392405063289,0.003463007428001741
r_4c793d303bbecf7e9e31e3786a1aeb13,Direct file transfer,d_fd46828b3606c9bab93dce55ae07fefe,0,1,a_f47a8f7809556bd3c474b1520fba0d35,a_f47a8f7809556bd3c474b1520fba0d35,p_cc9989a270944fb35d96812f1202e7a7,p_77dbe3e2b43b6b81a173862305b375d0,6,440,26,56,1975,581067,82,583042,186.36363636363637,1325095.4545454546,7110.2682926829266,0.31707317073170732,0.0033874060530802242
r_6c103e25ee8f1ec279603b086091e679,Direct file transfer,d_fd46828b3606c9bab93dce55ae07fefe,0,1,a_f47a8f7809556bd3c474b1520fba0d35,a_f47a8f7809556bd3c474b1520fba0d35,p_a2e5d4720fcc9d2c2bdf816f5615c4fa,p_c76517ae9b158cba02287e228c4ea7a9,6,418,59,48,292607,3485,107,296092,255.98086124401914,708354.06698564591,2767.2149532710282,0.55140186915887845,0.98823000959161345
r_5f57da86e5ce7f8c43422b587f207f88,Direct file transfer,d_fd46828b3606c9bab93dce55ae07fefe,0,1,a_f47a8f7809556bd3c474b1520fba0d35,a_f47a8f7809556bd3c474b1520fba0d35,p_84711fb559cc25453d7309b8cc7d6125,p_fb701d5a05c03fb8299bbc4274ccd85a,6,333,49,44,291929,3221,93,295150,279.27927927927925,886336.33633633633,3173.6559139784945,0.5268817204301075,0.98908690496357787
r_63ebbc08b30f32de3ce8466583f068fe,Direct file transfer,d_fd46828b3606c9bab93dce55ae07fefe,0,1,a_f47a8f7809556bd3c474b1520fba0d35,a_f47a8f7809556bd3c474b1520fba0d35,p_c3c7a7e1c762eeb4a895ebbee9faca3d,p_c0f14bbd0a7540f9669573a1a65f5285,6,483,67,52,319367,3749,119,323116,246.37681159420291,668977.22567287786,2715.2605042016808,0.56302521008403361,0.98839735574839993
r_07cdb65f30d72db4018f39b903209277,Direct file transfer,d_fd46828b3606c9bab93dce55ae07fefe,0,1,a_f47a8f7809556bd3c474b1520fba0d35,a_f47a8f7809556bd3c474b1520fba0d35,p_58373b9020be14d1f60ea193dc73d30f,p_de7751b84215a2b890900c93db9f1d01,6,283,43,42,304632,3089,85,307721,300.35335689045939,1087353.3568904595,3620.2470588235292,0.50588235294117645,0.98996168607277368
r_3b6385af724dbc1d06bfed1030d3ea4b,Direct file transfer,d_fd46828b3606c9bab93dce55ae07fefe,0,1,a_f47a8f7809556bd3c474b1520fba0d35,a_f47a8f7809556bd3c474b1520fba0d35,p_80f29cd051e799ffaaf5e07b8cfc4c3a,p_73a113db56cae583b0f4d27a2f1f0ea3,6,323,49,43,291930,3157,92,295087,284.82972136222907,913582.0433436532,3207.467391304348,0.53260869565217395,0.98930146024731691
r_6d16dba3527e618ee349d99d891c073e,Direct file transfer,d_fd46828b3606c9bab93dce55ae07fefe,0,1,a_f47a8f7809556bd3c474b1520fba0d35,a_f47a8f7809556bd3c474b1520fba0d35,p_61c734771f7abe66df34bbbc5eadea0c,p_2e2bdff7d79ba86224377da437861888,6,440,27,55,2041,305792,82,307833,186.36363636363637,699620.45454545459,3754.060975609756,0.32926829268292684,0.0066302183326673878
r_f5f6e8bd44d629faf8e2d021557fe8fe,Direct file transfer,d_fd46828b3606c9bab93dce55ae07fefe,0,1,a_f47a8f7809556bd3c474b1520fba0d35,a_f47a8f7809556bd3c474b1520fba0d35,p_4b12b89588a70db18f90d1d1a353e625,p_dd74cc5b69b608ff00edcb1d8b246822,6,331,49,44,291929,3221,93,295150,280.96676737160118,891691.84290030203,3173.6559139784945,0.5268817204301075,0.98908690496357787
r_0c59a574420419ab9093487dcefa10cd,Direct file transfer,d_fd46828b3606c9bab93dce55ae07fefe,0,1,a_f47a8f7809556bd3c474b1520fba0d35,a_f47a8f7809556bd3c474b1520fba0d35,p_d7d9b3d766d8434418ea25552de5e11a,p_77dbe3e2b43b6b81a173862305b375d0,6,463,65,49,279906,3553,114,283459,246.22030237580992,612222.46220302372,2486.4824561403507,0.57017543859649122,0.98746555939306924
r_8f76377fd7b3f0f95162279f6e4fd774,Direct file transfer,d_fd46828b3606c9bab93dce55ae07fefe,0,1,a_f47a8f7809556bd3c474b1520fba0d35,a_f47a8f7809556bd3c474b1520fba0d35,p_c34cea16991b6f957f2c47bcce9879ef,p_c0f14bbd0a7540f9669573a1a65f5285,6,633,25,66,1907,346592,91,348499,143.75987361769353,550551.34281200636,3829.6593406593406,0.27472527472527475,0.0054720386572127896
r_4f02dc6dd8d79a45e21e18b37250f3ec,Direct file transfer,d_fd46828b3606c9bab93dce55ae07fefe,0,1,a_f47a8f7809556bd3c474b1520fba0d35,a_f47a8f7809556bd3c474b1520fba0d35,p_1e3743b7ee5e021df5dd7d8d9441c230,p_77dbe3e2b43b6b81a173862305b375d0,6,300,45,43,278550,3157,88,281707,293.33333333333337,939023.33333333337,3201.215909090909,0.51136363636363635,0.9887933207197549
r_09959c952f3745f4b91bf8f85a162cde,Direct file transfer,d_fd46828b3606c9bab93dce55ae07fefe,0,1,a_f47a8f7809556bd3c474b1520fba0d35,a_f47a8f7809556bd3c474b1520fba0d35,p_1d23fbd8c71f0dfb0dcbfa08ac692df8,p_c0f14bbd0a7540f9669573a1a65f5285,6,191,26,38,1969,133913,64,135882,335.0785340314136,711424.08376963355,2123.15625,0.40625,0.014490513828174446
r_3549185276135d7fb3f5fa21d00eaff3,Direct file transfer,d_fd46828b3606c9bab93dce55ae07fefe,0,1,a_f47a8f7809556bd3c474b1520fba0d35,a_f47a8f7809556bd3c474b1520fba0d35,p_4cd8f647542ce88bce79119d63927cec,p_fb701d5a05c03fb8299bbc4274ccd85a,6,302,45,42,278549,3089,87,281638,288.07947019867549,932576.15894039744,3237.2183908045977,0.51724137931034486,0.98903201982686995
r_0efca34e2d1d356a4872eb2a2125f5f8,Direct file transfer,d_fd46828b3606c9bab93dce55ae07fefe,0,1,a_f47a8f7809556bd3c474b1520fba0d35,a_f47a8f7809556bd3c474b1520fba0d35,p_f347cb1bb3bfa52a45994637b1be24d9,p_dd74cc5b69b608ff00edcb1d8b246822,6,413,61,49,266525,3551,110,270076,266.34382566585958,653937.04600484262,2455.2363636363634,0.55454545454545456,0.9868518491091397
r_a3037ea9e6c3feea33041f37d23b127c,Direct file transfer,d_fd46828b3606c9bab93dce55ae07fefe,0,1,a_f47a8f7809556bd3c474b1520fba0d35,a_f47a8f7809556bd3c474b1520fba0d35,p_53ef84cecbee1fb982736e1fd8f26dcc,p_f20f8250c88d103697dd803efa0f0d0c,6,635,40,71,2947,739610,111,742557,174.8031496062992,1169381.1023622048,6689.7027027027025,0.36036036036036034,0.0039687188996938953
r_03940284c7e3823092c942ff8029195e,Direct file transfer,d_fd46828b3606c9bab93dce55ae07fefe,0,1,a_f47a8f7809556bd3c474b1520fba0d35,a_f47a8f7809556bd3c474b1520fba0d35,p_0cf5523ff8457b12f676c284a7043d89,p_f20f8250c88d103697dd803efa0f0d0c,6,183,26,38,1971,133915,64,135886,349.72677595628414,742546.44808743172,2123.21875,0.40625,0.014504805498726875
r_06b3ffbaaf84a8cee28f00c4b426d2bd,Direct file transfer,d_fd46828b3606c9bab93dce55ae07fefe,0,1,a_f47a8f7809556bd3c474b1520fba0d35,a_f47a8f7809556bd3c474b1520fba0d35,p_e2c7c2a7003fab3f8802480c28bc7bd8,p_2e2bdff7d79ba86224377da437861888,6,193,26,38,1971,133956,64,135927,331.6062176165803,704284.9740932642,2123.859375,0.40625,0.014500430378070582
r_7d38fc687bed3a68251bca0628661e5f,Direct file transfer,d_fd46828b3606c9bab93dce55ae07fefe,0,1,a_f47a8f7809556bd3c474b1520fba0d35,a_f47a8f7809556bd3c474b1520fba0d35,p_8f384b619ac9dec756fd5a902c4f536f,p_c76517ae9b158cba02287e228c4ea7a9,6,191,24,36,1849,330391,60,332240,314.13612565445027,1739476.439790576,5537.333333333333,0.40000000000000002,0.0055652540332289911
r_2c0d67d6ac30ef76f3ac8cc5e1712f6f,Direct file transfer,d_fd46828b3606c9bab93dce55ae07fefe,0,1,a_f47a8f7809556bd3c474b1520fba0d35,a_f47a8f7809556bd3c474b1520fba0d35,p_b132f050f2d5c8334c881692c959b2f6,p_fb701d5a05c03fb8299bbc4274ccd85a,6,439,26,56,1973,581067,82,583040,186.78815489749431,1328109.3394077448,7110.2439024390242,0.31707317073170732,0.0033839873765093304
r_fca993cd29509487f8cae8b4710e8463,Direct file transfer,d_fd46828b3606c9bab93dce55ae07fefe,0,1,a_f47a8f7809556bd3c474b1520fba0d35,a_f47a8f7809556bd3c474b1520fba0d35,p_e214914b57aab1cc9991110a5c808cf9,p_fb701d5a05c03fb8299bbc4274ccd85a,6,614,27,67,2039,752876,94,754915,153.09446254071662,1229503.2573289901,8031.010638297872,0.28723404255319152,0.0027009663339581276
r_53b170268f519acfdf5561711cefdd24,Direct file transfer,d_fd46828b3606c9bab93dce55ae07fefe,0,1,a_f47a8f7809556bd3c474b1520fba0d35,a_f47a8f7809556bd3c474b1520fba0d35,p_0074763855f34347c13f9730025c9654,p_de7751b84215a2b890900c93db9f1d01,6,190,25,37,1903,199375,62,201278,326.31578947368422,1059357.894736842,3246.4193548387098,0.40322580645161288,0.0094545852005683689
r_aeb24424632290ff85ef706378f6724e,Direct file transfer,d_fd46828b3606c9bab93dce55ae07fefe,0,1,a_f47a8f7809556bd3c474b1520fba0d35,a_f47a8f7809556bd3c474b1520fba0d35,p_d3c343bdf604f0eb5495090464839961,p_de7751b84215a2b890900c93db9f1d01,6,423,59,49,292607,3551,108,296158,255.31914893617022,700137.11583924352,2742.2037037037039,0.54629629629629628,0.98800977856414485
r_2e77a56b5fbfdc7b1734103d1f12a4e0,Direct file transfer,d_fd46828b3606c9bab93dce55ae07fefe,0,1,a_f47a8f7809556bd3c474b1520fba0d35,a_f47a8f7809556bd3c474b1520fba0d35,p_c8c31ee08466731e19eea7064dcf6c93,p_dd74cc5b69b608ff00edcb1d8b246822,6,493,26,58,1961,305629,84,307590,170.38539553752537,623914.8073022312,3661.7857142857142,0.30952380952380953,0.0063753698104619784
r_ebbcc78819a2b71bbc75dfeada0cba3f,Direct file transfer,d_fd46828b3606c9bab93dce55ae07fefe,0,1,a_f47a8f7809556bd3c474b1520fba0d35,a_f47a8f7809556bd3c474b1520fba0d35,p_6ab9a6914219296f0fa66d2e29756c71,p_77dbe3e2b43b6b81a173862305b375d0,6,361,53,46,305311,3355,99,308666,274.23822714681444,855030.47091412742,3117.8383838383838,0.53535353535353536,0.98913064607050982
r_1700aaa9d18c0529fd95c843d5225e25,Direct file transfer,d_fd46828b3606c9bab93dce55ae07fefe,0,1,a_f47a8f7809556bd3c474b1520fba0d35,a_f47a8f7809556bd3c474b1520fba0d35,p_567634ba2e889852cd1d5693df397777,p_6688deacbc9d093f76efd71ae803001d,6,445,26,56,1973,581057,82,583030,184.2696629213483,1310179.7752808989,7110.1219512195121,0.31707317073170732,0.0033840454179030238
r_10772c5058f2cdbaeb991c5e492da18e,Direct file transfer,d_fd46828b3606c9bab93dce55ae07fefe,0,1,a_f47a8f7809556bd3c474b1520fba0d35,a_f47a8f7809556bd3c474b1520fba0d35,p_dacc44b3749c3cebb2de9d29d1cc19b4,p_6688deacbc9d093f76efd71ae803001d,6,463,65,51,279905,3683,116,283588,250.53995680345571,612501.07991360687,2444.7241379310344,0.56034482758620685,0.98701284962692359
r_12caa08ee26210b41f6991036730c0ab,Direct file transfer,d_fd46828b3606c9bab93dce55ae07fefe,0,1,a_f47a8f7809556bd3c474b1520fba0d35,a_f47a8f7809556bd3c474b1520fba0d35,p_0855683f0e5c4bbf97cb86e4930a32e8,p_6688deacbc9d093f76efd71ae803001d,6,426,61,49,266525,3551,110,270076,258.21596244131456,633981.22065727704,2455.2363636363634,0.55454545454545456,0.9868518491091397
r_cc48f6924db36d1dc844ea5f8ef585da,Direct file transfer,d_fd46828b3606c9bab93dce55ae07fefe,0,1,a_f47a8f7809556bd3c474b1520fba0d35,a_f47a8f7809556bd3c474b1520fba0d35,p_10dff6912d81e2c03ff57482cfe9af3b,p_f20f8250c88d103697dd803efa0f0d0c,6,181,31,30,264490,2295,61,266785,337.0165745856354,1473950.2762430939,4373.5245901639346,0.50819672131147542,0.99139756732949758
r_b2f42bdb18d291d009bfb6a7935677d0,Direct file transfer,d_fd46828b3606c9bab93dce55ae07fefe,0,1,a_f47a8f7809556bd3c474b1520fba0d35,a_f47a8f7809556bd3c474b1520fba0d35,p_d0e0de580a21ac5910cd2a13a672b976,p_dd74cc5b69b608ff00edcb1d8b246822,6,467,65,51,279905,3683,116,283588,248.39400428265523,607254.81798715203,2444.7241379310344,0.56034482758620685,0.98701284962692359
r_e334aa2867bb9366ac5bc14539d6bfc9,Direct file transfer,d_fd46828b3606c9bab93dce55ae07fefe,0,1,a_f47a8f7809556bd3c474b1520fba0d35,a_f47a8f7809556bd3c474b1520fba0d35,p_414bf30b263c2d7e1478b8e108c05946,p_f20f8250c88d103697dd803efa0f0d0c,6,436,29,55,2161,187468,84,189629,192.66055045871559,434928.89908256882,2257.4880952380954,0.34523809523809523,0.011395936275569665
r_c121cbe0110c34c50a5a01467748fce7,Direct file transfer,d_fd46828b3606c9bab93dce55ae07fefe,0,1,a_f47a8f7809556bd3c474b1520fba0d35,a_f47a8f7809556bd3c474b1520fba0d35,p_604523cda07535a985338e1639ba2c53,p_6688deacbc9d093f76efd71ae803001d,6,561,27,66,2075,595302,93,597377,165.77540106951869,1064843.1372549019,6423.4086021505373,0.29032258064516131,0.0034735183979296156
r_2ba0d716839995cad5a3539e22822749,Direct file transfer,d_fd46828b3606c9bab93dce55ae07fefe,0,1,a_f47a8f7809556bd3c474b1520fba0d35,a_f47a8f7809556bd3c474b1520fba0d35,p_70c28e46d83e4095d45a3c79dc6a2881,p_fb701d5a05c03fb8299bbc4274ccd85a,6,503,29,61,2171,214662,90,216833,178.92644135188866,431079.52286282304,2409.2555555555555,0.32222222222222224,0.010012313623848768
r_b951c35335ed757143fb2ded42c70d61,Direct file transfer,d_fd46828b3606c9bab93dce55ae07fefe,0,1,a_f47a8f7809556bd3c474b1520fba0d35,a_f47a8f7809556bd3c474b1520fba0d35,p_b17a54c92c2c52d5d0ca24c145813302,p_77dbe3e2b43b6b81a173862305b375d0,6,438,61,48,266526,3487,109,270013,248.85844748858449,616468.03652968036,2477.1834862385322,0.55963302752293576,0.98708580697966397
r_bc1f0b3025fbb145642c4c25754d2c1d,Direct file transfer,d_fd46828b3606c9bab93dce55ae07fefe,0,1,a_f47a8f7809556bd3c474b1520fba0d35,a_f47a8f7809556bd3c474b1520fba0d35,p_d330002f6c7230e31080265051228984,p_2e2bdff7d79ba86224377da437861888,6,179,31,29,264490,2229,60,266719,335.195530726257,1490050.2793296089,4445.3166666666666,0.51666666666666672,0.99164289008282125
r_8060e1fc8ea71d84cbbcc5235a89f634,Direct file transfer,d_fd46828b3606c9bab93dce55ae07fefe,0,1,a_f47a8f7809556bd3c474b1520fba0d35,a_f47a8f7809556bd3c474b1520fba0d35,p_6436ece7c3bb1662bae52d674ea052d7,p_73a113db56cae583b0f4d27a2f1f0ea3,6,374,53,45,305311,3289,98,308600,262.03208556149735,825133.68983957218,3148.9795918367345,0.54081632653061229,0.98934219053791317
r_ca9b7d53a2823f55851cf7a5b836f3d4,Direct file transfer,d_fd46828b3606c9bab93dce55ae07fefe,0,1,a_f47a8f7809556bd3c474b1520fba0d35,a_f47a8f7809556bd3c474b1520fba0d35,p_f84f72c1ed4a7b4bb85c93885cc81caf,p_fb701d5a05c03fb8299bbc4274ccd85a,6,681,27,69,2087,844864,96,846951,140.9691629955947,1243687.2246696034,8822.40625,0.28125,0.0024641331080546571
r_518ff451ff886315a4079769d9805297,Direct file transfer,d_fd46828b3606c9bab93dce55ae07fefe,0,1,a_f47a8f7809556bd3c474b1520fba0d35,a_f47a8f7809556bd3c474b1520fba0d35,p_1a87d4444a40e4df44b469158ded3da8,p_73a113db56cae583b0f4d27a2f1f0ea3,6,430,61,49,266526,3553,110,270079,255.81395348837211,628090.69767441857,2455.2636363636366,0.55454545454545456,0.98684458991628377
r_ee16a927fc3d296abc5bb2430cfaf132,Direct file transfer,d_fd46828b3606c9bab93dce55ae07fefe,0,1,a_f47a8f7809556bd3c474b1520fba0d35,a_f47a8f7809556bd3c474b1520fba0d35,p_6b2ad39257129e41e1346b1cb81ecc1e,p_c76517ae9b158cba02287e228c4ea7a9,6,499,67,51,319367,3683,118,323050,236.47294589178358,647394.7895791583,2737.7118644067796,0.56779661016949157,0.9885992880359078
r_a9a820822d1999809839fdb3cb6b9729,Direct file transfer,d_fd46828b3606c9bab93dce55ae07fefe,0,1,a_f47a8f7809556bd3c474b1520fba0d35,a_f47a8f7809556bd3c474b1520fba0d35,p_a31a800fbff0fa6fa9c48835f42cb2a2,p_dd74cc5b69b608ff00edcb1d8b246822,6,356,53,46,305310,3353,99,308663,278.08988764044943,867030.89887640451,3117.8080808080808,0.53535353535353536,0.98913701998619852
r_09b407a82c887c9c78e3f78492bad400,Direct file transfer,d_fd46828b3606c9bab93dce55ae07fefe,0,1,a_f47a8f7809556bd3c474b1520fba0d35,a_f47a8f7809556bd3c474b1520fba0d35,p_b07d50430664d35638453729b18a2544,p_c0f14bbd0a7540f9669573a1a65f5285,6,387,55,46,279227,3353,101,282580,260.98191214470285,730180.87855297152,2797.8217821782177,0.54455445544554459,0.98813433364003112
r_4f572afbc21757e8102c6dc4d15ee6b6,Direct file transfer,d_fd46828b3606c9bab93dce55ae07fefe,0,1,a_f47a8f7809556bd3c474b1520fba0d35,a_f47a8f7809556bd3c474b1520fba0d35,p_a9de31a88622b00ec640009190c0490a,p_2e2bdff7d79ba86224377da437861888,6,623,26,67,1975,346648,93,348623,149.27768860353129,559587.47993579449,3748.6344086021504,0.27956989247311825,0.0056651454436454276
r_ae47859481fdc0665ba635b1a982893d,Direct file transfer,d_fd46828b3606c9bab93dce55ae07fefe,0,1,a_f47a8f7809556bd3c474b1520fba0d35,a_f47a8f7809556bd3c474b1520fba0d35,p_ee63d36de74eeb0c09cdb9d554288b15,p_c0f14bbd0a7540f9669573a1a65f5285,6,440,26,58,1969,528873,84,530842,190.90909090909091,1206459.0909090908,6319.5476190476193,0.30952380952380953,0.0037092016080114234
r_9c2491ebdfe3cb2b7b7f336c8cb4134c,Direct file transfer,d_fd46828b3606c9bab93dce55ae07fefe,0,1,a_f47a8f7809556bd3c474b1520fba0d35,a_f47a8f7809556bd3c474b1520fba0d35,p_35103138abab014e3b0b5bb202981387,p_f20f8250c88d103697dd803efa0f0d0c,6,445,27,58,2073,594358,85,596431,191.01123595505618,1340294.3820224719,7016.8352941176472,0.31764705882352939,0.0034756744703075462
r_fa7fe739a133316942dc570364d7f6f8,Direct file transfer,d_fd46828b3606c9bab93dce55ae07fefe,0,1,a_f47a8f7809556bd3c474b1520fba0d35,a_f47a8f7809556bd3c474b1520fba0d35,p_7d426d5bbba635914a3b9f24404230a4,p_2e2bdff7d79ba86224377da437861888,6,375,55,46,279228,3355,101,282583,269.33333333333331,753554.66666666663,2797.8514851485147,0.54455445544554459,0.98812738204350581
r_1b9c8be6471d884ec0e11d58ba8b6760,Direct file transfer,d_fd46828b3606c9bab93dce55ae07fefe,0,1,a_f47a8f7809556bd3c474b1520fba0d35,a_f47a8f7809556bd3c474b1520fba0d35,p_8ba8abcc4506cc30cc673b39059d51d3,p_73a113db56cae583b0f4d27a2f1f0ea3,6,492,26,59,1975,345696,85,347671,172.76422764227644,706648.37398373988,4090.2470588235292,0.30588235294117649,0.0056806578633248096
r_29978839e8873298bc86ace305e1a0b3,Direct file transfer,d_fd46828b3606c9bab93dce55ae07fefe,0,1,a_f47a8f7809556bd3c474b1520fba0d35,a_f47a8f7809556bd3c474b1520fba0d35,p_2b0801291d900c896be9bb6fc7a78aeb,p_6688deacbc9d093f76efd71ae803001d,6,504,26,60,1985,673126,86,675111,170.63492063492063,1339505.9523809524,7850.1279069767443,0.30232558139534882,0.0029402572317737382
r_b9c4bf4361b66bb0137708cfe2fe8905,Direct file transfer,d_fd46828b3606c9bab93dce55ae07fefe,0,1,a_f47a8f7809556bd3c474b1520fba0d35,a_f47a8f7809556bd3c474b1520fba0d35,p_98527d46ab3c40fcb2a1325c4e3af0f8,p_c76517ae9b158cba02287e228c4ea7a9,6,640,26,66,1973,608579,92,610552,143.75,953987.5,6636.434782608696,0.28260869565217389,0.0032315019850889031
r_865c3146d3f0fca973b06e6f53acf093,Direct file transfer,d_fd46828b3606c9bab93dce55ae07fefe,0,1,a_f47a8f7809556bd3c474b1520fba0d35,a_f47a8f7809556bd3c474b1520fba0d35,p_a79c708d342b783054b1fd2caf34de89,p_c0f14bbd0a7540f9669573a1a65f5285,6,499,28,60,2105,620969,88,623074,176.35270541082164,1248645.2905811623,7080.386363636364,0.31818181818181818,0.0033784109110635333
r_32ca270b8aae1b64eb0a216f83ce3418,Direct file transfer,d_fd46828b3606c9bab93dce55ae07fefe,0,1,a_f47a8f7809556bd3c474b1520fba0d35,a_f47a8f7809556bd3c474b1520fba0d35,p_7a0a7c3fe0e9a4c0f41ef9b3ebe7699e,p_f20f8250c88d103697dd803efa0f0d0c,6,510,29,62,2161,148608,91,150769,178.43137254901961,295625.49019607843,1656.8021978021977,0.31868131868131866,0.014333185203854903
r_faa9e7708287eaae52ff535fc55bfdbf,Direct file transfer,d_fd46828b3606c9bab93dce55ae07fefe,0,1,a_f47a8f7809556bd3c474b1520fba0d35,a_f47a8f7809556bd3c474b1520fba0d35,p_b9f7e2f86976bcd4f26d208f20b29254,p_dd74cc5b69b608ff00edcb1d8b246822,6,408,57,48,318689,3485,105,322174,257.35294117647061,789642.15686274518,3068.3238095238094,0.54285714285714282,0.98918286391825538
r_27f37d509efff35222a87131dc8affa6,Direct file transfer,d_fd46828b3606c9bab93dce55ae07fefe,0,1,a_f47a8f7809556bd3c474b1520fba0d35,a_f47a8f7809556bd3c474b1520fba0d35,p_6a518fb548c8d10ac7f63174c776e263,p_77dbe3e2b43b6b81a173862305b375d0,6,411,57,47,318690,3421,104,322111,253.04136253041364,783725.06082725071,3097.2211538461538,0.54807692307692313,0.98937943752308988
r_e6a6e8b06628e5f2142696e92de475bc,Direct file transfer,d_fd46828b3606c9bab93dce55ae07fefe,0,1,a_f47a8f7809556bd3c474b1520fba0d35,a_f47a8f7809556bd3c474b1520fba0d35,p_d41cd213e6a165c016093ece80d5cbae,p_c76517ae9b158cba02287e228c4ea7a9,6,512,26,63,1973,555474,89,557447,173.828125,1088763.671875,6263.4494382022476,0.29213483146067415,0.0035393499292309403
r_23028aa516e2e47bfe52a6fd685cc64d,Direct file transfer,d_fd46828b3606c9bab93dce55ae07fefe,0,1,a_f47a8f7809556bd3c474b1520fba0d35,a_f47a8f7809556bd3c474b1520fba0d35,p_a2a7150beb1ad3f57b6a9e7c224e412f,p_dd74cc5b69b608ff00edcb1d8b246822,6,631,26,69,1973,294413,95,296386,150.55467511885897,469708.39936608559,3119.8526315789472,0.27368421052631581,0.0066568596357452778
r_fa201364e597c8e1e79dd6984f7dd19e,Direct file transfer,d_fd46828b3606c9bab93dce55ae07fefe,0,1,a_f47a8f7809556bd3c474b1520fba0d35,a_f47a8f7809556bd3c474b1520fba0d35,p_ffbc62a181b3910ae038df62e182e486,p_77dbe3e2b43b6b81a173862305b375d0,6,558,28,61,2107,699734,89,701841,159.49820788530465,1257779.5698924731,7885.8539325842694,0.3146067415730337,0.0030021044652563758
r_136a3e094615c3ec2dcc7e251714df36,Direct file transfer,d_fd46828b3606c9bab93dce55ae07fefe,0,1,a_f47a8f7809556bd3c474b1520fba0d35,a_f47a8f7809556bd3c474b1520fba0d35,p_2af961205b4e0fbbeb5aaea51fe053e8,p_de7751b84215a2b890900c93db9f1d01,6,383,55,47,279227,3419,102,282646,266.31853785900785,737979.11227154045,2771.0392156862745,0.53921568627450978,0.98790359672523231
r_256bc0fa3b93a866da8ddc760e3832b6,Direct file transfer,d_fd46828b3606c9bab93dce55ae07fefe,0,1,a_f47a8f7809556bd3c474b1520fba0d35,a_f47a8f7809556bd3c474b1520fba0d35,p_d09db3172b925231048428496b6007e4,p_73a113db56cae583b0f4d27a2f1f0ea3,6,408,57,47,318690,3421,104,322111,254.90196078431373,789487.74509803928,3097.2211538461538,0.54807692307692313,0.98937943752308988
r_1e2257077f95cfca63629327b9fb7e64,Direct file transfer,d_fd46828b3606c9bab93dce55ae07fefe,0,1,a_f47a8f7809556bd3c474b1520fba0d35,a_f47a8f7809556bd3c474b1520fba0d35,p_c380758fa2c344487cdc29ab5cc11cfe,p_c76517ae9b158cba02287e228c4ea7a9,6,344,51,45,265845,3283,96,269128,279.06976744186051,782348.83720930235,2803.4166666666665,0.53125,0.98780134359858507
r_c5f9f302017955c0f38ed2c71bd7d7e6,Direct file transfer,d_fd46828b3606c9bab93dce55ae07fefe,0,1,a_f47a8f7809556bd3c474b1520fba0d35,a_f47a8f7809556bd3c474b1520fba0d35,p_e4526be14618a1274d0ec31e6fd8e1c9,p_73a113db56cae583b0f4d27a2f1f0ea3,6,499,69,53,293286,3817,122,297103,244.48897795591182,595396.79358717438,2435.2704918032787,0.56557377049180324,0.98715260364250779
r_07a1b831f2e5e58fcf28ed14558cc717,Direct file transfer,d_fd46828b3606c9bab93dce55ae07fefe,0,1,a_f47a8f7809556bd3c474b1520fba0d35,a_f47a8f7809556bd3c474b1520fba0d35,p_7e8ac737991df66aece5ae5ad89b20bb,p_6688deacbc9d093f76efd71ae803001d,6,398,57,48,318689,3485,105,322174,263.8190954773869,809482.41206030152,3068.3238095238094,0.54285714285714282,0.98918286391825538
r_34a3b4b3b4977b6d53395a619020e07e,Direct file transfer,d_fd46828b3606c9bab93dce55ae07fefe,0,1,a_f47a8f7809556bd3c474b1520fba0d35,a_f47a8f7809556bd3c474b1520fba0d35,p_9090b541d70bdd81258294b2698e30ea,p_dd74cc5b69b608ff00edcb1d8b246822,6,563,26,62,1973,372224,88,374197,156.30550621669627,664648.31261101249,4252.238636363636,0.29545454545454547,0.005272623778384113
r_bfab8f984eba67868b04ea0186d2fac4,Direct file transfer,d_fd46828b3606c9bab93dce55ae07fefe,0,1,a_f47a8f7809556bd3c474b1520fba0d35,a_f47a8f7809556bd3c474b1520fba0d35,p_9fc34e83c933edee4c481ce1b5d556f0,p_fb701d5a05c03fb8299bbc4274ccd85a,6,394,57,47,318689,3419,104,322108,263.95939086294413,817532.99492385786,3097.1923076923076,0.54807692307692313,0.9893855477044966
r_e2e8a918123a4418cd644968d9975275,Direct file transfer,d_fd46828b3606c9bab93dce55ae07fefe,0,1,a_f47a8f7809556bd3c474b1520fba0d35,a_f47a8f7809556bd3c474b1520fba0d35,p_220ff2ac9b9f97424072565d02b5995f,p_fb701d5a05c03fb8299bbc4274ccd85a,6,559,26,63,1985,699707,89,701692,159.2128801431127,1255262.969588551,7884.1797752808989,0.29213483146067415,0.0028288764871197049
r_b0c5be0265513fe2a92b3b861b812831,Direct file transfer,d_fd46828b3606c9bab93dce55ae07fefe,0,1,a_f47a8f7809556bd3c474b1520fba0d35,a_f47a8f7809556bd3c474b1520fba0d35,p_ddb0e1d832351336ad4ac5bfd490aca1,p_6688deacbc9d093f76efd71ae803001d,6,534,73,51,306666,3683,124,310349,232.20973782771534,581177.90262172278,2502.8145161290322,0.58870967741935487,0.98813271510460798
r_075c88f8deb9c1bdf87ae3f2926cd080,Direct file transfer,d_fd46828b3606c9bab93dce55ae07fefe,0,1,a_f47a8f7809556bd3c474b1520fba0d35,a_f47a8f7809556bd3c474b1520fba0d35,p_755708f7f41371a4664e7df5273a4e89,p_73a113db56cae583b0f4d27a2f1f0ea3,6,558,26,61,1963,318977,87,320940,155.91397849462365,575161.29032258061,3688.9655172413795,0.2988505747126437,0.0061164080513491622
r_138946af9a91c5004a7ec0ab82319fc7,Direct file transfer,d_fd46828b3606c9bab93dce55ae07fefe,0,1,a_f47a8f7809556bd3c474b1520fba0d35,a_f47a8f7809556bd3c474b1520fba0d35,p_d13250efd4b7a5db1b0e11854e2626eb,p_c76517ae9b158cba02287e228c4ea7a9,6,558,26,65,1985,647515,91,649500,163.08243727598565,1163978.4946236559,7137.3626373626375,0.2857142857142857,0.0030561970746728253
r_f6ebd3c8993a32c5b1669cf9d3e4fa38,Direct file transfer,d_fd46828b3606c9bab93dce55ae07fefe,0,1,a_f47a8f7809556bd3c474b1520fba0d35,a_f47a8f7809556bd3c474b1520fba0d35,p_243af1df8f8d8734ad73640a65271dbe,p_2e2bdff7d79ba86224377da437861888,6,402,59,49,292608,3553,108,296161,268.65671641791045,736718.9054726368,2742.2314814814813,0.54629629629629628,0.98800314693697011
r_ea9626c89a8f016b440ce0ac7d7bf4a4,Direct file transfer,d_fd46828b3606c9bab93dce55ae07fefe,0,1,a_f47a8f7809556bd3c474b1520fba0d35,a_f47a8f7809556bd3c474b1520fba0d35,p_ef1596f1b8b607876630fed02a59218c,p_c0f14bbd0a7540f9669573a1a65f5285,6,557,26,65,1973,647513,91,649486,163.37522441651703,1166043.0879712745,7137.2087912087909,0.2857142857142857,0.0030377868037186331
r_22be18479ac99556f912762a0ceb1cdf,Direct file transfer,d_fd46828b3606c9bab93dce55ae07fefe,0,1,a_f47a8f7809556bd3c474b1520fba0d35,a_f47a8f7809556bd3c474b1520fba0d35,p_6db34bae1620f7e4058570e8fd067fcd,p_dd74cc5b69b608ff00edcb1d8b246822,6,569,26,65,1985,660780,91,662765,159.92970123022849,1164789.1036906855,7283.131868131868,0.2857142857142857,0.0029950284037328465
r_85e440c0c93dfe6defc77528fe35b671,Direct file transfer,d_fd46828b3606c9bab93dce55ae07fefe,0,1,a_f47a8f7809556bd3c474b1520fba0d35,a_f47a8f7809556bd3c474b1520fba0d35,p_85bd285ac8f3c2d9bdced888f993b384,p_de7751b84215a2b890900c93db9f1d01,6,489,26,62,1973,620934,88,622907,179.95910020449898,1273838.4458077711,7078.488636363636,0.29545454545454547,0.0031674070126038074
r_6e97a2996d5dc64ec37a2cf469968da1,Direct file transfer,d_fd46828b3606c9bab93dce55ae07fefe,0,1,a_f47a8f7809556bd3c474b1520fba0d35,a_f47a8f7809556bd3c474b1520fba0d35,p_0ee4de8925c60fed2333fe63bd5edb65,p_dd74cc5b69b608ff00edcb1d8b246822,6,666,27,71,2039,844994,98,847033,147.14714714714714,1271821.3213213212,8643.1938775510207,0.27551020408163263,0.0024072261647421055
r_4928e991a47220ddb13d3becd8af4d3a,Direct file transfer,d_fd46828b3606c9bab93dce55ae07fefe,0,1,a_f47a8f7809556bd3c474b1520fba0d35,a_f47a8f7809556bd3c474b1520fba0d35,p_0de90a4307e2ab370bbdb443994ec2a3,p_f20f8250c88d103697dd803efa0f0d0c,6,554,27,64,2029,227383,91,229412,164.25992779783391,414101.08303249092,2521.0109890109889,0.2967032967032967,0.0088443499032308682
r_90319d09f610c1a2609974f1f91b2ed6,Direct file transfer,d_fd46828b3606c9bab93dce55ae07fefe,0,1,a_f47a8f7809556bd3c474b1520fba0d35,a_f47a8f7809556bd3c474b1520fba0d35,p_a3104237b6fa97f7234376212e929ff5,p_77dbe3e2b43b6b81a173862305b375d0,6,568,26,62,1975,660690,88,662665,154.92957746478874,1166663.7323943663,7530.284090909091,0.29545454545454547,0.0029803897897127509
r_c60354d545770c234efd11f5c2d56ef5,Direct file transfer,d_fd46828b3606c9bab93dce55ae07fefe,0,1,a_f47a8f7809556bd3c474b1520fba0d35,a_f47a8f7809556bd3c474b1520fba0d35,p_e7a4a6bfbb392d6c18e07530d8d4cf06,p_fb701d5a05c03fb8299bbc4274ccd85a,6,435,61,49,266525,3551,110,270076,252.87356321839081,620864.36781609198,2455.2363636363634,0.55454545454545456,0.9868518491091397
r_b14c08075d457c14f7ddd3f473ba43a1,Direct file transfer,d_fd46828b3606c9bab93dce55ae07fefe,0,1,a_f47a8f7809556bd3c474b1520fba0d35,a_f47a8f7809556bd3c474b1520fba0d35,p_be1215c72c0a687af7597bae97ea3636,p_2e2bdff7d79ba86224377da437861888,6,564,27,63,2041,385545,90,387586,159.57446808510639,687209.21985815605,4306.5111111111109,0.29999999999999999,0.0052659280778975508
r_a98302b1151e9e8137ada737c82a2609,Direct file transfer,d_fd46828b3606c9bab93dce55ae07fefe,0,1,a_f47a8f7809556bd3c474b1520fba0d35,a_f47a8f7809556bd3c474b1520fba0d35,p_6912c1efeb66b5dd82c166b4ce38e44d,p_de7751b84215a2b890900c93db9f1d01,6,562,27,64,2027,227373,91,229400,161.92170818505338,408185.05338078289,2520.8791208791208,0.2967032967032967,0.0088360941586748034
r_36852157745d533d4c50d0b45f72cd57,Direct file transfer,d_fd46828b3606c9bab93dce55ae07fefe,0,1,a_f47a8f7809556bd3c474b1520fba0d35,a_f47a8f7809556bd3c474b1520fba0d35,p_f5ca2201cf9fda165fa59f3d2d6bbfac,p_77dbe3e2b43b6b81a173862305b375d0,6,817,27,76,2041,778625,103,780666,126.07099143206855,955527.53977968183,7579.2815533980583,0.26213592233009708,0.0026144343419593013
r_9fe39646cd51030939cb6e7e72a5b456,Direct file transfer,d_fd46828b3606c9bab93dce55ae07fefe,0,1,a_f47a8f7809556bd3c474b1520fba0d35,a_f47a8f7809556bd3c474b1520fba0d35,p_5b7ad9a455665e943251dc79e8e544cf,p_c0f14bbd0a7540f9669573a1a65f5285,6,449,63,50,305988,3617,113,309605,251.67037861915367,689543.42984409793,2739.8672566371683,0.55752212389380529,0.98831737213546289
r_c7c18469dec5f9f63f65bf12308b9c48,Direct file transfer,d_fd46828b3606c9bab93dce55ae07fefe,0,1,a_f47a8f7809556bd3c474b1520fba0d35,a_f47a8f7809556bd3c474b1520fba0d35,p_cee542fa0cc85d5f622c9e4c6ba52a92,p_fb701d5a05c03fb8299bbc4274ccd85a,6,560,77,56,320045,4013,133,324058,237.49999999999997,578675,2436.5263157894738,0.57894736842105265,0.98761641434558012
r_0c9c4d52b7e1328342ebcae76ee1042c,Direct file transfer,d_fd46828b3606c9bab93dce55ae07fefe,0,1,a_f47a8f7809556bd3c474b1520fba0d35,a_f47a8f7809556bd3c474b1520fba0d35,p_beb852049e9e384fabcca7e3c8d978b5,p_73a113db56cae583b0f4d27a2f1f0ea3,6,826,30,76,2227,385503,106,387730,128.32929782082326,469406.77966101695,3657.8301886792451,0.28301886792452829,0.0057436876176720914
r_bf7f567f046edd6e7b9d7c57509b6f5c,Direct file transfer,d_fd46828b3606c9bab93dce55ae07fefe,0,1,a_f47a8f7809556bd3c474b1520fba0d35,a_f47a8f7809556bd3c474b1520fba0d35,p_71b22d947f357f95a1615d01b29b19df,p_6688deacbc9d093f76efd71ae803001d,6,571,28,61,2105,699724,89,701829,155.86690017513135,1229122.5919439581,7885.7191011235955,0.3146067415730337,0.0029993060987790472
r_4a5dfe908a71522677123ee1d4b842fa,Direct file transfer,d_fd46828b3606c9bab93dce55ae07fefe,0,1,a_f47a8f7809556bd3c474b1520fba0d35,a_f47a8f7809556bd3c474b1520fba0d35,p_e78754e9f0854e02ef62a9878119a335,p_f20f8250c88d103697dd803efa0f0d0c,6,349,51,44,265846,3219,95,269065,272.20630372492838,770959.88538681949,2832.2631578947367,0.5368421052631579,0.98803634809432661
r_d1887ffc77ac41e60bb64f31ddcfd9ae,Direct file transfer,d_fd46828b3606c9bab93dce55ae07fefe,0,1,a_f47a8f7809556bd3c474b1520fba0d35,a_f47a8f7809556bd3c474b1520fba0d35,p_fdf2943b1b9889c04689f121f932f019,p_f20f8250c88d103697dd803efa0f0d0c,6,549,75,54,280584,3883,129,284467,234.9726775956284,518154.82695810561,2205.1705426356589,0.58139534883720934,0.9863499105344381
r_72f6a8265c24c1f87ee2180fdd9670be,Direct file transfer,d_fd46828b3606c9bab93dce55ae07fefe,0,1,a_f47a8f7809556bd3c474b1520fba0d35,a_f47a8f7809556bd3c474b1520fba0d35,p_482a3933399842caa2dd79608b048058,p_c0f14bbd0a7540f9669573a1a65f5285,6,422,59,49,292607,3551,108,296158,255.92417061611374,701796.20853080566,2742.2037037037039,0.54629629629629628,0.98800977856414485
r_9639ab361ca7c94b32dfb787afd46cae,Direct file transfer,d_fd46828b3606c9bab93dce55ae07fefe,0,1,a_f47a8f7809556bd3c474b1520fba0d35,a_f47a8f7809556bd3c474b1520fba0d35,p_431ca37c7aa40d09d33d8378d3e499cc,p_f20f8250c88d103697dd803efa0f0d0c,6,454,63,48,305989,3487,111,309476,244.49339207048456,681665.19823788549,2788.0720720720719,0.56756756756756754,0.98873256730731951
r_590fb3e7437fa1ccc6c29dba8ef8ec74,Direct file transfer,d_fd46828b3606c9bab93dce55ae07fefe,0,1,a_f47a8f7809556bd3c474b1520fba0d35,a_f47a8f7809556bd3c474b1520fba0d35,p_e6b23e98d63c8468461617c08dc70844,p_c0f14bbd0a7540f9669573a1a65f5285,6,808,43,92,3095,256609,135,259704,167.07920792079207,321415.84158415842,1923.7333333333333,0.31851851851851853,0.011917413670948465
r_ba6c9cc28809e92ba973f2434deb80fb,Direct file transfer,d_fd46828b3606c9bab93dce55ae07fefe,0,1,a_f47a8f7809556bd3c474b1520fba0d35,a_f47a8f7809556bd3c474b1520fba0d35,p_271914e3e21dab2c43b723cca255f10a,p_fb701d5a05c03fb8299bbc4274ccd85a,6,558,26,65,1973,660782,91,662755,163.08243727598565,1187732.9749103941,7283.0219780219777,0.2857142857142857,0.0029769673559611018
r_d9f19872ad120bf9b054b3e884b535a2,Direct file transfer,d_fd46828b3606c9bab93dce55ae07fefe,0,1,a_f47a8f7809556bd3c474b1520fba0d35,a_f47a8f7809556bd3c474b1520fba0d35,p_027a4395fbe9eaca655c6a5e261e2574,p_c76517ae9b158cba02287e228c4ea7a9,6,748,27,72,2039,739092,99,741131,132.35294117647058,990816.84491978609,7486.1717171717173,0.27272727272727271,0.0027512005300007691
r_4e9e4c979e7ccd86ca887c3eb739adf3,Direct file transfer,d_fd46828b3606c9bab93dce55ae07fefe,0,1,a_f47a8f7809556bd3c474b1520fba0d35,a_f47a8f7809556bd3c474b1520fba0d35,p_e52e534c4a7897f263dbbb6acbb21713,p_73a113db56cae583b0f4d27a2f1f0ea3,6,564,26,66,1975,267885,92,269860,163.12056737588654,478475.17730496457,2933.2608695652175,0.28260869565217389,0.007318609649447862
r_d173fb0e3ae996de01cea5ef0915c70d,Direct file transfer,d_fd46828b3606c9bab93dce55ae07fefe,0,1,a_f47a8f7809556bd3c474b1520fba0d35,a_f47a8f7809556bd3c474b1520fba0d35,p_6d66a1ba7d0d69fcda08cad063b9857b,p_c76517ae9b158cba02287e228c4ea7a9,6,822,48,89,3545,997044,137,1000589,166.66666666666669,1217261.5571776156,7303.5693430656938,0.35036496350364965,0.0035429132241109988
r_37ac1dfbcdef7c31bf39942d8d49c8ca,Direct file transfer,d_fd46828b3606c9bab93dce55ae07fefe,0,1,a_f47a8f7809556bd3c474b1520fba0d35,a_f47a8f7809556bd3c474b1520fba0d35,p_8de704ff82250a14bdd9e210e3198b0c,p_77dbe3e2b43b6b81a173862305b375d0,6,746,27,70,2041,765175,97,767216,130.02680965147454,1028439.6782841823,7909.4432989690722,0.27835051546391754,0.0026602677733519636
r_49b821efb91c305eed137890a2abdc8b,Direct file transfer,d_fd46828b3606c9bab93dce55ae07fefe,0,1,a_f47a8f7809556bd3c474b1520fba0d35,a_f47a8f7809556bd3c474b1520fba0d35,p_a59a5c0e7e1687c1713498091eea400d,p_de7751b84215a2b890900c93db9f1d01,6,629,27,67,2039,346597,94,348636,149.44356120826708,554270.2702702703,3708.8936170212764,0.28723404255319152,0.0058485067520279033
r_63fe2b2a88dd6cd90b3a27aa7104a67a,Direct file transfer,d_fd46828b3606c9bab93dce55ae07fefe,0,1,a_f47a8f7809556bd3c474b1520fba0d35,a_f47a8f7809556bd3c474b1520fba0d35,p_36bc4ef15468f11c7f2cab2ebf9c0f05,p_c0f14bbd0a7540f9669573a1a65f5285,6,549,75,54,280583,3881,129,284464,234.9726775956284,518149.36247723131,2205.1472868217056,0.58139534883720934,0.98635679734518256
r_835c65f31000e64558b6231dddc9ebfd,Direct file transfer,d_fd46828b3606c9bab93dce55ae07fefe,0,1,a_f47a8f7809556bd3c474b1520fba0d35,a_f47a8f7809556bd3c474b1520fba0d35,p_4b727f13882df9b5ef0f01292ca0cad3,p_fb701d5a05c03fb8299bbc4274ccd85a,6,525,73,54,306666,3881,127,310547,241.9047619047619,591518.09523809527,2445.251968503937,0.57480314960629919,0.9875026968542604
r_cdbb443d3a816f4866873ad789a00b0f,Direct file transfer,d_fd46828b3606c9bab93dce55ae07fefe,0,1,a_f47a8f7809556bd3c474b1520fba0d35,a_f47a8f7809556bd3c474b1520fba0d35,p_8898776c062f007e816d26399130f73c,p_c76517ae9b158cba02287e228c4ea7a9,6,443,63,49,305988,3551,112,309539,252.8216704288939,698733.63431151246,2763.7410714285716,0.5625,0.9885281014670203
r_f2bafc5d639296d1f13d245a9d0a5007,Direct file transfer,d_fd46828b3606c9bab93dce55ae07fefe,0,1,a_f47a8f7809556bd3c474b1520fba0d35,a_f47a8f7809556bd3c474b1520fba0d35,p_903405b2c5e1a1ea953319c03501d3c5,p_77dbe3e2b43b6b81a173862305b375d0,6,632,28,68,2107,621923,96,624030,151.89873417721518,987389.24050632911,6500.3125,0.29166666666666669,0.0033764402352451004
r_79648d85b728dcc044a53d2c7f5171c5,Direct file transfer,d_fd46828b3606c9bab93dce55ae07fefe,0,1,a_f47a8f7809556bd3c474b1520fba0d35,a_f47a8f7809556bd3c474b1520fba0d35,p_a650f2e549fe2344b7ce026aaa11ed4a,p_2e2bdff7d79ba86224377da437861888,6,437,63,50,305989,3619,113,309608,258.58123569794049,708485.12585812353,2739.8938053097345,0.55752212389380529,0.98831102555489525
r_575b9209e37dc9c778662166c69a36ba,Direct file transfer,d_fd46828b3606c9bab93dce55ae07fefe,0,1,a_f47a8f7809556bd3c474b1520fba0d35,a_f47a8f7809556bd3c474b1520fba0d35,p_7099712dd602a03fb6e5509605cdc785,p_fb701d5a05c03fb8299bbc4274ccd85a,6,462,65,49,279905,3551,114,283456,246.75324675324674,613541.12554112554,2486.4561403508774,0.57017543859649122,0.98747248250169339
r_ef9015a24617b1820e35c0bdfbaa49a6,Direct file transfer,d_fd46828b3606c9bab93dce55ae07fefe,0,1,a_f47a8f7809556bd3c474b1520fba0d35,a_f47a8f7809556bd3c474b1520fba0d35,p_198aaeb367cd2e3606f35331779be69a,p_de7751b84215a2b890900c93db9f1d01,6,461,63,49,305988,3551,112,309539,242.95010845986982,671451.19305856829,2763.7410714285716,0.5625,0.9885281014670203
r_e88db9514419542a9f7237dda10716eb,Direct file transfer,d_fd46828b3606c9bab93dce55ae07fefe,0,1,a_f47a8f7809556bd3c474b1520fba0d35,a_f47a8f7809556bd3c474b1520fba0d35,p_fd5af0e043fba1384bf05f7869741def,p_73a113db56cae583b0f4d27a2f1f0ea3,6,628,26,68,1963,280117,94,282080,149.68152866242039,449171.97452229296,3000.8510638297871,0.27659574468085107,0.0069590187180941579
r_689f0a9adb6acc85721ac792442594b4,Direct file transfer,d_fd46828b3606c9bab93dce55ae07fefe,0,1,a_f47a8f7809556bd3c474b1520fba0d35,a_f47a8f7809556bd3c474b1520fba0d35,p_ffa318e2fc3f2f4e2a2b79e093e50fed,p_dd74cc5b69b608ff00edcb1d8b246822,6,561,77,55,320045,3947,132,323992,235.29411764705881,577525.84670231724,2454.4848484848485,0.58333333333333337,0.98781760043457867
r_fb3e294788bff0a934622bd99ac6be00,Direct file transfer,d_fd46828b3606c9bab93dce55ae07fefe,0,1,a_f47a8f7809556bd3c474b1520fba0d35,a_f47a8f7809556bd3c474b1520fba0d35,p_3eb73b97ab25c36ae4d7fd629b3c159b,p_73a113db56cae583b0f4d27a2f1f0ea3,6,807,27,79,2029,398808,106,400837,131.35068153655513,496700.12391573726,3781.4811320754716,0.25471698113207547,0.0050619079575987243
r_3678bad6f88ab9e91236d06d7829b361,Direct file transfer,d_fd46828b3606c9bab93dce55ae07fefe,0,1,a_f47a8f7809556bd3c474b1520fba0d35,a_f47a8f7809556bd3c474b1520fba0d35,p_9a2fe991fcdde5d0b31b1e0f328f7a8c,p_73a113db56cae583b0f4d27a2f1f0ea3,6,465,65,50,279906,3619,115,283525,247.31182795698925,609731.18279569887,2465.4347826086955,0.56521739130434778,0.9872356935014549
r_d3cb2f777b60ea306425242a7beee109,Direct file transfer,d_fd46828b3606c9bab93dce55ae07fefe,0,1,a_f47a8f7809556bd3c474b1520fba0d35,a_f47a8f7809556bd3c474b1520fba0d35,p_747defd756a56ab43f98555911cab3be,p_2e2bdff7d79ba86224377da437861888,6,617,83,58,307345,4147,141,311492,228.52512155591572,504849.27066450566,2209.1631205673757,0.58865248226950351,0.98668665647913911
r_dcd9d6a20efb871b63957050cf55b7b9,Direct file transfer,d_fd46828b3606c9bab93dce55ae07fefe,0,1,a_f47a8f7809556bd3c474b1520fba0d35,a_f47a8f7809556bd3c474b1520fba0d35,p_886ffab3f8af05f4405f6348b3430d3b,p_2e2bdff7d79ba86224377da437861888,6,692,26,69,1975,438689,95,440664,137.28323699421966,636797.68786127167,4638.5684210526315,0.27368421052631581,0.0044818728101229059
r_0b55d24e287e5d712b460cce99be8892,Direct file transfer,d_fd46828b3606c9bab93dce55ae07fefe,0,1,a_f47a8f7809556bd3c474b1520fba0d35,a_f47a8f7809556bd3c474b1520fba0d35,p_52f6eb270bd1a8612a8db28f3719e052,p_dd74cc5b69b608ff00edcb1d8b246822,6,875,26,82,1961,346534,108,348495,123.42857142857143,398280,3226.8055555555557,0.24074074074074073,0.0056270534727901403
r_03c7dd65c8eb7ac19edf98e509207296,Direct file transfer,d_fd46828b3606c9bab93dce55ae07fefe,0,1,a_f47a8f7809556bd3c474b1520fba0d35,a_f47a8f7809556bd3c474b1520fba0d35,p_d8cfc6c048bdddb96037fd015f522724,p_6688deacbc9d093f76efd71ae803001d,6,622,26,65,1985,752734,91,754719,146.30225080385853,1213374.5980707395,8293.6153846153848,0.2857142857142857,0.002630117964434445
r_1b20aecefad1e943f4583cc9285b15bf,Direct file transfer,d_fd46828b3606c9bab93dce55ae07fefe,0,1,a_f47a8f7809556bd3c474b1520fba0d35,a_f47a8f7809556bd3c474b1520fba0d35,p_3a6f72d14c7fd5ebcb26a7f6157d2036,p_c0f14bbd0a7540f9669573a1a65f5285,6,691,26,67,1961,384866,93,386827,134.58755426917511,559807.52532561508,4159.4301075268813,0.27956989247311825,0.0050694496506190102
r_f45d2a307841356770918dc905e82fcf,Direct file transfer,d_fd46828b3606c9bab93dce55ae07fefe,0,1,a_f47a8f7809556bd3c474b1520fba0d35,a_f47a8f7809556bd3c474b1520fba0d35,p_59310758bb9f4aefc5ccc3ee82de82c6,p_dd74cc5b69b608ff00edcb1d8b246822,6,603,81,56,267881,4013,137,271894,227.19734660033168,450902.15588723053,1984.6277372262773,0.59124087591240881,0.98524057169338053
r_c5596e9f26d5c3e1e253f70076dc2fdd,Direct file transfer,d_fd46828b3606c9bab93dce55ae07fefe,0,1,a_f47a8f7809556bd3c474b1520fba0d35,a_f47a8f7809556bd3c474b1520fba0d35,p_221b630b18b2f7ef4075b11cc8664a39,p_f20f8250c88d103697dd803efa0f0d0c,6,488,67,51,319368,3685,118,323053,241.80327868852459,661993.85245901637,2737.7372881355932,0.56779661016949157,0.98859320297288678
r_6b6bbe00a4bb6f9d88b4e8f7a5d7b3da,Direct file transfer,d_fd46828b3606c9bab93dce55ae07fefe,0,1,a_f47a8f7809556bd3c474b1520fba0d35,a_f47a8f7809556bd3c474b1520fba0d35,p_eea14597a704552558c3c113962d2955,p_77dbe3e2b43b6b81a173862305b375d0,6,695,26,73,1975,648467,99,650442,142.44604316546764,935887.76978417276,6570.121212121212,0.26262626262626265,0.0030363967886452596
r_e1c7e0bfd50941ee13d8968289f06ce2,Direct file transfer,d_fd46828b3606c9bab93dce55ae07fefe,0,1,a_f47a8f7809556bd3c474b1520fba0d35,a_f47a8f7809556bd3c474b1520fba0d35,p_e75ba30a3f0e26bb0bfe8ecf8fa9ac6f,p_c76517ae9b158cba02287e228c4ea7a9,6,689,27,66,2075,897043,93,899118,134.97822931785197,1304960.8127721336,9667.9354838709678,0.29032258064516131,0.0023078172164276546
r_ff1fd5c3790e0b3d22ad22a75ed965b3,Direct file transfer,d_fd46828b3606c9bab93dce55ae07fefe,0,1,a_f47a8f7809556bd3c474b1520fba0d35,a_f47a8f7809556bd3c474b1520fba0d35,p_291715d383571139081d47316689fbe2,p_6688deacbc9d093f76efd71ae803001d,6,864,28,80,2129,805146,108,807275,125,934346.06481481483,7474.7685185185182,0.25925925925925924,0.0026372673500356138
r_c297b537bd95ecbefdcc3a795c3be0b0,Direct file transfer,d_fd46828b3606c9bab93dce55ae07fefe,0,1,a_f47a8f7809556bd3c474b1520fba0d35,a_f47a8f7809556bd3c474b1520fba0d35,p_479cb8d171d2e2790ac4d2429406eb00,p_6688deacbc9d093f76efd71ae803001d,6,818,29,76,2159,385452,105,387611,128.36185819070906,473852.07823960885,3691.5333333333333,0.27619047619047621,0.0055700173627683423
r_0f1422632a415d9f4dfcbe4ca5b7ac6f,Direct file transfer,d_fd46828b3606c9bab93dce55ae07fefe,0,1,a_f47a8f7809556bd3c474b1520fba0d35,a_f47a8f7809556bd3c474b1520fba0d35,p_d0facde86c66da3259a0366662782298,p_c0f14bbd0a7540f9669573a1a65f5285,6,659,87,60,320723,4277,147,325000,223.06525037936265,493171.47192716232,2210.8843537414964,0.59183673469387754,0.98684000000000005
r_1f0f680a0aea706b97802e4ccd6565d4,Direct file transfer,d_fd46828b3606c9bab93dce55ae07fefe,0,1,a_f47a8f7809556bd3c474b1520fba0d35,a_f47a8f7809556bd3c474b1520fba0d35,p_597b4807e16b3938fab6649f90d9fa87,p_fb701d5a05c03fb8299bbc4274ccd85a,6,497,69,53,293285,3815,122,297100,245.47283702213281,597786.72032193164,2435.2459016393441,0.56557377049180324,0.98715920565466175
r_5c94980f4b0ac21e596de7e06d429853,Direct file transfer,d_fd46828b3606c9bab93dce55ae07fefe,0,1,a_f47a8f7809556bd3c474b1520fba0d35,a_f47a8f7809556bd3c474b1520fba0d35,p_9a9438afe91db75e5bdc4a25a8bdbfa2,p_2e2bdff7d79ba86224377da437861888,6,824,27,78,2029,359420,105,361449,127.42718446601943,438651.69902912626,3442.3714285714286,0.25714285714285712,0.0056135167063679804
r_dc0a0e7c033ea80a28b89f058d4a178c,Direct file transfer,d_fd46828b3606c9bab93dce55ae07fefe,0,1,a_f47a8f7809556bd3c474b1520fba0d35,a_f47a8f7809556bd3c474b1520fba0d35,p_4bfdc4d3103b1809cca3b9e3b8ac69bd,p_2e2bdff7d79ba86224377da437861888,6,486,67,51,319368,3685,118,323053,242.79835390946502,664718.10699588479,2737.7372881355932,0.56779661016949157,0.98859320297288678
r_d65f5cdfd7ed278406b0d958cb11a779,Direct file transfer,d_fd46828b3606c9bab93dce55ae07fefe,0,1,a_f47a8f7809556bd3c474b1520fba0d35,a_f47a8f7809556bd3c474b1520fba0d35,p_84ec2cfae4cd7de3cbd5c5680cfee5bb,p_de7751b84215a2b890900c93db9f1d01,6,587,79,57,293963,4079,136,298042,231.68654173764907,507737.64906303241,2191.4852941176468,0.58088235294117652,0.98631400943491188
r_760271826f04afd421f6e4c75606a60e,Direct file transfer,d_fd46828b3606c9bab93dce55ae07fefe,0,1,a_f47a8f7809556bd3c474b1520fba0d35,a_f47a8f7809556bd3c474b1520fba0d35,p_814d9e4ff0532880ef9fa63fd3c7240d,p_de7751b84215a2b890900c93db9f1d01,6,484,67,52,319367,3749,119,323116,245.86776859504133,667595.04132231406,2715.2605042016808,0.56302521008403361,0.98839735574839993
r_94fbecfbded06397d7f7ca8c3969cf31,Direct file transfer,d_fd46828b3606c9bab93dce55ae07fefe,0,1,a_f47a8f7809556bd3c474b1520fba0d35,a_f47a8f7809556bd3c474b1520fba0d35,p_218a579f6586ea65ae9d8af4fe39f954,p_de7751b84215a2b890900c93db9f1d01,6,702,26,70,1973,635153,96,637126,136.75213675213675,907586.89458689466,6636.729166666667,0.27083333333333331,0.0030967187024230685
r_f6ddea4e72dbd331de1b44b5179a8537,Direct file transfer,d_fd46828b3606c9bab93dce55ae07fefe,0,1,a_f47a8f7809556bd3c474b1520fba0d35,a_f47a8f7809556bd3c474b1520fba0d35,p_c139a95e0668c208f275064a0ecfa564,p_dd74cc5b69b608ff00edcb1d8b246822,6,501,69,53,293285,3815,122,297100,243.51297405189621,593013.97205588827,2435.2459016393441,0.56557377049180324,0.98715920565466175
r_ebd38a99c6ffb08f8a49b5ba62eaef8c,Direct file transfer,d_fd46828b3606c9bab93dce55ae07fefe,0,1,a_f47a8f7809556bd3c474b1520fba0d35,a_f47a8f7809556bd3c474b1520fba0d35,p_12e4e23784cdeda3df408d9e0e526a43,p_6688deacbc9d093f76efd71ae803001d,6,500,69,52,293285,3749,121,297034,242,594068,2454.8264462809916,0.57024793388429751,0.98737854925698743
r_11c1b50218b4b9f34bcc16ae40660298,Direct file transfer,d_fd46828b3606c9bab93dce55ae07fefe,0,1,a_f47a8f7809556bd3c474b1520fba0d35,a_f47a8f7809556bd3c474b1520fba0d35,p_bb52d9919b23613397fb4525da831d32,p_2e2bdff7d79ba86224377da437861888,6,660,87,60,320724,4279,147,325003,222.72727272727272,492428.78787878784,2210.9047619047619,0.59183673469387754,0.98683396768645215
r_de1eb47aec8996d32254682a481121b6,Direct file transfer,d_fd46828b3606c9bab93dce55ae07fefe,0,1,a_f47a8f7809556bd3c474b1520fba0d35,a_f47a8f7809556bd3c474b1520fba0d35,p_3917f33678d55d6e169862bd553b9b85,p_77dbe3e2b43b6b81a173862305b375d0,6,495,69,53,293286,3817,122,297103,246.46464646464648,600208.08080808085,2435.2704918032787,0.56557377049180324,0.98715260364250779
r_0dd73f23e06cf57ee41e9896ab0f2a75,Direct file transfer,d_fd46828b3606c9bab93dce55ae07fefe,0,1,a_f47a8f7809556bd3c474b1520fba0d35,a_f47a8f7809556bd3c474b1520fba0d35,p_ce826f12d5405ad2dbb94ab3e7207190,p_f20f8250c88d103697dd803efa0f0d0c,6,687,26,66,1987,831507,92,833494,133.91557496360988,1213237.2634643377,9059.717391304348,0.28260869565217389,0.0023839403762954503
r_3dff968005e6a933383ba3b9ffecb7da,Direct file transfer,d_fd46828b3606c9bab93dce55ae07fefe,0,1,a_f47a8f7809556bd3c474b1520fba0d35,a_f47a8f7809556bd3c474b1520fba0d35,p_d02827e59cccabfa9fb03049af3f5018,p_dd74cc5b69b608ff00edcb1d8b246822,6,938,26,87,1973,425454,113,427427,120.46908315565032,455679.10447761195,3782.5398230088495,0.23008849557522124,0.0046159929063910327
r_66701241d059eb752b8af749f6f25554,Direct file transfer,d_fd46828b3606c9bab93dce55ae07fefe,0,1,a_f47a8f7809556bd3c474b1520fba0d35,a_f47a8f7809556bd3c474b1520fba0d35,p_36f9af6c7bff4924ce52cb22c7effc74,p_73a113db56cae583b0f4d27a2f1f0ea3,6,589,81,56,267882,4015,137,271897,232.59762308998305,461624.78777589137,1984.6496350364964,0.59124087591240881,0.98523337881624296
r_1c33e6b268ef397a446734e5a0ac073a,Direct file transfer,d_fd46828b3606c9bab93dce55ae07fefe,0,1,a_f47a8f7809556bd3c474b1520fba0d35,a_f47a8f7809556bd3c474b1520fba0d35,p_b3803c3b80d1cedef60fa63c13ad3e79,p_c76517ae9b158cba02287e228c4ea7a9,6,436,27,58,2035,594411,85,596446,194.95412844036699,1367995.4128440367,7017.0117647058823,0.31764705882352939,0.0034118763475654125
r_9f01723c5f7fdcc14c27d218b82c88b5,Direct file transfer,d_fd46828b3606c9bab93dce55ae07fefe,0,1,a_f47a8f7809556bd3c474b1520fba0d35,a_f47a8f7809556bd3c474b1520fba0d35,p_d4a3ff5747c348b8b43e7b38fb308eaf,p_73a113db56cae583b0f4d27a2f1f0ea3,6,686,27,70,2029,358892,97,360921,141.39941690962098,526123.90670553932,3720.8350515463917,0.27835051546391754,0.005621728854790938
r_7870a43b6fe614509b0815a513b36499,Direct file transfer,d_fd46828b3606c9bab93dce55ae07fefe,0,1,a_f47a8f7809556bd3c474b1520fba0d35,a_f47a8f7809556bd3c474b1520fba0d35,p_2f7807351cae8d7f105809eda90b407e,p_de7751b84215a2b890900c93db9f1d01,6,336,51,42,265845,3085,93,268930,276.78571428571428,800386.90476190473,2891.7204301075267,0.54838709677419351,0.98852861339381992
r_5dc760ca3371d670c8f6fce70a9ccd1b,Direct file transfer,d_fd46828b3606c9bab93dce55ae07fefe,0,1,a_f47a8f7809556bd3c474b1520fba0d35,a_f47a8f7809556bd3c474b1520fba0d35,p_8c3edadf04544891e5bbfcade0d11a84,p_dd74cc5b69b608ff00edcb1d8b246822,6,823,31,79,2303,791928,110,794231,133.65735115431349,965043.7424058324,7220.2818181818184,0.2818181818181818,0.0028996601744328792
r_8b1979946481ab69df7e005582d91e70,Direct file transfer,d_fd46828b3606c9bab93dce55ae07fefe,0,1,a_f47a8f7809556bd3c474b1520fba0d35,a_f47a8f7809556bd3c474b1520fba0d35,p_6bfed13a0c3c32320531795dbeb3def4,p_de7751b84215a2b890900c93db9f1d01,6,617,83,58,307344,4145,141,311489,228.52512155591572,504844.40842787683,2209.1418439716313,0.58865248226950351,0.98669294902869764
r_6324160d479574ca6f97fbc219d1b3fd,Direct file transfer,d_fd46828b3606c9bab93dce55ae07fefe,0,1,a_f47a8f7809556bd3c474b1520fba0d35,a_f47a8f7809556bd3c474b1520fba0d35,p_0048968a7d2bff9577390a037be92fe9,p_dd74cc5b69b608ff00edcb1d8b246822,6,526,73,54,306666,3881,127,310547,241.44486692015209,590393.53612167295,2445.251968503937,0.57480314960629919,0.9875026968542604
r_d9cecfeb4459b98e5727e7bb3b516907,Direct file transfer,d_fd46828b3606c9bab93dce55ae07fefe,0,1,a_f47a8f7809556bd3c474b1520fba0d35,a_f47a8f7809556bd3c474b1520fba0d35,p_ee6c59503631f9d69be0dbd143aa1b12,p_6688deacbc9d093f76efd71ae803001d,6,685,26,68,2009,910324,94,912333,137.22627737226276,1331872.9927007298,9705.6702127659573,0.27659574468085107,0.0022020468403532484
r_ef94f3712a397e9f2c6365bff9af66a2,Direct file transfer,d_fd46828b3606c9bab93dce55ae07fefe,0,1,a_f47a8f7809556bd3c474b1520fba0d35,a_f47a8f7809556bd3c474b1520fba0d35,p_69b802b8a6bc7791958d6b5929b7c831,p_c0f14bbd0a7540f9669573a1a65f5285,6,349,51,45,265845,3283,96,269128,275.07163323782237,771140.4011461318,2803.4166666666665,0.53125,0.98780134359858507
r_cbdac8cdfe83297e9884442c668ca558,Direct file transfer,d_fd46828b3606c9bab93dce55ae07fefe,0,1,a_f47a8f7809556bd3c474b1520fba0d35,a_f47a8f7809556bd3c474b1520fba0d35,p_8ba459c6906d7352c097f4884994b3c4,p_c76517ae9b158cba02287e228c4ea7a9,6,701,27,69,2035,725785,96,727820,136.9472182596291,1038259.629101284,7581.458333333333,0.28125,0.002796020994201863
r_70af4ceb82c2bc807e9de6cb3c5378f7,Direct file transfer,d_fd46828b3606c9bab93dce55ae07fefe,0,1,a_f47a8f7809556bd3c474b1520fba0d35,a_f47a8f7809556bd3c474b1520fba0d35,p_6521ab1de2bfd59c6537f1d29a5151b0,p_f20f8250c88d103697dd803efa0f0d0c,6,1009,29,93,2173,478281,122,480454,120.91179385530229,476168.48364717548,3938.1475409836066,0.23770491803278687,0.0045228055131188421
r_a1aba22248a990c7e255b774a9907688,Direct file transfer,d_fd46828b3606c9bab93dce55ae07fefe,0,1,a_f47a8f7809556bd3c474b1520fba0d35,a_f47a8f7809556bd3c474b1520fba0d35,p_1e501ea99f763d67e22b9dfef7a5c4d5,p_2e2bdff7d79ba86224377da437861888,6,717,95,63,281940,4477,158,286417,220.36262203626222,399465.82984658302,1812.7658227848101,0.60126582278481011,0.98436894458080348
r_57eb9d25797a88abfe5f0285c41572c9,Direct file transfer,d_fd46828b3606c9bab93dce55ae07fefe,0,1,a_f47a8f7809556bd3c474b1520fba0d35,a_f47a8f7809556bd3c474b1520fba0d35,p_6dc2d54348b2623dcc5298c3bc356b27,p_f20f8250c88d103697dd803efa0f0d0c,6,875,27,79,2089,896788,106,898877,121.14285714285714,1027288,8479.9716981132078,0.25471698113207547,0.002324010960342739
r_302d732ab850fb9829337ca21c400a76,Direct file transfer,d_fd46828b3606c9bab93dce55ae07fefe,0,1,a_f47a8f7809556bd3c474b1520fba0d35,a_f47a8f7809556bd3c474b1520fba0d35,p_78b68146fa990f5518cf47c90b70911d,p_dd74cc5b69b608ff00edcb1d8b246822,6,744,97,60,321401,4277,157,325678,211.02150537634409,437739.24731182796,2074.3821656050955,0.61783439490445857,0.98686739663102818
r_2176ad243930bfbbc0438f5e372f70dd,Direct file transfer,d_fd46828b3606c9bab93dce55ae07fefe,0,1,a_f47a8f7809556bd3c474b1520fba0d35,a_f47a8f7809556bd3c474b1520fba0d35,p_11683993a5bd22a3891bc6b8d9ab5ca2,p_de7751b84215a2b890900c93db9f1d01,6,1066,28,95,2141,1015798,123,1017939,115.38461538461537,954914.63414634136,8275.9268292682918,0.22764227642276422,0.0021032694493481438
r_35cc2e264eb1b585b29a9efafa0ac1da,Direct file transfer,d_fd46828b3606c9bab93dce55ae07fefe,0,1,a_f47a8f7809556bd3c474b1520fba0d35,a_f47a8f7809556bd3c474b1520fba0d35,p_01338a43cbbc3abf16540d22a8ce0f0a,p_6688deacbc9d093f76efd71ae803001d,6,800,105,67,282617,4739,172,287356,215,359195,1670.6744186046512,0.61046511627906974,0.98350826152925286
r_31005735c5a1905452df1c304eb31d8a,Direct file transfer,d_fd46828b3606c9bab93dce55ae07fefe,0,1,a_f47a8f7809556bd3c474b1520fba0d35,a_f47a8f7809556bd3c474b1520fba0d35,p_e53d4e5653bd58f6e817f4353d5511da,p_f20f8250c88d103697dd803efa0f0d0c,6,520,71,53,267202,3813,124,271015,238.46153846153845,521182.69230769231,2185.6048387096776,0.57258064516129037,0.98593066804420415
r_ccac74da9eb5684c355e4b4f22f80f36,Direct file transfer,d_fd46828b3606c9bab93dce55ae07fefe,0,1,a_f47a8f7809556bd3c474b1520fba0d35,a_f47a8f7809556bd3c474b1520fba0d35,p_d9ddb0983cb6b2c9bf7bca77bb0d15c7,p_de7751b84215a2b890900c93db9f1d01,6,676,26,74,1969,530769,100,532738,147.92899408284023,788073.96449704142,5327.3800000000001,0.26000000000000001,0.0036960006607375481
r_7c13758b055f4c6eeb87d0447a9e954f,Direct file transfer,d_fd46828b3606c9bab93dce55ae07fefe,0,1,a_f47a8f7809556bd3c474b1520fba0d35,a_f47a8f7809556bd3c474b1520fba0d35,p_4c6ed533fd08a9111bd2a8df37571da7,p_de7751b84215a2b890900c93db9f1d01,6,1006,29,90,2159,412590,119,414749,118.29025844930418,412275.34791252483,3485.2857142857142,0.24369747899159663,0.0052055580604172648
r_6555ac7bb583325c36467af9cac91425,Direct file transfer,d_fd46828b3606c9bab93dce55ae07fefe,0,1,a_f47a8f7809556bd3c474b1520fba0d35,a_f47a8f7809556bd3c474b1520fba0d35,p_5afec848f147c58342fa2daf5cbe19d2,p_6688deacbc9d093f76efd71ae803001d,6,1058,26,91,1961,386442,117,388403,110.586011342155,367110.58601134212,3319.6837606837607,0.22222222222222221,0.005048879643051161
r_007558045e64b7debda1079f2efb8f35,Direct file transfer,d_fd46828b3606c9bab93dce55ae07fefe,0,1,a_f47a8f7809556bd3c474b1520fba0d35,a_f47a8f7809556bd3c474b1520fba0d35,p_306906ee1eb86b227f564e98a6854ecc,p_dd74cc5b69b608ff00edcb1d8b246822,6,804,105,66,282617,4673,171,287290,212.68656716417908,357325.87064676615,1680.0584795321638,0.61403508771929827,0.98373420585471127
r_1dff3dd5575dc913a090b647c399513e,Direct file transfer,d_fd46828b3606c9bab93dce55ae07fefe,0,1,a_f47a8f7809556bd3c474b1520fba0d35,a_f47a8f7809556bd3c474b1520fba0d35,p_ad261a71402c4404b729babac8666af0,p_77dbe3e2b43b6b81a173862305b375d0,6,1138,28,100,2119,937495,128,939614,112.47803163444641,825671.35325131821,7340.734375,0.21875,0.0022551813829934418
r_586da07e7144681a6c18af01d028e984,Direct file transfer,d_fd46828b3606c9bab93dce55ae07fefe,0,1,a_f47a8f7809556bd3c474b1520fba0d35,a_f47a8f7809556bd3c474b1520fba0d35,p_c0374640ea66db28738391b37c024708,p_c76517ae9b158cba02287e228c4ea7a9,6,682,91,60,268557,4273,151,272830,221.40762463343106,400043.98826979467,1806.8211920529802,0.60264900662251653,0.9843382325990544
r_8aa03e5262c097d7b8f30bfefbb87b29,Direct file transfer,d_fd46828b3606c9bab93dce55ae07fefe,0,1,a_f47a8f7809556bd3c474b1520fba0d35,a_f47a8f7809556bd3c474b1520fba0d35,p_65cffaf1a20a10bace817670182003e2,p_2e2bdff7d79ba86224377da437861888,6,342,51,45,265846,3285,96,269131,280.70175438596488,786932.74853801169,2803.4479166666665,0.53125,0.987794048251595
r_a4b0d5ee81de87e8a77e29e4016d1450,Direct file transfer,d_fd46828b3606c9bab93dce55ae07fefe,0,1,a_f47a8f7809556bd3c474b1520fba0d35,a_f47a8f7809556bd3c474b1520fba0d35,p_2d6e5b95753dd5dd32da2dcfdbe28774,p_2e2bdff7d79ba86224377da437861888,6,444,27,59,2037,201408,86,203445,193.69369369369369,458209.45945945947,2365.6395348837209,0.31395348837209303,0.01001253410012534
r_f8d6dc6704c5fb9101490db1739cd5b6,Direct file transfer,d_fd46828b3606c9bab93dce55ae07fefe,0,1,a_f47a8f7809556bd3c474b1520fba0d35,a_f47a8f7809556bd3c474b1520fba0d35,p_27f195e6e5a02e378332b3b3975ca449,p_73a113db56cae583b0f4d27a2f1f0ea3,6,753,28,73,2095,372198,101,374293,134.13014608233732,497069.05710491369,3705.871287128713,0.27722772277227725,0.0055972192907695305
r_07e03fd8819cfb0c93ab95fa18557259,Direct file transfer,d_fd46828b3606c9bab93dce55ae07fefe,0,1,a_f47a8f7809556bd3c474b1520fba0d35,a_f47a8f7809556bd3c474b1520fba0d35,p_d4a3ff5747c348b8b43e7b38fb308eaf,p_c0f14bbd0a7540f9669573a1a65f5285,6,865,29,84,2183,348522,113,350705,130.63583815028903,405439.30635838152,3103.5840707964603,0.25663716814159293,0.0062246047247686799
r_8f85354ecb7d31e24ee3b9949915ad93,Direct file transfer,d_fd46828b3606c9bab93dce55ae07fefe,0,1,a_f47a8f7809556bd3c474b1520fba0d35,a_f47a8f7809556bd3c474b1520fba0d35,p_74052961dbe56ac26422705b15784798,p_de7751b84215a2b890900c93db9f1d01,6,448,35,60,2643,526554,95,529197,212.05357142857142,1181243.3035714286,5570.4947368421053,0.36842105263157893,0.0049943593784545267
r_dd19486947bdb2a4168e6ca440a031da,Direct file transfer,d_fd46828b3606c9bab93dce55ae07fefe,0,1,a_f47a8f7809556bd3c474b1520fba0d35,a_f47a8f7809556bd3c474b1520fba0d35,p_b22f00b3aaef9edff4842e11b1013fdc,p_dd74cc5b69b608ff00edcb1d8b246822,6,745,27,73,2087,871448,100,873535,134.2281879194631,1172530.2013422819,8735.3500000000004,0.27000000000000002,0.0023891429650786744
r_5692f3275d221a304b882cdec7078a6d,Direct file transfer,d_fd46828b3606c9bab93dce55ae07fefe,0,1,a_f47a8f7809556bd3c474b1520fba0d35,a_f47a8f7809556bd3c474b1520fba0d35,p_3193cf4376360f45acbed79090ef2531,p_77dbe3e2b43b6b81a173862305b375d0,6,533,73,53,306667,3817,126,310484,236.39774859287053,582521.57598499057,2464.1587301587301,0.57936507936507942,0.9877062908233597
r_6e7efc57df2f2e145982af7190361020,Direct file transfer,d_fd46828b3606c9bab93dce55ae07fefe,0,1,a_f47a8f7809556bd3c474b1520fba0d35,a_f47a8f7809556bd3c474b1520fba0d35,p_8f80744d2624add198c8f059f0eeadf7,p_fb701d5a05c03fb8299bbc4274ccd85a,6,747,27,73,2039,806020,100,808059,133.86880856760374,1081738.9558232932,8080.5900000000001,0.27000000000000002,0.0025233305983845241
r_b1cbe273b404a4f1e002d78be3a682a0,Direct file transfer,d_fd46828b3606c9bab93dce55ae07fefe,0,1,a_f47a8f7809556bd3c474b1520fba0d35,a_f47a8f7809556bd3c474b1520fba0d35,p_f2c10038ab92ab1e2d89e59a409ca210,p_73a113db56cae583b0f4d27a2f1f0ea3,6,527,73,53,306667,3817,126,310484,239.08918406072104,589153.70018975332,2464.1587301587301,0.57936507936507942,0.9877062908233597
r_cd3ef6c518931af79118904f4e2ce5d8,Direct file transfer,d_fd46828b3606c9bab93dce55ae07fefe,0,1,a_f47a8f7809556bd3c474b1520fba0d35,a_f47a8f7809556bd3c474b1520fba0d35,p_17502489c55a3795b8cee0302c2f60e1,p_6688deacbc9d093f76efd71ae803001d,6,746,26,72,1961,372081,98,374042,131.36729222520108,501396.78284182306,3816.7551020408164,0.26530612244897961,0.0052427267526106696
r_f12a3f77c641b68b9994550d75db0072,Direct file transfer,d_fd46828b3606c9bab93dce55ae07fefe,0,1,a_f47a8f7809556bd3c474b1520fba0d35,a_f47a8f7809556bd3c474b1520fba0d35,p_7528c56679dfc4413ee69927da9ad559,p_c0f14bbd0a7540f9669573a1a65f5285,6,744,29,76,2231,804837,105,807068,141.12903225806451,1084768.817204301,7686.361904761905,0.27619047619047621,0.0027643271694578401
r_bcc4bd6fd8a4911e875f54b0a2c48e5b,Direct file transfer,d_fd46828b3606c9bab93dce55ae07fefe,0,1,a_f47a8f7809556bd3c474b1520fba0d35,a_f47a8f7809556bd3c474b1520fba0d35,p_71546950ac08dab90907c7fdd75b566c,p_77dbe3e2b43b6b81a173862305b375d0,6,620,86,67,281549,4753,153,286302,246.7741935483871,461777.41935483873,1871.2549019607843,0.56209150326797386,0.98339864897905005
r_a007f68720b39ae07bf93a21b26c0b0e,Direct file transfer,d_fd46828b3606c9bab93dce55ae07fefe,0,1,a_f47a8f7809556bd3c474b1520fba0d35,a_f47a8f7809556bd3c474b1520fba0d35,p_3a1a74b0cf69c6fbee130e0bbb4aa847,p_f20f8250c88d103697dd803efa0f0d0c,6,745,28,73,2143,804641,101,806784,135.57046979865771,1082931.543624161,7987.9603960396043,0.27722772277227725,0.0026562252102173569
r_24519435f179c62bc1d88ef09ea89b33,Direct file transfer,d_fd46828b3606c9bab93dce55ae07fefe,0,1,a_f47a8f7809556bd3c474b1520fba0d35,a_f47a8f7809556bd3c474b1520fba0d35,p_173e427ca97545602db89a011a7aa5a8,p_c76517ae9b158cba02287e228c4ea7a9,6,540,75,54,280583,3881,129,284464,238.88888888888889,526785.18518518517,2205.1472868217056,0.58139534883720934,0.98635679734518256
r_a00c56edf244891491e03bc05cf82452,Direct file transfer,d_fd46828b3606c9bab93dce55ae07fefe,0,1,a_f47a8f7809556bd3c474b1520fba0d35,a_f47a8f7809556bd3c474b1520fba0d35,p_647f6606283db8ba1d004aaec3e89cb4,p_c76517ae9b158cba02287e228c4ea7a9,6,942,28,81,2117,844544,109,846661,115.71125265392782,898790.87048832281,7767.5321100917436,0.25688073394495414,0.0025004104358178777
r_f5593c227e5671c23a64a4df4f80d102,Direct file transfer,d_fd46828b3606c9bab93dce55ae07fefe,0,1,a_f47a8f7809556bd3c474b1520fba0d35,a_f47a8f7809556bd3c474b1520fba0d35,p_1e879ba9dbc8605b839a19c0db318dee,p_2e2bdff7d79ba86224377da437861888,6,736,27,75,2029,346115,102,348144,138.58695652173913,473021.73913043481,3413.1764705882351,0.26470588235294118,0.0058280481639781242
r_2d42968ce5c08d7489c38c96e51e964f,Direct file transfer,d_fd46828b3606c9bab93dce55ae07fefe,0,1,a_f47a8f7809556bd3c474b1520fba0d35,a_f47a8f7809556bd3c474b1520fba0d35,p_f4ea2148894bed77c2fff9a638e66f4f,p_2e2bdff7d79ba86224377da437861888,6,536,75,55,280584,3949,130,284533,242.53731343283582,530845.14925373136,2188.7153846153847,0.57692307692307687,0.98612111776138445
r_2ac15867cd657aed5c5fa2ebbfc4b100,Direct file transfer,d_fd46828b3606c9bab93dce55ae07fefe,0,1,a_f47a8f7809556bd3c474b1520fba0d35,a_f47a8f7809556bd3c474b1520fba0d35,p_7cb61369ad87b71c9d474577a06d36c8,p_fb701d5a05c03fb8299bbc4274ccd85a,6,817,28,75,2105,844095,103,846200,126.07099143206855,1035740.5140758875,8215.5339805825242,0.27184466019417475,0.0024875915859134956
r_8bbfcc4fe18c54301fe858cb92a73773,Direct file transfer,d_fd46828b3606c9bab93dce55ae07fefe,0,1,a_f47a8f7809556bd3c474b1520fba0d35,a_f47a8f7809556bd3c474b1520fba0d35,p_aca758051414e9e0bb2d81480ec4d34b,p_de7751b84215a2b890900c93db9f1d01,6,757,28,76,2105,870365,104,872470,137.38441215323647,1152536.3276089828,8389.1346153846152,0.26923076923076922,0.0024126904076931014
r_9eba90e1d0583f96e06db93688498c7a,Direct file transfer,d_fd46828b3606c9bab93dce55ae07fefe,0,1,a_f47a8f7809556bd3c474b1520fba0d35,a_f47a8f7809556bd3c474b1520fba0d35,p_4a6bc3d486b6458d7444c802d61859b9,p_6688deacbc9d093f76efd71ae803001d,6,574,77,56,320045,4013,133,324058,231.70731707317074,564560.97560975619,2436.5263157894738,0.57894736842105265,0.98761641434558012
r_405e317f5537e2153ab322e89e08f140,Direct file transfer,d_fd46828b3606c9bab93dce55ae07fefe,0,1,a_f47a8f7809556bd3c474b1520fba0d35,a_f47a8f7809556bd3c474b1520fba0d35,p_a23ef9e218dda07e4573d3984cc4290e,p_dd74cc5b69b608ff00edcb1d8b246822,6,826,28,74,2105,909563,102,911668,123.48668280871671,1103714.2857142857,8937.9215686274511,0.27450980392156865,0.0023089545755691763
r_552ad5893516fc822b40b126ec728572,Direct file transfer,d_fd46828b3606c9bab93dce55ae07fefe,0,1,a_f47a8f7809556bd3c474b1520fba0d35,a_f47a8f7809556bd3c474b1520fba0d35,p_d09db3172b925231048428496b6007e4,p_dd74cc5b69b608ff00edcb1d8b246822,6,1066,26,94,1961,399755,120,401716,112.5703564727955,376844.27767354593,3347.6333333333332,0.21666666666666667,0.0048815581156837172
r_1a0dbec974f06f342d7c0cc887bdfe23,Direct file transfer,d_fd46828b3606c9bab93dce55ae07fefe,0,1,a_f47a8f7809556bd3c474b1520fba0d35,a_f47a8f7809556bd3c474b1520fba0d35,p_00739f49f034630725aaf5b455d0afbb,p_c0f14bbd0a7540f9669573a1a65f5285,6,775,103,66,308700,4673,169,313373,218.06451612903226,404352.25806451612,1854.2781065088757,0.60946745562130178,0.98508805800116794
r_bbfbdd3666a466d9f67caca49fe30430,Direct file transfer,d_fd46828b3606c9bab93dce55ae07fefe,0,1,a_f47a8f7809556bd3c474b1520fba0d35,a_f47a8f7809556bd3c474b1520fba0d35,p_b402437c48f17cb31383b9c8136d8035,p_73a113db56cae583b0f4d27a2f1f0ea3,6,787,105,67,282618,4741,172,287359,218.55146124523506,365132.14739517152,1670.6918604651162,0.61046511627906974,0.98350147376626451
r_a95985dd11b95b383c0604919d64f2e3,Direct file transfer,d_fd46828b3606c9bab93dce55ae07fefe,0,1,a_f47a8f7809556bd3c474b1520fba0d35,a_f47a8f7809556bd3c474b1520fba0d35,p_0e6bb389c07df36fa7dcb024fbf30f3c,p_f20f8250c88d103697dd803efa0f0d0c,6,1214,28,100,2119,1228398,128,1230517,105.43657331136738,1013605.4365733113,9613.4140625,0.21875,0.0017220404106566591
r_9d09d23444ef0e672ad6b91d057b33f4,Direct file transfer,d_fd46828b3606c9bab93dce55ae07fefe,0,1,a_f47a8f7809556bd3c474b1520fba0d35,a_f47a8f7809556bd3c474b1520fba0d35,p_91cb4344c3d463e16f380d6b2909cfde,p_2e2bdff7d79ba86224377da437861888,6,818,107,68,322080,4807,175,326887,213.93643031784842,399617.35941320297,1867.9257142857143,0.61142857142857143,0.98529461251135708
r_a487754afa299cad461d62786dfe93f0,Direct file transfer,d_fd46828b3606c9bab93dce55ae07fefe,0,1,a_f47a8f7809556bd3c474b1520fba0d35,a_f47a8f7809556bd3c474b1520fba0d35,p_28944dc21e0b90c10a26ca296c02239b,p_6688deacbc9d093f76efd71ae803001d,6,844,109,67,295997,4739,176,300736,208.53080568720381,356322.27488151658,1708.7272727272727,0.61931818181818177,0.98424199297722925
r_1913efa6211810e656be4aff07ab2ba0,Direct file transfer,d_fd46828b3606c9bab93dce55ae07fefe,0,1,a_f47a8f7809556bd3c474b1520fba0d35,a_f47a8f7809556bd3c474b1520fba0d35,p_945ce8c399b8322d90b818cc22b3c3d0,p_73a113db56cae583b0f4d27a2f1f0ea3,6,846,111,67,269914,4737,178,274651,210.4018912529551,324646.57210401894,1542.9831460674156,0.6235955056179775,0.9827526570083488
r_90bf5eb75a4ea17d103f44c499fc6afd,Direct file transfer,d_fd46828b3606c9bab93dce55ae07fefe,0,1,a_f47a8f7809556bd3c474b1520fba0d35,a_f47a8f7809556bd3c474b1520fba0d35,p_2d7284968b6704df4b00f3c94ca6356c,p_6688deacbc9d093f76efd71ae803001d,6,69,26,102,1981,793436,128,795417,1855.0724637681158,11527782.60869565,6214.1953125,0.203125,0.0024905175524284747
r_7ca2af144e2a02861404efb2c28ca026,Direct file transfer,d_fd46828b3606c9bab93dce55ae07fefe,0,1,a_f47a8f7809556bd3c474b1520fba0d35,a_f47a8f7809556bd3c474b1520fba0d35,p_e0d9cd7be18488d553e522e5c18065ea,p_c0f14bbd0a7540f9669573a1a65f5285,6,595,79,56,293963,4013,135,297976,226.89075630252103,500800,2207.2296296296295,0.58518518518518514,0.98653247241388564
r_82202f384f130ac454061e8a8d391ddb,Direct file transfer,d_fd46828b3606c9bab93dce55ae07fefe,0,1,a_f47a8f7809556bd3c474b1520fba0d35,a_f47a8f7809556bd3c474b1520fba0d35,p_46d8e03f40ff87509008a1e91db5868c,p_77dbe3e2b43b6b81a173862305b375d0,6,556,77,56,320046,4015,133,324061,239.20863309352515,582843.52517985611,2436.5488721804513,0.57894736842105265,0.98761035730927205
r_dd300bf645bb581fdf9d63b68b1296fc,Direct file transfer,d_fd46828b3606c9bab93dce55ae07fefe,0,1,a_f47a8f7809556bd3c474b1520fba0d35,a_f47a8f7809556bd3c474b1520fba0d35,p_950d024e1d16b0ce374cb963cb47cdb6,p_f20f8250c88d103697dd803efa0f0d0c,6,592,79,57,293964,4081,136,298045,229.72972972972974,503454.39189189189,2191.5073529411766,0.58088235294117652,0.98630743679645694
r_390d24dec8776f8a1a67fdecff9e103c,Direct file transfer,d_fd46828b3606c9bab93dce55ae07fefe,0,1,a_f47a8f7809556bd3c474b1520fba0d35,a_f47a8f7809556bd3c474b1520fba0d35,p_6ace551e0469baf807dca7bf2f41c450,p_77dbe3e2b43b6b81a173862305b375d0,6,1063,28,92,2167,976289,120,978456,112.88805268109125,920466.60395108187,8153.8000000000002,0.23333333333333334,0.0022147137939774503
r_094d93c990a87621c0e45f9d811777e7,Direct file transfer,d_fd46828b3606c9bab93dce55ae07fefe,0,1,a_f47a8f7809556bd3c474b1520fba0d35,a_f47a8f7809556bd3c474b1520fba0d35,p_23094f6c11603ba318c71161320b3573,p_dd74cc5b69b608ff00edcb1d8b246822,6,670,89,58,294641,4145,147,298786,219.40298507462686,445949.25373134325,2032.5578231292518,0.60544217687074831,0.98612719471461174
r_a891b1d816d346c2cdf4c95a478c38a8,Direct file transfer,d_fd46828b3606c9bab93dce55ae07fefe,0,1,a_f47a8f7809556bd3c474b1520fba0d35,a_f47a8f7809556bd3c474b1520fba0d35,p_47d51e20d10e2b163dc5f92162474219,p_c76517ae9b158cba02287e228c4ea7a9,6,576,79,56,293963,4013,135,297976,234.37500000000003,517319.4444444445,2207.2296296296295,0.58518518518518514,0.98653247241388564
r_3b8a5bc123880b9acaaca946732993bf,Direct file transfer,d_fd46828b3606c9bab93dce55ae07fefe,0,1,a_f47a8f7809556bd3c474b1520fba0d35,a_f47a8f7809556bd3c474b1520fba0d35,p_b5eefa7259021c451cc62ac86ddfc85d,p_f20f8250c88d103697dd803efa0f0d0c,6,1149,26,97,1975,1160120,123,1162095,107.04960835509138,1011396.866840731,9447.9268292682918,0.21138211382113822,0.0016995168209139528
r_29eaa60fc1befe21cc1b58613e9d9863,Direct file transfer,d_fd46828b3606c9bab93dce55ae07fefe,0,1,a_f47a8f7809556bd3c474b1520fba0d35,a_f47a8f7809556bd3c474b1520fba0d35,p_50cf6420f03a0cbe1a21c9dc81f254e9,p_2e2bdff7d79ba86224377da437861888,6,1128,27,96,2029,504788,123,506817,109.04255319148938,449305.85106382985,4120.4634146341459,0.21951219512195122,0.0040034174070719807
r_5ff9e61b3594ac4d95415a170f79ecdc,Direct file transfer,d_fd46828b3606c9bab93dce55ae07fefe,0,1,a_f47a8f7809556bd3c474b1520fba0d35,a_f47a8f7809556bd3c474b1520fba0d35,p_2fa37e4a0efb21be628da87300ff35f7,p_f20f8250c88d103697dd803efa0f0d0c,6,679,91,61,268558,4341,152,272899,223.8586156111929,401913.10751104564,1795.3881578947369,0.59868421052631582,0.98409301609753064
r_dc5c4e2f0a3c073bd01e0195334ef286,Direct file transfer,d_fd46828b3606c9bab93dce55ae07fefe,0,1,a_f47a8f7809556bd3c474b1520fba0d35,a_f47a8f7809556bd3c474b1520fba0d35,p_1dee97fbf3b69458496512538a9ac92c,p_73a113db56cae583b0f4d27a2f1f0ea3,6,556,77,56,320046,4015,133,324061,239.20863309352515,582843.52517985611,2436.5488721804513,0.57894736842105265,0.98761035730927205
r_b2611be05f6f3f48acdc7c5b474d95fe,Direct file transfer,d_fd46828b3606c9bab93dce55ae07fefe,0,1,a_f47a8f7809556bd3c474b1520fba0d35,a_f47a8f7809556bd3c474b1520fba0d35,p_658c2cef23f15ac941cfb64de6c36456,p_de7751b84215a2b890900c93db9f1d01,6,559,75,52,280583,3749,127,284332,227.19141323792485,508644.00715563499,2238.8346456692911,0.59055118110236215,0.98681470956487483
r_b5206433aad79fb5f28ac70d414e76e4,Direct file transfer,d_fd46828b3606c9bab93dce55ae07fefe,0,1,a_f47a8f7809556bd3c474b1520fba0d35,a_f47a8f7809556bd3c474b1520fba0d35,p_fb1210c444a7178245767b2781d20285,p_de7751b84215a2b890900c93db9f1d01,6,818,28,80,2105,818200,108,820305,132.02933985330074,1002817.848410758,7595.416666666667,0.25925925925925924,0.0025661186997519214
r_74a420e7b63086f226bd64da0960dd92,Direct file transfer,d_fd46828b3606c9bab93dce55ae07fefe,0,1,a_f47a8f7809556bd3c474b1520fba0d35,a_f47a8f7809556bd3c474b1520fba0d35,p_5c44740a1712ed33d19f757021759a89,p_77dbe3e2b43b6b81a173862305b375d0,6,738,97,63,321402,4477,160,325879,216.80216802168022,441570.46070460707,2036.7437500000001,0.60624999999999996,0.9862617720074015
r_b11d454267f61c52ae741a1e83e70e86,Direct file transfer,d_fd46828b3606c9bab93dce55ae07fefe,0,1,a_f47a8f7809556bd3c474b1520fba0d35,a_f47a8f7809556bd3c474b1520fba0d35,p_30376abefafc8f8dd2dc3197d10321f0,p_6688deacbc9d093f76efd71ae803001d,6,763,101,63,269237,4475,164,273712,214.94102228047183,358731.32372214942,1668.9756097560976,0.61585365853658536,0.98365069854445553
r_39840cbef2c4d87f1629aa7b0b4348f0,Direct file transfer,d_fd46828b3606c9bab93dce55ae07fefe,0,1,a_f47a8f7809556bd3c474b1520fba0d35,a_f47a8f7809556bd3c474b1520fba0d35,p_b18b3086466c4825e46603ef07085384,p_f20f8250c88d103697dd803efa0f0d0c,6,785,103,65,308701,4609,168,313310,214.01273885350318,399121.01910828025,1864.9404761904761,0.61309523809523814,0.98528933005649355
r_fd15b0afd5d0263c08f559146ba995e8,Direct file transfer,d_fd46828b3606c9bab93dce55ae07fefe,0,1,a_f47a8f7809556bd3c474b1520fba0d35,a_f47a8f7809556bd3c474b1520fba0d35,p_4dff3d1e357d51bf42f89922fcf7f75e,p_c0f14bbd0a7540f9669573a1a65f5285,6,821,107,66,322079,4673,173,326752,210.71863580998783,397992.69183922047,1888.7398843930637,0.61849710982658956,0.98569863382626577
r_95fd215c76c2ca97eed25aa93fc948fb,Direct file transfer,d_fd46828b3606c9bab93dce55ae07fefe,0,1,a_f47a8f7809556bd3c474b1520fba0d35,a_f47a8f7809556bd3c474b1520fba0d35,p_f65e26c575551f9fd3ad023f144a5a84,p_73a113db56cae583b0f4d27a2f1f0ea3,6,827,109,68,295998,4807,177,300805,214.02660217654173,363730.35066505446,1699.4632768361582,0.61581920903954801,0.98401954754741439
r_54fb2ab33da5f8de6a9445d6edb8f8ce,Direct file transfer,d_fd46828b3606c9bab93dce55ae07fefe,0,1,a_f47a8f7809556bd3c474b1520fba0d35,a_f47a8f7809556bd3c474b1520fba0d35,p_6ca5cb9afd63adb80cb06fd2e0fb712a,p_f20f8250c88d103697dd803efa0f0d0c,6,821,26,77,1963,359313,103,361276,125.45676004872108,440043.84896467725,3507.5339805825242,0.25242718446601942,0.0054335189716449477
r_97e17c3f630778231975a061065532ca,Direct file transfer,d_fd46828b3606c9bab93dce55ae07fefe,0,1,a_f47a8f7809556bd3c474b1520fba0d35,a_f47a8f7809556bd3c474b1520fba0d35,p_d8c47f778e6a6fc9ca4b308e2b56da36,p_fb701d5a05c03fb8299bbc4274ccd85a,6,585,81,56,267881,4013,137,271894,234.18803418803421,464776.06837606843,1984.6277372262773,0.59124087591240881,0.98524057169338053
r_4f19f59b5c55a5bb60ab1c9fccf6afe4,Direct file transfer,d_fd46828b3606c9bab93dce55ae07fefe,0,1,a_f47a8f7809556bd3c474b1520fba0d35,a_f47a8f7809556bd3c474b1520fba0d35,p_cee1990f152a5e5d5e5837431c19a463,p_2e2bdff7d79ba86224377da437861888,6,573,79,55,293964,3949,134,297913,233.85689354275743,519917.97556719027,2223.2313432835822,0.58955223880597019,0.98674445223941221
r_d5c08dcba805b566418b5b68ae4b2fe1,Direct file transfer,d_fd46828b3606c9bab93dce55ae07fefe,0,1,a_f47a8f7809556bd3c474b1520fba0d35,a_f47a8f7809556bd3c474b1520fba0d35,p_37c5bca9f06729d50f0046780de49cb2,p_77dbe3e2b43b6b81a173862305b375d0,6,825,27,79,2029,464303,106,466332,128.4848484848485,565250.90909090918,4399.3584905660373,0.25471698113207547,0.0043509774152320664
r_73a31fe89ec6ad2473df003e05eca4e3,Direct file transfer,d_fd46828b3606c9bab93dce55ae07fefe,0,1,a_f47a8f7809556bd3c474b1520fba0d35,a_f47a8f7809556bd3c474b1520fba0d35,p_641e128270b20c64cdbd48a648ef2b29,p_fb701d5a05c03fb8299bbc4274ccd85a,6,818,27,81,2039,792062,108,794101,132.02933985330074,970783.61858190713,7352.7870370370374,0.25,0.0025676834558828157
r_356621a8a7c2e1c8f27dc29078373734,Direct file transfer,d_fd46828b3606c9bab93dce55ae07fefe,0,1,a_f47a8f7809556bd3c474b1520fba0d35,a_f47a8f7809556bd3c474b1520fba0d35,p_cd40fda960cee8d7fc088ab8d00d0d57,p_77dbe3e2b43b6b81a173862305b375d0,6,595,81,57,267882,4081,138,271963,231.9327731092437,457080.6722689076,1970.7463768115942,0.58695652173913049,0.98499428231046138
r_25445be961e17112292a3c4528d35165,Direct file transfer,d_fd46828b3606c9bab93dce55ae07fefe,0,1,a_f47a8f7809556bd3c474b1520fba0d35,a_f47a8f7809556bd3c474b1520fba0d35,p_264ff23ae3fca274512815f851c5d945,p_2e2bdff7d79ba86224377da437861888,6,888,27,81,2029,372726,108,374755,121.62162162162161,422021.39639639639,3469.9537037037039,0.25,0.0054142039465784313
r_cba8740cfb624f4a278d1b3bf10fe445,Direct file transfer,d_fd46828b3606c9bab93dce55ae07fefe,0,1,a_f47a8f7809556bd3c474b1520fba0d35,a_f47a8f7809556bd3c474b1520fba0d35,p_082122820853a784eca6bbbe40370320,p_6688deacbc9d093f76efd71ae803001d,6,582,81,57,267881,4079,138,271960,237.11340206185568,467285.22336769762,1970.7246376811595,0.58695652173913049,0.98500147080453004
r_75bff070a4557e51fba7c093522e6560,Direct file transfer,d_fd46828b3606c9bab93dce55ae07fefe,0,1,a_f47a8f7809556bd3c474b1520fba0d35,a_f47a8f7809556bd3c474b1520fba0d35,p_f563a7e0a68b88ebc1d58038b81d934c,p_dd74cc5b69b608ff00edcb1d8b246822,6,634,85,58,281261,4145,143,285406,225.55205047318611,450167.19242902205,1995.8461538461538,0.59440559440559437,0.98547682949902948
r_b345a32992f5fb94b3eeed8fcc7e28c8,Direct file transfer,d_fd46828b3606c9bab93dce55ae07fefe,0,1,a_f47a8f7809556bd3c474b1520fba0d35,a_f47a8f7809556bd3c474b1520fba0d35,p_43143875a1ee18bb02c8c7c21e90330e,p_6688deacbc9d093f76efd71ae803001d,6,814,31,82,2303,726582,113,728885,138.82063882063883,895436.11793611804,6450.3097345132746,0.27433628318584069,0.0031596205162679985
r_f6cd66c98a8bf3329bb952d47ac1afa3,Direct file transfer,d_fd46828b3606c9bab93dce55ae07fefe,0,1,a_f47a8f7809556bd3c474b1520fba0d35,a_f47a8f7809556bd3c474b1520fba0d35,p_31d0a5cb48eea5c4559fb9076889472c,p_c0f14bbd0a7540f9669573a1a65f5285,6,624,83,55,307344,3947,138,311291,221.15384615384616,498863.78205128206,2255.731884057971,0.60144927536231885,0.98732054572730976
r_8b6f3a06a46f55fed55e1e9bb2454ad1,Direct file transfer,d_fd46828b3606c9bab93dce55ae07fefe,0,1,a_f47a8f7809556bd3c474b1520fba0d35,a_f47a8f7809556bd3c474b1520fba0d35,p_1796749b489f5ffa4cbef6b2db5e99a2,p_77dbe3e2b43b6b81a173862305b375d0,6,878,28,82,2155,805235,110,807390,125.28473804100227,919578.58769931667,7339.909090909091,0.25454545454545452,0.0026690942419400785
r_4bfd07c85be739edcbe8fec50ccff02b,Direct file transfer,d_fd46828b3606c9bab93dce55ae07fefe,0,1,a_f47a8f7809556bd3c474b1520fba0d35,a_f47a8f7809556bd3c474b1520fba0d35,p_4de1ca65792b791fa8e1abdc2c1d83ac,p_f20f8250c88d103697dd803efa0f0d0c,6,605,83,57,307345,4081,140,311426,231.40495867768595,514753.71900826448,2224.4714285714285,0.59285714285714286,0.98689576335951401
r_28f6958fe37c14a6665cf2dc38c37793,Direct file transfer,d_fd46828b3606c9bab93dce55ae07fefe,0,1,a_f47a8f7809556bd3c474b1520fba0d35,a_f47a8f7809556bd3c474b1520fba0d35,p_799641e631637a832e54bcdb11ab6237,p_6688deacbc9d093f76efd71ae803001d,6,641,85,59,281261,4211,144,285472,224.64898595943836,445354.13416536659,1982.4444444444443,0.59027777777777779,0.98524899114449049
r_d4e39aa28a84d28409df546572fca614,Direct file transfer,d_fd46828b3606c9bab93dce55ae07fefe,0,1,a_f47a8f7809556bd3c474b1520fba0d35,a_f47a8f7809556bd3c474b1520fba0d35,p_3d514ee0de8771eb97219bff0c508319,p_c76517ae9b158cba02287e228c4ea7a9,6,622,83,57,307344,4079,140,311423,225.08038585209005,500680.0643086817,2224.4499999999998,0.59285714285714286,0.98690205925702346
r_7d896c04783c4567de8b3c6aa16c41b5,Direct file transfer,d_fd46828b3606c9bab93dce55ae07fefe,0,1,a_f47a8f7809556bd3c474b1520fba0d35,a_f47a8f7809556bd3c474b1520fba0d35,p_295a0e1a47a341ac546178b1bc5cf642,p_c76517ae9b158cba02287e228c4ea7a9,6,872,30,82,2237,896986,112,899223,128.44036697247705,1031219.0366972478,8028.7767857142853,0.26785714285714285,0.0024877032727143324
r_39fa248be55025eccc24d393c0876a07,Direct file transfer,d_fd46828b3606c9bab93dce55ae07fefe,0,1,a_f47a8f7809556bd3c474b1520fba0d35,a_f47a8f7809556bd3c474b1520fba0d35,p_db438460819bd236091ca2c62e9a3d44,p_73a113db56cae583b0f4d27a2f1f0ea3,6,622,85,58,281262,4147,143,285409,229.90353697749197,458856.91318327974,1995.8671328671328,0.59440559440559437,0.98546997466793274
r_dbafde08edbffd8a3f049decc0c53223,Direct file transfer,d_fd46828b3606c9bab93dce55ae07fefe,0,1,a_f47a8f7809556bd3c474b1520fba0d35,a_f47a8f7809556bd3c474b1520fba0d35,p_8bc1b2746f0b162e51ecfe28de28f24d,p_f20f8250c88d103697dd803efa0f0d0c,6,651,87,59,320724,4213,146,324937,224.27035330261137,499135.17665130569,2225.5958904109589,0.59589041095890416,0.9870344097471202
r_fb1fc79d73cc6459a15786f33cbb1a45,Direct file transfer,d_fd46828b3606c9bab93dce55ae07fefe,0,1,a_f47a8f7809556bd3c474b1520fba0d35,a_f47a8f7809556bd3c474b1520fba0d35,p_1a063f461976f2d33dd2b850aaa67330,p_de7751b84215a2b890900c93db9f1d01,6,873,30,81,2237,831374,111,833611,127.14776632302406,954880.87056128297,7510.0090090090089,0.27027027027027029,0.0026835058558488311
r_7601fc7a1f7aa71b5c315f72e8be1c2d,Direct file transfer,d_fd46828b3606c9bab93dce55ae07fefe,0,1,a_f47a8f7809556bd3c474b1520fba0d35,a_f47a8f7809556bd3c474b1520fba0d35,p_cae01d1dbb103a8d3720d8fbd2b8d065,p_c0f14bbd0a7540f9669573a1a65f5285,6,947,31,84,2315,899077,115,901392,121.43611404435059,951839.49313621968,7838.1913043478262,0.26956521739130435,0.0025682499955624188
r_52d75c31e3646b46970ceaba8fdaade6,Direct file transfer,d_fd46828b3606c9bab93dce55ae07fefe,0,1,a_f47a8f7809556bd3c474b1520fba0d35,a_f47a8f7809556bd3c474b1520fba0d35,p_73ea25ed241ef5870512e5be7b3cbf30,p_2e2bdff7d79ba86224377da437861888,6,947,27,83,2029,451501,110,453530,116.15628299894404,478912.35480464628,4123,0.24545454545454545,0.0044737944568165279
r_a0cd87e8671a7fa8b6e7884a9ab57df6,Direct file transfer,d_fd46828b3606c9bab93dce55ae07fefe,0,1,a_f47a8f7809556bd3c474b1520fba0d35,a_f47a8f7809556bd3c474b1520fba0d35,p_3a36a947682969dab8debb403b740f15,p_fb701d5a05c03fb8299bbc4274ccd85a,6,630,85,58,281261,4145,143,285406,226.98412698412699,453025.39682539681,1995.8461538461538,0.59440559440559437,0.98547682949902948
r_c2ea2750cea5c80435cccfcd3ee6a1f8,Direct file transfer,d_fd46828b3606c9bab93dce55ae07fefe,0,1,a_f47a8f7809556bd3c474b1520fba0d35,a_f47a8f7809556bd3c474b1520fba0d35,p_ae09cc3d0a5d94578aeb982622d2191d,p_de7751b84215a2b890900c93db9f1d01,6,942,31,86,2303,648203,117,650506,124.20382165605096,690558.38641188969,5559.8803418803418,0.26495726495726496,0.0035403209194073536
r_be63637760258e5ed081a06d98fa8948,Direct file transfer,d_fd46828b3606c9bab93dce55ae07fefe,0,1,a_f47a8f7809556bd3c474b1520fba0d35,a_f47a8f7809556bd3c474b1520fba0d35,p_2a4838476123e3244e2b9fbb6998b177,p_77dbe3e2b43b6b81a173862305b375d0,6,677,89,60,294642,4279,149,298921,220.08862629246676,441537.66617429833,2006.1812080536913,0.59731543624161076,0.98568518103445391
r_af497a360eb78afef36cc2b5b30f96ba,Direct file transfer,d_fd46828b3606c9bab93dce55ae07fefe,0,1,a_f47a8f7809556bd3c474b1520fba0d35,a_f47a8f7809556bd3c474b1520fba0d35,p_a1e43689cb3e01dc31c3fa919ce33492,p_fb701d5a05c03fb8299bbc4274ccd85a,6,880,28,84,2105,870903,112,873008,127.27272727272727,992054.54545454541,7794.7142857142853,0.25,0.0024112035628539486
r_68f902a16c2dbf0cb9b13d2f8674dee0,Direct file transfer,d_fd46828b3606c9bab93dce55ae07fefe,0,1,a_f47a8f7809556bd3c474b1520fba0d35,a_f47a8f7809556bd3c474b1520fba0d35,p_95fae14ddebd99d470a376bb2e2cd584,p_fb701d5a05c03fb8299bbc4274ccd85a,6,670,89,61,294641,4343,150,298984,223.88059701492537,446244.77611940296,1993.2266666666667,0.59333333333333338,0.98547413908436576
r_af3cff6d5eec902d3809cc70a0dff964,Direct file transfer,d_fd46828b3606c9bab93dce55ae07fefe,0,1,a_f47a8f7809556bd3c474b1520fba0d35,a_f47a8f7809556bd3c474b1520fba0d35,p_bde3645790b8ee5bdf832598ec3fb48d,p_2e2bdff7d79ba86224377da437861888,6,695,27,74,2037,268835,101,270872,145.32374100719426,389743.88489208638,2681.90099009901,0.26732673267326734,0.0075201571221831711
r_12717c9be6080ee964f69a44a78824c8,Direct file transfer,d_fd46828b3606c9bab93dce55ae07fefe,0,1,a_f47a8f7809556bd3c474b1520fba0d35,a_f47a8f7809556bd3c474b1520fba0d35,p_0bfca4318490eb64ce76c689b552828b,p_c76517ae9b158cba02287e228c4ea7a9,6,1004,31,90,2303,805763,121,808066,120.51792828685259,804846.61354581674,6678.2314049586776,0.256198347107438,0.0028500147265198635
r_321c8536e69894ec236a9b87aed5bb4b,Direct file transfer,d_fd46828b3606c9bab93dce55ae07fefe,0,1,a_f47a8f7809556bd3c474b1520fba0d35,a_f47a8f7809556bd3c474b1520fba0d35,p_b098da49f57837c9252cc6183f00e786,p_c0f14bbd0a7540f9669573a1a65f5285,6,1138,30,96,2225,439209,126,441434,110.72056239015818,387903.33919156418,3503.4444444444443,0.23809523809523808,0.0050403910890416239
r_7097fe9617849ff5f01ddf9eff8fca1a,Direct file transfer,d_fd46828b3606c9bab93dce55ae07fefe,0,1,a_f47a8f7809556bd3c474b1520fba0d35,a_f47a8f7809556bd3c474b1520fba0d35,p_5605d9d79104ebb7686e2a4cfaadf9de,p_dd74cc5b69b608ff00edcb1d8b246822,6,851,111,65,269913,4603,176,274516,206.81551116333725,322580.49353701528,1559.75,0.63068181818181823,0.98323230704221243
r_e0d874345b65734f654457cf0ba87f0a,Direct file transfer,d_fd46828b3606c9bab93dce55ae07fefe,0,1,a_f47a8f7809556bd3c474b1520fba0d35,a_f47a8f7809556bd3c474b1520fba0d35,p_14f6c9150e9b921d4b301cf7f34ed154,p_73a113db56cae583b0f4d27a2f1f0ea3,6,658,89,60,294642,4279,149,298921,226.44376899696047,454287.23404255317,2006.1812080536913,0.59731543624161076,0.98568518103445391
r_1f9eb61c28e1301b3a31b0b7244e6bab,Direct file transfer,d_fd46828b3606c9bab93dce55ae07fefe,0,1,a_f47a8f7809556bd3c474b1520fba0d35,a_f47a8f7809556bd3c474b1520fba0d35,p_9d240888ff3fb9805e7aea88f52f3e30,p_73a113db56cae583b0f4d27a2f1f0ea3,6,952,30,85,2227,425418,115,427645,120.79831932773109,449206.93277310929,3718.6521739130435,0.2608695652173913,0.0052075904079318122
r_0594cbf2b90eb54fa144fb3031edb4ca,Direct file transfer,d_fd46828b3606c9bab93dce55ae07fefe,0,1,a_f47a8f7809556bd3c474b1520fba0d35,a_f47a8f7809556bd3c474b1520fba0d35,p_fd6a1ac52ad2594c9ef9c20e721cd68f,p_6688deacbc9d093f76efd71ae803001d,6,701,93,61,308022,4343,154,312365,219.68616262482169,445599.14407988591,2028.3441558441559,0.60389610389610393,0.98609639364205337
r_ac4e03c0be5c957112888a56c56d19df,Direct file transfer,d_fd46828b3606c9bab93dce55ae07fefe,0,1,a_f47a8f7809556bd3c474b1520fba0d35,a_f47a8f7809556bd3c474b1520fba0d35,p_2235674ea69494b046f07bfeb0dac020,p_c0f14bbd0a7540f9669573a1a65f5285,6,715,95,63,281939,4475,158,286414,220.97902097902099,400579.02097902098,1812.746835443038,0.60126582278481011,0.98437576375456504
r_2d7c2e66912ff4a8bfcdbe4df83dab55,Direct file transfer,d_fd46828b3606c9bab93dce55ae07fefe,0,1,a_f47a8f7809556bd3c474b1520fba0d35,a_f47a8f7809556bd3c474b1520fba0d35,p_7409dd2cb09b2db87061ae14f41883cb,p_f20f8250c88d103697dd803efa0f0d0c,6,698,41,79,3021,685724,120,688745,171.91977077363899,986740.6876790832,5739.541666666667,0.34166666666666667,0.0043862387385752346
r_976ba53ceec63bbafcac3b4585c606ba,Direct file transfer,d_fd46828b3606c9bab93dce55ae07fefe,0,1,a_f47a8f7809556bd3c474b1520fba0d35,a_f47a8f7809556bd3c474b1520fba0d35,p_0af40ab08b9128210a85eaf3a9381994,p_c0f14bbd0a7540f9669573a1a65f5285,6,687,26,71,1981,858153,97,860134,141.19359534206694,1252014.5560407569,8867.3608247422671,0.26804123711340205,0.002303129512378304
r_8f7ad7db7bf8e85aee1726cb855052d3,Direct file transfer,d_fd46828b3606c9bab93dce55ae07fefe,0,1,a_f47a8f7809556bd3c474b1520fba0d35,a_f47a8f7809556bd3c474b1520fba0d35,p_3b50a23143393dbb87c5c4b9ef553983,p_77dbe3e2b43b6b81a173862305b375d0,6,701,93,62,308023,4411,155,312434,221.1126961483595,445697.57489301002,2015.7032258064517,0.59999999999999998,0.98588181824001231
r_689af2221137447f12bb0e175097c9e3,Direct file transfer,d_fd46828b3606c9bab93dce55ae07fefe,0,1,a_f47a8f7809556bd3c474b1520fba0d35,a_f47a8f7809556bd3c474b1520fba0d35,p_c609805ef327d152a414429d0d318edc,p_2e2bdff7d79ba86224377da437861888,6,1000,27,93,2053,478322,120,480375,120,480375,4003.125,0.22500000000000001,0.0042737444704657821
r_d971ae400258c719fe3bf564945448c7,Direct file transfer,d_fd46828b3606c9bab93dce55ae07fefe,0,1,a_f47a8f7809556bd3c474b1520fba0d35,a_f47a8f7809556bd3c474b1520fba0d35,p_a0baadb7a5315ab018f3dc3fcf39d1f3,p_73a113db56cae583b0f4d27a2f1f0ea3,6,705,93,62,308023,4411,155,312434,219.8581560283688,443168.79432624119,2015.7032258064517,0.59999999999999998,0.98588181824001231
r_76631846003d34d59f3a57ca65f4e7c9,Direct file transfer,d_fd46828b3606c9bab93dce55ae07fefe,0,1,a_f47a8f7809556bd3c474b1520fba0d35,a_f47a8f7809556bd3c474b1520fba0d35,p_401e6dea10f2655cf3e932b42213d8c3,p_de7751b84215a2b890900c93db9f1d01,6,703,95,63,281939,4475,158,286414,224.75106685633003,407416.78520625894,1812.746835443038,0.60126582278481011,0.98437576375456504
r_e6298e649d826b9ebd9a88c43b4c1a57,Direct file transfer,d_fd46828b3606c9bab93dce55ae07fefe,0,1,a_f47a8f7809556bd3c474b1520fba0d35,a_f47a8f7809556bd3c474b1520fba0d35,p_a4e51792100368a941ca8026a6ef98e8,p_fb701d5a05c03fb8299bbc4274ccd85a,6,21818,127,163,323650,931248,290,1254898,13.291777431478595,57516.637638646986,4327.2344827586203,0.43793103448275861,0.25790940777656829
r_95fd24fb888ea56e53037af4aec87da7,Direct file transfer,d_fd46828b3606c9bab93dce55ae07fefe,0,1,a_f47a8f7809556bd3c474b1520fba0d35,a_f47a8f7809556bd3c474b1520fba0d35,p_1e47e454aaa1b6446cb9e561e098a946,p_fb701d5a05c03fb8299bbc4274ccd85a,6,699,93,62,308022,4409,155,312431,221.74535050071532,446968.52646638057,2015.683870967742,0.59999999999999998,0.98588808408896689
r_62b9c348a66a584fa7a33e646afbc5a1,Direct file transfer,d_fd46828b3606c9bab93dce55ae07fefe,0,1,a_f47a8f7809556bd3c474b1520fba0d35,a_f47a8f7809556bd3c474b1520fba0d35,p_a85de2e8f703dd2a0c39db1b976faf3a,p_f20f8250c88d103697dd803efa0f0d0c,6,712,95,61,281940,4345,156,286285,219.10112359550564,402085.67415730341,1835.1602564102564,0.60897435897435892,0.98482281642419267
r_8f07f43f4b129cbc9cf538c23e214b56,Direct file transfer,d_fd46828b3606c9bab93dce55ae07fefe,0,1,a_f47a8f7809556bd3c474b1520fba0d35,a_f47a8f7809556bd3c474b1520fba0d35,p_c411c138b6ad2079d3f73029a348fc9e,p_2e2bdff7d79ba86224377da437861888,6,1067,27,93,2029,425946,120,427975,112.46485473289597,401101.21836925962,3566.4583333333335,0.22500000000000001,0.0047409311291547402
r_67f377fee619c29753f896e05f717f0b,Direct file transfer,d_fd46828b3606c9bab93dce55ae07fefe,0,1,a_f47a8f7809556bd3c474b1520fba0d35,a_f47a8f7809556bd3c474b1520fba0d35,p_26c0460d7a58b45a3b38ee483698da42,p_73a113db56cae583b0f4d27a2f1f0ea3,6,742,97,63,321402,4477,160,325879,215.63342318059298,439190.02695417788,2036.7437500000001,0.60624999999999996,0.9862617720074015
r_1aa27dfc752dbf1df43f7acf1143f2f6,Direct file transfer,d_fd46828b3606c9bab93dce55ae07fefe,0,1,a_f47a8f7809556bd3c474b1520fba0d35,a_f47a8f7809556bd3c474b1520fba0d35,p_16120f5ab57d11418c49ce7923fdd106,p_de7751b84215a2b890900c93db9f1d01,6,1118,36,99,2633,963634,135,966267,120.75134168157423,864281.75313059031,7157.5333333333338,0.26666666666666666,0.0027249197168070522
r_c19410f03ba923f859544eafda84e5fd,Direct file transfer,d_fd46828b3606c9bab93dce55ae07fefe,0,1,a_f47a8f7809556bd3c474b1520fba0d35,a_f47a8f7809556bd3c474b1520fba0d35,p_814d9e4ff0532880ef9fa63fd3c7240d,p_c76517ae9b158cba02287e228c4ea7a9,6,1186,30,100,2237,976817,130,979054,109.61214165261383,825509.27487352444,7531.1846153846154,0.23076923076923078,0.0022848586492675584
r_ea857baf3a043bc7a6884e0334e506f5,Direct file transfer,d_fd46828b3606c9bab93dce55ae07fefe,0,1,a_f47a8f7809556bd3c474b1520fba0d35,a_f47a8f7809556bd3c474b1520fba0d35,p_4719c225ce72606d67e11aed2d7bbc54,p_77dbe3e2b43b6b81a173862305b375d0,6,799,105,67,282618,4741,172,287359,215.26908635794743,359648.31038798497,1670.6918604651162,0.61046511627906974,0.98350147376626451
r_9d5453bf151aacadcdb03c2951b7b182,Direct file transfer,d_fd46828b3606c9bab93dce55ae07fefe,0,1,a_f47a8f7809556bd3c474b1520fba0d35,a_f47a8f7809556bd3c474b1520fba0d35,p_e5d7affea999b3fd92d838efb38a3cd9,p_6688deacbc9d093f76efd71ae803001d,6,996,30,88,2225,438673,118,440898,118.47389558232932,442668.67469879519,3736.4237288135591,0.25423728813559321,0.0050465186959342068
r_ed3e7d78bd10c3f1aa3cfb8cd89aa5a3,Direct file transfer,d_fd46828b3606c9bab93dce55ae07fefe,0,1,a_f47a8f7809556bd3c474b1520fba0d35,a_f47a8f7809556bd3c474b1520fba0d35,p_e3320193f9d0e9dfa93bd6153b54aa75,p_fb701d5a05c03fb8299bbc4274ccd85a,6,1184,28,101,2105,1212812,129,1214917,108.95270270270271,1026112.3310810812,9417.9612403100782,0.21705426356589147,0.0017326286487060433
r_edb7947111fca195ba402aaa9e08caa3,Direct file transfer,d_fd46828b3606c9bab93dce55ae07fefe,0,1,a_f47a8f7809556bd3c474b1520fba0d35,a_f47a8f7809556bd3c474b1520fba0d35,p_6a430a5a818f8ab939ccc8c5e88e8650,p_c0f14bbd0a7540f9669573a1a65f5285,6,937,26,86,1957,399225,112,401182,119.53041622198505,428155.81643543218,3581.9821428571427,0.23214285714285715,0.0048780852580624255
r_4734cd9c5e189a92e04a7d16361b95a4,Direct file transfer,d_fd46828b3606c9bab93dce55ae07fefe,0,1,a_f47a8f7809556bd3c474b1520fba0d35,a_f47a8f7809556bd3c474b1520fba0d35,p_9e108fe4ee8122429f14d4870a9be615,p_de7751b84215a2b890900c93db9f1d01,6,796,103,66,308700,4673,169,313373,212.31155778894473,393684.67336683418,1854.2781065088757,0.60946745562130178,0.98508805800116794
r_06a4cdf534cdae7dead876aea6828069,Direct file transfer,d_fd46828b3606c9bab93dce55ae07fefe,0,1,a_f47a8f7809556bd3c474b1520fba0d35,a_f47a8f7809556bd3c474b1520fba0d35,p_e06e72277fc821ae14e9d7e8408d2cf1,p_73a113db56cae583b0f4d27a2f1f0ea3,6,1064,29,91,2161,452029,120,454190,112.78195488721803,426870.30075187969,3784.9166666666665,0.24166666666666667,0.0047579206939826948
r_1ccd24ef9ad4fe0167ca85f88c3649dc,Direct file transfer,d_fd46828b3606c9bab93dce55ae07fefe,0,1,a_f47a8f7809556bd3c474b1520fba0d35,a_f47a8f7809556bd3c474b1520fba0d35,p_4aaf9217e6e35f2dece0c669d8bad4de,p_6688deacbc9d093f76efd71ae803001d,6,1137,27,98,2051,806281,125,808332,109.93843447669305,710934.03693931398,6466.6559999999999,0.216,0.0025373237729051923
r_bcb4430d5a04960a471bd0d97be27489,Direct file transfer,d_fd46828b3606c9bab93dce55ae07fefe,0,1,a_f47a8f7809556bd3c474b1520fba0d35,a_f47a8f7809556bd3c474b1520fba0d35,p_9240d72025d778f6c7a81d85dcb61c87,p_de7751b84215a2b890900c93db9f1d01,6,755,99,65,295319,4607,164,299926,217.21854304635761,397252.98013245035,1828.8170731707316,0.60365853658536583,0.98463954442095714
r_1accbbc2e85377703af2ba80136c18dc,Direct file transfer,d_fd46828b3606c9bab93dce55ae07fefe,0,1,a_f47a8f7809556bd3c474b1520fba0d35,a_f47a8f7809556bd3c474b1520fba0d35,p_7071c605e3d03e946cd53f63b2c167ee,p_c76517ae9b158cba02287e228c4ea7a9,6,825,107,67,322079,4739,174,326818,210.90909090909091,396143.03030303033,1878.2643678160919,0.61494252873563215,0.98549957468682881
r_f553cc6e921ab038e64cc43e821acf6c,Direct file transfer,d_fd46828b3606c9bab93dce55ae07fefe,0,1,a_f47a8f7809556bd3c474b1520fba0d35,a_f47a8f7809556bd3c474b1520fba0d35,p_e12a4a291c8f23b908180df7b128f6e5,p_c76517ae9b158cba02287e228c4ea7a9,6,705,95,63,281939,4475,158,286414,224.11347517730499,406260.99290780147,1812.746835443038,0.60126582278481011,0.98437576375456504
r_b24f17d19967c87ca112ed5f89efaa59,Direct file transfer,d_fd46828b3606c9bab93dce55ae07fefe,0,1,a_f47a8f7809556bd3c474b1520fba0d35,a_f47a8f7809556bd3c474b1520fba0d35,p_f75d70a6f35a8dae5a5a8bc467ccac33,p_2e2bdff7d79ba86224377da437861888,6,786,103,66,308701,4675,169,313376,215.01272264631044,398697.20101781166,1854.2958579881656,0.60946745562130178,0.98508181864597166
r_17d042e6104019d3394e874b69ffd8c2,Direct file transfer,d_fd46828b3606c9bab93dce55ae07fefe,0,1,a_f47a8f7809556bd3c474b1520fba0d35,a_f47a8f7809556bd3c474b1520fba0d35,p_3668ac44bb7c189c084a15b690d89feb,p_77dbe3e2b43b6b81a173862305b375d0,6,846,109,68,295998,4807,177,300805,209.21985815602838,355561.46572104021,1699.4632768361582,0.61581920903954801,0.98401954754741439
r_d2f88e14ed475e5afd367e0b3ef0549e,Direct file transfer,d_fd46828b3606c9bab93dce55ae07fefe,0,1,a_f47a8f7809556bd3c474b1520fba0d35,a_f47a8f7809556bd3c474b1520fba0d35,p_9e06b83b339d324ca1e5a4c577877f25,p_de7751b84215a2b890900c93db9f1d01,6,1196,30,101,2237,714729,131,716966,109.53177257525084,599469.89966555184,5473.0229007633588,0.22900763358778625,0.0031200921661557173
r_58c3fe1dc6304d11b8bf9085b5391245,Direct file transfer,d_fd46828b3606c9bab93dce55ae07fefe,0,1,a_f47a8f7809556bd3c474b1520fba0d35,a_f47a8f7809556bd3c474b1520fba0d35,p_cf191b1bf32eea0318088ef728e2ff56,p_dd74cc5b69b608ff00edcb1d8b246822,6,1184,31,102,2315,950679,133,952994,112.33108108108108,804893.58108108107,7165.3684210526317,0.23308270676691728,0.0024291863327576039
r_8220aa7c60818ff6af5550a9cae0b777,Direct file transfer,d_fd46828b3606c9bab93dce55ae07fefe,0,1,a_f47a8f7809556bd3c474b1520fba0d35,a_f47a8f7809556bd3c474b1520fba0d35,p_5146b0b0f0581355bb82c06a68d26bbf,p_fb701d5a05c03fb8299bbc4274ccd85a,6,804,105,65,282617,4607,170,287224,211.44278606965173,357243.78109452734,1689.5529411764705,0.61764705882352944,0.9839602540177701
r_c6baff1a743853227ff624c9e28d5c4a,Direct file transfer,d_fd46828b3606c9bab93dce55ae07fefe,0,1,a_f47a8f7809556bd3c474b1520fba0d35,a_f47a8f7809556bd3c474b1520fba0d35,p_79475ea5a85b4d135fcff2d703e01b11,p_73a113db56cae583b0f4d27a2f1f0ea3,6,1134,30,101,2239,478850,131,481089,115.52028218694886,424240.74074074079,3672.4351145038167,0.22900763358778625,0.0046540245152144402
r_3d4a6994711ff56e9ca796d3a3920d90,Direct file transfer,d_fd46828b3606c9bab93dce55ae07fefe,0,1,a_f47a8f7809556bd3c474b1520fba0d35,a_f47a8f7809556bd3c474b1520fba0d35,p_06cd85dc028585c710f541b1cf2f8d78,p_6688deacbc9d093f76efd71ae803001d,6,1183,40,103,2897,1016326,143,1019223,120.87912087912088,861557.90363482665,7127.4335664335667,0.27972027972027974,0.0028423612889426552
r_795fb5cd37ed1ecf515cb64644b3b1a1,Direct file transfer,d_fd46828b3606c9bab93dce55ae07fefe,0,1,a_f47a8f7809556bd3c474b1520fba0d35,a_f47a8f7809556bd3c474b1520fba0d35,p_f65ec2b27510554a240824c3f9dde1ea,p_c76517ae9b158cba02287e228c4ea7a9,6,935,30,87,2233,792456,117,794689,125.13368983957218,849934.75935828872,6792.2136752136748,0.25641025641025639,0.0028099042518519822
r_cd8ff3aaa745d83f4c1c2c914e161915,Direct file transfer,d_fd46828b3606c9bab93dce55ae07fefe,0,1,a_f47a8f7809556bd3c474b1520fba0d35,a_f47a8f7809556bd3c474b1520fba0d35,p_183b25a2e5deb2e18cd040fcca8d0aa4,p_f20f8250c88d103697dd803efa0f0d0c,6,940,28,83,2155,910159,111,912314,118.08510638297874,970546.80851063831,8219.0450450450444,0.25225225225225223,0.0023621253208873259
r_73294646365097e59727d53ceb34fba2,Direct file transfer,d_fd46828b3606c9bab93dce55ae07fefe,0,1,a_f47a8f7809556bd3c474b1520fba0d35,a_f47a8f7809556bd3c474b1520fba0d35,p_062208baff307c361cb84005a6ab7422,p_c76517ae9b158cba02287e228c4ea7a9,6,664,87,59,320723,4211,146,324934,219.87951807228916,489358.43373493972,2225.5753424657532,0.59589041095890416,0.98704044513655076
r_a7e1a5e11a2d50b5ea7765c49e70db52,Direct file transfer,d_fd46828b3606c9bab93dce55ae07fefe,0,1,a_f47a8f7809556bd3c474b1520fba0d35,a_f47a8f7809556bd3c474b1520fba0d35,p_9331c1aa15ef56eb120ded442feb4dd6,p_de7751b84215a2b890900c93db9f1d01,6,691,91,57,268557,4075,148,272632,214.1823444283647,394547.03328509408,1842.1081081081081,0.61486486486486491,0.98505311188708589
r_d7fe9bf42fffd47a5565a7f68c07b856,Direct file transfer,d_fd46828b3606c9bab93dce55ae07fefe,0,1,a_f47a8f7809556bd3c474b1520fba0d35,a_f47a8f7809556bd3c474b1520fba0d35,p_176e5b0a9b18e34c772eb4a8c19e5c77,p_73a113db56cae583b0f4d27a2f1f0ea3,6,888,27,83,2029,346643,110,348672,123.87387387387388,392648.64864864864,3169.7454545454543,0.24545454545454545,0.0058192226505139498
r_8e357db124505c5ba610e4c629742b9e,Direct file transfer,d_fd46828b3606c9bab93dce55ae07fefe,0,1,a_f47a8f7809556bd3c474b1520fba0d35,a_f47a8f7809556bd3c474b1520fba0d35,p_b6ed70115e63c102fdcb7c31d4983dec,p_de7751b84215a2b890900c93db9f1d01,6,656,87,58,320723,4145,145,324868,221.03658536585365,495225.60975609755,2240.4689655172415,0.59999999999999998,0.98724097171774383
r_1a5ec7ec3337b0c720cd8e90c726a26a,Direct file transfer,d_fd46828b3606c9bab93dce55ae07fefe,0,1,a_f47a8f7809556bd3c474b1520fba0d35,a_f47a8f7809556bd3c474b1520fba0d35,p_676aff9d012fb99f9cc9b31800c9ed8f,p_77dbe3e2b43b6b81a173862305b375d0,6,942,28,84,2143,884010,112,886153,118.89596602972399,940714.43736730365,7912.0803571428569,0.25,0.0024183182813803032
r_647da3d75f1ca38e9dffea3fd0737b21,Direct file transfer,d_fd46828b3606c9bab93dce55ae07fefe,0,1,a_f47a8f7809556bd3c474b1520fba0d35,a_f47a8f7809556bd3c474b1520fba0d35,p_a404928af3521c8831321769ae480603,p_77dbe3e2b43b6b81a173862305b375d0,6,765,101,65,269238,4609,166,273847,216.99346405228758,357969.93464052287,1649.6807228915663,0.60843373493975905,0.98316943402702972
r_176a025cfda5d27c9fd86e0fb94a683c,Direct file transfer,d_fd46828b3606c9bab93dce55ae07fefe,0,1,a_f47a8f7809556bd3c474b1520fba0d35,a_f47a8f7809556bd3c474b1520fba0d35,p_7d9f87bd2f8729e1f5ed77560ce3ad4b,p_77dbe3e2b43b6b81a173862305b375d0,6,1009,28,88,2155,831846,116,834001,114.96531219028742,826561.94251734402,7189.6637931034484,0.2413793103448276,0.0025839297554799095
r_73f2463a844186e78da29fd6e140b7a6,Direct file transfer,d_fd46828b3606c9bab93dce55ae07fefe,0,1,a_f47a8f7809556bd3c474b1520fba0d35,a_f47a8f7809556bd3c474b1520fba0d35,p_910de9bce78014acb3b70035329fe9c8,p_6688deacbc9d093f76efd71ae803001d,6,920,26,84,1961,425301,110,427262,119.56521739130434,464415.21739130432,3884.1999999999998,0.23636363636363636,0.0045896896985924331
r_819fc2b31896829152f6851731b99f83,Direct file transfer,d_fd46828b3606c9bab93dce55ae07fefe,0,1,a_f47a8f7809556bd3c474b1520fba0d35,a_f47a8f7809556bd3c474b1520fba0d35,p_becc831c5ac5f3a8cd8fd6deb4afb44b,p_dd74cc5b69b608ff00edcb1d8b246822,6,711,93,61,308022,4343,154,312365,216.59634317862168,439331.92686357244,2028.3441558441559,0.60389610389610393,0.98609639364205337
r_340519daa89ee1f9d1b04bfccd3617d6,Direct file transfer,d_fd46828b3606c9bab93dce55ae07fefe,0,1,a_f47a8f7809556bd3c474b1520fba0d35,a_f47a8f7809556bd3c474b1520fba0d35,p_453d7f6e55ac78dd97448ee83b492aad,p_c0f14bbd0a7540f9669573a1a65f5285,6,515,71,53,267201,3811,124,271012,240.77669902912621,526236.89320388343,2185.5806451612902,0.57258064516129037,0.98593789204906057
r_18a79ea2def93b2118b229e4387c95c5,Direct file transfer,d_fd46828b3606c9bab93dce55ae07fefe,0,1,a_f47a8f7809556bd3c474b1520fba0d35,a_f47a8f7809556bd3c474b1520fba0d35,p_8249efdec7eac73f729439a1fc7205d1,p_6688deacbc9d093f76efd71ae803001d,6,666,89,59,294641,4211,148,298852,222.2222222222222,448726.72672672669,2019.2702702702702,0.60135135135135132,0.98590941335510551
r_b2e760f13fd1c0f229f60bbd2e0b06e4,Direct file transfer,d_fd46828b3606c9bab93dce55ae07fefe,0,1,a_f47a8f7809556bd3c474b1520fba0d35,a_f47a8f7809556bd3c474b1520fba0d35,p_96291e3130a1df86540dcabdbb9c376b,p_fb701d5a05c03fb8299bbc4274ccd85a,6,1015,27,89,2039,1028520,116,1030559,114.28571428571429,1015329.0640394089,8884.1293103448279,0.23275862068965517,0.0019785378614907054
r_d487d4358e38e53bc8e05219b36ff133,Direct file transfer,d_fd46828b3606c9bab93dce55ae07fefe,0,1,a_f47a8f7809556bd3c474b1520fba0d35,a_f47a8f7809556bd3c474b1520fba0d35,p_abb51d233cc42876c9caf59d3fd85441,p_de7751b84215a2b890900c93db9f1d01,6,820,107,68,322079,4805,175,326884,213.41463414634148,398639.02439024393,1867.9085714285713,0.61142857142857143,0.9853005959300547
r_8d12e37c33c0aeb244739d3df6e78c32,Direct file transfer,d_fd46828b3606c9bab93dce55ae07fefe,0,1,a_f47a8f7809556bd3c474b1520fba0d35,a_f47a8f7809556bd3c474b1520fba0d35,p_0e9e72c317036493262df3892f7e8640,p_c76517ae9b158cba02287e228c4ea7a9,6,503,71,53,267201,3811,124,271012,246.52087475149105,538791.25248508947,2185.5806451612902,0.57258064516129037,0.98593789204906057
r_247f286bea8e600b5719ab13ebbd2b34,Direct file transfer,d_fd46828b3606c9bab93dce55ae07fefe,0,1,a_f47a8f7809556bd3c474b1520fba0d35,a_f47a8f7809556bd3c474b1520fba0d35,p_f7301f55c06bcf56c441f6eb9fa81952,p_c0f14bbd0a7540f9669573a1a65f5285,6,1005,26,90,1961,347062,116,349023,115.42288557213932,347286.56716417911,3008.8189655172414,0.22413793103448276,0.0056185408984508181
r_87a869f746fe4de2f8d687fe1bf5b2bf,Direct file transfer,d_fd46828b3606c9bab93dce55ae07fefe,0,1,a_f47a8f7809556bd3c474b1520fba0d35,a_f47a8f7809556bd3c474b1520fba0d35,p_173939d985c284c235c8cfeef6e327fe,p_c0f14bbd0a7540f9669573a1a65f5285,6,1063,28,94,2105,1015740,122,1017845,114.76952022577611,957521.16650987777,8342.9918032786882,0.22950819672131148,0.0020680948474473028
r_061289c5335ae2464226318ef84f1179,Direct file transfer,d_fd46828b3606c9bab93dce55ae07fefe,0,1,a_f47a8f7809556bd3c474b1520fba0d35,a_f47a8f7809556bd3c474b1520fba0d35,p_7c2353368c0493e5b05cba9b30a2fc6a,p_dd74cc5b69b608ff00edcb1d8b246822,6,1002,29,88,2159,438681,117,440840,116.76646706586827,439960.07984031935,3767.863247863248,0.24786324786324787,0.0048974684692859091
r_f2a385b7b908b0b06f6cbc338693545b,Direct file transfer,d_fd46828b3606c9bab93dce55ae07fefe,0,1,a_f47a8f7809556bd3c474b1520fba0d35,a_f47a8f7809556bd3c474b1520fba0d35,p_47f2589d1e975a5026aec7f3e8aeb502,p_73a113db56cae583b0f4d27a2f1f0ea3,6,1013,27,88,2029,504260,115,506289,113.52418558736427,499791.70779861801,4402.5130434782604,0.23478260869565218,0.0040075925015159329
r_525b31f0600d55b7889255f826c57bd0,Direct file transfer,d_fd46828b3606c9bab93dce55ae07fefe,0,1,a_f47a8f7809556bd3c474b1520fba0d35,a_f47a8f7809556bd3c474b1520fba0d35,p_d5e49a8c3c0b968fc20084bd082965b5,p_c0f14bbd0a7540f9669573a1a65f5285,6,756,99,63,295319,4475,162,299794,214.28571428571428,396552.91005291004,1850.5802469135801,0.61111111111111116,0.98507308351734857
r_cc24a313bbe06dd0369bb1ba6b075a00,Direct file transfer,d_fd46828b3606c9bab93dce55ae07fefe,0,1,a_f47a8f7809556bd3c474b1520fba0d35,a_f47a8f7809556bd3c474b1520fba0d35,p_47ba8dae07ba51cb8a3129c222c30b2d,p_dd74cc5b69b608ff00edcb1d8b246822,6,1190,26,104,1957,400413,130,402370,109.24369747899161,338126.05042016809,3095.1538461538462,0.20000000000000001,0.0048636826801202876
r_f39d587088fd9befde60f52ae4cf06bf,Direct file transfer,d_fd46828b3606c9bab93dce55ae07fefe,0,1,a_f47a8f7809556bd3c474b1520fba0d35,a_f47a8f7809556bd3c474b1520fba0d35,p_ed4977edf4e4c5173b497da474aed567,p_6688deacbc9d093f76efd71ae803001d,6,744,97,63,321401,4475,160,325876,215.05376344086022,438005.37634408602,2036.7249999999999,0.60624999999999996,0.98626778283764371
r_155c95ddf6f65647790b80e082831eff,Direct file transfer,d_fd46828b3606c9bab93dce55ae07fefe,0,1,a_f47a8f7809556bd3c474b1520fba0d35,a_f47a8f7809556bd3c474b1520fba0d35,p_3e7a2640787af28c10ad56248eacf20f,p_6688deacbc9d093f76efd71ae803001d,6,1087,29,96,2159,334343,125,336502,114.99540018399264,309569.45722171111,2692.0160000000001,0.23200000000000001,0.0064160094145057087
r_20226e198dbca3a64ec185310f7d6dcb,Direct file transfer,d_fd46828b3606c9bab93dce55ae07fefe,0,1,a_f47a8f7809556bd3c474b1520fba0d35,a_f47a8f7809556bd3c474b1520fba0d35,p_2ccef8ff87e987f3df9cd5393555d6b6,p_73a113db56cae583b0f4d27a2f1f0ea3,6,746,101,65,269238,4609,166,273847,222.5201072386059,367087.13136729226,1649.6807228915663,0.60843373493975905,0.98316943402702972
r_fc93975738433a1504a03b7d0b5f042e,Direct file transfer,d_fd46828b3606c9bab93dce55ae07fefe,0,1,a_f47a8f7809556bd3c474b1520fba0d35,a_f47a8f7809556bd3c474b1520fba0d35,p_58373b9020be14d1f60ea193dc73d30f,p_dd74cc5b69b608ff00edcb1d8b246822,6,1064,26,91,1961,386450,117,388411,109.96240601503759,365047.93233082705,3319.7521367521367,0.22222222222222221,0.005048775652594803
r_422db5a4449bf8bbbb264c82366252ba,Direct file transfer,d_fd46828b3606c9bab93dce55ae07fefe,0,1,a_f47a8f7809556bd3c474b1520fba0d35,a_f47a8f7809556bd3c474b1520fba0d35,p_ab6872a9b3f7ccce3d8a42e9405ea627,p_77dbe3e2b43b6b81a173862305b375d0,6,1201,28,104,2115,924650,132,926765,109.90840965861781,771661.11573688593,7020.94696969697,0.21212121212121213,0.0022821319320431824
r_0470656ce74dd28b81135595476340cc,Direct file transfer,d_fd46828b3606c9bab93dce55ae07fefe,0,1,a_f47a8f7809556bd3c474b1520fba0d35,a_f47a8f7809556bd3c474b1520fba0d35,p_2aec1a316a2974463135bc0f0e34cd4f,p_c76517ae9b158cba02287e228c4ea7a9,6,755,99,62,295319,4409,161,299728,213.24503311258277,396990.72847682121,1861.6645962732919,0.6149068322981367,0.98528999626327873
r_c00a54b31f61a449a4e2befbd714c132,Direct file transfer,d_fd46828b3606c9bab93dce55ae07fefe,0,1,a_f47a8f7809556bd3c474b1520fba0d35,a_f47a8f7809556bd3c474b1520fba0d35,p_8f9ded7da0d193d1b3004eb27cb66425,p_fb701d5a05c03fb8299bbc4274ccd85a,6,1189,41,105,2959,990252,146,993211,122.79226240538267,835333.05298570218,6802.8150684931506,0.28082191780821919,0.0029792259650769071
r_578538376e9372cd4f25d41dc3f2966f,Direct file transfer,d_fd46828b3606c9bab93dce55ae07fefe,0,1,a_f47a8f7809556bd3c474b1520fba0d35,a_f47a8f7809556bd3c474b1520fba0d35,p_ceec2246b581cdb54d7125e51d9eb18e,p_fb701d5a05c03fb8299bbc4274ccd85a,6,1133,27,99,2039,1068501,126,1070540,111.20917917034421,944872.02118270076,8496.3492063492067,0.21428571428571427,0.0019046462532927308
r_5f9c907d98735c9cfc955840d845104a,Direct file transfer,d_fd46828b3606c9bab93dce55ae07fefe,0,1,a_f47a8f7809556bd3c474b1520fba0d35,a_f47a8f7809556bd3c474b1520fba0d35,p_3a6f72d14c7fd5ebcb26a7f6157d2036,p_c76517ae9b158cba02287e228c4ea7a9,6,1131,28,98,2105,963578,126,965683,111.40583554376657,853831.12290008843,7664.1507936507933,0.22222222222222221,0.0021798043457325021
r_4a1435beb92161408e5183e34a84ba1a,Direct file transfer,d_fd46828b3606c9bab93dce55ae07fefe,0,1,a_f47a8f7809556bd3c474b1520fba0d35,a_f47a8f7809556bd3c474b1520fba0d35,p_34c671b2fd43e7cf25b5c3ee9a63490e,p_fb701d5a05c03fb8299bbc4274ccd85a,6,1069,27,90,2039,845138,117,847177,109.44808231992516,792494.85500467732,7240.8290598290596,0.23076923076923078,0.0024068169933791875
r_8181b39bed3554380e05a989ed85854c,Direct file transfer,d_fd46828b3606c9bab93dce55ae07fefe,0,1,a_f47a8f7809556bd3c474b1520fba0d35,a_f47a8f7809556bd3c474b1520fba0d35,p_ad01442e40c927a08e0af4157de7cc67,p_2e2bdff7d79ba86224377da437861888,6,750,99,64,295320,4543,163,299863,217.33333333333334,399817.33333333331,1839.6503067484662,0.6073619631901841,0.98484974805161019
r_e485e020a93dd45287cd360a6e5c7abb,Direct file transfer,d_fd46828b3606c9bab93dce55ae07fefe,0,1,a_f47a8f7809556bd3c474b1520fba0d35,a_f47a8f7809556bd3c474b1520fba0d35,p_742757e5b414f2538d162050b4b52dfe,p_c0f14bbd0a7540f9669573a1a65f5285,6,685,91,61,268557,4339,152,272896,221.89781021897809,398388.32116788317,1795.3684210526317,0.59868421052631582,0.98410017002814254
r_6f546ff068855ff452a8c8ffc8fe071e,Direct file transfer,d_fd46828b3606c9bab93dce55ae07fefe,0,1,a_f47a8f7809556bd3c474b1520fba0d35,a_f47a8f7809556bd3c474b1520fba0d35,p_8dbcd623674d1dfcba0cf3fb92a096d3,p_de7751b84215a2b890900c93db9f1d01,6,930,29,88,2167,792512,117,794679,125.80645161290322,854493.54838709673,6792.1282051282051,0.24786324786324787,0.0027268872085458406
r_4deaafb033e759de1be0f08a48c6c6c0,Direct file transfer,d_fd46828b3606c9bab93dce55ae07fefe,0,1,a_f47a8f7809556bd3c474b1520fba0d35,a_f47a8f7809556bd3c474b1520fba0d35,p_538af96b95d92621a80e4a23f7d41c35,p_2e2bdff7d79ba86224377da437861888,6,686,91,59,268558,4209,150,272767,218.65889212827986,397619.53352769674,1818.4466666666667,0.60666666666666669,0.98456924774624499
r_72d00e11fb8728f25a4afd3f85f6b985,Direct file transfer,d_fd46828b3606c9bab93dce55ae07fefe,0,1,a_f47a8f7809556bd3c474b1520fba0d35,a_f47a8f7809556bd3c474b1520fba0d35,p_06dd7959895b6395c4fe90f3d029dd9d,p_f20f8250c88d103697dd803efa0f0d0c,6,1062,32,96,2371,950338,128,952709,120.52730696798493,897089.45386064029,7443.0390625,0.25,0.0024886927697754507
r_30e4ca10a21ae81dc4c34a523a428cd4,Direct file transfer,d_fd46828b3606c9bab93dce55ae07fefe,0,1,a_f47a8f7809556bd3c474b1520fba0d35,a_f47a8f7809556bd3c474b1520fba0d35,p_b520590200d66dc59d1a0c38d0893128,p_2e2bdff7d79ba86224377da437861888,6,1185,28,101,2119,976924,129,979043,108.86075949367088,826196.62447257375,7589.4806201550391,0.21705426356589147,0.0021643584602514905
r_36f29d3478134e7e8700fdfa56885931,Direct file transfer,d_fd46828b3606c9bab93dce55ae07fefe,0,1,a_f47a8f7809556bd3c474b1520fba0d35,a_f47a8f7809556bd3c474b1520fba0d35,p_a57eca3444e83b452b6fae1eff585675,p_2e2bdff7d79ba86224377da437861888,6,511,71,53,267202,3813,124,271015,242.66144814090018,530362.03522504889,2185.6048387096776,0.57258064516129037,0.98593066804420415
r_fcdd04652b15eb9e0b9201d842d61166,Direct file transfer,d_fd46828b3606c9bab93dce55ae07fefe,0,1,a_f47a8f7809556bd3c474b1520fba0d35,a_f47a8f7809556bd3c474b1520fba0d35,p_f70b8aa7df753ab0cd37eead3fc7fd18,p_dd74cc5b69b608ff00edcb1d8b246822,6,771,101,63,269237,4475,164,273712,212.7107652399481,355009.07911802852,1668.9756097560976,0.61585365853658536,0.98365069854445553
r_3f5dc3eef23ddcc6ed4b51c708b70ce7,Direct file transfer,d_fd46828b3606c9bab93dce55ae07fefe,0,1,a_f47a8f7809556bd3c474b1520fba0d35,a_f47a8f7809556bd3c474b1520fba0d35,p_ddb2e2fb7ac6f0366a3653094297df06,p_77dbe3e2b43b6b81a173862305b375d0,6,1184,30,96,2227,1081463,126,1083690,106.41891891891892,915278.71621621621,8600.7142857142862,0.23809523809523808,0.0020550157332816579
r_6163b203cd6e8fe15ee92e7390491ef9,Direct file transfer,d_fd46828b3606c9bab93dce55ae07fefe,0,1,a_f47a8f7809556bd3c474b1520fba0d35,a_f47a8f7809556bd3c474b1520fba0d35,p_178ec65d5f8591f25e348fc2f117de7c,p_73a113db56cae583b0f4d27a2f1f0ea3,6,1054,29,98,2173,465545,127,467718,120.49335863377608,443755.21821631875,3682.8188976377951,0.2283464566929134,0.0046459618830149794
r_5c30ea04b4ead2d68c3dc5dcf4f507e0,Direct file transfer,d_fd46828b3606c9bab93dce55ae07fefe,0,1,a_f47a8f7809556bd3c474b1520fba0d35,a_f47a8f7809556bd3c474b1520fba0d35,p_2e4d9ccaa851d7bd02d3708c98eb1789,p_dd74cc5b69b608ff00edcb1d8b246822,6,1136,30,101,2261,478860,131,481121,115.31690140845072,423522.00704225356,3672.679389312977,0.22900763358778625,0.0046994415126340363
r_b0b228a39dbbd15cc1d0872a78fb94a1,Direct file transfer,d_fd46828b3606c9bab93dce55ae07fefe,0,1,a_f47a8f7809556bd3c474b1520fba0d35,a_f47a8f7809556bd3c474b1520fba0d35,p_e051dd1425cd4ef0566ceef2c22b030d,p_fb701d5a05c03fb8299bbc4274ccd85a,6,821,109,68,295997,4805,177,300802,215.59074299634594,366384.89646772231,1699.4463276836159,0.61581920903954801,0.98402603706092384
r_52074dd56792db0b1aa20392418a98d6,Direct file transfer,d_fd46828b3606c9bab93dce55ae07fefe,0,1,a_f47a8f7809556bd3c474b1520fba0d35,a_f47a8f7809556bd3c474b1520fba0d35,p_c00aa54cdcfe438e53c8179493bf7ddc,p_73a113db56cae583b0f4d27a2f1f0ea3,6,1194,27,107,2037,400601,134,402638,112.22780569514238,337217.7554438861,3004.7611940298507,0.20149253731343283,0.0050591350046443702
r_42fb19351b919c6f08f4980159e11b14,Direct file transfer,d_fd46828b3606c9bab93dce55ae07fefe,0,1,a_f47a8f7809556bd3c474b1520fba0d35,a_f47a8f7809556bd3c474b1520fba0d35,p_1e456ad79df63bcb96c67fb9768188a6,p_fb701d5a05c03fb8299bbc4274ccd85a,6,943,30,87,2237,949744,117,951981,124.07211028632027,1009523.860021209,8136.5897435897432,0.25641025641025639,0.0023498368139700269
r_a88f4bcfdbebb8e521ba2d4bd66b0a7f,Direct file transfer,d_fd46828b3606c9bab93dce55ae07fefe,0,1,a_f47a8f7809556bd3c474b1520fba0d35,a_f47a8f7809556bd3c474b1520fba0d35,p_79929814532eb2e97d2c4baa1071cb06,p_6688deacbc9d093f76efd71ae803001d,6,855,111,69,269913,4867,180,274780,210.5263157894737,321380.11695906433,1526.5555555555557,0.6166666666666667,0.98228764830045856
r_96d7cad65d9049cd8c3299f95aa59ceb,Direct file transfer,d_fd46828b3606c9bab93dce55ae07fefe,0,1,a_f47a8f7809556bd3c474b1520fba0d35,a_f47a8f7809556bd3c474b1520fba0d35,p_6561706c6c05067f492093b9385c2d57,p_2e2bdff7d79ba86224377da437861888,6,932,27,88,2025,333864,115,335889,123.39055793991416,360395.92274678109,2920.7739130434784,0.23478260869565218,0.0060287773639505909
r_28e01edfe77a5088f75965805941b9a9,Direct file transfer,d_fd46828b3606c9bab93dce55ae07fefe,0,1,a_f47a8f7809556bd3c474b1520fba0d35,a_f47a8f7809556bd3c474b1520fba0d35,p_6b597ee464d5048e824db3fce0fd3bc2,p_77dbe3e2b43b6b81a173862305b375d0,6,850,111,69,269914,4869,180,274783,211.76470588235296,323274.11764705885,1526.5722222222223,0.6166666666666667,0.98228056320805868
r_72faf035e8a024d3230278b2e94f0747,Direct file transfer,d_fd46828b3606c9bab93dce55ae07fefe,0,1,a_f47a8f7809556bd3c474b1520fba0d35,a_f47a8f7809556bd3c474b1520fba0d35,p_23e0c253a4d6d2755c16378213f2eda8,p_de7751b84215a2b890900c93db9f1d01,6,507,71,53,267201,3811,124,271012,244.5759368836292,534540.43392504926,2185.5806451612902,0.57258064516129037,0.98593789204906057
r_64a27c24f79c4ceb1f47b9fa9ad3fa24,Direct file transfer,d_fd46828b3606c9bab93dce55ae07fefe,0,1,a_f47a8f7809556bd3c474b1520fba0d35,a_f47a8f7809556bd3c474b1520fba0d35,p_b3519776f63a3d893eca7d5c0225b004,p_f20f8250c88d103697dd803efa0f0d0c,6,740,99,65,295320,4609,164,299929,221.62162162162161,405309.45945945947,1828.8353658536585,0.60365853658536583,0.98463302981705669
r_634a53923e3846a6c20aeaf85bcab8ff,Direct file transfer,d_fd46828b3606c9bab93dce55ae07fefe,0,1,a_f47a8f7809556bd3c474b1520fba0d35,a_f47a8f7809556bd3c474b1520fba0d35,p_56e9fe010574630e45db7bf40a32143b,p_c76517ae9b158cba02287e228c4ea7a9,6,1055,29,94,2183,978858,123,981041,116.5876777251185,929896.68246445502,7975.9430894308944,0.23577235772357724,0.0022251873265235604
r_551b621b38e0598975f0dd76afbf93d8,Direct file transfer,d_fd46828b3606c9bab93dce55ae07fefe,0,1,a_f47a8f7809556bd3c474b1520fba0d35,a_f47a8f7809556bd3c474b1520fba0d35,p_5c1764aaa0aa095b759bd9139419aecf,p_77dbe3e2b43b6b81a173862305b375d0,6,1073,28,94,2143,858456,122,860599,113.69990680335508,802049.39422180806,7054.0901639344265,0.22950819672131148,0.0024901260633581959
r_6599e89c9a5c1a50ceb9dcdc7c07ca5d,Direct file transfer,d_fd46828b3606c9bab93dce55ae07fefe,0,1,a_f47a8f7809556bd3c474b1520fba0d35,a_f47a8f7809556bd3c474b1520fba0d35,p_75297113e3d7da3b05fc5b1f2f28092a,p_fb701d5a05c03fb8299bbc4274ccd85a,6,752,101,65,269237,4607,166,273844,220.74468085106383,364154.25531914894,1649.6626506024097,0.60843373493975905,0.98317655307401297
r_831ea36b9768ffb96ed0384b0ee3fa31,Direct file transfer,d_fd46828b3606c9bab93dce55ae07fefe,0,1,a_f47a8f7809556bd3c474b1520fba0d35,a_f47a8f7809556bd3c474b1520fba0d35,p_2977a8b3c76b1e97e9ec30eba9e167df,p_c76517ae9b158cba02287e228c4ea7a9,6,777,103,65,308700,4607,168,313307,216.2162162162162,403226.51222651219,1864.922619047619,0.61309523809523814,0.98529557271302592
r_7e542e6edb19734eb6d1c1575a8c5e95,Direct file transfer,d_fd46828b3606c9bab93dce55ae07fefe,0,1,a_f47a8f7809556bd3c474b1520fba0d35,a_f47a8f7809556bd3c474b1520fba0d35,p_d0e0de580a21ac5910cd2a13a672b976,p_c0f14bbd0a7540f9669573a1a65f5285,6,1201,27,103,2039,518261,130,520300,108.24313072439632,433222.31473771855,4002.3076923076924,0.2076923076923077,0.0039188929463770898
r_d0434dd6904b8848c7d5adc7a97164c3,Direct file transfer,d_fd46828b3606c9bab93dce55ae07fefe,0,1,a_f47a8f7809556bd3c474b1520fba0d35,a_f47a8f7809556bd3c474b1520fba0d35,p_c54293c3287743e7732b68458e0f338e,p_f20f8250c88d103697dd803efa0f0d0c,6,823,107,67,322080,4741,174,326821,211.42162818955043,397109.35601458082,1878.2816091954023,0.61494252873563215,0.98549358823331423
r_eb2ec23be74f672bce8babc5c9b72c33,Direct file transfer,d_fd46828b3606c9bab93dce55ae07fefe,0,1,a_f47a8f7809556bd3c474b1520fba0d35,a_f47a8f7809556bd3c474b1520fba0d35,p_b58687536686f0ddaf04d1ee2571d2d7,p_dd74cc5b69b608ff00edcb1d8b246822,6,827,109,69,295997,4871,178,300868,215.23579201934706,363806.52962515119,1690.2696629213483,0.61235955056179781,0.98381017589108843
r_991cc840c860a8b000dde050c5b34635,Direct file transfer,d_fd46828b3606c9bab93dce55ae07fefe,0,1,a_f47a8f7809556bd3c474b1520fba0d35,a_f47a8f7809556bd3c474b1520fba0d35,p_8cd3d0fb1abcef055b6546fbfdba878c,p_73a113db56cae583b0f4d27a2f1f0ea3,6,1190,41,104,2965,950907,145,953872,121.84873949579833,801573.10924369749,6578.4275862068962,0.28275862068965518,0.0031083835147692773
r_ec5a5093e45773b090fde5d285c22df6,Direct file transfer,d_fd46828b3606c9bab93dce55ae07fefe,0,1,a_f47a8f7809556bd3c474b1520fba0d35,a_f47a8f7809556bd3c474b1520fba0d35,p_eb4198cd22d2776120ef7e1fcca0bca8,p_f20f8250c88d103697dd803efa0f0d0c,6,929,32,86,2367,857926,118,860293,127.01829924650161,926041.9806243272,7290.6186440677966,0.2711864406779661,0.0027513881898376482
r_3d33a894580c3a855e4a3deb20d8d1fe,Direct file transfer,d_fd46828b3606c9bab93dce55ae07fefe,0,1,a_f47a8f7809556bd3c474b1520fba0d35,a_f47a8f7809556bd3c474b1520fba0d35,p_b32c5f53c8f77f6f5918f59335d75e1a,p_fb701d5a05c03fb8299bbc4274ccd85a,6,845,111,69,269913,4867,180,274780,213.01775147928996,325183.43195266271,1526.5555555555557,0.6166666666666667,0.98228764830045856
