record_id,condition,collection_day_id,in_shared_date_browsing,loopback_pair,src_address_id,dst_address_id,src_port_id,dst_port_id,protocol,duration_ms,src2dst_packets,dst2src_packets,src2dst_bytes,dst2src_bytes,total_packets,total_bytes,packet_rate,byte_rate,mean_packet_bytes,forward_packet_fraction,forward_byte_fraction
r_1561fc1ce73a5b1c693c343e4c66620f,Direct browsing,d_1be06ce1b670864df8c500dc82b295ae,1,0,a_e7d8c038c18055500148c5915382bd98,a_4fbde0984912bbe78d5b4344e27e8fb2,p_44647aaacca505053a2dddce7f7417d2,p_3dd478bd944ece2906a0c8e4425f63be,6,238,58,67,3561,79890,125,83451,525.2100840336135,350634.45378151262,667.60799999999995,0.46400000000000002,0.042671747492540532
r_e80cc6c073ecfbed18ddce56471eb52a,Direct browsing,d_1be06ce1b670864df8c500dc82b295ae,1,0,a_e7d8c038c18055500148c5915382bd98,a_ae6da74cb2ef1b890a103581f9d6ccf1,p_063475d3011127c74a5098ba0fa67f55,p_3dd478bd944ece2906a0c8e4425f63be,6,363,49,59,3624,68635,108,72259,297.52066115702479,199060.60606060608,669.06481481481478,0.45370370370370372,0.050152922127347462
r_0fa451757bbc336757f4ce70f180ea45,Direct browsing,d_1be06ce1b670864df8c500dc82b295ae,1,0,a_e7d8c038c18055500148c5915382bd98,a_f57a0af616719516ddcbe2482ae4368e,p_c66887a591976fac7628a4a79dc4512a,p_3dd478bd944ece2906a0c8e4425f63be,6,267,12,14,1612,6615,26,8227,97.378277153558045,30812.734082397001,316.42307692307691,0.46153846153846156,0.19594019691260484
r_482a261efa38c405095d8f19a8172583,Direct browsing,d_1be06ce1b670864df8c500dc82b295ae,1,0,a_e7d8c038c18055500148c5915382bd98,a_0ae2b3dd40445a1befa6a17e5ab96e48,p_dd0430311b158b9a739794bad067b451,p_3dd478bd944ece2906a0c8e4425f63be,6,19595,13,12,1677,5620,25,7297,1.2758356723653994,372.39091605001278,291.88,0.52000000000000002,0.22982047416746609
r_158a22724d62f9b1e98186caa509e801,Direct browsing,d_1be06ce1b670864df8c500dc82b295ae,1,0,a_e7d8c038c18055500148c5915382bd98,a_3c49b6ed36e58897b1259f46cbd0a5f8,p_52932376b815abe39227ac3e860fb329,p_1239ed2e7e41d197d93a326176df63b2,17,0,1,0,30,0,1,30,,,30,1,1
r_3ff41f64dd22dd02d8f5e4a7b679f066,Direct browsing,d_1be06ce1b670864df8c500dc82b295ae,1,0,a_e7d8c038c18055500148c5915382bd98,a_1ddef4d1ee3871681d66b39ba27b3679,p_9550c8a58fbc8a87c64696e31d3d678a,p_3dd478bd944ece2906a0c8e4425f63be,6,482,49,51,3128,59337,100,62465,207.46887966804979,129595.43568464731,624.64999999999998,0.48999999999999999,0.050076042583846951
r_dbe4c776231b3707ca0f436db14d0549,Direct browsing,d_1be06ce1b670864df8c500dc82b295ae,1,0,a_e7d8c038c18055500148c5915382bd98,a_2d3501240c31f7995aa216f623974d82,p_9b1c4ef12c9dfc14e6efc7446c6b6709,p_3dd478bd944ece2906a0c8e4425f63be,6,27950,12,16,1619,9387,28,11006,1.0017889087656531,393.77459749552776,393.07142857142856,0.42857142857142855,0.14710158095584228
r_35b4bd5ec8dc39e0822917484d3b46d4,Direct browsing,d_1be06ce1b670864df8c500dc82b295ae,1,0,a_e7d8c038c18055500148c5915382bd98,a_bae52928bfaf090023a6a0d985412ca3,p_803c1d0d75ebf605229cd99a1d97bb38,p_3dd478bd944ece2906a0c8e4425f63be,6,221,54,64,3442,74956,118,78398,533.93665158371039,354742.08144796378,664.38983050847457,0.4576271186440678,0.043904181229112986
r_180ec7f557e5028882e2fd9f37a109bb,Direct browsing,d_1be06ce1b670864df8c500dc82b295ae,1,0,a_e7d8c038c18055500148c5915382bd98,a_0ac225be283bd608db66b5ff02a3bf33,p_af8e9b64c991add2b7ad2c365c126ee2,p_3dd478bd944ece2906a0c8e4425f63be,6,209,52,62,3310,75054,114,78364,545.4545454545455,374947.36842105264,687.40350877192986,0.45614035087719296,0.042238783114695526
r_ea02134c60af46126ce596a99bfcf876,Direct browsing,d_1be06ce1b670864df8c500dc82b295ae,1,0,a_e7d8c038c18055500148c5915382bd98,a_0e148281287ecabdb2ab2162a007ff80,p_2edf436321f1935a4328d0156f4742e5,p_3dd478bd944ece2906a0c8e4425f63be,6,16107,16,17,1816,9570,33,11386,2.0487986589681504,706.89762215185942,345.030303030303,0.48484848484848486,0.1594941155805375
r_4ff3514f02cc4e85dc815589160f27eb,Direct browsing,d_1be06ce1b670864df8c500dc82b295ae,1,0,a_e7d8c038c18055500148c5915382bd98,a_6613e355a108853dc8013615fa2b5d2c,p_88729467ba5ea37cd27b3f50161e992c,p_3dd478bd944ece2906a0c8e4425f63be,6,1133,49,59,3666,67405,108,71071,95.322153574580753,62728.155339805824,658.06481481481478,0.45370370370370372,0.051582220596305101
r_61d31be4587e5b164efddf1eb7a3e89b,Direct browsing,d_1be06ce1b670864df8c500dc82b295ae,1,0,a_e7d8c038c18055500148c5915382bd98,a_8427de2fe5a71d85937de29448a05615,p_33b477c641a000ac5580427b7237353f,p_3dd478bd944ece2906a0c8e4425f63be,6,344,72,84,4158,102233,156,106391,453.48837209302332,309276.16279069771,681.99358974358972,0.46153846153846156,0.03908225319810886
r_0f1e45d4e0a4e7fe357cf14149321690,Direct browsing,d_1be06ce1b670864df8c500dc82b295ae,1,0,a_e7d8c038c18055500148c5915382bd98,a_3f9ee1ffc6278210c68d911dfc230c29,p_962494af9d10c3a5b7396d293b695187,p_3dd478bd944ece2906a0c8e4425f63be,6,273,11,12,1562,3963,23,5525,84.249084249084248,20238.095238095237,240.21739130434781,0.47826086956521741,0.28271493212669685
r_983026cd9a465d57db80479e0e7104db,Direct browsing,d_1be06ce1b670864df8c500dc82b295ae,1,0,a_e7d8c038c18055500148c5915382bd98,a_71394ec0ae14eb2d17f693263a2fab11,p_06f00d190df4ce57fa81234fd777e551,p_e8fa32c526b9b4cdc16418a4dc18e34a,6,92596,19,18,4740,6296,37,11036,0.3995852952611344,119.18441401356429,298.27027027027026,0.51351351351351349,0.42950344327654949
r_fc0c4ce0e0001917a7690e30cfc82ef2,Direct browsing,d_1be06ce1b670864df8c500dc82b295ae,1,0,a_e7d8c038c18055500148c5915382bd98,a_9cf287ddb52a6b0688838b0798804a37,p_ca23e67347f1f7ec51feebcaa53276d8,p_3dd478bd944ece2906a0c8e4425f63be,6,259,79,93,4417,114113,172,118530,664.09266409266411,457644.78764478763,689.12790697674416,0.45930232558139533,0.037264827469838863
r_148d6090c8627cee1040fa7965568cf0,Direct browsing,d_1be06ce1b670864df8c500dc82b295ae,1,0,a_e7d8c038c18055500148c5915382bd98,a_9c6aa07bc62a11dec03f482d53110b23,p_8af02d00ebaa40a766b68794562acdb6,p_3dd478bd944ece2906a0c8e4425f63be,6,50463,19,9,2203,4691,28,6894,0.5548619780829519,136.61494560370966,246.21428571428572,0.6785714285714286,0.31955323469683783
r_7258645247db5cb6253131a5af7276fb,Direct browsing,d_1be06ce1b670864df8c500dc82b295ae,1,0,a_e7d8c038c18055500148c5915382bd98,a_e9c192da5b492e2e228a72bd51cb8f40,p_a3f7d701e129f15bd36ce707afd4d48a,p_3dd478bd944ece2906a0c8e4425f63be,6,1281,36,43,2810,48810,79,51620,61.670569867291185,40296.643247462926,653.41772151898738,0.45569620253164556,0.054436265013560636
r_50c400553038e27427b0df0f99c6009b,Direct browsing,d_1be06ce1b670864df8c500dc82b295ae,1,0,a_e7d8c038c18055500148c5915382bd98,a_cda1f7ba033b36daff269dd92705a555,p_ee99fd10a4210ae955713bd400b0ef1e,p_3dd478bd944ece2906a0c8e4425f63be,6,20895,12,16,1619,9944,28,11563,1.340033500837521,553.3859775065805,412.96428571428572,0.42857142857142855,0.14001556689440456
r_a9599ccf929451aa70c95cb442301376,Direct browsing,d_1be06ce1b670864df8c500dc82b295ae,1,0,a_e7d8c038c18055500148c5915382bd98,a_a21ae5409cea66480cdc502ca625a703,p_f5a429bbd6763ba1dd26a925bbbcd5cd,p_3dd478bd944ece2906a0c8e4425f63be,6,237,44,46,2899,55527,90,58426,379.74683544303798,246523.20675105485,649.17777777777781,0.48888888888888887,0.049618320610687022
r_7af399aabcb106ebb22852acbfd302c0,Direct browsing,d_1be06ce1b670864df8c500dc82b295ae,1,0,a_e7d8c038c18055500148c5915382bd98,a_c09504570fc341f4ea785abdc1d7d4da,p_765a525b64b468ccd447c5e64741e076,p_3dd478bd944ece2906a0c8e4425f63be,6,441,65,67,3769,80304,132,84073,299.31972789115645,190641.72335600908,636.91666666666663,0.49242424242424243,0.044830088137689864
r_7879a96c4a837cf83c321282067935de,Direct browsing,d_1be06ce1b670864df8c500dc82b295ae,1,0,a_e7d8c038c18055500148c5915382bd98,a_8888e819d3794d45a798b8a0a9dd2393,p_10a51ec6679a50cc5cfb25572f15f0b9,p_3dd478bd944ece2906a0c8e4425f63be,6,446,40,47,2813,52083,87,54896,195.06726457399103,123085.20179372196,630.9885057471264,0.45977011494252873,0.051242349169338383
r_941fe283cdb7c317fe54ca3663ada57d,Direct browsing,d_1be06ce1b670864df8c500dc82b295ae,1,0,a_e7d8c038c18055500148c5915382bd98,a_b89bb3545215efef3917806aef565228,p_3a68c23754cc3362a886a2b5236226c3,p_3dd478bd944ece2906a0c8e4425f63be,6,380,22,25,1891,21366,47,23257,123.68421052631579,61202.631578947367,494.82978723404256,0.46808510638297873,0.081308853248484331
r_c0a64d438b98f83b2a728bcb29026577,Direct browsing,d_1be06ce1b670864df8c500dc82b295ae,1,0,a_e7d8c038c18055500148c5915382bd98,a_4fbde0984912bbe78d5b4344e27e8fb2,p_4478e47c50d2c205170c706f4701e125,p_3dd478bd944ece2906a0c8e4425f63be,6,316,11,11,1898,3919,22,5817,69.620253164556956,18408.227848101265,264.40909090909093,0.5,0.32628502664603748
r_3f914b12c4e6ff02dad3b3d829335c71,Direct browsing,d_1be06ce1b670864df8c500dc82b295ae,1,0,a_e7d8c038c18055500148c5915382bd98,a_5607307b9b9a0681912487688d94bd13,p_b09d45d792fd4d390eef0d64fa321c23,p_3dd478bd944ece2906a0c8e4425f63be,6,89836,946,889,94398,486386,1835,580784,20.426109800080145,6464.9361057927781,316.50354223433243,0.51553133514986371,0.16253546929667484
r_479dc90619b7b77261cdd7347ba8ea24,Direct browsing,d_1be06ce1b670864df8c500dc82b295ae,1,0,a_e7d8c038c18055500148c5915382bd98,a_3e13ba2290e0a739fbbb13ab3f68e74e,p_f30944eb298d12fec3375ef4f2d3429c,p_3dd478bd944ece2906a0c8e4425f63be,6,24926,16,16,1979,9515,32,11494,1.2838000481425018,461.1249297921849,359.1875,0.5,0.17217678788933358
r_d8533bc653f7e6e59711368d1425776b,Direct browsing,d_1be06ce1b670864df8c500dc82b295ae,1,0,a_e7d8c038c18055500148c5915382bd98,a_7c456acde539e879341dface00ed84ba,p_b29c72dd86e602fe8544f27d341c5b1e,p_3dd478bd944ece2906a0c8e4425f63be,6,1289,32,42,2644,48798,74,51442,57.408844065166797,39908.456167571763,695.16216216216219,0.43243243243243246,0.051397690603009215
r_01eece76263cf0cd5ea742f3be6cb153,Direct browsing,d_1be06ce1b670864df8c500dc82b295ae,1,0,a_e7d8c038c18055500148c5915382bd98,a_b89bb3545215efef3917806aef565228,p_09ea6865a90b86cb497645524a6f8d9a,p_3dd478bd944ece2906a0c8e4425f63be,6,481,37,40,2491,39942,77,42433,160.0831600831601,88218.295218295229,551.07792207792204,0.48051948051948051,0.05870431032451158
r_0666c669fec7469d7548f4166c4c3d0d,Direct browsing,d_1be06ce1b670864df8c500dc82b295ae,1,0,a_e7d8c038c18055500148c5915382bd98,a_cda1f7ba033b36daff269dd92705a555,p_853f1eb3a875309f3c112ec1c8130e54,p_3dd478bd944ece2906a0c8e4425f63be,6,26844,16,16,1827,9948,32,11775,1.1920727164357026,438.64550737594993,367.96875,0.5,0.15515923566878981
r_18c117434e8344133218d80e54151f3c,Direct browsing,d_1be06ce1b670864df8c500dc82b295ae,1,0,a_e7d8c038c18055500148c5915382bd98,a_3c49b6ed36e58897b1259f46cbd0a5f8,p_23174aec323eeeb50be2a09f4ba48301,p_1239ed2e7e41d197d93a326176df63b2,17,0,1,0,30,0,1,30,,,30,1,1
r_80c5245e429a28e23a894716dc265828,Direct browsing,d_1be06ce1b670864df8c500dc82b295ae,1,0,a_e7d8c038c18055500148c5915382bd98,a_46271f3b3f82a338139b7b0891aa48e8,p_d24870518927f88a434860dd44b4098f,p_d7195ebfc9c48d4a0beab7870d0eba9c,6,733,6,4,407,405,10,812,13.642564802182811,1107.7762619372443,81.200000000000003,0.59999999999999998,0.50123152709359609
r_7a95fc04a46a6d786179db373fca8aff,Direct browsing,d_1be06ce1b670864df8c500dc82b295ae,1,0,a_e7d8c038c18055500148c5915382bd98,a_973fe280423a7e99823e67b74135e536,p_1aa7c4c9c2b1fefbcdc3b8691942f2b7,p_3dd478bd944ece2906a0c8e4425f63be,6,298,78,90,4714,111328,168,116042,563.75838926174504,389402.68456375843,690.72619047619048,0.4642857142857143,0.040623222626290478
r_99e3e249acc6e2f3920ef36f541b14c1,Direct browsing,d_1be06ce1b670864df8c500dc82b295ae,1,0,a_69fb0b835452ca85c178bdeaaf11695b,a_e7d8c038c18055500148c5915382bd98,p_3d01955bb66b778c6aa471c3a2911a0a,p_4eb675cf4c45a07e195cd96fc976bc6c,6,222360,49,51,15972,14980,100,30952,0.44972117287281882,139.19769742759487,309.51999999999998,0.48999999999999999,0.51602481261307831
r_6d212e4580118fdacdb9172bc4d97ecb,Direct browsing,d_1be06ce1b670864df8c500dc82b295ae,1,0,a_e7d8c038c18055500148c5915382bd98,a_5607307b9b9a0681912487688d94bd13,p_31cec2ae2340928ffbb8452cfa5704c5,p_3dd478bd944ece2906a0c8e4425f63be,6,75963,578,548,58128,302419,1126,360547,14.823005937100959,4746.3501968063401,320.20159857904088,0.51332149200710475,0.16122169925141522
r_2b1374ff5d6af2689595cc99cbe26baf,Direct browsing,d_1be06ce1b670864df8c500dc82b295ae,1,0,a_e7d8c038c18055500148c5915382bd98,a_5607307b9b9a0681912487688d94bd13,p_f5a509b0f347358d8b9687ee65351f60,p_3dd478bd944ece2906a0c8e4425f63be,6,48027,255,223,37807,244082,478,281889,9.9527349199408661,5869.3859703916542,589.72594142259413,0.53347280334728031,0.13412016786749395
r_06a7fbce86fdc7f16f0057dc52a9c719,Direct browsing,d_1be06ce1b670864df8c500dc82b295ae,1,0,a_e7d8c038c18055500148c5915382bd98,a_02a122380c0c64acd3e62d24cce170ec,p_6eae42a3c58276040eaa5f45f618b7b0,p_3dd478bd944ece2906a0c8e4425f63be,6,379,45,53,3132,64029,98,67161,258.57519788918205,177205.80474934037,685.31632653061229,0.45918367346938777,0.046634207352481354
r_f0081af3112f774aa15231e249e504b7,Direct browsing,d_1be06ce1b670864df8c500dc82b295ae,1,0,a_e7d8c038c18055500148c5915382bd98,a_b414782502fd711c1595605caef96e2e,p_dd4ff173b447015e29a9ce50cad44bd6,p_3dd478bd944ece2906a0c8e4425f63be,6,347,83,95,4770,116632,178,121402,512.96829971181558,349861.67146974069,682.03370786516859,0.46629213483146065,0.039290950725688209
r_eab8a6b0e34549e732ba5a24443d2671,Direct browsing,d_1be06ce1b670864df8c500dc82b295ae,1,0,a_e7d8c038c18055500148c5915382bd98,a_5607307b9b9a0681912487688d94bd13,p_e0698b7a6ea89b5f62e9e9f49d194489,p_3dd478bd944ece2906a0c8e4425f63be,6,89892,866,867,90855,478992,1733,569847,19.278689983535799,6339.2404218395413,328.82111944604731,0.49971148297749568,0.15943753323260454
r_a8c747746820bce306de7ba992ab7164,Direct browsing,d_1be06ce1b670864df8c500dc82b295ae,1,0,a_e7d8c038c18055500148c5915382bd98,a_9b3151c587fb9f2302ffe2b703ef3467,p_900120e7f96e1a27e00064c26403ac2e,p_3dd478bd944ece2906a0c8e4425f63be,6,942,28,25,2729,19674,53,22403,56.263269639065818,23782.377919320596,422.69811320754718,0.52830188679245282,0.12181404276213008
r_f67ddfab9bc44eb4c45261e050e6223b,Direct browsing,d_1be06ce1b670864df8c500dc82b295ae,1,0,a_e7d8c038c18055500148c5915382bd98,a_b1c74cc3374aede0181cb7017200a937,p_1acf3328d974eb6a24447bb62125607c,p_d7195ebfc9c48d4a0beab7870d0eba9c,6,695,6,4,407,405,10,812,14.388489208633095,1168.3453237410072,81.200000000000003,0.59999999999999998,0.50123152709359609
r_c978dc89d1aca9f2c2e38493525619b8,Direct browsing,d_1be06ce1b670864df8c500dc82b295ae,1,0,a_e7d8c038c18055500148c5915382bd98,a_5607307b9b9a0681912487688d94bd13,p_373bc826d4b64a85f0d5bda706189878,p_3dd478bd944ece2906a0c8e4425f63be,6,76282,496,517,52623,284773,1013,337396,13.27967279305734,4423.0093600062928,333.06614017769004,0.48963474827245806,0.15596806126925036
r_ed1a2d6485436cdc579e99a27fbd5ebe,Direct browsing,d_1be06ce1b670864df8c500dc82b295ae,1,0,a_e7d8c038c18055500148c5915382bd98,a_cef9cb3fc1726aed6d5fa7d7fa086082,p_82ffa2572d17eced6431e1919582dad6,p_3dd478bd944ece2906a0c8e4425f63be,6,285,12,14,1708,6615,26,8323,91.228070175438603,29203.508771929828,320.11538461538464,0.46153846153846156,0.20521446593776282
r_1eaac261445efcf84dd704678fec8759,Direct browsing,d_1be06ce1b670864df8c500dc82b295ae,1,0,a_e7d8c038c18055500148c5915382bd98,a_c182ca4f17d3d9ab9f5e05cf4fea600e,p_1473c431dc29298c2dd3ad06f9094e6e,p_3dd478bd944ece2906a0c8e4425f63be,6,5408,56,58,4727,65561,114,70288,21.079881656804734,12997.041420118343,616.56140350877195,0.49122807017543857,0.067251877987707723
r_a7f84b914557b0cb10643485df8664b7,Direct browsing,d_1be06ce1b670864df8c500dc82b295ae,1,0,a_e7d8c038c18055500148c5915382bd98,a_8888e819d3794d45a798b8a0a9dd2393,p_94506380dd71032deee7b345fe296eeb,p_3dd478bd944ece2906a0c8e4425f63be,6,548,39,47,2773,52111,86,54884,156.93430656934305,100153.28467153283,638.18604651162786,0.45348837209302323,0.05052474309452664
r_2e5f0d96648dc73881d847c2eb85f00a,Direct browsing,d_1be06ce1b670864df8c500dc82b295ae,1,0,a_e7d8c038c18055500148c5915382bd98,a_8427de2fe5a71d85937de29448a05615,p_bd8b4b767ab80097b64d5024f5494733,p_3dd478bd944ece2906a0c8e4425f63be,6,252,50,51,3146,61120,101,64266,400.79365079365078,255023.80952380953,636.29702970297035,0.49504950495049505,0.048952789966700896
r_cebfd8ab8094fa79d15b685e78890323,Direct browsing,d_1be06ce1b670864df8c500dc82b295ae,1,0,a_e7d8c038c18055500148c5915382bd98,a_6613e355a108853dc8013615fa2b5d2c,p_8793d459d5619ebda14d81310835eba8,p_3dd478bd944ece2906a0c8e4425f63be,6,859,50,59,4344,67306,109,71650,126.89173457508731,83410.942956926665,657.33944954128435,0.45871559633027525,0.060628053035589671
r_e9f54339378fe1339fa4f8873fbef2f3,Direct browsing,d_1be06ce1b670864df8c500dc82b295ae,1,0,a_e7d8c038c18055500148c5915382bd98,a_5607307b9b9a0681912487688d94bd13,p_37a7ff2f4301db501921fc1cc3f920f3,p_3dd478bd944ece2906a0c8e4425f63be,6,91789,491,417,71744,459287,908,531031,9.8922528843325459,5785.3446491409641,584.83590308370049,0.54074889867841414,0.13510322372893485
r_a10dc51f3da37cb5d92048a102872bd5,Direct browsing,d_1be06ce1b670864df8c500dc82b295ae,1,0,a_e7d8c038c18055500148c5915382bd98,a_3758d483df8b72efcd00fb0ee159451b,p_beb64b905151562fcfbf7dcdf232229c,p_3dd478bd944ece2906a0c8e4425f63be,6,332,58,71,3883,79987,129,83870,388.55421686746985,252620.48192771082,650.15503875968989,0.44961240310077522,0.046297841898175748
r_3c846469363c8914d94f3a417f1fc354,Direct browsing,d_1be06ce1b670864df8c500dc82b295ae,1,0,a_e7d8c038c18055500148c5915382bd98,a_2d3501240c31f7995aa216f623974d82,p_519e8ab8c92afded8ad919a96544e47d,p_3dd478bd944ece2906a0c8e4425f63be,6,588,41,45,2927,48358,86,51285,146.25850340136054,87219.387755102041,596.33720930232562,0.47674418604651164,0.057073218289948331
r_26f851130d44a49ff68f0b810da6c76a,Direct browsing,d_1be06ce1b670864df8c500dc82b295ae,1,0,a_e7d8c038c18055500148c5915382bd98,a_e26ebc8f66dc2a068e15783a09c1a4cb,p_e61adad8aa74723464ff5777cb03c26a,p_3dd478bd944ece2906a0c8e4425f63be,6,691016,290,290,41348,22772,580,64120,0.83934380680042142,92.790904986281078,110.55172413793103,0.5,0.64485339987523393
r_ec39476cc25cc73b2e75909c8e671607,Direct browsing,d_1be06ce1b670864df8c500dc82b295ae,1,0,a_e7d8c038c18055500148c5915382bd98,a_9b3151c587fb9f2302ffe2b703ef3467,p_b4b062b0a669bbdf4cdf7044b5614cf4,p_3dd478bd944ece2906a0c8e4425f63be,6,887,28,25,2445,20295,53,22740,59.751972942502817,25636.978579481398,429.05660377358492,0.52830188679245282,0.10751978891820581
r_ce7f8afa96eef0e0d18ec74278172103,Direct browsing,d_1be06ce1b670864df8c500dc82b295ae,1,0,a_e7d8c038c18055500148c5915382bd98,a_5607307b9b9a0681912487688d94bd13,p_9a4d15523483cf07ce232c87351572af,p_3dd478bd944ece2906a0c8e4425f63be,6,88655,875,870,90797,479957,1745,570754,19.683041001635555,6437.9222830071622,327.07965616045846,0.50143266475644699,0.15908254694667054
r_77c962cc2ff3a41a39b584c774aa828d,Direct browsing,d_1be06ce1b670864df8c500dc82b295ae,1,0,a_e7d8c038c18055500148c5915382bd98,a_86698ed8ae94b93b7885c94735130642,p_37b8c217ffd64de9949591928cdca0a6,p_3dd478bd944ece2906a0c8e4425f63be,6,424,51,58,3855,66121,109,69976,257.07547169811323,165037.7358490566,641.98165137614683,0.46788990825688076,0.055090316680004574
r_87be240ddfeaa0b0744546f1cdf1925a,Direct browsing,d_1be06ce1b670864df8c500dc82b295ae,1,0,a_e7d8c038c18055500148c5915382bd98,a_5607307b9b9a0681912487688d94bd13,p_54e41834f32a8adc4880d0af6ee79ccf,p_3dd478bd944ece2906a0c8e4425f63be,6,90190,493,415,71221,462257,908,533478,10.067634992792993,5915.0460139705065,587.53083700440527,0.54295154185022021,0.13350316226723502
r_9ea84c7481d18b5c0f5ed597fce2216e,Direct browsing,d_1be06ce1b670864df8c500dc82b295ae,1,0,a_e7d8c038c18055500148c5915382bd98,a_7d984c24db37c5565ce08268949f7f2a,p_fe99d26ddfe10d221f55d25b97943777,p_3dd478bd944ece2906a0c8e4425f63be,6,19643,13,14,1813,7085,27,8898,1.3745354579239424,452.98579646693474,329.55555555555554,0.48148148148148145,0.20375365250618116
r_d3f8024cce3f3116685471076620cc2b,Direct browsing,d_1be06ce1b670864df8c500dc82b295ae,1,0,a_e7d8c038c18055500148c5915382bd98,a_9c6aa07bc62a11dec03f482d53110b23,p_cee1990f152a5e5d5e5837431c19a463,p_3dd478bd944ece2906a0c8e4425f63be,6,63321,19,8,5521,4650,27,10171,0.42639882503434878,160.62601664534674,376.7037037037037,0.70370370370370372,0.5428178153573886
r_99f4f4ecc2e8ed77af2572f9a280f347,Direct browsing,d_1be06ce1b670864df8c500dc82b295ae,1,0,a_e7d8c038c18055500148c5915382bd98,a_26af0c74890136147b244435e5302b79,p_619bccdf6b4da6f88d3072c82f0d32d7,p_3dd478bd944ece2906a0c8e4425f63be,6,376,75,87,4259,106161,162,110420,430.85106382978722,293670.21276595746,681.60493827160496,0.46296296296296297,0.038570911066835717
r_d1632becd4dff20b9762f73138be186f,Direct browsing,d_1be06ce1b670864df8c500dc82b295ae,1,0,a_e7d8c038c18055500148c5915382bd98,a_2bac23a9e84849c08d76d108ecd79f5c,p_5fcc3d0941ca42584c0360743fb28e84,p_3dd478bd944ece2906a0c8e4425f63be,6,1324,40,52,4267,57978,92,62245,69.486404833836858,47012.839879154075,676.57608695652175,0.43478260869565216,0.068551690898867382
r_e48b696694d6bc8788ecc63e0ae7e81d,Direct browsing,d_1be06ce1b670864df8c500dc82b295ae,1,0,a_e7d8c038c18055500148c5915382bd98,a_66920bea34e76a66dfba97e2e5b75cdf,p_557f09abc09d81bdde0bb2bb521ecafc,p_3dd478bd944ece2906a0c8e4425f63be,6,588,49,59,3439,69937,108,73376,183.67346938775512,124789.11564625851,679.40740740740739,0.45370370370370372,0.046868185782817269
r_650c4be467e392882fa36d481b9ccf92,Direct browsing,d_1be06ce1b670864df8c500dc82b295ae,1,0,a_e7d8c038c18055500148c5915382bd98,a_14776bacc000e46efa3b0a6cc5a2b0ed,p_e5d73d7f17485c85c5757ae4a4e8dbeb,p_3dd478bd944ece2906a0c8e4425f63be,6,159,62,75,3756,93408,137,97164,861.63522012578619,611094.33962264145,709.22627737226276,0.45255474452554745,0.038656292453995308
r_ae27645ae849c5121228a60a70d00a57,Direct browsing,d_1be06ce1b670864df8c500dc82b295ae,1,0,a_e7d8c038c18055500148c5915382bd98,a_41f64bf370d1304b4632df22f4048fe2,p_e3acaa5b2966e626724457346446d4ba,p_3dd478bd944ece2906a0c8e4425f63be,6,26190,14,12,1761,5617,26,7378,0.99274532264222981,281.71057655593739,283.76923076923077,0.53846153846153844,0.23868256980211439
r_6cd945af40b9f7577345d6bb0ca7a9b9,Direct browsing,d_1be06ce1b670864df8c500dc82b295ae,1,0,a_e7d8c038c18055500148c5915382bd98,a_5607307b9b9a0681912487688d94bd13,p_2e7392bd8cde314abebd4f8b9d292e42,p_3dd478bd944ece2906a0c8e4425f63be,6,91654,888,869,91744,479281,1757,571025,19.169921661902372,6230.2245401182709,325,0.50540694365395555,0.16066546998817915
r_993e01068ea56bdd7d894eb08742a21f,Direct browsing,d_1be06ce1b670864df8c500dc82b295ae,1,0,a_e7d8c038c18055500148c5915382bd98,a_cf31ba68046233719f1273a3a3789e72,p_299ca8dc976759f2e97f1e7f8b44301a,p_3dd478bd944ece2906a0c8e4425f63be,6,232,19,16,2387,7750,35,10137,150.86206896551724,43693.965517241377,289.62857142857143,0.54285714285714282,0.23547400611620795
r_55b3fb2f9b88b36fa1e3804e92c9553c,Direct browsing,d_1be06ce1b670864df8c500dc82b295ae,1,0,a_e7d8c038c18055500148c5915382bd98,a_5607307b9b9a0681912487688d94bd13,p_c5ac95db67f3c5ce16e0a08f61cc6705,p_3dd478bd944ece2906a0c8e4425f63be,6,59115,543,597,59812,329677,1140,389489,19.284445572189799,6588.6661591812563,341.65701754385964,0.47631578947368419,0.15356531249919766
r_f9497b5d6984ce409eb59bde5c42762e,Direct browsing,d_1be06ce1b670864df8c500dc82b295ae,1,0,a_e7d8c038c18055500148c5915382bd98,a_5607307b9b9a0681912487688d94bd13,p_3f989a9e8ebb1de71080da51ea9c7d2c,p_3dd478bd944ece2906a0c8e4425f63be,6,96872,901,891,92738,480932,1792,573670,18.498637377157486,5921.9382277644727,320.12834821428572,0.5027901785714286,0.16165739885299912
r_159765c7eec2068b5a937b397a54988d,Direct browsing,d_1be06ce1b670864df8c500dc82b295ae,1,0,a_e7d8c038c18055500148c5915382bd98,a_19712890f1d06e3082d52db1d00b2d80,p_ed1f36b8c0857b6f6bd5e9d7a591b2fa,p_3dd478bd944ece2906a0c8e4425f63be,6,544,55,58,4241,67329,113,71570,207.72058823529412,131562.5,633.36283185840705,0.48672566371681414,0.059256671789856087
r_ac6899493de0b9d5bb1e8efac9f09797,Direct browsing,d_1be06ce1b670864df8c500dc82b295ae,1,0,a_e7d8c038c18055500148c5915382bd98,a_51fd137456b71140825d720d149df0e1,p_b468137c4da44724db752c52d9ea8bc0,p_3dd478bd944ece2906a0c8e4425f63be,6,27514,14,15,2075,7152,29,9227,1.0540088682125464,335.35654575852294,318.17241379310343,0.48275862068965519,0.22488349409342148
r_d4e3b3ec0df4feb923ef5afed9a37cf7,Direct browsing,d_1be06ce1b670864df8c500dc82b295ae,1,0,a_e7d8c038c18055500148c5915382bd98,a_443239ebe852c266609efdcdf1e7df94,p_1707a659cea7cabcbf5477b7b3882007,p_3dd478bd944ece2906a0c8e4425f63be,6,287,71,79,4170,95205,150,99375,522.64808362369342,346254.35540069686,662.5,0.47333333333333333,0.041962264150943396
r_96627f70907e77aca2967ce248940107,Direct browsing,d_1be06ce1b670864df8c500dc82b295ae,1,0,a_e7d8c038c18055500148c5915382bd98,a_02a122380c0c64acd3e62d24cce170ec,p_8252c8e1b57742d48c4a00be16d7d3e1,p_3dd478bd944ece2906a0c8e4425f63be,6,204,57,68,3550,83238,125,86788,612.74509803921569,425431.37254901964,694.30399999999997,0.45600000000000002,0.040904272480066367
r_f3d7e424672a0fef61da4cece5a21ab0,Direct browsing,d_1be06ce1b670864df8c500dc82b295ae,1,0,a_e7d8c038c18055500148c5915382bd98,a_5607307b9b9a0681912487688d94bd13,p_dfdd5c875b1bf29a1237bd8f9aa7bd4e,p_3dd478bd944ece2906a0c8e4425f63be,6,92767,934,878,94080,483593,1812,577673,19.53280800284584,6227.1389610529613,318.80408388520971,0.51545253863134655,0.16286030332039061
r_2a8ba833a8d9c719b7c18751915491aa,Direct browsing,d_1be06ce1b670864df8c500dc82b295ae,1,0,a_e7d8c038c18055500148c5915382bd98,a_b2edc8161115ebfb809b2bc64301631a,p_b2cc53129882e5c1dcd71b33ae0d6ea3,p_3dd478bd944ece2906a0c8e4425f63be,6,316,77,94,4417,115425,171,119842,541.13924050632909,379246.83544303797,700.83040935672511,0.45029239766081869,0.036856861534353566
r_78ae616da1cc86484575891d080dac56,Direct browsing,d_1be06ce1b670864df8c500dc82b295ae,1,0,a_e7d8c038c18055500148c5915382bd98,a_9f738af0fea539efd1249ec6b1c4a590,p_a989c01485a8c35aabf20bd9573962b9,p_3dd478bd944ece2906a0c8e4425f63be,6,418,46,49,3373,55641,95,59014,227.27272727272728,141181.81818181818,621.20000000000005,0.48421052631578948,0.057155929101569122
r_5f8d4c2e88367510bcf0dbe9036232d0,Direct browsing,d_1be06ce1b670864df8c500dc82b295ae,1,0,a_e7d8c038c18055500148c5915382bd98,a_b2edc8161115ebfb809b2bc64301631a,p_f000b2aacb50368e40c06e94b0b28ef7,p_3dd478bd944ece2906a0c8e4425f63be,6,306,79,94,4511,115426,173,119937,565.35947712418306,391950.98039215687,693.27745664739882,0.45664739884393063,0.037611412658312283
r_c5fa7b1a720a531709454d266ad0572a,Direct browsing,d_1be06ce1b670864df8c500dc82b295ae,1,0,a_e7d8c038c18055500148c5915382bd98,a_5607307b9b9a0681912487688d94bd13,p_7cb61369ad87b71c9d474577a06d36c8,p_3dd478bd944ece2906a0c8e4425f63be,6,89037,899,866,91458,479080,1765,570538,19.82321956040747,6407.875377651987,323.25099150141642,0.50934844192634565,0.16030132962221622
r_a36fd1f36e60bf8e6e89c5f592b5235f,Direct browsing,d_1be06ce1b670864df8c500dc82b295ae,1,0,a_e7d8c038c18055500148c5915382bd98,a_52184634139fd407f3ba744a6e1132d1,p_6aad3d03b35b70fca46f6e5d711fc126,p_3dd478bd944ece2906a0c8e4425f63be,6,259,49,65,3286,76512,114,79798,440.15444015444012,308100.38610038609,699.98245614035091,0.42982456140350878,0.041178976916714703
r_a736752f8e48101322598f213b7a96e6,Direct browsing,d_1be06ce1b670864df8c500dc82b295ae,1,0,a_e7d8c038c18055500148c5915382bd98,a_cf31ba68046233719f1273a3a3789e72,p_e2c7c3bfe6ad7f8d497ab4d33cf837e7,p_3dd478bd944ece2906a0c8e4425f63be,6,25396,15,13,1790,7566,28,9356,1.1025358324145533,368.40447314537721,334.14285714285717,0.5357142857142857,0.19132107738349721
r_8829f41f7e0854edfc0e0470d57efff5,Direct browsing,d_1be06ce1b670864df8c500dc82b295ae,1,0,a_e7d8c038c18055500148c5915382bd98,a_a21ae5409cea66480cdc502ca625a703,p_5df5b9e9ecc8564764b1e861076d1650,p_3dd478bd944ece2906a0c8e4425f63be,6,247,51,65,3299,76751,116,80050,469.63562753036439,324089.06882591092,690.08620689655174,0.43965517241379309,0.041211742660836978
r_bee4e08f2892af83f5bb1957768d1646,Direct browsing,d_1be06ce1b670864df8c500dc82b295ae,1,0,a_e7d8c038c18055500148c5915382bd98,a_5607307b9b9a0681912487688d94bd13,p_a3cc869533b19ea4b0b45f5ea3e9b23e,p_3dd478bd944ece2906a0c8e4425f63be,6,92517,909,886,93786,484227,1795,578013,19.401839661899977,6247.6409740912486,322.01281337047357,0.50640668523676879,0.16225586621754182
r_a07f86a6065edd0729a92b78ed549317,Direct browsing,d_1be06ce1b670864df8c500dc82b295ae,1,0,a_e7d8c038c18055500148c5915382bd98,a_5607307b9b9a0681912487688d94bd13,p_a608152a77c430e8948f0ed36de576e8,p_3dd478bd944ece2906a0c8e4425f63be,6,88846,900,883,91548,486738,1783,578286,20.068433018931632,6508.8580239965777,324.33314638250141,0.50476724621424562,0.15830921032153641
r_177edf91c86a757c34ea0afab7bd5de7,Direct browsing,d_1be06ce1b670864df8c500dc82b295ae,1,0,a_e7d8c038c18055500148c5915382bd98,a_5607307b9b9a0681912487688d94bd13,p_221b630b18b2f7ef4075b11cc8664a39,p_3dd478bd944ece2906a0c8e4425f63be,6,88911,889,867,91834,478935,1756,570769,19.750087165817504,6419.5543858465207,325.03929384965829,0.50626423690205014,0.16089521329995146
r_55697dc40af14c639302ed1c76165cdc,Direct browsing,d_1be06ce1b670864df8c500dc82b295ae,1,0,a_e7d8c038c18055500148c5915382bd98,a_2bac23a9e84849c08d76d108ecd79f5c,p_a7e839d98a5f939720c3120bb0625af6,p_3dd478bd944ece2906a0c8e4425f63be,6,1400,35,50,2660,57087,85,59747,60.714285714285715,42676.428571428572,702.90588235294115,0.41176470588235292,0.044521063819103888
r_08d6d9aa41620ceab9483059616119d5,Direct browsing,d_1be06ce1b670864df8c500dc82b295ae,1,0,a_e7d8c038c18055500148c5915382bd98,a_b89bb3545215efef3917806aef565228,p_99d076d78a8d326762e3c6ca357b6986,p_3dd478bd944ece2906a0c8e4425f63be,6,365,25,27,2021,25403,52,27424,142.46575342465755,75134.246575342462,527.38461538461536,0.48076923076923078,0.073694574095682613
r_8de32a0f5942196c8286b5571fc7e68d,Direct browsing,d_1be06ce1b670864df8c500dc82b295ae,1,0,a_e7d8c038c18055500148c5915382bd98,a_443239ebe852c266609efdcdf1e7df94,p_b0c8b1e3ecaed24783a603f94dc39874,p_3dd478bd944ece2906a0c8e4425f63be,6,497,69,73,4519,86001,142,90520,285.71428571428572,182132.79678068412,637.46478873239437,0.4859154929577465,0.049922669023420241
r_e2a8bdd9105c725853a964c1b4f1a758,Direct browsing,d_1be06ce1b670864df8c500dc82b295ae,1,0,a_e7d8c038c18055500148c5915382bd98,a_14776bacc000e46efa3b0a6cc5a2b0ed,p_a2a701b5cf6bb72a9802836bcbfb8a91,p_3dd478bd944ece2906a0c8e4425f63be,6,335,57,70,3915,81712,127,85627,379.1044776119403,255602.98507462686,674.22834645669286,0.44881889763779526,0.045721559788384505
r_7df324922f8d57410eaec9597489efb2,Direct browsing,d_1be06ce1b670864df8c500dc82b295ae,1,0,a_e7d8c038c18055500148c5915382bd98,a_3e13ba2290e0a739fbbb13ab3f68e74e,p_df70b905d36157fa5085a81f028b8ae8,p_3dd478bd944ece2906a0c8e4425f63be,6,15733,17,17,1890,9581,34,11471,2.1610627343799655,729.10443017860541,337.38235294117646,0.5,0.16476331618864964
r_6e3094dbfb44f9f38388c79867548529,Direct browsing,d_1be06ce1b670864df8c500dc82b295ae,1,0,a_e7d8c038c18055500148c5915382bd98,a_efacd1001abfe73e24de1e19abab3285,p_2b9ac4357950ca633f8694eef91a5725,p_3dd478bd944ece2906a0c8e4425f63be,6,343,11,13,1568,4023,24,5591,69.970845481049551,16300.291545189502,232.95833333333334,0.45833333333333331,0.28045072437846541
r_c6f25c118b119af1f3afa3d1db533002,Direct browsing,d_1be06ce1b670864df8c500dc82b295ae,1,0,a_e7d8c038c18055500148c5915382bd98,a_7051accb5ca0d7e219640c186047d92b,p_0c15a309dd473bd32fb946afac6945d4,p_3dd478bd944ece2906a0c8e4425f63be,6,285,12,15,1622,6705,27,8327,94.736842105263165,29217.543859649126,308.40740740740739,0.44444444444444442,0.19478803890957128
r_7d34c83b1182fc2836cbbf8f4dc0dc25,Direct browsing,d_1be06ce1b670864df8c500dc82b295ae,1,0,a_e7d8c038c18055500148c5915382bd98,a_fc62339ad87acb8adeeb5c4a51a76e4d,p_ecbaf13b1bf4a0d26805c108031b3ff4,p_3dd478bd944ece2906a0c8e4425f63be,6,259,72,85,4152,103124,157,107276,606.17760617760621,414193.05019305018,683.2866242038217,0.45859872611464969,0.038703903948693094
r_5665e105f20282a341e30a9d9cdb2e57,Direct browsing,d_1be06ce1b670864df8c500dc82b295ae,1,0,a_e7d8c038c18055500148c5915382bd98,a_efacd1001abfe73e24de1e19abab3285,p_6d2cc0749afc37bc82ad3ad50b962561,p_3dd478bd944ece2906a0c8e4425f63be,6,267,77,91,4435,111381,168,115816,629.21348314606735,433767.79026217223,689.38095238095241,0.45833333333333331,0.038293500034537541
r_690e619b35f6d3fccdb23d20847f0482,Direct browsing,d_1be06ce1b670864df8c500dc82b295ae,1,0,a_e7d8c038c18055500148c5915382bd98,a_2d3501240c31f7995aa216f623974d82,p_3eb0a5299b9604885de85b28b455dac5,p_3dd478bd944ece2906a0c8e4425f63be,6,1339,38,44,2643,48286,82,50929,61.239731142643762,38035.100821508589,621.08536585365857,0.46341463414634149,0.051895776473129256
r_446460f14686f5f2ef35a6b02af749a3,Direct browsing,d_1be06ce1b670864df8c500dc82b295ae,1,0,a_e7d8c038c18055500148c5915382bd98,a_01c27fc950d2f075d869a4d0acaa48ee,p_b9e613d51a75287084a5237dd88c9082,p_3dd478bd944ece2906a0c8e4425f63be,6,1394,41,46,4143,48419,87,52562,62.410329985652801,37705.882352941182,604.16091954022988,0.47126436781609193,0.078821201628552953
r_224eecc922d09df85cb7b0bd6533b5af,Direct browsing,d_1be06ce1b670864df8c500dc82b295ae,1,0,a_e7d8c038c18055500148c5915382bd98,a_01c27fc950d2f075d869a4d0acaa48ee,p_e294668a122c24226ac3b555dbbb0505,p_3dd478bd944ece2906a0c8e4425f63be,6,649,30,32,2789,35458,62,38247,95.531587057010782,58932.203389830509,616.88709677419354,0.4838709677419355,0.072920751954401647
r_eaf35bfeba655098d82c7292e368205b,Direct browsing,d_1be06ce1b670864df8c500dc82b295ae,1,0,a_e7d8c038c18055500148c5915382bd98,a_a687d381e9c879995694edb3127ec230,p_4978d1adb8709e3b28296b52b8190e1d,p_3dd478bd944ece2906a0c8e4425f63be,6,389,44,55,3438,62070,99,65508,254.49871465295629,168401.02827763496,661.69696969696975,0.44444444444444442,0.052482139586004763
r_8b474370eb511c0b8c0912dbecc3cae6,Direct browsing,d_1be06ce1b670864df8c500dc82b295ae,1,0,a_e7d8c038c18055500148c5915382bd98,a_1b72c0818c17ba2700f6c501304dffa0,p_bbb534dd97a4b7e767010ab14ecd0bc2,p_3dd478bd944ece2906a0c8e4425f63be,6,28636,15,15,1787,7576,30,9363,1.0476323508869954,326.96605671183124,312.10000000000002,0.5,0.19085763110114279
r_8ad94c227c3cc80d2e9dbb8a4a03596b,Direct browsing,d_1be06ce1b670864df8c500dc82b295ae,1,0,a_e7d8c038c18055500148c5915382bd98,a_01c27fc950d2f075d869a4d0acaa48ee,p_2bba078bfbb10c8c8ce1aa92ae209fb7,p_3dd478bd944ece2906a0c8e4425f63be,6,966,30,30,2792,31073,60,33865,62.111801242236027,35056.935817805381,564.41666666666663,0.5,0.082445002214675919
r_dead81c77b82c49e272026caf1add256,Direct browsing,d_1be06ce1b670864df8c500dc82b295ae,1,0,a_e7d8c038c18055500148c5915382bd98,a_9f738af0fea539efd1249ec6b1c4a590,p_6647d31ec1b4c2de94741c4ba871dad3,p_3dd478bd944ece2906a0c8e4425f63be,6,311,48,50,3065,55793,98,58858,315.11254019292602,189254.0192926045,600.59183673469386,0.48979591836734693,0.052074484352169631
r_fa1385d765b948e37e1943be7daa3021,Direct browsing,d_1be06ce1b670864df8c500dc82b295ae,1,0,a_e7d8c038c18055500148c5915382bd98,a_3758d483df8b72efcd00fb0ee159451b,p_286ece2a16b4f4c780edd60a3793566b,p_3dd478bd944ece2906a0c8e4425f63be,6,329,54,71,3385,80532,125,83917,379.93920972644378,255066.86930091184,671.33600000000001,0.432,0.040337476315883553
r_78669484fd06d3f98398aef74397e57f,Direct browsing,d_1be06ce1b670864df8c500dc82b295ae,1,0,a_e7d8c038c18055500148c5915382bd98,a_01c27fc950d2f075d869a4d0acaa48ee,p_2c1ded243d75075d1295e35098306408,p_3dd478bd944ece2906a0c8e4425f63be,6,868,31,32,2821,35460,63,38281,72.58064516129032,44102.534562211978,607.6349206349206,0.49206349206349204,0.073691909824717225
r_89a130f5e9625f85dcb2d52325714c71,Direct browsing,d_1be06ce1b670864df8c500dc82b295ae,1,0,a_e7d8c038c18055500148c5915382bd98,a_9b3151c587fb9f2302ffe2b703ef3467,p_0558036b18a00b01b4d91a262f2d390a,p_3dd478bd944ece2906a0c8e4425f63be,6,1016,19,22,1965,19838,41,21803,40.354330708661415,21459.645669291338,531.78048780487802,0.46341463414634149,0.090125212126771548
r_4dc092821b113ec7d737b9d8a7dd0e9e,Direct browsing,d_1be06ce1b670864df8c500dc82b295ae,1,0,a_e7d8c038c18055500148c5915382bd98,a_01c27fc950d2f075d869a4d0acaa48ee,p_6b9248b17701fd5f6d35c9111465f093,p_3dd478bd944ece2906a0c8e4425f63be,6,834,43,38,3397,41750,81,45147,97.122302158273385,54133.093525179858,557.37037037037032,0.53086419753086422,0.075243094779276584
r_2af11d65c6856696bbbef19dad13a789,Direct browsing,d_1be06ce1b670864df8c500dc82b295ae,1,0,a_e7d8c038c18055500148c5915382bd98,a_01c27fc950d2f075d869a4d0acaa48ee,p_f11c2210c2d14a9abd5f7e46944d5112,p_3dd478bd944ece2906a0c8e4425f63be,6,1038,42,38,3359,42486,80,45845,77.071290944123305,44166.666666666664,573.0625,0.52500000000000002,0.073268622532446287
r_22084ce2234c5749959cd980578b6daf,Direct browsing,d_1be06ce1b670864df8c500dc82b295ae,1,0,a_e7d8c038c18055500148c5915382bd98,a_52184634139fd407f3ba744a6e1132d1,p_39afc268c9e15a492070396f20bd54e0,p_3dd478bd944ece2906a0c8e4425f63be,6,237,49,51,3099,60040,100,63139,421.94092827004221,266409.28270042193,631.38999999999999,0.48999999999999999,0.049082183753306197
r_ac248851d9bf337c0c968fb217122a71,Direct browsing,d_1be06ce1b670864df8c500dc82b295ae,1,0,a_e7d8c038c18055500148c5915382bd98,a_01c27fc950d2f075d869a4d0acaa48ee,p_be754e65b626b49b6e25733b5e13ef76,p_3dd478bd944ece2906a0c8e4425f63be,6,862,34,37,2958,42921,71,45879,82.366589327146173,53223.897911832944,646.18309859154931,0.47887323943661969,0.064473942326554637
r_8b2b299aad6c19bd422d3ba01f10ab60,Direct browsing,d_1be06ce1b670864df8c500dc82b295ae,1,0,a_e7d8c038c18055500148c5915382bd98,a_01c27fc950d2f075d869a4d0acaa48ee,p_1ffd68cf43c4b7a3335f1039cf622970,p_3dd478bd944ece2906a0c8e4425f63be,6,563,34,38,2953,42488,72,45441,127.88632326820606,80712.255772646546,631.125,0.47222222222222221,0.064985365638960416
r_44ce323617cc2c4f90d5e7896f2e66c6,Direct browsing,d_1be06ce1b670864df8c500dc82b295ae,1,0,a_e7d8c038c18055500148c5915382bd98,a_01c27fc950d2f075d869a4d0acaa48ee,p_e8aa0cc317a6917a146bff879629cdaa,p_3dd478bd944ece2906a0c8e4425f63be,6,1072,43,39,3413,41789,82,45202,76.492537313432834,42166.044776119401,551.2439024390244,0.52439024390243905,0.075505508605813898
r_362df3a72fe462032c50c00ee7ff08aa,Direct browsing,d_1be06ce1b670864df8c500dc82b295ae,1,0,a_e7d8c038c18055500148c5915382bd98,a_01c27fc950d2f075d869a4d0acaa48ee,p_e4e68c8a579ccd54506eb89c57f60987,p_3dd478bd944ece2906a0c8e4425f63be,6,842,19,21,2330,20559,40,22889,47.505938242280287,27184.085510688838,572.22500000000002,0.47499999999999998,0.10179562235134781
r_3cefb1d33ca0bb17bfc05094e0d98db6,Direct browsing,d_1be06ce1b670864df8c500dc82b295ae,1,0,a_e7d8c038c18055500148c5915382bd98,a_01c27fc950d2f075d869a4d0acaa48ee,p_4639edc507f586f48215e4441593bb83,p_3dd478bd944ece2906a0c8e4425f63be,6,567,33,37,2893,42463,70,45356,123.4567901234568,79992.94532627867,647.94285714285718,0.47142857142857142,0.063784284328424021
r_0f727139fb12dfd9629b9bcd72aa16f9,Direct browsing,d_1be06ce1b670864df8c500dc82b295ae,1,0,a_e7d8c038c18055500148c5915382bd98,a_01c27fc950d2f075d869a4d0acaa48ee,p_b3b8c536ab062c9672c78bb731e079c6,p_3dd478bd944ece2906a0c8e4425f63be,6,997,43,39,3401,41745,82,45146,82.246740220661991,45281.845536609828,550.56097560975604,0.52439024390243905,0.075333362867142165
r_844e19b988d447d879154d668bea2347,Direct browsing,d_1be06ce1b670864df8c500dc82b295ae,1,0,a_e7d8c038c18055500148c5915382bd98,a_01c27fc950d2f075d869a4d0acaa48ee,p_fbb30bca5323b51b405462318f2d76bf,p_3dd478bd944ece2906a0c8e4425f63be,6,831,32,29,2957,30214,61,33171,73.405535499398326,39916.967509025271,543.78688524590166,0.52459016393442626,0.089144131922462386
r_70a44802a07d8bcff4d44be497671010,Direct browsing,d_1be06ce1b670864df8c500dc82b295ae,1,0,a_e7d8c038c18055500148c5915382bd98,a_267e142e96d934bef8f877602163a933,p_ebb820257f640e073307e9a68a59ad4a,p_3dd478bd944ece2906a0c8e4425f63be,6,18207,14,13,1745,5678,27,7423,1.4829461196243203,407.70033503597517,274.92592592592592,0.51851851851851849,0.23508015627104945
r_e482eabac5473b8bd5d24e5fe31e2616,Direct browsing,d_1be06ce1b670864df8c500dc82b295ae,1,0,a_e7d8c038c18055500148c5915382bd98,a_8888e819d3794d45a798b8a0a9dd2393,p_5f54de75403f9ca7167f5707028de037,p_3dd478bd944ece2906a0c8e4425f63be,6,460,39,48,2761,51813,87,54574,189.13043478260869,118639.13043478261,627.28735632183907,0.44827586206896552,0.050591856928207571
r_b66230cb275d8de1b1de641accf17ab2,Direct browsing,d_1be06ce1b670864df8c500dc82b295ae,1,0,a_e7d8c038c18055500148c5915382bd98,a_01c27fc950d2f075d869a4d0acaa48ee,p_b486b7d2ab61e4f4d60796f319032cbf,p_3dd478bd944ece2906a0c8e4425f63be,6,884,34,38,2937,43403,72,46340,81.447963800904972,52420.814479638007,643.61111111111109,0.47222222222222221,0.063379369874838151
r_5b4f5dc15e8f0e243f0b34ee619fcfb0,Direct browsing,d_1be06ce1b670864df8c500dc82b295ae,1,0,a_e7d8c038c18055500148c5915382bd98,a_9c6aa07bc62a11dec03f482d53110b23,p_a240de34e821f8eac70b48ab00b5816c,p_3dd478bd944ece2906a0c8e4425f63be,6,50261,19,9,2573,4689,28,7262,0.55709197986510417,144.48578420644236,259.35714285714283,0.6785714285714286,0.35431010740842744
r_7094fc8771d581aad2c6b24fd2a7cb73,Direct browsing,d_1be06ce1b670864df8c500dc82b295ae,1,0,a_e7d8c038c18055500148c5915382bd98,a_01c27fc950d2f075d869a4d0acaa48ee,p_5b4c0354dda3a6cb7f727d4f7d3a2ff1,p_3dd478bd944ece2906a0c8e4425f63be,6,876,35,38,2993,41194,73,44187,83.333333333333329,50441.780821917811,605.30136986301375,0.47945205479452052,0.067734854142621134
r_86a42170252b224acf0a90b2fa1e0697,Direct browsing,d_1be06ce1b670864df8c500dc82b295ae,1,0,a_e7d8c038c18055500148c5915382bd98,a_811bb762244b2bd3594b46a66bb96b64,p_2e6960f1acf40cfa19e490a0338bedbe,p_3dd478bd944ece2906a0c8e4425f63be,6,1727,25,37,3010,31695,62,34705,35.900405327156918,20095.541401273884,559.75806451612902,0.40322580645161288,0.08673101858521827
r_9b946eae5fa8ca4be14eb5da3c3a552f,Direct browsing,d_1be06ce1b670864df8c500dc82b295ae,1,0,a_e7d8c038c18055500148c5915382bd98,a_c9dd2e66c0fccf0c61a54091bde2dfb2,p_e76d3f596035764afc9ea17e89722b2a,p_3dd478bd944ece2906a0c8e4425f63be,6,1826,21,26,2061,23142,47,25203,25.739320920043809,13802.300109529026,536.23404255319144,0.44680851063829785,0.081775979050113079
r_08718280e1a2dbe9aa8ee1c06ba1b8e8,Direct browsing,d_1be06ce1b670864df8c500dc82b295ae,1,0,a_e7d8c038c18055500148c5915382bd98,a_01c27fc950d2f075d869a4d0acaa48ee,p_abe12d5cca0501eff9d830b40ff1ba02,p_3dd478bd944ece2906a0c8e4425f63be,6,1264,44,40,5218,42814,84,48032,66.455696202531641,38000,571.80952380952385,0.52380952380952384,0.1086359093937375
r_8827176a66d6a7807c66218c14d8d5ea,Direct browsing,d_1be06ce1b670864df8c500dc82b295ae,1,0,a_e7d8c038c18055500148c5915382bd98,a_01c27fc950d2f075d869a4d0acaa48ee,p_5137579178863b7c0d3603eed6be8011,p_3dd478bd944ece2906a0c8e4425f63be,6,976,33,38,2908,41342,71,44250,72.745901639344268,45338.114754098358,623.23943661971828,0.46478873239436619,0.065717514124293788
r_a1c9456e536af617b602b079d0be1935,Direct browsing,d_1be06ce1b670864df8c500dc82b295ae,1,0,a_e7d8c038c18055500148c5915382bd98,a_01c27fc950d2f075d869a4d0acaa48ee,p_fac8e1531ecb7f73e7ed9c62e72b0b36,p_3dd478bd944ece2906a0c8e4425f63be,6,929,38,34,3189,38107,72,41296,77.502691065661992,44452.099031216356,573.55555555555554,0.52777777777777779,0.077222975590856252
r_22eded72f31761500374e74c35914dcf,Direct browsing,d_1be06ce1b670864df8c500dc82b295ae,1,0,a_e7d8c038c18055500148c5915382bd98,a_01c27fc950d2f075d869a4d0acaa48ee,p_7b82948b5822c4b31fbc781b256f620c,p_3dd478bd944ece2906a0c8e4425f63be,6,935,45,41,3499,45722,86,49221,91.97860962566844,52642.780748663099,572.33720930232562,0.52325581395348841,0.071087543934499509
r_2c3538cbc175090b6b1649dbc6b15be6,Direct browsing,d_1be06ce1b670864df8c500dc82b295ae,1,0,a_e7d8c038c18055500148c5915382bd98,a_40f41bf282802553adaf8e7ef1688f63,p_d3e5eaa4863bde580ba0695e1f500d41,p_3dd478bd944ece2906a0c8e4425f63be,6,159,55,68,3452,83238,123,86690,773.58490566037733,545220.12578616349,704.79674796747963,0.44715447154471544,0.039820048448494634
r_7d574cb6114735a92b822ba984c6de4a,Direct browsing,d_1be06ce1b670864df8c500dc82b295ae,1,0,a_e7d8c038c18055500148c5915382bd98,a_01c27fc950d2f075d869a4d0acaa48ee,p_75b872d778e3148d1e83f14427af411a,p_3dd478bd944ece2906a0c8e4425f63be,6,783,34,38,2935,43005,72,45940,91.954022988505741,58671.77522349936,638.05555555555554,0.47222222222222221,0.063887679582063567
r_f3489f76d70aabaf0906480ec6ca7ff5,Direct browsing,d_1be06ce1b670864df8c500dc82b295ae,1,0,a_e7d8c038c18055500148c5915382bd98,a_01c27fc950d2f075d869a4d0acaa48ee,p_03ae20470b06ec83f3929604f3a20d30,p_3dd478bd944ece2906a0c8e4425f63be,6,801,34,37,2943,42897,71,45840,88.639200998751562,57228.464419475655,645.63380281690138,0.47887323943661969,0.064201570680628275
r_c684d47dc62c21759035c46f493a3a9b,Direct browsing,d_1be06ce1b670864df8c500dc82b295ae,1,0,a_e7d8c038c18055500148c5915382bd98,a_cf31ba68046233719f1273a3a3789e72,p_572ddfbda5ebb287bc8a89a7b3fb8636,p_3dd478bd944ece2906a0c8e4425f63be,6,165,6,6,849,327,12,1176,72.72727272727272,7127.272727272727,98,0.5,0.72193877551020413
r_c07463a3e9a7454caef9f4398d8bc0d2,Direct browsing,d_1be06ce1b670864df8c500dc82b295ae,1,0,a_e7d8c038c18055500148c5915382bd98,a_01c27fc950d2f075d869a4d0acaa48ee,p_090cf87707b30cbac2c1d0d2d29cf16b,p_3dd478bd944ece2906a0c8e4425f63be,6,955,34,37,2950,43351,71,46301,74.345549738219901,48482.722513089007,652.12676056338023,0.47887323943661969,0.063713526705686696
r_c81b96d06f82dfac05307b2fb7c9e023,Direct browsing,d_1be06ce1b670864df8c500dc82b295ae,1,0,a_e7d8c038c18055500148c5915382bd98,a_22ef8b27feaffad6a345035dd007558a,p_f46027ce2a015eba34e9b33b845f180c,p_3dd478bd944ece2906a0c8e4425f63be,6,23367,11,10,1655,5070,21,6725,0.89870329952497108,287.79903282406809,320.23809523809524,0.52380952380952384,0.24609665427509295
r_e2b4afa6083b8662ca9358b8693819a7,Direct browsing,d_1be06ce1b670864df8c500dc82b295ae,1,0,a_e7d8c038c18055500148c5915382bd98,a_01c27fc950d2f075d869a4d0acaa48ee,p_fd33d5208c441253994b4cb0455d96a4,p_3dd478bd944ece2906a0c8e4425f63be,6,853,40,35,3256,38160,75,41416,87.924970691676435,48553.341148886284,552.21333333333337,0.53333333333333333,0.078616959629128833
r_5f5902e91731816d45d979ed2e5da2e4,Direct browsing,d_1be06ce1b670864df8c500dc82b295ae,1,0,a_e7d8c038c18055500148c5915382bd98,a_01c27fc950d2f075d869a4d0acaa48ee,p_d5f0400e4e764bf5c1e3c1c05becdc10,p_3dd478bd944ece2906a0c8e4425f63be,6,562,43,38,3397,43403,81,46800,144.12811387900354,83274.021352313153,577.77777777777783,0.53086419753086422,0.072585470085470088
r_990c9ccfd616bac3ce83c41689d8b1fa,Direct browsing,d_1be06ce1b670864df8c500dc82b295ae,1,0,a_e7d8c038c18055500148c5915382bd98,a_01c27fc950d2f075d869a4d0acaa48ee,p_5eb6879a51f3291bf908817f8fea4a32,p_3dd478bd944ece2906a0c8e4425f63be,6,752,33,37,2888,41176,70,44064,93.085106382978722,58595.744680851065,629.48571428571427,0.47142857142857142,0.065541031227305743
r_f37cb653da2945ef6158532a5e9b18c2,Direct browsing,d_1be06ce1b670864df8c500dc82b295ae,1,0,a_e7d8c038c18055500148c5915382bd98,a_01c27fc950d2f075d869a4d0acaa48ee,p_418ad4d62bb07bb7f7d6a4df0c704a57,p_3dd478bd944ece2906a0c8e4425f63be,6,827,33,31,2960,31209,64,34169,77.388149939540511,41316.807738814998,533.890625,0.515625,0.086628230267201262
r_067a19d4965d9bc7bfc761d08e284fcd,Direct browsing,d_1be06ce1b670864df8c500dc82b295ae,1,0,a_e7d8c038c18055500148c5915382bd98,a_01c27fc950d2f075d869a4d0acaa48ee,p_dff3265f794831c749d5ac0242a99fce,p_3dd478bd944ece2906a0c8e4425f63be,6,988,44,39,3451,41733,83,45184,84.008097165991899,45732.793522267209,544.38554216867465,0.53012048192771088,0.076376593484419261
r_93b15576e78998584be8a2c9e6cfe2a9,Direct browsing,d_1be06ce1b670864df8c500dc82b295ae,1,0,a_e7d8c038c18055500148c5915382bd98,a_cf31ba68046233719f1273a3a3789e72,p_ac32590f7e4e326341486dca1c3ebc50,p_3dd478bd944ece2906a0c8e4425f63be,6,20665,17,16,2287,7760,33,10047,1.5969029760464555,486.18436970723445,304.45454545454544,0.51515151515151514,0.22763013834975615
r_77ffc8751a9d277a1ebde8767d6ccdd9,Direct browsing,d_1be06ce1b670864df8c500dc82b295ae,1,0,a_e7d8c038c18055500148c5915382bd98,a_01c27fc950d2f075d869a4d0acaa48ee,p_0575b8adf3d26ef16bfa5624b622ea45,p_3dd478bd944ece2906a0c8e4425f63be,6,900,37,32,3139,35459,69,38598,76.666666666666671,42886.666666666664,559.39130434782612,0.53623188405797106,0.081325457277579144
r_313801cf6d0bdc62301812964fc5d44f,Direct browsing,d_1be06ce1b670864df8c500dc82b295ae,1,0,a_e7d8c038c18055500148c5915382bd98,a_01c27fc950d2f075d869a4d0acaa48ee,p_e56c04b2db06c1291375a2e79fef365e,p_3dd478bd944ece2906a0c8e4425f63be,6,877,34,38,2938,43090,72,46028,82.098061573546175,52483.466362599771,639.27777777777783,0.47222222222222221,0.063830711740679585
r_3da9a9d90b6cfab2dc366215f46b4e85,Direct browsing,d_1be06ce1b670864df8c500dc82b295ae,1,0,a_e7d8c038c18055500148c5915382bd98,a_590d5afbe14ac42339b02c8c871b670f,p_a01d37dfd1fd4f24d3522643b645af11,p_3dd478bd944ece2906a0c8e4425f63be,6,531,25,25,2199,21303,50,23502,94.161958568738228,44259.887005649718,470.04000000000002,0.5,0.093566504978299714
r_0d36a04fd70c574c5b659e6b2f5205ee,Direct browsing,d_1be06ce1b670864df8c500dc82b295ae,1,0,a_e7d8c038c18055500148c5915382bd98,a_01c27fc950d2f075d869a4d0acaa48ee,p_aae47cfd579347d9da79dfaeee8689b6,p_3dd478bd944ece2906a0c8e4425f63be,6,923,44,39,3448,43456,83,46904,89.924160346695558,50816.9014084507,565.10843373493981,0.53012048192771088,0.073511853999658872
r_5883544c62033147d9230c4e2ca4bc52,Direct browsing,d_1be06ce1b670864df8c500dc82b295ae,1,0,a_e7d8c038c18055500148c5915382bd98,a_01c27fc950d2f075d869a4d0acaa48ee,p_a330bcde8de714b7cf2ecd204eb87c7f,p_3dd478bd944ece2906a0c8e4425f63be,6,887,36,42,3051,45800,78,48851,87.936865839909814,55074.408117249157,626.29487179487182,0.46153846153846156,0.062455220978076188
r_07cabd90fe941eb30f81787dee44cf76,Direct browsing,d_1be06ce1b670864df8c500dc82b295ae,1,0,a_e7d8c038c18055500148c5915382bd98,a_7051accb5ca0d7e219640c186047d92b,p_b4684f45e95f5b6e1ba04913f23398d9,p_3dd478bd944ece2906a0c8e4425f63be,6,315,53,56,3409,65182,109,68591,346.03174603174602,217749.20634920636,629.27522935779814,0.48623853211009177,0.049700398011400915
r_0b77124e3e2c75bff4a8d9c2f2da89cb,Direct browsing,d_1be06ce1b670864df8c500dc82b295ae,1,0,a_e7d8c038c18055500148c5915382bd98,a_01c27fc950d2f075d869a4d0acaa48ee,p_2b70f3cba1609301bb1a54a4c4f94d0b,p_3dd478bd944ece2906a0c8e4425f63be,6,979,35,39,2982,43005,74,45987,75.587334014300311,46973.442288049031,621.44594594594594,0.47297297297297297,0.064844412551373215
r_f3bbd5f67fed277cc3d91978be17a963,Direct browsing,d_1be06ce1b670864df8c500dc82b295ae,1,0,a_e7d8c038c18055500148c5915382bd98,a_01c27fc950d2f075d869a4d0acaa48ee,p_8308ea88650a4219f5af9bfc524b23fd,p_3dd478bd944ece2906a0c8e4425f63be,6,835,32,34,2867,36422,66,39289,79.041916167664681,47052.694610778446,595.28787878787875,0.48484848484848486,0.072972078698872456
r_3ee19efbed5fc1ff68f542d14628fb34,Direct browsing,d_1be06ce1b670864df8c500dc82b295ae,1,0,a_e7d8c038c18055500148c5915382bd98,a_01c27fc950d2f075d869a4d0acaa48ee,p_94748a62a91c14177c6b528cfc6801c0,p_3dd478bd944ece2906a0c8e4425f63be,6,997,44,39,3446,43055,83,46501,83.249749247743225,46640.922768304918,560.25301204819277,0.53012048192771088,0.074105933205737509
r_b65b85c76e972afaf7ff64c01e672c8f,Direct browsing,d_1be06ce1b670864df8c500dc82b295ae,1,0,a_e7d8c038c18055500148c5915382bd98,a_d7b8c92508d2ed5587abcccd6cf169d7,p_b9e73d6763bc2b024cc1e3bc2b1206fb,p_3dd478bd944ece2906a0c8e4425f63be,6,1796,58,72,3567,85934,130,89501,72.383073496659236,49833.518930957682,688.46923076923076,0.44615384615384618,0.039854303303873698
r_e27ca035e280fb22f81d18b6d662ab89,Direct browsing,d_1be06ce1b670864df8c500dc82b295ae,1,0,a_e7d8c038c18055500148c5915382bd98,a_cf31ba68046233719f1273a3a3789e72,p_d0b1b9b559ac2e6be1836aecc503c2d9,p_3dd478bd944ece2906a0c8e4425f63be,6,236,6,6,849,327,12,1176,50.847457627118644,4983.0508474576272,98,0.5,0.72193877551020413
r_4c4c1066f9584ecaa8bdfd54285a52cd,Direct browsing,d_1be06ce1b670864df8c500dc82b295ae,1,0,a_e7d8c038c18055500148c5915382bd98,a_cf31ba68046233719f1273a3a3789e72,p_090bac83a91f7a820f75d1838585ffa0,p_3dd478bd944ece2906a0c8e4425f63be,6,172,5,5,785,275,10,1060,58.139534883720934,6162.7906976744189,106,0.5,0.74056603773584906
r_419844994919ab3e681adf58ec42c4bc,Direct browsing,d_1be06ce1b670864df8c500dc82b295ae,1,0,a_e7d8c038c18055500148c5915382bd98,a_cf31ba68046233719f1273a3a3789e72,p_5faadd86a238bf7b066d877f10288878,p_3dd478bd944ece2906a0c8e4425f63be,6,191,5,5,785,275,10,1060,52.356020942408378,5549.7382198952882,106,0.5,0.74056603773584906
r_40362724d4f740affe1dc87f9d19af6f,Direct browsing,d_1be06ce1b670864df8c500dc82b295ae,1,0,a_e7d8c038c18055500148c5915382bd98,a_01c27fc950d2f075d869a4d0acaa48ee,p_1d1d835a9c28461401c785aa3b3b2ac3,p_3dd478bd944ece2906a0c8e4425f63be,6,906,41,36,3307,39050,77,42357,84.988962472406172,46751.655629139073,550.09090909090912,0.53246753246753242,0.078074462308473216
r_94cea6ccfc77a2e9f4a02d42e47edc03,Direct browsing,d_1be06ce1b670864df8c500dc82b295ae,1,0,a_e7d8c038c18055500148c5915382bd98,a_01c27fc950d2f075d869a4d0acaa48ee,p_938c3b9daeac1adebe8200c358d9a17c,p_3dd478bd944ece2906a0c8e4425f63be,6,614,33,37,2908,42435,70,45343,114.00651465798046,73848.534201954404,647.75714285714287,0.47142857142857142,0.064133383322673848
r_9b10f225f621e15d63cbf28a84bd9123,Direct browsing,d_1be06ce1b670864df8c500dc82b295ae,1,0,a_e7d8c038c18055500148c5915382bd98,a_c768cf03bcc8571b20df780f5600a7dd,p_9a01bc4c94d6531d68e32c753a894305,p_3dd478bd944ece2906a0c8e4425f63be,6,734,13,11,1691,6276,24,7967,32.697547683923709,10854.223433242507,331.95833333333331,0.54166666666666663,0.21225053345048325
r_54aeec2db1d6bd50ba4c6a385edc628a,Direct browsing,d_1be06ce1b670864df8c500dc82b295ae,1,0,a_e7d8c038c18055500148c5915382bd98,a_bf0ab415dcc862e22b99e9e397fc5719,p_7e853ce93e2529343bf5f9ee1d8b505f,p_3dd478bd944ece2906a0c8e4425f63be,6,1103,23,20,1910,12460,43,14370,38.984587488667273,13028.105167724389,334.18604651162792,0.53488372093023251,0.13291579679888657
r_e2b2ffdfe67023ae8ffbde807b1c02da,Direct browsing,d_1be06ce1b670864df8c500dc82b295ae,1,0,a_e7d8c038c18055500148c5915382bd98,a_01c27fc950d2f075d869a4d0acaa48ee,p_01df690e926d28f690083e1fb70df780,p_3dd478bd944ece2906a0c8e4425f63be,6,666,24,31,2226,32549,55,34775,82.582582582582575,52214.714714714712,632.27272727272725,0.43636363636363634,0.06401150251617542
r_9db488e17df1fe01c0a59913e2e46989,Direct browsing,d_1be06ce1b670864df8c500dc82b295ae,1,0,a_e7d8c038c18055500148c5915382bd98,a_cf31ba68046233719f1273a3a3789e72,p_b514241b7566a9bc9b59f7c24892d186,p_3dd478bd944ece2906a0c8e4425f63be,6,214,5,6,785,327,11,1112,51.401869158878505,5196.2616822429909,101.09090909090909,0.45454545454545453,0.7059352517985612
r_e248dd94615151b2ca556a7f62c9398c,Direct browsing,d_1be06ce1b670864df8c500dc82b295ae,1,0,a_e7d8c038c18055500148c5915382bd98,a_01c27fc950d2f075d869a4d0acaa48ee,p_5eaf720f9f51988d6caeb61fcdad7db9,p_3dd478bd944ece2906a0c8e4425f63be,6,955,43,38,3423,42386,81,45809,84.81675392670158,47967.539267015709,565.54320987654319,0.53086419753086422,0.074723307646968939
r_a3228e0ccb5aa108f7bf086524f38662,Direct browsing,d_1be06ce1b670864df8c500dc82b295ae,1,0,a_e7d8c038c18055500148c5915382bd98,a_01c27fc950d2f075d869a4d0acaa48ee,p_b8d9b9ed64ce6606364744ef6e01fec9,p_3dd478bd944ece2906a0c8e4425f63be,6,871,43,38,3416,42951,81,46367,92.99655568312285,53234.213547646381,572.4320987654321,0.53086419753086422,0.073673086462354695
r_ad605ecd125e078a4ce45f0c17186dd9,Direct browsing,d_1be06ce1b670864df8c500dc82b295ae,1,0,a_e7d8c038c18055500148c5915382bd98,a_c9dd2e66c0fccf0c61a54091bde2dfb2,p_406d95c93cca0933ab03e533986f81f3,p_3dd478bd944ece2906a0c8e4425f63be,6,2420,25,30,2777,27668,55,30445,22.727272727272727,12580.578512396694,553.5454545454545,0.45454545454545453,0.091213663984233861
r_349e1d0e6d4a51fb36c097f1e392a983,Direct browsing,d_1be06ce1b670864df8c500dc82b295ae,1,0,a_e7d8c038c18055500148c5915382bd98,a_15a082f506e5bfe94c47657b615e9fb3,p_ca1b20a483c263d5fd91de7fc265f32f,p_3dd478bd944ece2906a0c8e4425f63be,6,1028,13,13,1704,7688,26,9392,25.291828793774318,9136.1867704280157,361.23076923076923,0.5,0.18143100511073254
r_c2b6099a2bfac83c0f6d8433f2c5046d,Direct browsing,d_1be06ce1b670864df8c500dc82b295ae,1,0,a_e7d8c038c18055500148c5915382bd98,a_713ec828713473a4ea9517b204cae120,p_3a91d30187a35a2f45b173bde416abe2,p_3dd478bd944ece2906a0c8e4425f63be,6,173,2,1,100,60,3,160,17.341040462427745,924.85549132947983,53.333333333333336,0.66666666666666663,0.625
r_2969953c293ae3ea7e5d4e52d6ed5af3,Direct browsing,d_1be06ce1b670864df8c500dc82b295ae,1,0,a_e7d8c038c18055500148c5915382bd98,a_01c27fc950d2f075d869a4d0acaa48ee,p_1ac8bbae86340c3663716327ff708141,p_3dd478bd944ece2906a0c8e4425f63be,6,855,40,35,3271,36503,75,39774,87.719298245614041,46519.298245614038,530.32000000000005,0.53333333333333333,0.08223965404535627
r_342b9ad4b4647b623a5e7440b0d85ca0,Direct browsing,d_1be06ce1b670864df8c500dc82b295ae,1,0,a_e7d8c038c18055500148c5915382bd98,a_5909123435fd969820788e424e5162ac,p_5134776c443ad4fca80a006cdf711c0a,p_3dd478bd944ece2906a0c8e4425f63be,6,804,5,5,785,275,10,1060,12.437810945273631,1318.4079601990049,106,0.5,0.74056603773584906
r_e80afc8104fd7457dcfa9955a7d7d904,Direct browsing,d_1be06ce1b670864df8c500dc82b295ae,1,0,a_e7d8c038c18055500148c5915382bd98,a_01c27fc950d2f075d869a4d0acaa48ee,p_dd84e0321392afd03d6cb1d0381c310d,p_3dd478bd944ece2906a0c8e4425f63be,6,847,35,38,2999,43037,73,46036,86.186540731995279,54351.829988193625,630.63013698630141,0.47945205479452052,0.065144669389173696
r_5c33db4fb544f44ed85fd6c783d634ee,Direct browsing,d_1be06ce1b670864df8c500dc82b295ae,1,0,a_e7d8c038c18055500148c5915382bd98,a_01c27fc950d2f075d869a4d0acaa48ee,p_796679276265b5464b62487f2b6e48ac,p_3dd478bd944ece2906a0c8e4425f63be,6,969,33,37,2903,43058,70,45961,72.239422084623328,47431.372549019608,656.58571428571429,0.47142857142857142,0.063162246252257345
r_363c193ed6d2c82fca6aa04f0281d9ce,Direct browsing,d_1be06ce1b670864df8c500dc82b295ae,1,0,a_e7d8c038c18055500148c5915382bd98,a_85b109edf675c025cdab4434a8fed9e4,p_8d07a8274b10a0aadb0c9af50e577c08,p_3dd478bd944ece2906a0c8e4425f63be,6,2583,61,72,3715,87639,133,91354,51.490514905149048,35367.402245451027,686.87218045112786,0.45864661654135336,0.040665980690500689
r_7468eaf92616b559278c181ad74c4663,Direct browsing,d_1be06ce1b670864df8c500dc82b295ae,1,0,a_e7d8c038c18055500148c5915382bd98,a_cf31ba68046233719f1273a3a3789e72,p_3fb3ce97b8fdf1bd621382b1a716b3bd,p_3dd478bd944ece2906a0c8e4425f63be,6,17221,13,13,2192,7348,26,9540,1.5097845653562512,553.97479821148602,366.92307692307691,0.5,0.22976939203354299
r_9e315a57b495a7e5d3aefe8043c3d77b,Direct browsing,d_1be06ce1b670864df8c500dc82b295ae,1,0,a_e7d8c038c18055500148c5915382bd98,a_5b6714b5a5453fc3a5bf74c787819ef9,p_112505e93891195f52a34f15361491fa,p_3dd478bd944ece2906a0c8e4425f63be,6,16498,13,13,1691,7260,26,8951,1.5759485998302825,542.55061219541756,344.26923076923077,0.5,0.18891743939224667
r_d60226ddabe7e341f6884921c7d3af30,Direct browsing,d_1be06ce1b670864df8c500dc82b295ae,1,0,a_e7d8c038c18055500148c5915382bd98,a_01c27fc950d2f075d869a4d0acaa48ee,p_b1fcc226653ae82e4546966b8bff2653,p_3dd478bd944ece2906a0c8e4425f63be,6,878,34,38,2953,43403,72,46356,82.004555808656036,52797.266514806375,643.83333333333337,0.47222222222222221,0.063702649063767366
r_8787c797e11e79d3cfd5b52a985070a3,Direct browsing,d_1be06ce1b670864df8c500dc82b295ae,1,0,a_e7d8c038c18055500148c5915382bd98,a_02e8bb66cd1ed9cfc0caffab9fc5d446,p_baa026130e81ab7da88c4858d5aaba70,p_3dd478bd944ece2906a0c8e4425f63be,6,30809,15,13,1793,7263,28,9056,0.90882534324385733,293.94008244344184,323.42857142857144,0.5357142857142857,0.19799028268551236
r_a8f9bb93384b8404640214a2f4f73b74,Direct browsing,d_1be06ce1b670864df8c500dc82b295ae,1,0,a_e7d8c038c18055500148c5915382bd98,a_cf31ba68046233719f1273a3a3789e72,p_70ace21ca96c7c12a4df485e3d30b54f,p_3dd478bd944ece2906a0c8e4425f63be,6,169,5,5,785,275,10,1060,59.171597633136088,6272.1893491124256,106,0.5,0.74056603773584906
r_8cee079f1eecf30b64e4fce97e425732,Direct browsing,d_1be06ce1b670864df8c500dc82b295ae,1,0,a_e7d8c038c18055500148c5915382bd98,a_cf31ba68046233719f1273a3a3789e72,p_016e2f461f0d95055d8ea90ac6c974de,p_3dd478bd944ece2906a0c8e4425f63be,6,103,6,6,849,327,12,1176,116.50485436893204,11417.475728155341,98,0.5,0.72193877551020413
r_444e4f7e3b6fe1ba2ed2e7f730b77096,Direct browsing,d_1be06ce1b670864df8c500dc82b295ae,1,0,a_e7d8c038c18055500148c5915382bd98,a_07fca202197cf0f74052c7c5a5334fe7,p_aeb51ef64507c59496b50e0accb7ff3d,p_3dd478bd944ece2906a0c8e4425f63be,6,26976,16,16,1852,9477,32,11329,1.1862396204033214,419.96589561091344,354.03125,0.5,0.16347426957366051
r_d548ba7d2373e78f183aea142e61f8dc,Direct browsing,d_1be06ce1b670864df8c500dc82b295ae,1,0,a_e7d8c038c18055500148c5915382bd98,a_cf31ba68046233719f1273a3a3789e72,p_044e0dd9164a170d06bc0cafa6a011ea,p_3dd478bd944ece2906a0c8e4425f63be,6,236,5,5,785,275,10,1060,42.372881355932208,4491.5254237288136,106,0.5,0.74056603773584906
r_4daf104f2e142bbf65d58472d5e84259,Direct browsing,d_1be06ce1b670864df8c500dc82b295ae,1,0,a_e7d8c038c18055500148c5915382bd98,a_01c27fc950d2f075d869a4d0acaa48ee,p_95e450e524da571af7cb195a7a864cea,p_3dd478bd944ece2906a0c8e4425f63be,6,817,42,38,3361,42850,80,46211,97.919216646266833,56561.811505507962,577.63750000000005,0.52500000000000002,0.072731600701131771
r_967f7ab00b27b7c493c6359cd0c39d55,Direct browsing,d_1be06ce1b670864df8c500dc82b295ae,1,0,a_e7d8c038c18055500148c5915382bd98,a_01c27fc950d2f075d869a4d0acaa48ee,p_a11461d07a2f01cb2420feb4f289287f,p_3dd478bd944ece2906a0c8e4425f63be,6,838,34,39,2961,43455,73,46416,87.112171837708829,55389.021479713607,635.83561643835617,0.46575342465753422,0.063792657704239919
r_05ba9d85aebd344f87a355406bbbfae4,Direct browsing,d_1be06ce1b670864df8c500dc82b295ae,1,0,a_e7d8c038c18055500148c5915382bd98,a_7bcd6b3f9f968fb5d82495624b1ed1e8,p_34c0116ace175cf8152a154743b54088,p_3dd478bd944ece2906a0c8e4425f63be,6,20343,28,27,2448,17720,55,20168,2.7036326992085731,991.39753232069995,366.69090909090909,0.50909090909090904,0.12138040460134868
r_aadb4a3ab0535d1dc1d34e88d9b71c64,Direct browsing,d_1be06ce1b670864df8c500dc82b295ae,1,0,a_e7d8c038c18055500148c5915382bd98,a_347fa7ac0eaad2961b7836f0edc53dfb,p_7dd42e544a617d5731bec0752bef740c,p_3dd478bd944ece2906a0c8e4425f63be,6,3809,9,8,1450,3979,17,5429,4.4631136781307426,1425.3084799159883,319.35294117647061,0.52941176470588236,0.26708417756492908
r_ab6616af10189510ce207eac7bb44aab,Direct browsing,d_1be06ce1b670864df8c500dc82b295ae,1,0,a_e7d8c038c18055500148c5915382bd98,a_fbc7bbb868742c0290638217b8ca4223,p_9cd276a294dce91437b425817f2d6fdb,p_3dd478bd944ece2906a0c8e4425f63be,6,19608,12,13,1631,7216,25,8847,1.2749898000815993,451.19339045287637,353.88,0.47999999999999998,0.18435627896462078
r_e7155e2a04984b988fa9c0e6732607a6,Direct browsing,d_1be06ce1b670864df8c500dc82b295ae,1,0,a_e7d8c038c18055500148c5915382bd98,a_cf31ba68046233719f1273a3a3789e72,p_061e4c7fe7147c5d3588b123c07d6642,p_3dd478bd944ece2906a0c8e4425f63be,6,29900,13,14,1710,7130,27,8840,0.90301003344481612,295.6521739130435,327.40740740740739,0.48148148148148145,0.19343891402714933
r_35babbe5ffbd87bc7ebaf97b2ee36ee4,Direct browsing,d_1be06ce1b670864df8c500dc82b295ae,1,0,a_e7d8c038c18055500148c5915382bd98,a_07fca202197cf0f74052c7c5a5334fe7,p_59b575bcbf482c24a0ecc48b4d0eb68f,p_3dd478bd944ece2906a0c8e4425f63be,6,27565,15,15,1788,8285,30,10073,1.0883366588064574,365.42717213858151,335.76666666666665,0.5,0.17750421919984116
r_608e02862cc2af1ba005c04737226e86,Direct browsing,d_1be06ce1b670864df8c500dc82b295ae,1,0,a_e7d8c038c18055500148c5915382bd98,a_01c27fc950d2f075d869a4d0acaa48ee,p_cf697d53a6c91c32466294002804b8ca,p_3dd478bd944ece2906a0c8e4425f63be,6,1317,46,45,5209,48019,91,53228,69.096431283219445,40416.097190584667,584.92307692307691,0.50549450549450547,0.097862027504321034
r_756b43976c1f9f9da15e47e74a9332c3,Direct browsing,d_1be06ce1b670864df8c500dc82b295ae,1,0,a_e7d8c038c18055500148c5915382bd98,a_af3958956327b132930f2b828dcca28f,p_562bdd17a1eeb26e58d2563458603044,p_3dd478bd944ece2906a0c8e4425f63be,6,31239,12,13,1603,6292,25,7895,0.80028169915810365,252.72896059412912,315.80000000000001,0.47999999999999998,0.20303989867004432
r_64617d3fa06b9b0c6d204da68518ad3b,Direct browsing,d_1be06ce1b670864df8c500dc82b295ae,1,0,a_e7d8c038c18055500148c5915382bd98,a_cf31ba68046233719f1273a3a3789e72,p_95345e238af98fe6952e28826a4d5c4a,p_3dd478bd944ece2906a0c8e4425f63be,6,169,5,5,785,275,10,1060,59.171597633136088,6272.1893491124256,106,0.5,0.74056603773584906
r_3a4cfbff0b39d8a616287c8060c19c37,Direct browsing,d_1be06ce1b670864df8c500dc82b295ae,1,0,a_e7d8c038c18055500148c5915382bd98,a_3edb2d5d06e63c8641d5d077116d8635,p_f3f0f7e13e4092a1fc8644aa66b5e26e,p_3dd478bd944ece2906a0c8e4425f63be,6,11226,8,0,480,0,8,480,0.71263139141279164,42.757883484767504,60,1,1
r_6443352e6ee69d5c6992f14e8e12f301,Direct browsing,d_1be06ce1b670864df8c500dc82b295ae,1,0,a_e7d8c038c18055500148c5915382bd98,a_cf31ba68046233719f1273a3a3789e72,p_5089c3970a0c7699d002965c427f4e9e,p_3dd478bd944ece2906a0c8e4425f63be,6,130,6,6,849,327,12,1176,92.307692307692307,9046.1538461538457,98,0.5,0.72193877551020413
r_504f43f7299dff4d7ab2ea801fca1030,Direct browsing,d_1be06ce1b670864df8c500dc82b295ae,1,0,a_e7d8c038c18055500148c5915382bd98,a_01c27fc950d2f075d869a4d0acaa48ee,p_32c3d77b1bc7012563156b0ec9e28bd0,p_3dd478bd944ece2906a0c8e4425f63be,6,741,33,37,2892,41639,70,44531,94.466936572199728,60095.81646423752,636.15714285714284,0.47142857142857142,0.06494352248995082
r_c977393b7f9e80a449bbd97d3bbae8a8,Direct browsing,d_1be06ce1b670864df8c500dc82b295ae,1,0,a_e7d8c038c18055500148c5915382bd98,a_e49717e92f181310252df3908be53972,p_cda3c88503f28b5f06df27b6c21fd657,p_3dd478bd944ece2906a0c8e4425f63be,6,795,15,13,1789,7020,28,8809,35.220125786163521,11080.503144654087,314.60714285714283,0.5357142857142857,0.20308775116358269
r_a50f86e3b4fcfe10d3de5f5ee912dbbb,Direct browsing,d_1be06ce1b670864df8c500dc82b295ae,1,0,a_e7d8c038c18055500148c5915382bd98,a_cf31ba68046233719f1273a3a3789e72,p_9c456c12a1bbcd983c85637b7ac81696,p_3dd478bd944ece2906a0c8e4425f63be,6,191,5,5,785,275,10,1060,52.356020942408378,5549.7382198952882,106,0.5,0.74056603773584906
r_6c3f7bd02bff6e3ba9864573f5d0dcbf,Direct browsing,d_1be06ce1b670864df8c500dc82b295ae,1,0,a_e7d8c038c18055500148c5915382bd98,a_01c27fc950d2f075d869a4d0acaa48ee,p_198aaeb367cd2e3606f35331779be69a,p_3dd478bd944ece2906a0c8e4425f63be,6,1060,34,39,3801,43467,73,47268,68.867924528301884,44592.452830188675,647.50684931506851,0.46575342465753422,0.080413810611830408
r_90a43525b7d6c67269078f707331154a,Direct browsing,d_1be06ce1b670864df8c500dc82b295ae,1,0,a_e7d8c038c18055500148c5915382bd98,a_ecdbdc9574dfec32ca55bb3bda716ed5,p_75f182dfa8dc3a3b7c32d23956204350,p_3dd478bd944ece2906a0c8e4425f63be,6,1373,16,14,1846,7128,30,8974,21.849963583394029,6536.0524399125998,299.13333333333333,0.53333333333333333,0.20570537107198575
r_cb0b1151a0292e7ea90fe1921b62df4b,Direct browsing,d_1be06ce1b670864df8c500dc82b295ae,1,0,a_e7d8c038c18055500148c5915382bd98,a_f9eae9f2ecbba96e074f6e63603c28a9,p_a58b9d5c90088d1f51013742a2edf343,p_3dd478bd944ece2906a0c8e4425f63be,6,341,5,5,785,275,10,1060,29.325513196480937,3108.5043988269795,106,0.5,0.74056603773584906
r_177b91542f7195c6ae1664beffa78236,Direct browsing,d_1be06ce1b670864df8c500dc82b295ae,1,0,a_e7d8c038c18055500148c5915382bd98,a_756423d95ef9b1afb199ac82c4a18a50,p_ad77142d0d82508d57cc39b3cb1ae1d1,p_3dd478bd944ece2906a0c8e4425f63be,6,1240,10,9,1425,3950,19,5375,15.32258064516129,4334.677419354839,282.89473684210526,0.52631578947368418,0.26511627906976742
r_4fe7ce9320ae80320c9be135eb9c781f,Direct browsing,d_1be06ce1b670864df8c500dc82b295ae,1,0,a_e7d8c038c18055500148c5915382bd98,a_4fa66830682c454d1cb1fcdeff2f74ef,p_40181dd8ed2d3c03853670b09c156414,p_d7195ebfc9c48d4a0beab7870d0eba9c,6,850,5,5,613,508,10,1121,11.764705882352942,1318.8235294117646,112.09999999999999,0.5,0.54683318465655661
r_89581812f21d701c91727f958723eced,Direct browsing,d_1be06ce1b670864df8c500dc82b295ae,1,0,a_e7d8c038c18055500148c5915382bd98,a_cf31ba68046233719f1273a3a3789e72,p_4d349ab71106d49ea2045d88796d4424,p_3dd478bd944ece2906a0c8e4425f63be,6,212,5,6,785,327,11,1112,51.886792452830193,5245.2830188679245,101.09090909090909,0.45454545454545453,0.7059352517985612
r_2dabbb5e4323c7c61a6055e016680acb,Direct browsing,d_1be06ce1b670864df8c500dc82b295ae,1,0,a_e7d8c038c18055500148c5915382bd98,a_e6e5851c92b999fc463b13408d93e953,p_6cde58baca83c4cefc726db9231a1c99,p_3dd478bd944ece2906a0c8e4425f63be,6,1383,22,30,2090,28779,52,30869,37.599421547360812,22320.318148951555,593.63461538461536,0.42307692307692307,0.067705465029641393
r_e5bbb233ddb0081d8f98f1f45dd95304,Direct browsing,d_1be06ce1b670864df8c500dc82b295ae,1,0,a_e7d8c038c18055500148c5915382bd98,a_01c27fc950d2f075d869a4d0acaa48ee,p_f84613fb7328ae9d13dfa92491195c78,p_3dd478bd944ece2906a0c8e4425f63be,6,1137,31,32,2827,35027,63,37854,55.4089709762533,33292.875989445907,600.85714285714289,0.49206349206349204,0.074681671685951287
r_082867c6c7af00e69e58c5aa12bc4921,Direct browsing,d_1be06ce1b670864df8c500dc82b295ae,1,0,a_e7d8c038c18055500148c5915382bd98,a_5607307b9b9a0681912487688d94bd13,p_6dfa581c3cec9e0a7826c7a26147ea5d,p_3dd478bd944ece2906a0c8e4425f63be,6,31776,22,24,2152,10930,46,13082,1.4476334340382679,411.69436052366564,284.39130434782606,0.47826086956521741,0.16450084085002292
r_11987d20d36b6d0ec9dc822bbb3e2dce,Direct browsing,d_1be06ce1b670864df8c500dc82b295ae,1,0,a_e7d8c038c18055500148c5915382bd98,a_3ef46a6629f4b144cb17f2129509f75d,p_6b83da0425d6295ea114b6c9fcc38792,p_3dd478bd944ece2906a0c8e4425f63be,6,13757,47,49,2983,25122,96,28105,6.9782656102347893,2042.9599476630081,292.76041666666669,0.48958333333333331,0.10613769791851983
r_e7bf08d8212f871b8fb7269385eeb1ba,Direct browsing,d_1be06ce1b670864df8c500dc82b295ae,1,0,a_e7d8c038c18055500148c5915382bd98,a_be682b1a75d2e165f75201c7970d75c6,p_f0c4f58669f057f2ca1f2240f4390793,p_3dd478bd944ece2906a0c8e4425f63be,6,11200,8,0,480,0,8,480,0.7142857142857143,42.857142857142861,60,1,1
r_3275faa39f23075efd6de6da801c1b6f,Direct browsing,d_1be06ce1b670864df8c500dc82b295ae,1,0,a_e7d8c038c18055500148c5915382bd98,a_27377700edc2f926ee5fe06157f5a647,p_b4da46970052abfb058f9dd09f477f24,p_d7195ebfc9c48d4a0beab7870d0eba9c,6,508,8,6,705,4094,14,4799,27.559055118110237,9446.8503937007881,342.78571428571428,0.5714285714285714,0.14690560533444469
r_08d7283bfbec332bcf786ca236b8a976,Direct browsing,d_1be06ce1b670864df8c500dc82b295ae,1,0,a_e7d8c038c18055500148c5915382bd98,a_5b6714b5a5453fc3a5bf74c787819ef9,p_48556fa49e35773e0a9fea6730a85e61,p_3dd478bd944ece2906a0c8e4425f63be,6,26658,13,13,1679,7218,26,8897,0.97531697801785577,333.74596743941777,342.19230769230768,0.5,0.18871529729122177
r_5eba69f4bf9513d65477b539cf5d45d1,Direct browsing,d_1be06ce1b670864df8c500dc82b295ae,1,0,a_e7d8c038c18055500148c5915382bd98,a_bab25c91889f4c8bcb46877d67de2eca,p_d79b749a10e3e9b31ffe486db52ae67e,p_d7195ebfc9c48d4a0beab7870d0eba9c,6,5807,6,5,687,646,11,1333,1.8942655415877387,229.55054244876871,121.18181818181819,0.54545454545454541,0.51537884471117779
r_9e2ea8c78e1f34052c2ac17011ce8e4a,Direct browsing,d_1be06ce1b670864df8c500dc82b295ae,1,0,a_e7d8c038c18055500148c5915382bd98,a_cf31ba68046233719f1273a3a3789e72,p_8a1609e616333a947dde6e5a545495c2,p_3dd478bd944ece2906a0c8e4425f63be,6,23687,16,15,2235,7709,31,9944,1.3087347490184489,419.80833368514374,320.77419354838707,0.5161290322580645,0.22475864843121479
r_ba00038263893fef5bbc9fdc57939ba0,Direct browsing,d_1be06ce1b670864df8c500dc82b295ae,1,0,a_e7d8c038c18055500148c5915382bd98,a_cf31ba68046233719f1273a3a3789e72,p_ca01c8d32cce8ead6b1cf4c33962e212,p_3dd478bd944ece2906a0c8e4425f63be,6,231,13,12,1692,7160,25,8852,108.22510822510822,38320.346320346318,354.07999999999998,0.52000000000000002,0.1911432444645278
r_1c4f3eb27cb6bb5725bc4107054319f2,Direct browsing,d_1be06ce1b670864df8c500dc82b295ae,1,0,a_e7d8c038c18055500148c5915382bd98,a_cf31ba68046233719f1273a3a3789e72,p_6fee2b037123222fd97ecdbd079e2a35,p_3dd478bd944ece2906a0c8e4425f63be,6,125,5,5,785,275,10,1060,80,8480,106,0.5,0.74056603773584906
r_0d9587ada17584e4860eed73b0b18395,Direct browsing,d_1be06ce1b670864df8c500dc82b295ae,1,0,a_e7d8c038c18055500148c5915382bd98,a_cf31ba68046233719f1273a3a3789e72,p_b538b6a3ee93b1e58cb9c1706bd29e62,p_3dd478bd944ece2906a0c8e4425f63be,6,23869,12,13,1618,7308,25,8926,1.0473836356780761,373.95785328250031,357.04000000000002,0.47999999999999998,0.18126820524311002
r_51ed6e171a4f488e5d33fbb1d66b886a,Direct browsing,d_1be06ce1b670864df8c500dc82b295ae,1,0,a_e7d8c038c18055500148c5915382bd98,a_c6a8fbd9eb6a188d78db3618ecd8a2c5,p_84a63457abed903c5f8ab2e09ae06f27,p_3dd478bd944ece2906a0c8e4425f63be,6,1128,21,20,2022,16414,41,18436,36.347517730496456,16343.971631205675,449.65853658536588,0.51219512195121952,0.10967671946192233
r_a1d68343d5f9991340ac37f66a453f84,Direct browsing,d_1be06ce1b670864df8c500dc82b295ae,1,0,a_e7d8c038c18055500148c5915382bd98,a_5ad8b343d860b3befc8e57e682692fcb,p_e7813b07e3a88bc3e721092191042149,p_3dd478bd944ece2906a0c8e4425f63be,6,981,15,14,1778,8134,29,9912,29.561671763506627,10103.975535168196,341.79310344827587,0.51724137931034486,0.17937853107344634
r_90fd18b004c05a322793ffe0dca58c58,Direct browsing,d_1be06ce1b670864df8c500dc82b295ae,1,0,a_e7d8c038c18055500148c5915382bd98,a_32b729defcd5e81bdb87edc8f6cc7511,p_e6b23e98d63c8468461617c08dc70844,p_3dd478bd944ece2906a0c8e4425f63be,6,2282,28,39,2924,40936,67,43860,29.360210341805434,19219.982471516214,654.62686567164178,0.41791044776119401,0.066666666666666666
r_0a5b5c497678923135895f507bdcf0b0,Direct browsing,d_1be06ce1b670864df8c500dc82b295ae,1,0,a_e7d8c038c18055500148c5915382bd98,a_cf31ba68046233719f1273a3a3789e72,p_d4dc7353a4f606e0794eca6dfbc53953,p_3dd478bd944ece2906a0c8e4425f63be,6,412,7,6,901,327,13,1228,31.55339805825243,2980.5825242718447,94.461538461538467,0.53846153846153844,0.73371335504885993
r_a1a1ab29b534b94c8b9be7adfdbfd27c,Direct browsing,d_1be06ce1b670864df8c500dc82b295ae,1,0,a_e7d8c038c18055500148c5915382bd98,a_370e80b06c7db578fe7397862b1e8235,p_7259d9487de3e4ef9014255a8de0831c,p_d7195ebfc9c48d4a0beab7870d0eba9c,6,711,7,4,714,2972,11,3686,15.471167369901547,5184.2475386779188,335.09090909090907,0.63636363636363635,0.19370591427021161
r_3c14a2d4e7131725fef5f562915c67f0,Direct browsing,d_1be06ce1b670864df8c500dc82b295ae,1,0,a_e7d8c038c18055500148c5915382bd98,a_5bcd4f2e91fc8879ae4d9d42f5ebc793,p_25c92041e6b07593aa516be3429ed14e,p_d7195ebfc9c48d4a0beab7870d0eba9c,6,873,23,21,1400,24556,44,25956,50.400916380297822,29731.958762886599,589.90909090909088,0.52272727272727271,0.053937432578209279
r_205a3dc64c1b56a916cf1220f1a74c68,Direct browsing,d_1be06ce1b670864df8c500dc82b295ae,1,0,a_e7d8c038c18055500148c5915382bd98,a_a58bdc82a6861be416a4281941746d57,p_a598ddb2c67e7fe52c272e54f4d0ee59,p_3dd478bd944ece2906a0c8e4425f63be,6,1946,31,42,2499,45756,73,48255,37.51284686536485,24797.019527235356,661.02739726027403,0.42465753424657532,0.051787379546161021
r_14ca859517a838277944c6337057517b,Direct browsing,d_1be06ce1b670864df8c500dc82b295ae,1,0,a_e7d8c038c18055500148c5915382bd98,a_275a7f699820789c39c7f399fcdf45a3,p_0efe7f8b842eef50dc8a94db8afbaedb,p_3dd478bd944ece2906a0c8e4425f63be,6,5560,10,9,1484,4314,19,5798,3.4172661870503598,1042.8057553956835,305.15789473684208,0.52631578947368418,0.25595032769920661
r_682d1d9f0d718ac058b7a08c1273be3a,Direct browsing,d_1be06ce1b670864df8c500dc82b295ae,1,0,a_e7d8c038c18055500148c5915382bd98,a_cf31ba68046233719f1273a3a3789e72,p_51ffd807330e070111bea9f830e26bc8,p_3dd478bd944ece2906a0c8e4425f63be,6,157,5,5,785,275,10,1060,63.694267515923563,6751.5923566878982,106,0.5,0.74056603773584906
r_39f349155ec01945cef1bd454a5742fb,Direct browsing,d_1be06ce1b670864df8c500dc82b295ae,1,0,a_e7d8c038c18055500148c5915382bd98,a_ecdbdc9574dfec32ca55bb3bda716ed5,p_bff8bef0efaae0849f6b26dbad036f1c,p_3dd478bd944ece2906a0c8e4425f63be,6,818,13,11,1718,6409,24,8127,29.339853300733498,9935.20782396088,338.625,0.54166666666666663,0.21139411837086255
r_48bcb61d326347b4c9df29436487d443,Direct browsing,d_1be06ce1b670864df8c500dc82b295ae,1,0,a_e7d8c038c18055500148c5915382bd98,a_cf31ba68046233719f1273a3a3789e72,p_e2354e0fd0a07495de0d9cd6406343a8,p_3dd478bd944ece2906a0c8e4425f63be,6,103,6,6,849,327,12,1176,116.50485436893204,11417.475728155341,98,0.5,0.72193877551020413
r_eb40cc86fd30aa5e72ac9dfcf900efad,Direct browsing,d_1be06ce1b670864df8c500dc82b295ae,1,0,a_e7d8c038c18055500148c5915382bd98,a_c972476be5f9f56f36bc9bdb6a87bacf,p_b58513e5d20b2328ed8e4f709a653c0c,p_3dd478bd944ece2906a0c8e4425f63be,6,1005,10,9,1421,3905,19,5326,18.905472636815922,5299.5024875621893,280.31578947368422,0.52631578947368418,0.26680435598948554
r_4d33ba76c1eb64c5a0a66d11153be502,Direct browsing,d_1be06ce1b670864df8c500dc82b295ae,1,0,a_e7d8c038c18055500148c5915382bd98,a_a75d8bfb6f65bf5da2a0ee9744988660,p_98e298deb9135430e088f99cc8da0877,p_d7195ebfc9c48d4a0beab7870d0eba9c,6,17521,9,7,848,2234,16,3082,0.91318988642200782,175.90320187203926,192.625,0.5625,0.27514600908500975
r_5a6c525d2c2244c856a0f4b011bf484c,Direct browsing,d_1be06ce1b670864df8c500dc82b295ae,1,0,a_e7d8c038c18055500148c5915382bd98,a_cf31ba68046233719f1273a3a3789e72,p_5f4e4040b956d2f00bd9954101dbb15e,p_3dd478bd944ece2906a0c8e4425f63be,6,123,6,6,849,327,12,1176,97.560975609756099,9560.9756097560985,98,0.5,0.72193877551020413
r_c65cdb7894c493024c9b20e01c2acc31,Direct browsing,d_1be06ce1b670864df8c500dc82b295ae,1,0,a_e7d8c038c18055500148c5915382bd98,a_2ec8aeaf6f94696415324527078381e3,p_9182b13989e03f9af82e91994af86da0,p_3dd478bd944ece2906a0c8e4425f63be,6,1054,36,42,2623,45696,78,48319,74.003795066413659,45843.453510436433,619.47435897435901,0.46153846153846156,0.054285063846520001
r_5a735efd0e08d80daa92b388709e57ab,Direct browsing,d_1be06ce1b670864df8c500dc82b295ae,1,0,a_e7d8c038c18055500148c5915382bd98,a_c768cf03bcc8571b20df780f5600a7dd,p_9543cc6973bd1cf9ea0ef26f943bdaaf,p_3dd478bd944ece2906a0c8e4425f63be,6,759,15,12,1778,6500,27,8278,35.573122529644266,10906.455862977602,306.59259259259261,0.55555555555555558,0.21478618023677218
r_5d792e706dc66ff265a77f2580992dfa,Direct browsing,d_1be06ce1b670864df8c500dc82b295ae,1,0,a_e7d8c038c18055500148c5915382bd98,a_cf31ba68046233719f1273a3a3789e72,p_3ffe0e31f8260df6ff9a6ec8fbb92ed2,p_3dd478bd944ece2906a0c8e4425f63be,6,293,15,15,1831,7276,30,9107,102.38907849829351,31081.911262798636,303.56666666666666,0.5,0.20105413418249699
r_02eff0f57d165d459edacd194ba86af3,Direct browsing,d_1be06ce1b670864df8c500dc82b295ae,1,0,a_e7d8c038c18055500148c5915382bd98,a_cf31ba68046233719f1273a3a3789e72,p_619bccdf6b4da6f88d3072c82f0d32d7,p_3dd478bd944ece2906a0c8e4425f63be,6,132,6,6,849,327,12,1176,90.909090909090907,8909.0909090909081,98,0.5,0.72193877551020413
r_48d172999809232df7a519d904aa49a7,Direct browsing,d_1be06ce1b670864df8c500dc82b295ae,1,0,a_e7d8c038c18055500148c5915382bd98,a_f7236bf52bab5693c5a0bd90b31e7b5d,p_38b1ae30e98c5c0b2a5a22308bea6ffd,p_d7195ebfc9c48d4a0beab7870d0eba9c,6,880,16,15,1020,12448,31,13468,35.227272727272727,15304.545454545454,434.45161290322579,0.5161290322580645,0.075735075735075735
r_84cff3d30d19645434db55d8437abf1b,Direct browsing,d_1be06ce1b670864df8c500dc82b295ae,1,0,a_e7d8c038c18055500148c5915382bd98,a_7a993f84e5d27a582e05a1c3821c1dfd,p_1a86ae61a35b428867890c9119d09f51,p_3dd478bd944ece2906a0c8e4425f63be,6,1276,11,10,1576,3790,21,5366,16.457680250783699,4205.3291536050156,255.52380952380952,0.52380952380952384,0.29370108087961239
r_0fa95c44feb54bef8981bf47fd4764ff,Direct browsing,d_1be06ce1b670864df8c500dc82b295ae,1,0,a_e7d8c038c18055500148c5915382bd98,a_cf31ba68046233719f1273a3a3789e72,p_60051ec57c1ad2966462c2df62e76fb8,p_3dd478bd944ece2906a0c8e4425f63be,6,325,7,6,901,327,13,1228,40,3778.4615384615381,94.461538461538467,0.53846153846153844,0.73371335504885993
r_d74446a0b39d9021996a281f659a595d,Direct browsing,d_1be06ce1b670864df8c500dc82b295ae,1,0,a_e7d8c038c18055500148c5915382bd98,a_f7a22ceb96407882bc784b79ef758488,p_4a566331c615803adf51148e71c5d125,p_3dd478bd944ece2906a0c8e4425f63be,6,68189,10,1,4039,44,11,4083,0.16131634134537831,59.87769288301633,371.18181818181819,0.90909090909090906,0.98922361009061965
r_7f3304007c9b7cf1ef986e735ca64c1d,Direct browsing,d_1be06ce1b670864df8c500dc82b295ae,1,0,a_e7d8c038c18055500148c5915382bd98,a_c768cf03bcc8571b20df780f5600a7dd,p_7d98d32c7949c3408259157361214961,p_3dd478bd944ece2906a0c8e4425f63be,6,827,16,13,1834,6971,29,8805,35.066505441354295,10646.916565900847,303.62068965517244,0.55172413793103448,0.20829074389551391
r_037e8c65f63ee4ebb7f11b134a492a1c,Direct browsing,d_1be06ce1b670864df8c500dc82b295ae,1,0,a_e7d8c038c18055500148c5915382bd98,a_cf31ba68046233719f1273a3a3789e72,p_b73e7af4d877f1bab9533af13dd2772d,p_3dd478bd944ece2906a0c8e4425f63be,6,135,5,5,785,275,10,1060,74.074074074074076,7851.8518518518513,106,0.5,0.74056603773584906
r_6cc61cf2fd612f572676e7537fb183b7,Direct browsing,d_1be06ce1b670864df8c500dc82b295ae,1,0,a_e7d8c038c18055500148c5915382bd98,a_370e80b06c7db578fe7397862b1e8235,p_f37aac872c2b0d62f91a296e7a7b00b2,p_d7195ebfc9c48d4a0beab7870d0eba9c,6,5935,5,4,620,310,9,930,1.5164279696714407,156.69755686604887,103.33333333333333,0.55555555555555558,0.66666666666666663
r_e2fd1c376e85999d1400bf2feea511e9,Direct browsing,d_1be06ce1b670864df8c500dc82b295ae,1,0,a_e7d8c038c18055500148c5915382bd98,a_d27be851fe5e5000e5a6fa22ff3e96a8,p_29c03b9465ea458c82a84edce1303b0b,p_3dd478bd944ece2906a0c8e4425f63be,6,269,2,1,100,60,3,160,11.152416356877323,594.7955390334572,53.333333333333336,0.66666666666666663,0.625
r_b3d00dc9516b15a402d8d85bd22ee4b4,Direct browsing,d_1be06ce1b670864df8c500dc82b295ae,1,0,a_e7d8c038c18055500148c5915382bd98,a_cf31ba68046233719f1273a3a3789e72,p_bf16cee2bd7ace843f869583b8f30410,p_3dd478bd944ece2906a0c8e4425f63be,6,181,6,6,849,327,12,1176,66.298342541436469,6497.2375690607732,98,0.5,0.72193877551020413
r_0cefd1889e0c0fc8f7751e06bc600ebd,Direct browsing,d_1be06ce1b670864df8c500dc82b295ae,1,0,a_e7d8c038c18055500148c5915382bd98,a_7c818396811218a7396e1394c5382ce8,p_373be5be107acfe2d98babeb2e2ad065,p_3dd478bd944ece2906a0c8e4425f63be,6,5406,10,10,1486,4379,20,5865,3.6995930447650762,1084.9056603773586,293.25,0.5,0.25336743393009376
r_d58d55bba81d2ea8d0ebbaa1cac5b85f,Direct browsing,d_1be06ce1b670864df8c500dc82b295ae,1,0,a_e7d8c038c18055500148c5915382bd98,a_3c49b6ed36e58897b1259f46cbd0a5f8,p_f8e40ced2e86456faad566aab62fbc87,p_1239ed2e7e41d197d93a326176df63b2,17,0,1,0,30,0,1,30,,,30,1,1
r_19492c1334a058dc9224f85609ccbfae,Direct browsing,d_1be06ce1b670864df8c500dc82b295ae,1,0,a_e7d8c038c18055500148c5915382bd98,a_9625074394f3747d34dc0279a491d942,p_a5484e33340b86099469ce332601b70e,p_3dd478bd944ece2906a0c8e4425f63be,6,28945,12,11,1620,6118,23,7738,0.79461046812921055,267.33460010364485,336.43478260869563,0.52173913043478259,0.20935642284828121
r_a4f914a51cdb57d4daa665f3ba72ec19,Direct browsing,d_1be06ce1b670864df8c500dc82b295ae,1,0,a_e7d8c038c18055500148c5915382bd98,a_5909123435fd969820788e424e5162ac,p_e6d1c53fd832117bbb607aaec7a872b3,p_3dd478bd944ece2906a0c8e4425f63be,6,673,5,5,785,275,10,1060,14.858841010401187,1575.037147102526,106,0.5,0.74056603773584906
r_b7804299cb59b8de5927e11b6e8bee72,Direct browsing,d_1be06ce1b670864df8c500dc82b295ae,1,0,a_e7d8c038c18055500148c5915382bd98,a_a17438509a328a313b6fdb3acd2192c9,p_4c07efec8c62c9ec5c3dbbd53e982ebb,p_3dd478bd944ece2906a0c8e4425f63be,6,24928,13,12,2058,5538,25,7596,1.0028883183568678,304.7175866495507,303.83999999999997,0.52000000000000002,0.27093206951026855
r_64ece227c5f26e68796cdb8cf3bef006,Direct browsing,d_1be06ce1b670864df8c500dc82b295ae,1,0,a_e7d8c038c18055500148c5915382bd98,a_bab25c91889f4c8bcb46877d67de2eca,p_4450602ce170014bb2bf9296208e9638,p_3dd478bd944ece2906a0c8e4425f63be,6,1390,28,27,2430,24441,55,26871,39.568345323741013,19331.654676258993,488.56363636363636,0.50909090909090904,0.090432064307245735
r_1b97c6ffc7722cc763c7d52e8ac8afda,Direct browsing,d_1be06ce1b670864df8c500dc82b295ae,1,0,a_e7d8c038c18055500148c5915382bd98,a_d5c36d69e79efe892d47cf1af2e070fe,p_8e6ccbd84393901a0af3a3bbc3618770,p_3dd478bd944ece2906a0c8e4425f63be,6,5424,20,28,2149,23278,48,25427,8.8495575221238933,4687.8687315634215,529.72916666666663,0.41666666666666669,0.084516458882290479
r_db7ec376c9369744a39c7426e0f5c7aa,Direct browsing,d_1be06ce1b670864df8c500dc82b295ae,1,0,a_e7d8c038c18055500148c5915382bd98,a_2e7620d8dbfe6191a042000477037d8a,p_3c054c6fca1fbbb525cf4d8f444c5eef,p_3dd478bd944ece2906a0c8e4425f63be,6,11182,8,0,480,0,8,480,0.7154355213736362,42.926131282418169,60,1,1
r_878822a7ad84b17969e3a56feb4bf536,Direct browsing,d_1be06ce1b670864df8c500dc82b295ae,1,0,a_e7d8c038c18055500148c5915382bd98,a_f0874526b6177ad0f3d9393435b13019,p_9d9813176391f8872cd5bf8905a145b4,p_d7195ebfc9c48d4a0beab7870d0eba9c,6,519,5,4,626,494,9,1120,17.341040462427745,2157.9961464354528,124.44444444444444,0.55555555555555558,0.55892857142857144
r_4e14f910e9f4db30414d1f05423eb84c,Direct browsing,d_1be06ce1b670864df8c500dc82b295ae,1,0,a_e7d8c038c18055500148c5915382bd98,a_c4f4cd73be1577d1c257791f36812adf,p_abe12d5cca0501eff9d830b40ff1ba02,p_3dd478bd944ece2906a0c8e4425f63be,6,31484,17,22,1916,18138,39,20054,1.2387244314572481,636.95845508829882,514.20512820512818,0.4358974358974359,0.09554203650144609
r_aee4cf5484bad29c170ac611bbadf093,Direct browsing,d_1be06ce1b670864df8c500dc82b295ae,1,0,a_e7d8c038c18055500148c5915382bd98,a_5bcc03ed7043073ab975608127017c7b,p_0a63df5655326e88453a58d8b8ccd108,p_3dd478bd944ece2906a0c8e4425f63be,6,31700,11,10,1583,5187,21,6770,0.66246056782334384,213.56466876971609,322.38095238095241,0.52380952380952384,0.23382570162481536
r_23ba48de4ffaa86a8b94ed3a8b435140,Direct browsing,d_1be06ce1b670864df8c500dc82b295ae,1,0,a_e7d8c038c18055500148c5915382bd98,a_5b6714b5a5453fc3a5bf74c787819ef9,p_8ca886808333c8f9bcb37002a5b21d3a,p_3dd478bd944ece2906a0c8e4425f63be,6,29822,12,12,1642,7193,24,8835,0.80477499832338539,296.25779625779626,368.125,0.5,0.18585172608941708
r_7fdff916f7e51954109dcefb16bda7df,Direct browsing,d_1be06ce1b670864df8c500dc82b295ae,1,0,a_e7d8c038c18055500148c5915382bd98,a_400278a81787b93932c51ed358d8c9c4,p_67668e0685ac39b5d4b131f5c5e1c24a,p_3dd478bd944ece2906a0c8e4425f63be,6,784,15,14,1786,7060,29,8846,36.989795918367342,11283.163265306122,305.0344827586207,0.51724137931034486,0.20189916346371242
r_893bc339a2efa50b4a0e58b79fa0f953,Direct browsing,d_1be06ce1b670864df8c500dc82b295ae,1,0,a_e7d8c038c18055500148c5915382bd98,a_ecdbdc9574dfec32ca55bb3bda716ed5,p_4c671fe23eb46899bce8909ddc57584f,p_d7195ebfc9c48d4a0beab7870d0eba9c,6,518,5,4,625,499,9,1124,17.374517374517374,2169.8841698841698,124.88888888888889,0.55555555555555558,0.55604982206405695
r_caadb12068161db455102a0fab5da68e,Direct browsing,d_1be06ce1b670864df8c500dc82b295ae,1,0,a_e7d8c038c18055500148c5915382bd98,a_cf31ba68046233719f1273a3a3789e72,p_39328ac6db20a9f96fc2c09a3477788f,p_3dd478bd944ece2906a0c8e4425f63be,6,89,6,6,849,327,12,1176,134.83146067415731,13213.483146067416,98,0.5,0.72193877551020413
r_32d42edbe71da8c900a716ef936fbf6d,Direct browsing,d_1be06ce1b670864df8c500dc82b295ae,1,0,a_e7d8c038c18055500148c5915382bd98,a_2f9327eb55447d1c7a94cf9133886a1b,p_b984fd935071b61473fe2c3bef748c33,p_3dd478bd944ece2906a0c8e4425f63be,6,289,2,1,100,60,3,160,10.380622837370243,553.6332179930796,53.333333333333336,0.66666666666666663,0.625
r_1ed7195ebcab67c73d537e402a8b3632,Direct browsing,d_1be06ce1b670864df8c500dc82b295ae,1,0,a_e7d8c038c18055500148c5915382bd98,a_1d78c45142cfbfd97903fa4fed1d3c65,p_32ede084523c12462a7d4a988aea1d56,p_3dd478bd944ece2906a0c8e4425f63be,6,21956,13,11,1681,5560,24,7241,1.0930952814720349,329.79595554745856,301.70833333333331,0.54166666666666663,0.23215025548957327
r_d14351e81868a5812d9460471b82f024,Direct browsing,d_1be06ce1b670864df8c500dc82b295ae,1,0,a_e7d8c038c18055500148c5915382bd98,a_cf31ba68046233719f1273a3a3789e72,p_d917e318c4fa5e8abc0e50947a72f2b8,p_3dd478bd944ece2906a0c8e4425f63be,6,103,6,6,849,327,12,1176,116.50485436893204,11417.475728155341,98,0.5,0.72193877551020413
r_abe7e335aed8b800e39adca9d4efe77c,Direct browsing,d_1be06ce1b670864df8c500dc82b295ae,1,0,a_e7d8c038c18055500148c5915382bd98,a_bf0ab415dcc862e22b99e9e397fc5719,p_494347aee9c19f97536e3a4cd3c3dbd6,p_3dd478bd944ece2906a0c8e4425f63be,6,1199,18,18,1738,10473,36,12211,30.025020850708923,10184.320266889074,339.19444444444446,0.5,0.14233068544754729
r_8c4120cca0f8c6ed151d6123f3d0760e,Direct browsing,d_1be06ce1b670864df8c500dc82b295ae,1,0,a_e7d8c038c18055500148c5915382bd98,a_8137a47fa99bc66b79cbbe7465556c5a,p_f5a5c19a98d730edc4799a98b1ba5769,p_3dd478bd944ece2906a0c8e4425f63be,6,11757,11,10,1581,3178,21,4759,1.786169941311559,404.78013098579572,226.61904761904762,0.52380952380952384,0.33221264971632697
r_6732db62b84c712b3c5f8499e23ac6d8,Direct browsing,d_1be06ce1b670864df8c500dc82b295ae,1,0,a_e7d8c038c18055500148c5915382bd98,a_cf31ba68046233719f1273a3a3789e72,p_7062700c3697c1e43efc819e5c687bc9,p_3dd478bd944ece2906a0c8e4425f63be,6,153,12,13,1642,7222,25,8864,163.39869281045753,57934.640522875816,354.56,0.47999999999999998,0.18524368231046931
r_5ef8e8e7f0b375f8579222600acb1ad9,Direct browsing,d_1be06ce1b670864df8c500dc82b295ae,1,0,a_e7d8c038c18055500148c5915382bd98,a_bab25c91889f4c8bcb46877d67de2eca,p_982d084abd590a58c16eb8e1475a673a,p_3dd478bd944ece2906a0c8e4425f63be,6,6068,20,15,2070,4799,35,6869,5.7679630850362562,1132.003955174687,196.25714285714287,0.5714285714285714,0.30135390886591934
r_751bcc41eb0622090eabe5344cc1859d,Direct browsing,d_1be06ce1b670864df8c500dc82b295ae,1,0,a_e7d8c038c18055500148c5915382bd98,a_cf31ba68046233719f1273a3a3789e72,p_fa42723dbd64014dad7e5811f4270cef,p_3dd478bd944ece2906a0c8e4425f63be,6,144,6,6,849,327,12,1176,83.333333333333343,8166.666666666667,98,0.5,0.72193877551020413
r_68a75564be86486cb7e4f2aef0ee87f0,Direct browsing,d_1be06ce1b670864df8c500dc82b295ae,1,0,a_e7d8c038c18055500148c5915382bd98,a_d28fc14ba9b1e66943e5da38b58209e4,p_c83f6882531c3d440addb5ecbc60abe3,p_d7195ebfc9c48d4a0beab7870d0eba9c,6,828,5,4,355,405,9,760,10.869565217391305,917.87439613526578,84.444444444444443,0.55555555555555558,0.46710526315789475
r_09e9190735c603bde2bd62f1334de647,Direct browsing,d_1be06ce1b670864df8c500dc82b295ae,1,0,a_e7d8c038c18055500148c5915382bd98,a_6e179781c8c6f337cb905de78358ed01,p_2ce2d5c9e9fbe2af7ef55ef566cede71,p_3dd478bd944ece2906a0c8e4425f63be,6,1860,41,44,3050,50574,85,53624,45.698924731182792,28830.107526881719,630.87058823529412,0.4823529411764706,0.056877517529464419
r_d31dcac654c528331f769b754796667e,Direct browsing,d_1be06ce1b670864df8c500dc82b295ae,1,0,a_e7d8c038c18055500148c5915382bd98,a_cf31ba68046233719f1273a3a3789e72,p_721ed1564fdd369c0582e4550927c20a,p_d7195ebfc9c48d4a0beab7870d0eba9c,6,57,11,9,952,7355,20,8307,350.87719298245611,145736.84210526315,415.35000000000002,0.55000000000000004,0.11460214277115685
r_3764e7b8474714e11a8979c9c43acd12,Direct browsing,d_1be06ce1b670864df8c500dc82b295ae,1,0,a_e7d8c038c18055500148c5915382bd98,a_cf31ba68046233719f1273a3a3789e72,p_bcad454f8db6fbcd37c58b3a51013576,p_3dd478bd944ece2906a0c8e4425f63be,6,169,5,5,785,275,10,1060,59.171597633136088,6272.1893491124256,106,0.5,0.74056603773584906
r_68f632dcc1a6f6cbc3d81619454786e6,Direct browsing,d_1be06ce1b670864df8c500dc82b295ae,1,0,a_e7d8c038c18055500148c5915382bd98,a_6b8fda46f9e2125156a6aae20aa010f0,p_8d0424401b8a207ec2121bf7be005135,p_3dd478bd944ece2906a0c8e4425f63be,6,9384,17,15,1881,6830,32,8711,3.4100596760443307,928.28218243819265,272.21875,0.53125,0.21593387670761108
r_036443810c712c4db6feb0d9abda8886,Direct browsing,d_1be06ce1b670864df8c500dc82b295ae,1,0,a_e7d8c038c18055500148c5915382bd98,a_22e55c96c0c1a2b99f49d31c0a910d39,p_1dd53e73123b50f900141953bb43cf53,p_3dd478bd944ece2906a0c8e4425f63be,6,20624,11,9,1576,3413,20,4989,0.96974398758727698,241.90263770364626,249.44999999999999,0.55000000000000004,0.31589496893164964
r_3445a31a9d7ca64d41b49ac2020323f6,Direct browsing,d_1be06ce1b670864df8c500dc82b295ae,1,0,a_e7d8c038c18055500148c5915382bd98,a_cf31ba68046233719f1273a3a3789e72,p_bcbe14bcb5e625ec50651406f8b71698,p_3dd478bd944ece2906a0c8e4425f63be,6,177,5,5,785,275,10,1060,56.497175141242941,5988.7005649717521,106,0.5,0.74056603773584906
r_b44500cc79548706415d14016d077da2,Direct browsing,d_1be06ce1b670864df8c500dc82b295ae,1,0,a_e7d8c038c18055500148c5915382bd98,a_2f9327eb55447d1c7a94cf9133886a1b,p_14f6c9150e9b921d4b301cf7f34ed154,p_3dd478bd944ece2906a0c8e4425f63be,6,21821,16,14,1840,10490,30,12330,1.3748224187709086,565.05201411484347,411,0.53333333333333333,0.14922952149229521
r_027ac39b1915231de8b927fe12b07de3,Direct browsing,d_1be06ce1b670864df8c500dc82b295ae,1,0,a_e7d8c038c18055500148c5915382bd98,a_3e9ffb884760e7e211122e722adb4fa3,p_2e29ef57a320fde59e23c892dafd4c33,p_3dd478bd944ece2906a0c8e4425f63be,6,1757,27,23,2415,22700,50,25115,28.457598178713717,14294.2515651679,502.30000000000001,0.54000000000000004,0.096157674696396578
r_bfe3a0402bf4e0bfb377b6f5ab97b0a6,Direct browsing,d_1be06ce1b670864df8c500dc82b295ae,1,0,a_e7d8c038c18055500148c5915382bd98,a_cf31ba68046233719f1273a3a3789e72,p_4ebf52919fc776ec2c6729215924232a,p_3dd478bd944ece2906a0c8e4425f63be,6,180,5,5,785,275,10,1060,55.555555555555557,5888.8888888888887,106,0.5,0.74056603773584906
r_2b655b21463b3673670dda6513eb78df,Direct browsing,d_1be06ce1b670864df8c500dc82b295ae,1,0,a_e7d8c038c18055500148c5915382bd98,a_cf31ba68046233719f1273a3a3789e72,p_0475a4a2b72ebe52c6183750c43ef471,p_3dd478bd944ece2906a0c8e4425f63be,6,166,5,6,785,327,11,1112,66.265060240963848,6698.795180722891,101.09090909090909,0.45454545454545453,0.7059352517985612
r_ee36f2ae98bb07e87fc701b987c80ba7,Direct browsing,d_1be06ce1b670864df8c500dc82b295ae,1,0,a_e7d8c038c18055500148c5915382bd98,a_adadad84f4fae658fb16027cd0fc63da,p_cc2ebec4f9753ecf62323f28eceef6cb,p_3dd478bd944ece2906a0c8e4425f63be,6,2862,29,36,3024,38268,65,41292,22.711390635918939,14427.672955974842,635.26153846153841,0.44615384615384618,0.073234524847428067
r_3439e958abb5972afb8f78db738d2474,Direct browsing,d_1be06ce1b670864df8c500dc82b295ae,1,0,a_e7d8c038c18055500148c5915382bd98,a_be682b1a75d2e165f75201c7970d75c6,p_2fbc09e6b990028ff98b345b5fcf17c2,p_3dd478bd944ece2906a0c8e4425f63be,6,11202,8,0,480,0,8,480,0.71415818603820747,42.849491162292445,60,1,1
r_079ab9e543d9c155216bbafe8f6f1a64,Direct browsing,d_1be06ce1b670864df8c500dc82b295ae,1,0,a_e7d8c038c18055500148c5915382bd98,a_290b725f5fbb2fcfc21bf34dfeec4008,p_b583caeab94072374e4c1e6f78fd59b4,p_3dd478bd944ece2906a0c8e4425f63be,6,28193,16,18,2242,11095,34,13337,1.2059731138935197,473.06068882346682,392.26470588235293,0.47058823529411764,0.16810377146284772
r_68756aea4c64b1ff71db8a2f491a258d,Direct browsing,d_1be06ce1b670864df8c500dc82b295ae,1,0,a_e7d8c038c18055500148c5915382bd98,a_be00401e0e78740d9387db5e9017c442,p_9550c8a58fbc8a87c64696e31d3d678a,p_3dd478bd944ece2906a0c8e4425f63be,6,2346,28,33,3246,34831,61,38077,26.001705029838021,16230.605285592497,624.21311475409834,0.45901639344262296,0.085248312629671461
r_9a347d73d3da9834ddc0e33aa1c88171,Direct browsing,d_1be06ce1b670864df8c500dc82b295ae,1,0,a_e7d8c038c18055500148c5915382bd98,a_cf31ba68046233719f1273a3a3789e72,p_b852fac51eea6bad8cf183f5b531b074,p_3dd478bd944ece2906a0c8e4425f63be,6,186,5,5,785,275,10,1060,53.763440860215056,5698.9247311827958,106,0.5,0.74056603773584906
r_b344e6c374e2b8a3265694b3551a3044,Direct browsing,d_1be06ce1b670864df8c500dc82b295ae,1,0,a_e7d8c038c18055500148c5915382bd98,a_f7236bf52bab5693c5a0bd90b31e7b5d,p_880fd062c12b9549ba46b035df6fcdeb,p_d7195ebfc9c48d4a0beab7870d0eba9c,6,865,13,12,903,8007,25,8910,28.901734104046245,10300.578034682081,356.39999999999998,0.52000000000000002,0.10134680134680135
r_3ed8728c32e3f8290fbcccf919a75d3c,Direct browsing,d_1be06ce1b670864df8c500dc82b295ae,1,0,a_e7d8c038c18055500148c5915382bd98,a_cf31ba68046233719f1273a3a3789e72,p_d369383c737fa064dff08527876942cf,p_3dd478bd944ece2906a0c8e4425f63be,6,136,5,5,785,275,10,1060,73.529411764705884,7794.1176470588234,106,0.5,0.74056603773584906
r_c7b07608f3d2827f4c957c9df52c2c33,Direct browsing,d_1be06ce1b670864df8c500dc82b295ae,1,0,a_e7d8c038c18055500148c5915382bd98,a_14c808e7292b3ab75d4096c3a8e7e996,p_926f309e697583d0e0ebdeef8cf360bb,p_d7195ebfc9c48d4a0beab7870d0eba9c,6,852,18,16,1144,18648,34,19792,39.906103286384976,23230.046948356809,582.11764705882354,0.52941176470588236,0.057801131770412288
r_257c7a4a0a4888fcf88e8054d2e1e67d,Direct browsing,d_1be06ce1b670864df8c500dc82b295ae,1,0,a_e7d8c038c18055500148c5915382bd98,a_f7236bf52bab5693c5a0bd90b31e7b5d,p_c7ceef7585fea8ff167d32a8e911997b,p_d7195ebfc9c48d4a0beab7870d0eba9c,6,944,16,15,1022,12368,31,13390,32.83898305084746,14184.322033898306,431.93548387096774,0.5161290322580645,0.076325616131441371
r_7f0c12da796cc6b75c3282701b87ddf2,Direct browsing,d_1be06ce1b670864df8c500dc82b295ae,1,0,a_e7d8c038c18055500148c5915382bd98,a_fe619011b422704f5c52186cb8b19ef8,p_a8934f722ae3807784e92eda7f2b3b8d,p_d7195ebfc9c48d4a0beab7870d0eba9c,6,476,8,6,686,4066,14,4752,29.411764705882355,9983.1932773109256,339.42857142857144,0.5714285714285714,0.14436026936026936
r_1402a319c41633b89dddc168d081d06b,Direct browsing,d_1be06ce1b670864df8c500dc82b295ae,1,0,a_e7d8c038c18055500148c5915382bd98,a_5607307b9b9a0681912487688d94bd13,p_b38a4f2931a0d9e93de1f02dba0f1f02,p_3dd478bd944ece2906a0c8e4425f63be,6,23648,20,24,2111,10907,44,13018,1.8606224627875507,550.49052774018946,295.86363636363637,0.45454545454545453,0.16216008603472115
r_c36d5499eec83af58d37fededc1198b1,Direct browsing,d_1be06ce1b670864df8c500dc82b295ae,1,0,a_e7d8c038c18055500148c5915382bd98,a_af30395c2198eede462ef6ed4bcef96c,p_4bfdc4d3103b1809cca3b9e3b8ac69bd,p_d7195ebfc9c48d4a0beab7870d0eba9c,6,560,5,4,619,493,9,1112,16.071428571428569,1985.7142857142856,123.55555555555556,0.55555555555555558,0.55665467625899279
r_b7ba2e51171c43a80b95b1578b3420fc,Direct browsing,d_1be06ce1b670864df8c500dc82b295ae,1,0,a_e7d8c038c18055500148c5915382bd98,a_bf0ab415dcc862e22b99e9e397fc5719,p_3ba99e14df22b676b37cb0b429ae4c99,p_3dd478bd944ece2906a0c8e4425f63be,6,1125,22,21,1870,13155,43,15025,38.222222222222221,13355.555555555555,349.41860465116281,0.51162790697674421,0.12445923460898503
r_fc2d1a6e7165cd9cbf7b6c307ba200b7,Direct browsing,d_1be06ce1b670864df8c500dc82b295ae,1,0,a_e7d8c038c18055500148c5915382bd98,a_2c626b0cb20f5735d0f38de6f3d66500,p_9a8726234ef8227adc4691c3efb0a45a,p_3dd478bd944ece2906a0c8e4425f63be,6,858,14,12,1727,7111,26,8838,30.303030303030305,10300.699300699302,339.92307692307691,0.53846153846153844,0.19540620049785018
r_4a1ef64b3fe4fb3ceea0827034c2360d,Direct browsing,d_1be06ce1b670864df8c500dc82b295ae,1,0,a_e7d8c038c18055500148c5915382bd98,a_e95737674b35d679dd58fc194bb33723,p_2ea947ca61b3de95b3445a98c23332a8,p_d7195ebfc9c48d4a0beab7870d0eba9c,6,1075,5,5,577,700,10,1277,9.3023255813953494,1187.9069767441861,127.7,0.5,0.45184025058731403
r_7fa765fbdfc8d2f59a22aa79d8806a84,Direct browsing,d_1be06ce1b670864df8c500dc82b295ae,1,0,a_e7d8c038c18055500148c5915382bd98,a_c3e13edb1cf4345b158f3266563f7d6d,p_578aa91b21d9a5171e88d97d9e97f4ac,p_3dd478bd944ece2906a0c8e4425f63be,6,978,10,9,1408,4465,19,5873,19.427402862985687,6005.1124744376275,309.10526315789474,0.52631578947368418,0.23974118848969861
r_42c1e7357331dcad29e632f301fc6083,Direct browsing,d_1be06ce1b670864df8c500dc82b295ae,1,0,a_e7d8c038c18055500148c5915382bd98,a_3c49b6ed36e58897b1259f46cbd0a5f8,p_70a8f4eb2eb06fd60cf8af63d4e747e1,p_1239ed2e7e41d197d93a326176df63b2,17,0,1,0,30,0,1,30,,,30,1,1
r_e6cd5fffce773d3f649d5ae196e23339,Direct browsing,d_1be06ce1b670864df8c500dc82b295ae,1,0,a_e7d8c038c18055500148c5915382bd98,a_bc2d816f23fd9382349f2f0b694d3c49,p_23e2e31f284975b2eee499e6efab0848,p_3dd478bd944ece2906a0c8e4425f63be,6,1709,15,14,1737,6745,29,8482,16.968987712112344,4963.1363370392037,292.48275862068965,0.51724137931034486,0.20478660693232728
r_651dbe21240c8a2e08af45d5215d0bc3,Direct browsing,d_1be06ce1b670864df8c500dc82b295ae,1,0,a_e7d8c038c18055500148c5915382bd98,a_cf31ba68046233719f1273a3a3789e72,p_adb9cf53845b8373394be44d5e7fc95e,p_3dd478bd944ece2906a0c8e4425f63be,6,345,7,6,901,327,13,1228,37.681159420289859,3559.420289855073,94.461538461538467,0.53846153846153844,0.73371335504885993
r_199fdff112a8f396523369ae5ba19fe9,Direct browsing,d_1be06ce1b670864df8c500dc82b295ae,1,0,a_e7d8c038c18055500148c5915382bd98,a_edef9f0bec604adbe7e0a91d222caec6,p_ab666450d0faa3a352ad48b29016487d,p_3dd478bd944ece2906a0c8e4425f63be,6,11208,8,0,480,0,8,480,0.7137758743754461,42.826552462526763,60,1,1
r_018cf1919dd49d2e23ed361f8d304409,Direct browsing,d_1be06ce1b670864df8c500dc82b295ae,1,0,a_e7d8c038c18055500148c5915382bd98,a_2fbdd1332d34f8204d9324e5d119b7c8,p_3d514ee0de8771eb97219bff0c508319,p_3dd478bd944ece2906a0c8e4425f63be,6,45040,13,12,1695,5796,25,7491,0.55506216696269983,166.31882770870337,299.63999999999999,0.52000000000000002,0.22627152583099719
r_32e5a98dd852dbaf501d5433d262519e,Direct browsing,d_1be06ce1b670864df8c500dc82b295ae,1,0,a_e7d8c038c18055500148c5915382bd98,a_cf31ba68046233719f1273a3a3789e72,p_f5685398c8e26a9b3d853a6fb5226a77,p_d7195ebfc9c48d4a0beab7870d0eba9c,6,60,11,9,900,7331,20,8231,333.33333333333337,137183.33333333334,411.55000000000001,0.55000000000000004,0.10934272870854088
r_9257521be3193b0fc1dd1e5773b255f5,Direct browsing,d_1be06ce1b670864df8c500dc82b295ae,1,0,a_e7d8c038c18055500148c5915382bd98,a_5f5e5c84b87fa4aa954e97103781a172,p_a267eb1c9ff32364ba3c65013b629563,p_3dd478bd944ece2906a0c8e4425f63be,6,19847,15,19,1790,15586,34,17376,1.7131052552022974,875.49755630573884,511.05882352941177,0.44117647058823528,0.10301565377532228
r_60c330104dbda5899a0f8660dd02bfb7,Direct browsing,d_1be06ce1b670864df8c500dc82b295ae,1,0,a_e7d8c038c18055500148c5915382bd98,a_d0e43c5a75e649db4b94f0edf0fbf466,p_0274db1381fb6306ba6bb03796889bc4,p_d7195ebfc9c48d4a0beab7870d0eba9c,6,744,6,4,407,401,10,808,13.440860215053764,1086.0215053763441,80.799999999999997,0.59999999999999998,0.50371287128712872
r_e45e884af6d3c911f8f6956623d96194,Direct browsing,d_1be06ce1b670864df8c500dc82b295ae,1,0,a_e7d8c038c18055500148c5915382bd98,a_8dcddb16df392fd9272a078edf01e1b0,p_28e2bbd8fcd1172e5cb32b255cdf6cb1,p_3dd478bd944ece2906a0c8e4425f63be,6,31545,12,14,1646,6661,26,8307,0.82421936915517513,263.33808844507843,319.5,0.46153846153846156,0.19814614180811363
r_49367d41731ac8eeb0b73a1c1e5a1836,Direct browsing,d_1be06ce1b670864df8c500dc82b295ae,1,0,a_e7d8c038c18055500148c5915382bd98,a_6cc8f81611c7e19feb8ed887bfa958ac,p_dc1605ac0fd0d2a166c27615d5e1e087,p_3dd478bd944ece2906a0c8e4425f63be,6,11238,8,0,480,0,8,480,0.71187043957999652,42.712226374799791,60,1,1
r_5227056220c9535bdf7844a8bec74cd0,Direct browsing,d_1be06ce1b670864df8c500dc82b295ae,1,0,a_e7d8c038c18055500148c5915382bd98,a_6229fe05861eacd30a61bfa58ae74d80,p_073d84152272364544faf84b5259e4fb,p_d7195ebfc9c48d4a0beab7870d0eba9c,6,550,8,6,693,4069,14,4762,25.454545454545453,8658.181818181818,340.14285714285717,0.5714285714285714,0.14552708945821083
r_476535d4d5ff77d0ba8a9fd14331732d,Direct browsing,d_1be06ce1b670864df8c500dc82b295ae,1,0,a_e7d8c038c18055500148c5915382bd98,a_bdae5b7bbb836612ddd64ab47c326090,p_f22cfaccbfd1f0b90a844c3c17b5d07f,p_3dd478bd944ece2906a0c8e4425f63be,6,20579,17,15,1898,10349,32,12247,1.5549832353369939,595.1212400991302,382.71875,0.53125,0.15497672899485587
r_8085b2ac285561b34b5f66063e1696b9,Direct browsing,d_1be06ce1b670864df8c500dc82b295ae,1,0,a_e7d8c038c18055500148c5915382bd98,a_cf31ba68046233719f1273a3a3789e72,p_ffd09621f5bd102980314accc9740a1f,p_3dd478bd944ece2906a0c8e4425f63be,6,400,7,6,901,327,13,1228,32.5,3070,94.461538461538467,0.53846153846153844,0.73371335504885993
r_33d206155e6dd0cffb142d14a418f766,Direct browsing,d_1be06ce1b670864df8c500dc82b295ae,1,0,a_e7d8c038c18055500148c5915382bd98,a_f7236bf52bab5693c5a0bd90b31e7b5d,p_9b1c4ef12c9dfc14e6efc7446c6b6709,p_d7195ebfc9c48d4a0beab7870d0eba9c,6,904,16,15,1016,12300,31,13316,34.292035398230091,14730.088495575221,429.54838709677421,0.5161290322580645,0.076299188945629315
r_ce840fd875f5bfd9ea35c39936c37e6e,Direct browsing,d_1be06ce1b670864df8c500dc82b295ae,1,0,a_e7d8c038c18055500148c5915382bd98,a_6e179781c8c6f337cb905de78358ed01,p_8b584c05e7bbcecb26b8ff498895bf3b,p_3dd478bd944ece2906a0c8e4425f63be,6,30921,12,10,1635,5192,22,6827,0.71149057274991112,220.78846091652923,310.31818181818181,0.54545454545454541,0.23949025926468434
r_5a9110e0886236d01e6cec36888bce28,Direct browsing,d_1be06ce1b670864df8c500dc82b295ae,1,0,a_e7d8c038c18055500148c5915382bd98,a_90d0f6925e19072530a0a802462d1482,p_da1a3da4f400d0fd3d40ee7642d4e2d7,p_3dd478bd944ece2906a0c8e4425f63be,6,1815,36,40,2485,31187,76,33672,41.873278236914601,18552.066115702481,443.05263157894734,0.47368421052631576,0.073800190068899971
r_7a6e62dd94a286f095e220fead8d717e,Direct browsing,d_1be06ce1b670864df8c500dc82b295ae,1,0,a_e7d8c038c18055500148c5915382bd98,a_cebf848edd54165c3153b4743b1949a4,p_f58443ada0ab302839659cbf3e199bb0,p_3dd478bd944ece2906a0c8e4425f63be,6,12903,13,11,1684,5980,24,7664,1.8600325505696349,593.97039448190344,319.33333333333331,0.54166666666666663,0.2197286012526096
r_9a2ccb41e80754f663019a16320f26ba,Direct browsing,d_1be06ce1b670864df8c500dc82b295ae,1,0,a_e7d8c038c18055500148c5915382bd98,a_bf0ab415dcc862e22b99e9e397fc5719,p_110585d6c525bb7ecd63fdaee71c514a,p_3dd478bd944ece2906a0c8e4425f63be,6,1251,26,23,2051,14474,49,16525,39.168665067945646,13209.432454036772,337.24489795918367,0.53061224489795922,0.12411497730711044
r_e78ac887ed7e15d3ff0a39a1510e65c4,Direct browsing,d_1be06ce1b670864df8c500dc82b295ae,1,0,a_e7d8c038c18055500148c5915382bd98,a_b9f3817a72a2f986bffbb82f9a659e3c,p_b55145975ede793aa433fc2105735267,p_3dd478bd944ece2906a0c8e4425f63be,6,22910,12,9,1631,3759,21,5390,0.9166302924487123,235.26844172850284,256.66666666666669,0.5714285714285714,0.30259740259740259
r_e96e8fb15c7b258846e099b3577854e0,Direct browsing,d_1be06ce1b670864df8c500dc82b295ae,1,0,a_e7d8c038c18055500148c5915382bd98,a_cf31ba68046233719f1273a3a3789e72,p_834e2e1869d5c7495674da7fd691719f,p_3dd478bd944ece2906a0c8e4425f63be,6,17379,18,17,2315,7787,35,10102,2.0139248518326713,581.27625294896131,288.62857142857143,0.51428571428571423,0.22916254207087705
r_642d2e6193b3af6475701a874aad7c5d,Direct browsing,d_1be06ce1b670864df8c500dc82b295ae,1,0,a_e7d8c038c18055500148c5915382bd98,a_22157b321cee9eee4963e0358b130225,p_79b58b457536d9c454565020e3c7ca98,p_3dd478bd944ece2906a0c8e4425f63be,6,168,16,18,1872,11391,34,13263,202.38095238095238,78946.428571428565,390.08823529411762,0.47058823529411764,0.14114453743496946
r_d5df0a260abc4bd7270e953c5b37a14e,Direct browsing,d_1be06ce1b670864df8c500dc82b295ae,1,0,a_e7d8c038c18055500148c5915382bd98,a_edd6576eb7fac6d03632432b37ddd3fd,p_e928b96f92dcacbb2122f2db71102f87,p_3dd478bd944ece2906a0c8e4425f63be,6,24666,12,11,1633,4122,23,5755,0.93245763399010784,233.31711667882917,250.21739130434781,0.52173913043478259,0.28375325803648999
r_73b29a18d8aab2d827c34ca24c8ea7be,Direct browsing,d_1be06ce1b670864df8c500dc82b295ae,1,0,a_e7d8c038c18055500148c5915382bd98,a_5ac62d76fcb4e35f30b05f8bd37953d9,p_496ef618643d4437afe5b3c73dd5c68b,p_3dd478bd944ece2906a0c8e4425f63be,6,2033,38,43,2924,47063,81,49987,39.842597147073292,24587.80127889818,617.12345679012344,0.46913580246913578,0.058495208754276114
r_4cb608f8fbeb88ad783e2c417e808bf7,Direct browsing,d_1be06ce1b670864df8c500dc82b295ae,1,0,a_e7d8c038c18055500148c5915382bd98,a_cf31ba68046233719f1273a3a3789e72,p_c79fd91655e7e57450a7b9bb3b313d6e,p_3dd478bd944ece2906a0c8e4425f63be,6,114,5,6,785,327,11,1112,96.491228070175438,9754.3859649122805,101.09090909090909,0.45454545454545453,0.7059352517985612
r_1884b89141128507065d72f6c8fa06cf,Direct browsing,d_1be06ce1b670864df8c500dc82b295ae,1,0,a_e7d8c038c18055500148c5915382bd98,a_cf31ba68046233719f1273a3a3789e72,p_f2b8056bdbe166cb82131c05073f3fdb,p_3dd478bd944ece2906a0c8e4425f63be,6,320,7,6,901,327,13,1228,40.625,3837.5,94.461538461538467,0.53846153846153844,0.73371335504885993
r_80eec19f350c36866608ab9ef6fc4941,Direct browsing,d_1be06ce1b670864df8c500dc82b295ae,1,0,a_e7d8c038c18055500148c5915382bd98,a_e26ebc8f66dc2a068e15783a09c1a4cb,p_e61adad8aa74723464ff5777cb03c26a,p_3dd478bd944ece2906a0c8e4425f63be,6,666571,282,281,40032,22304,563,62336,0.84462120314265099,93.517419749734088,110.72113676731794,0.5008880994671403,0.6421971252566735
r_d5a76a052ea7cdaccefd9cf40d9b5636,Direct browsing,d_1be06ce1b670864df8c500dc82b295ae,1,0,a_e7d8c038c18055500148c5915382bd98,a_e9c192da5b492e2e228a72bd51cb8f40,p_99ed7885f0059afb9c438595ae9f90e3,p_3dd478bd944ece2906a0c8e4425f63be,6,1345,35,43,2758,48744,78,51502,57.992565055762086,38291.449814126398,660.28205128205127,0.44871794871794873,0.053551318395402121
r_228a458a0fdab635e598b97339725ee7,Direct browsing,d_1be06ce1b670864df8c500dc82b295ae,1,0,a_e7d8c038c18055500148c5915382bd98,a_04f9063f8dbf9957ddc1ff51ca3d55be,p_6ec1e5e06b15573707fd07c5c33a64ae,p_d7195ebfc9c48d4a0beab7870d0eba9c,6,736,10,8,897,6281,18,7178,24.456521739130434,9752.717391304348,398.77777777777777,0.55555555555555558,0.12496517135692393
r_1f81ba7a22c7b1c44491bb506c8e0374,Direct browsing,d_1be06ce1b670864df8c500dc82b295ae,1,0,a_e7d8c038c18055500148c5915382bd98,a_01c27fc950d2f075d869a4d0acaa48ee,p_39addbf2101a0a87ea653e42770b4f48,p_3dd478bd944ece2906a0c8e4425f63be,6,852,45,41,3075,43826,86,46901,100.93896713615024,55048.122065727701,545.3604651162791,0.52325581395348841,0.065563634037653779
r_ac972be81bc470b64ac7e1633bfd849b,Direct browsing,d_1be06ce1b670864df8c500dc82b295ae,1,0,a_e7d8c038c18055500148c5915382bd98,a_bc2d816f23fd9382349f2f0b694d3c49,p_d9353a49b790699a3312a9da253a2ab6,p_3dd478bd944ece2906a0c8e4425f63be,6,789,19,17,2773,8211,36,10984,45.627376425855509,13921.419518377692,305.11111111111109,0.52777777777777779,0.25245812090313186
r_90a05e93ab6a8feb15a9aaadaebaf142,Direct browsing,d_1be06ce1b670864df8c500dc82b295ae,1,0,a_e7d8c038c18055500148c5915382bd98,a_01c27fc950d2f075d869a4d0acaa48ee,p_6dae19cdb856e7bd664b0062c0f8fca1,p_3dd478bd944ece2906a0c8e4425f63be,6,523,31,32,2831,34565,63,37396,120.45889101338432,71502.868068833646,593.58730158730157,0.49206349206349204,0.075703283773665628
r_3c0cade5351309a36dcc3fba15741e33,Direct browsing,d_1be06ce1b670864df8c500dc82b295ae,1,0,a_e7d8c038c18055500148c5915382bd98,a_c0f310eeb8553e332a97e6df05bcca6e,p_c63a912edc207844bdbc92b0d9d11c75,p_3dd478bd944ece2906a0c8e4425f63be,6,1192,14,12,1724,6786,26,8510,21.812080536912752,7139.2617449664431,327.30769230769232,0.53846153846153844,0.20258519388954171
r_0b68023dcbc3f18180cb57eb9d09301a,Direct browsing,d_1be06ce1b670864df8c500dc82b295ae,1,0,a_e7d8c038c18055500148c5915382bd98,a_cf31ba68046233719f1273a3a3789e72,p_7df2ea72716c29749b9c472e40985f8f,p_3dd478bd944ece2906a0c8e4425f63be,6,160,5,5,785,275,10,1060,62.5,6625,106,0.5,0.74056603773584906
r_070baac99e4ab66e4a02a8411d2ae05c,Direct browsing,d_1be06ce1b670864df8c500dc82b295ae,1,0,a_e7d8c038c18055500148c5915382bd98,a_74e8886d268b28a914a4e0461f5a33c0,p_4f92678477e45f5d1ca0db4072d72dbe,p_3dd478bd944ece2906a0c8e4425f63be,6,3113,19,26,2540,23780,45,26320,14.455509155155799,8454.8666880822366,584.88888888888891,0.42222222222222222,0.096504559270516724
r_8f39e24cd6358023e2da7990cbadd846,Direct browsing,d_1be06ce1b670864df8c500dc82b295ae,1,0,a_e7d8c038c18055500148c5915382bd98,a_5909123435fd969820788e424e5162ac,p_38138fae36bb689a45106c9fd6550cd8,p_d7195ebfc9c48d4a0beab7870d0eba9c,6,22256,6,4,675,580,10,1255,0.44931703810208484,56.389288281811645,125.5,0.59999999999999998,0.53784860557768921
r_29ca26d476d5104889cb60605a88c985,Direct browsing,d_1be06ce1b670864df8c500dc82b295ae,1,0,a_e7d8c038c18055500148c5915382bd98,a_cf31ba68046233719f1273a3a3789e72,p_8ba25ef506cb5236f6ef6b6821a57b4f,p_3dd478bd944ece2906a0c8e4425f63be,6,77,5,5,785,275,10,1060,129.87012987012986,13766.233766233767,106,0.5,0.74056603773584906
r_2c507c7fda1b3369e8f82255a8e41f75,Direct browsing,d_1be06ce1b670864df8c500dc82b295ae,1,0,a_e7d8c038c18055500148c5915382bd98,a_1b7c9db06fc30e75d29b0a7180a4b035,p_4ae713bee6ee7dc8431d32d372cbd564,p_3dd478bd944ece2906a0c8e4425f63be,6,5534,12,9,1620,2943,21,4563,3.7947235272858695,824.53921214311526,217.28571428571428,0.5714285714285714,0.35502958579881655
r_2424bcd880464f7fce289c46800c44a3,Direct browsing,d_1be06ce1b670864df8c500dc82b295ae,1,0,a_e7d8c038c18055500148c5915382bd98,a_cf31ba68046233719f1273a3a3789e72,p_a644be4f5709a9522b6582416366490e,p_3dd478bd944ece2906a0c8e4425f63be,6,389,7,6,901,327,13,1228,33.419023136246786,3156.8123393316196,94.461538461538467,0.53846153846153844,0.73371335504885993
r_b283ceb79bf84ff77739798105c20c52,Direct browsing,d_1be06ce1b670864df8c500dc82b295ae,1,0,a_e7d8c038c18055500148c5915382bd98,a_cf31ba68046233719f1273a3a3789e72,p_2099b29a44767bc9801a304d8100a5b2,p_3dd478bd944ece2906a0c8e4425f63be,6,190,5,5,785,275,10,1060,52.631578947368418,5578.9473684210525,106,0.5,0.74056603773584906
r_f80af7017f8fc3f1b7c3417e802aec5b,Direct browsing,d_1be06ce1b670864df8c500dc82b295ae,1,0,a_e7d8c038c18055500148c5915382bd98,a_1983095d11e89e525b49e0a33539e233,p_f225b7b0e349a588a058f0af0c703c13,p_3dd478bd944ece2906a0c8e4425f63be,6,1346,19,20,1942,14655,39,16597,28.974739970282315,12330.609212481426,425.56410256410254,0.48717948717948717,0.11700909802976442
r_a3ae099571fc4c52e6d6a9917b06ffd2,Direct browsing,d_1be06ce1b670864df8c500dc82b295ae,1,0,a_e7d8c038c18055500148c5915382bd98,a_aaae0583eb1d0566ad5ee41d0a7ebe30,p_be3c106a15407114f95187b8cb6e5f99,p_3dd478bd944ece2906a0c8e4425f63be,6,1147,16,19,1808,9707,35,11515,30.51438535309503,10039.232781168264,329,0.45714285714285713,0.15701259227095093
r_8d3dcaacea10515860cae6adb995b857,Direct browsing,d_1be06ce1b670864df8c500dc82b295ae,1,0,a_e7d8c038c18055500148c5915382bd98,a_c3a47d9fc7415dc314c06691a9a98ba8,p_e149448e70497fda3b48e155deba6ac7,p_3dd478bd944ece2906a0c8e4425f63be,6,1042,10,9,1412,3896,19,5308,18.234165067178502,5094.0499040307104,279.36842105263156,0.52631578947368418,0.26601356443104746
r_0b4e9727538370d09f8de272d8262682,Direct browsing,d_1be06ce1b670864df8c500dc82b295ae,1,0,a_e7d8c038c18055500148c5915382bd98,a_7eb0f027dbd9bb986c89198ff2fd1fe6,p_863031a8ba1644dde658bbfc6e266d36,p_3dd478bd944ece2906a0c8e4425f63be,6,2131,22,25,2095,21390,47,23485,22.055373064289068,11020.647583294229,499.68085106382978,0.46808510638297873,0.089205876091121988
r_7c6521712b536b24c3b7405118e7f4d2,Direct browsing,d_1be06ce1b670864df8c500dc82b295ae,1,0,a_e7d8c038c18055500148c5915382bd98,a_cf31ba68046233719f1273a3a3789e72,p_5b75a837a7ac510fb85e9f8a5e42b236,p_3dd478bd944ece2906a0c8e4425f63be,6,16959,12,12,1622,7218,24,8840,1.4151777817088271,521.25714959608467,368.33333333333331,0.5,0.18348416289592759
r_02f77f7303285f1b120567e60d18d0ad,Direct browsing,d_1be06ce1b670864df8c500dc82b295ae,1,0,a_e7d8c038c18055500148c5915382bd98,a_26c5a920a7892a255ba4f79debae35b7,p_15fb9ad217c300acdc38c0b0e94578e6,p_3dd478bd944ece2906a0c8e4425f63be,6,30695,14,11,1723,3356,25,5079,0.81446489656295817,165.46668838573058,203.16,0.56000000000000005,0.33924000787556607
r_82b01d262fb7b944801085ea93765c56,Direct browsing,d_1be06ce1b670864df8c500dc82b295ae,1,0,a_e7d8c038c18055500148c5915382bd98,a_cf31ba68046233719f1273a3a3789e72,p_33cf7a3973e8bb192c85caee4ed6bd46,p_d7195ebfc9c48d4a0beab7870d0eba9c,6,102,11,9,950,7487,20,8437,196.07843137254903,82715.686274509804,421.85000000000002,0.55000000000000004,0.11259926514163802
r_129d1882f0729bdac0365cf029525d5d,Direct browsing,d_1be06ce1b670864df8c500dc82b295ae,1,0,a_e7d8c038c18055500148c5915382bd98,a_01c27fc950d2f075d869a4d0acaa48ee,p_a7dabac4dcc918f706ddf671c5a6baae,p_3dd478bd944ece2906a0c8e4425f63be,6,1231,40,42,4106,46327,82,50433,66.612510154346054,40969.13078797725,615.03658536585363,0.48780487804878048,0.081414946562766446
r_823916a5532ff7afb2871ba56859b6de,Direct browsing,d_1be06ce1b670864df8c500dc82b295ae,1,0,a_e7d8c038c18055500148c5915382bd98,a_c4a45ca912701d85b2c25600e255b375,p_0c21fa57bbf3858ea9535a25a24175c8,p_3dd478bd944ece2906a0c8e4425f63be,6,27806,13,12,2119,6157,25,8276,0.89908652808746314,297.63360425807377,331.04000000000002,0.52000000000000002,0.25604156597390043
r_598862f2ebf179e76f8d1f397c45627f,Direct browsing,d_1be06ce1b670864df8c500dc82b295ae,1,0,a_e7d8c038c18055500148c5915382bd98,a_cf31ba68046233719f1273a3a3789e72,p_d703b9c80193290e0853da629fa0edcf,p_3dd478bd944ece2906a0c8e4425f63be,6,134,5,6,785,327,11,1112,82.089552238805965,8298.5074626865662,101.09090909090909,0.45454545454545453,0.7059352517985612
r_ef9edcc226b107e34899de7f98068b8f,Direct browsing,d_1be06ce1b670864df8c500dc82b295ae,1,0,a_e7d8c038c18055500148c5915382bd98,a_7a993f84e5d27a582e05a1c3821c1dfd,p_3b48f888f8cda1e3a0e5b75c2900f661,p_3dd478bd944ece2906a0c8e4425f63be,6,1428,10,11,1530,3842,21,5372,14.705882352941178,3761.9047619047619,255.8095238095238,0.47619047619047616,0.2848101265822785
r_07782577b840569538dab6b5f7f1f263,Direct browsing,d_1be06ce1b670864df8c500dc82b295ae,1,0,a_e7d8c038c18055500148c5915382bd98,a_cf31ba68046233719f1273a3a3789e72,p_abe12214bdb7c4a0c609d8e9ef1c6dae,p_3dd478bd944ece2906a0c8e4425f63be,6,128,13,14,1684,7201,27,8885,210.9375,69414.0625,329.07407407407408,0.48148148148148145,0.1895329206527856
r_7536bc80e99b18cc2328ef095bf8d3de,Direct browsing,d_1be06ce1b670864df8c500dc82b295ae,1,0,a_e7d8c038c18055500148c5915382bd98,a_8dcddb16df392fd9272a078edf01e1b0,p_af3eedc9cd7470d55f2f09ac08a69e71,p_3dd478bd944ece2906a0c8e4425f63be,6,27257,12,13,1666,6630,25,8296,0.91719558278607327,304.36218219173054,331.83999999999997,0.47999999999999998,0.20081967213114754
r_99ee4a4481b181c1568ccbb4f32843ce,Direct browsing,d_1be06ce1b670864df8c500dc82b295ae,1,0,a_e7d8c038c18055500148c5915382bd98,a_6385ce18b93a1e21a15880642387e419,p_bfd0b8b5597b5257c0e97f442a08b4f3,p_d7195ebfc9c48d4a0beab7870d0eba9c,6,531,7,6,850,3828,13,4678,24.482109227871938,8809.7928436911479,359.84615384615387,0.53846153846153844,0.18170158187259514
r_0ae8afd095acbdd868c0636a1d65ed56,Direct browsing,d_1be06ce1b670864df8c500dc82b295ae,1,0,a_e7d8c038c18055500148c5915382bd98,a_c768cf03bcc8571b20df780f5600a7dd,p_981f9a7b194f317be5ef65c50af54cab,p_3dd478bd944ece2906a0c8e4425f63be,6,849,15,14,1782,7088,29,8870,34.157832744405184,10447.585394581862,305.86206896551727,0.51724137931034486,0.20090191657271703
r_3986782ee5f90382a14ae2e788ee91bd,Direct browsing,d_1be06ce1b670864df8c500dc82b295ae,1,0,a_e7d8c038c18055500148c5915382bd98,a_86f5dea87cc1d8db91ca6d1b22f9aba4,p_2d6e5b95753dd5dd32da2dcfdbe28774,p_3dd478bd944ece2906a0c8e4425f63be,6,5731,11,10,1907,4375,21,6282,3.6642819752224742,1096.1437794451231,299.14285714285717,0.52380952380952384,0.30356574339382364
r_b05f5328e5dc6009a271e4efe3ac4049,Direct browsing,d_1be06ce1b670864df8c500dc82b295ae,1,0,a_e7d8c038c18055500148c5915382bd98,a_fea4b88ca10252a3551446195c073ff1,p_fe3ed9fb719e45daac68fec1e90111af,p_3dd478bd944ece2906a0c8e4425f63be,6,2287,23,28,2233,28289,51,30522,22.299956274595541,13345.86794927853,598.47058823529414,0.45098039215686275,0.073160343358888671
r_0a5c66eee952a30a241efe74f6045fe7,Direct browsing,d_1be06ce1b670864df8c500dc82b295ae,1,0,a_e7d8c038c18055500148c5915382bd98,a_cf31ba68046233719f1273a3a3789e72,p_d0bd69f8e8606dc3607001254116ddd1,p_3dd478bd944ece2906a0c8e4425f63be,6,28212,13,14,1695,7766,27,9461,0.95703955763504889,335.35375017722953,350.40740740740739,0.48148148148148145,0.17915653736391501
r_0f8f6b8d8f37fe575af6795f66f63897,Direct browsing,d_1be06ce1b670864df8c500dc82b295ae,1,0,a_e7d8c038c18055500148c5915382bd98,a_82b59772366e8b5e13f4182fe59f98bc,p_fca8f5aaf90996619ffed547ca86d75b,p_3dd478bd944ece2906a0c8e4425f63be,6,21379,15,17,1772,11914,32,13686,1.4967959212311146,640.16090556153233,427.6875,0.46875,0.12947537629694578
r_4e9e082cb215cf748977c857020716bf,Direct browsing,d_1be06ce1b670864df8c500dc82b295ae,1,0,a_e7d8c038c18055500148c5915382bd98,a_cf31ba68046233719f1273a3a3789e72,p_43f3817401816fc720c6a4d86f18f45c,p_3dd478bd944ece2906a0c8e4425f63be,6,15905,12,12,1625,7289,24,8914,1.5089594467148697,560.45268783401445,371.41666666666669,0.5,0.18229750953556204
r_3335f924022cb0215c5eaa10f3e712a0,Direct browsing,d_1be06ce1b670864df8c500dc82b295ae,1,0,a_e7d8c038c18055500148c5915382bd98,a_cf31ba68046233719f1273a3a3789e72,p_e6bc016efc05d8d74d54af633bea38bf,p_3dd478bd944ece2906a0c8e4425f63be,6,28616,12,15,1656,7423,27,9079,0.94352809616997491,317.27005870841487,336.25925925925924,0.44444444444444442,0.18239894261482542
r_604786fdf607757c62c74c3f68c17584,Direct browsing,d_1be06ce1b670864df8c500dc82b295ae,1,0,a_e7d8c038c18055500148c5915382bd98,a_5607307b9b9a0681912487688d94bd13,p_0a32eb87182ee5a1c521dd495ba8837a,p_3dd478bd944ece2906a0c8e4425f63be,6,30853,22,24,2214,10956,46,13170,1.4909409133633682,426.86286584772955,286.30434782608694,0.47826086956521741,0.16810933940774486
r_54767b154929dfb9000c8b6bcf9f6a46,Direct browsing,d_1be06ce1b670864df8c500dc82b295ae,1,0,a_e7d8c038c18055500148c5915382bd98,a_01c27fc950d2f075d869a4d0acaa48ee,p_6436ece7c3bb1662bae52d674ea052d7,p_3dd478bd944ece2906a0c8e4425f63be,6,873,34,37,2961,43352,71,46313,81.328751431844211,53050.400916380298,652.29577464788736,0.47887323943661969,0.063934532420702614
r_7a148710b9e4c889ee289c7d32f270c8,Direct browsing,d_1be06ce1b670864df8c500dc82b295ae,1,0,a_e7d8c038c18055500148c5915382bd98,a_c4a45ca912701d85b2c25600e255b375,p_fcea2f433a654b67ba856d76b3c3a478,p_3dd478bd944ece2906a0c8e4425f63be,6,824,20,20,2454,16499,40,18953,48.543689320388353,23001.213592233013,473.82499999999999,0.5,0.12947818287342372
r_a0a817b057ab6751c7d21277e8fc1846,Direct browsing,d_1be06ce1b670864df8c500dc82b295ae,1,0,a_e7d8c038c18055500148c5915382bd98,a_b57936916017fc66949b6e661c963d3a,p_484f10c098b80fc4d70fe76994d5cec8,p_3dd478bd944ece2906a0c8e4425f63be,6,700,23,22,2082,15365,45,17447,64.285714285714292,24924.285714285717,387.71111111111111,0.51111111111111107,0.11933283659081791
r_d6414348011510f8d8765a4399654bf5,Direct browsing,d_1be06ce1b670864df8c500dc82b295ae,1,0,a_e7d8c038c18055500148c5915382bd98,a_07c63542019aa418b5a848b5e44a7937,p_b29c72dd86e602fe8544f27d341c5b1e,p_3dd478bd944ece2906a0c8e4425f63be,6,1661,12,10,1582,4020,22,5602,13.245033112582782,3372.6670680313064,254.63636363636363,0.54545454545454541,0.28239914316315601
r_c391d2142178005539cc2836ea56dd68,Direct browsing,d_1be06ce1b670864df8c500dc82b295ae,1,0,a_e7d8c038c18055500148c5915382bd98,a_01c27fc950d2f075d869a4d0acaa48ee,p_8c5c0793ecf6e545b658b1f738fde7c3,p_3dd478bd944ece2906a0c8e4425f63be,6,772,34,38,2920,43402,72,46322,93.264248704663217,60002.590673575127,643.36111111111109,0.47222222222222221,0.063037001856569227
r_ac8eb34538ad94d8f6aa699053da04a5,Direct browsing,d_1be06ce1b670864df8c500dc82b295ae,1,0,a_e7d8c038c18055500148c5915382bd98,a_2f9327eb55447d1c7a94cf9133886a1b,p_a7e0af19af03b5e19a85b9c70ff919e6,p_3dd478bd944ece2906a0c8e4425f63be,6,291,2,1,100,60,3,160,10.309278350515465,549.82817869415805,53.333333333333336,0.66666666666666663,0.625
r_95c9f7fb150af013310297fe6a078d99,Direct browsing,d_1be06ce1b670864df8c500dc82b295ae,1,0,a_e7d8c038c18055500148c5915382bd98,a_cf31ba68046233719f1273a3a3789e72,p_feb83d1ba349bf6f64108f43d2550256,p_3dd478bd944ece2906a0c8e4425f63be,6,271,13,13,1689,7271,26,8960,95.940959409594086,33062.730627306271,344.61538461538464,0.5,0.1885044642857143
r_98bf7f1591c80e14797d55264fd26876,Direct browsing,d_1be06ce1b670864df8c500dc82b295ae,1,0,a_e7d8c038c18055500148c5915382bd98,a_cf31ba68046233719f1273a3a3789e72,p_b4dbef09863a7caba509b00cc18cd98e,p_3dd478bd944ece2906a0c8e4425f63be,6,106,6,6,849,327,12,1176,113.20754716981132,11094.33962264151,98,0.5,0.72193877551020413
r_c863ed262e2181deadfe470f97c5a072,Direct browsing,d_1be06ce1b670864df8c500dc82b295ae,1,0,a_e7d8c038c18055500148c5915382bd98,a_5607307b9b9a0681912487688d94bd13,p_83269ec9c6a644618b40c1c6aef30be0,p_3dd478bd944ece2906a0c8e4425f63be,6,89997,897,876,91810,483115,1773,574925,19.700656688556286,6388.268497838817,324.26677946982517,0.50592216582064298,0.15969039439926946
r_32ff16a7d47940aa85a247f0372b115b,Direct browsing,d_1be06ce1b670864df8c500dc82b295ae,1,0,a_e7d8c038c18055500148c5915382bd98,a_cf31ba68046233719f1273a3a3789e72,p_9989abf21f7b74dabf3abbffda72dc0e,p_d7195ebfc9c48d4a0beab7870d0eba9c,6,100,11,9,906,7355,20,8261,200,82610,413.05000000000001,0.55000000000000004,0.10967195254811767
r_38db478cd8ee2202fc4d93accc6c2eaa,Direct browsing,d_1be06ce1b670864df8c500dc82b295ae,1,0,a_e7d8c038c18055500148c5915382bd98,a_01c27fc950d2f075d869a4d0acaa48ee,p_ec33b7164049700502ab4bc5d1019e07,p_3dd478bd944ece2906a0c8e4425f63be,6,8160,45,40,4386,42206,85,46592,10.416666666666666,5709.8039215686276,548.14117647058822,0.52941176470588236,0.094136332417582416
r_bc7ab7f4035300f34502dd08be16ec58,Direct browsing,d_1be06ce1b670864df8c500dc82b295ae,1,0,a_e7d8c038c18055500148c5915382bd98,a_01c27fc950d2f075d869a4d0acaa48ee,p_957d19d2c420713fb5529c1b5256d174,p_3dd478bd944ece2906a0c8e4425f63be,6,843,41,37,3315,41742,78,45057,92.526690391459084,53448.39857651246,577.65384615384619,0.52564102564102566,0.073573473600106534
r_ddc7b9de47776bcb41438489e2dbe55d,Direct browsing,d_1be06ce1b670864df8c500dc82b295ae,1,0,a_e7d8c038c18055500148c5915382bd98,a_f1126bf22cdde3f5bb788d1cba620c62,p_adbe67446dfbed2b88bf874367e58260,p_3dd478bd944ece2906a0c8e4425f63be,6,1393,32,35,2433,41128,67,43561,48.097631012203877,31271.356783919597,650.16417910447763,0.47761194029850745,0.055852712288514954
r_593862c651b1c210a38a96dd61cba25b,Direct browsing,d_1be06ce1b670864df8c500dc82b295ae,1,0,a_e7d8c038c18055500148c5915382bd98,a_c32cf9917ab25ae63b0968cf28d8efd0,p_b7a0c41b6833ea2b823f53a4edb7926f,p_3dd478bd944ece2906a0c8e4425f63be,6,1237,14,16,1698,10174,30,11872,24.252223120452705,9597.4130962004838,395.73333333333335,0.46666666666666667,0.1430256064690027
r_bc4b56fd532792020241ed23b6a982b8,Direct browsing,d_1be06ce1b670864df8c500dc82b295ae,1,0,a_e7d8c038c18055500148c5915382bd98,a_7b50e9cfc842e44dfe894fd01374fb1e,p_24327a207109845256b6df6c6a25e754,p_3dd478bd944ece2906a0c8e4425f63be,6,724,33,33,2487,37201,66,39688,91.160220994475139,54817.679558011048,601.33333333333337,0.5,0.062663777464220929
r_60c8f65a2823e25e3fa2536283e01e75,Direct browsing,d_1be06ce1b670864df8c500dc82b295ae,1,0,a_e7d8c038c18055500148c5915382bd98,a_d8e8712503f435094c50b5e0e6c5217f,p_67108b3805c03a1eef6e4ad8d942bcf0,p_3dd478bd944ece2906a0c8e4425f63be,6,16477,18,26,2467,17522,44,19989,2.6703890271287247,1213.1455968926382,454.29545454545456,0.40909090909090912,0.12341787983390864
r_800992014ee82f405c30c0a4785cd0a0,Direct browsing,d_1be06ce1b670864df8c500dc82b295ae,1,0,a_e7d8c038c18055500148c5915382bd98,a_f2caf522ea4355feb3d60cec53d20850,p_5e8a9f196f233b06064597b2384e76dd,p_3dd478bd944ece2906a0c8e4425f63be,6,29700,12,11,1496,5036,23,6532,0.77441077441077444,219.93265993265993,284,0.52173913043478259,0.2290263319044703
r_0dbd024cbe7eb5d98369d251582b8a8e,Direct browsing,d_1be06ce1b670864df8c500dc82b295ae,1,0,a_e7d8c038c18055500148c5915382bd98,a_c7a2ae50c51b7a295f6aa50f36b2f85d,p_429db36d884e5a4fbe4cff85aec91455,p_3dd478bd944ece2906a0c8e4425f63be,6,2287,71,79,4204,96896,150,101100,65.588106689986887,44206.383909051161,674,0.47333333333333333,0.041582591493570721
r_f7db82591321e922e55e7473719e7cd3,Direct browsing,d_1be06ce1b670864df8c500dc82b295ae,1,0,a_e7d8c038c18055500148c5915382bd98,a_366f42f9a9f84aba743909ea0a906b67,p_676b00a0261e3444ffda102d5b47d198,p_3dd478bd944ece2906a0c8e4425f63be,6,379,12,13,1629,8049,25,9678,65.963060686015837,25535.62005277045,387.12,0.47999999999999998,0.16831990080595163
r_374423ca31f03f75bcd1ab11982a3701,Direct browsing,d_1be06ce1b670864df8c500dc82b295ae,1,0,a_e7d8c038c18055500148c5915382bd98,a_6471fa019dda5e7f84f18489414c89aa,p_12ca62fcc8205bbf5321c30901facf12,p_3dd478bd944ece2906a0c8e4425f63be,6,11246,18,21,1954,16843,39,18797,3.4678996976702825,1671.4387337720077,481.97435897435895,0.46153846153846156,0.10395275841889663
r_9ccc23be35f15ad2d51006aaa9033f3a,Direct browsing,d_1be06ce1b670864df8c500dc82b295ae,1,0,a_e7d8c038c18055500148c5915382bd98,a_cf31ba68046233719f1273a3a3789e72,p_7e89ea1405d921ab3bd126519ca0d92f,p_3dd478bd944ece2906a0c8e4425f63be,6,172,6,6,849,327,12,1176,69.767441860465127,6837.209302325582,98,0.5,0.72193877551020413
r_fe699aa499e7c38021d1436acbde9a3f,Direct browsing,d_1be06ce1b670864df8c500dc82b295ae,1,0,a_e7d8c038c18055500148c5915382bd98,a_328db9e0ba5abab0489af3c8705fbfd1,p_7bfc2b81065fa85076882cf2988de7af,p_3dd478bd944ece2906a0c8e4425f63be,6,26635,12,12,1625,4739,24,6364,0.90107002064952124,238.93373380889804,265.16666666666669,0.5,0.25534255185417976
r_0064d2c4a6450b9fb4e1a00073b4681a,Direct browsing,d_1be06ce1b670864df8c500dc82b295ae,1,0,a_e7d8c038c18055500148c5915382bd98,a_73a706ab3f8ca9c96ffe0ef3fe58425c,p_5a24b0a41b5a560510be8059ca0116d3,p_3dd478bd944ece2906a0c8e4425f63be,6,2014,31,37,2632,35917,68,38549,33.76365441906654,19140.516385302883,566.89705882352939,0.45588235294117646,0.068276738696204833
r_99fcee90f42f6ffe2a9ebb1053c7ae2d,Direct browsing,d_1be06ce1b670864df8c500dc82b295ae,1,0,a_e7d8c038c18055500148c5915382bd98,a_3941d821cae4e223ff9f97dfeadafe66,p_497d848416a27f37b1d568e99015d162,p_d7195ebfc9c48d4a0beab7870d0eba9c,6,30804,7,6,733,572,13,1305,0.42202311388131414,42.364627970393457,100.38461538461539,0.53846153846153844,0.56168582375478926
r_e9cf5411ac9a51b1e8684bb11aa50f92,Direct browsing,d_1be06ce1b670864df8c500dc82b295ae,1,0,a_e7d8c038c18055500148c5915382bd98,a_c3f243974f7d06a300bd9f7d74c4862d,p_278b37aa19adeb9bca750c68091c5676,p_3dd478bd944ece2906a0c8e4425f63be,6,315,12,12,1620,5789,24,7409,76.19047619047619,23520.634920634919,308.70833333333331,0.5,0.21865298960723445
r_91c7922c40458e885a10d3b12d6309f0,Direct browsing,d_1be06ce1b670864df8c500dc82b295ae,1,0,a_e7d8c038c18055500148c5915382bd98,a_cf31ba68046233719f1273a3a3789e72,p_192a8b517fdbc2612298943983352967,p_3dd478bd944ece2906a0c8e4425f63be,6,224,7,6,901,327,13,1228,58.035714285714285,5482.1428571428569,94.461538461538467,0.53846153846153844,0.73371335504885993
r_3486e7e4e86c749476a36252752886a3,Direct browsing,d_1be06ce1b670864df8c500dc82b295ae,1,0,a_e7d8c038c18055500148c5915382bd98,a_5eeaa29b957f7cb88139bd9c55a0aa35,p_640a152570ce06f6ac2dac46d302e851,p_d7195ebfc9c48d4a0beab7870d0eba9c,6,3103,4,0,240,0,4,240,1.2890750886239122,77.344505317434738,60,1,1
r_d0ec3ff91e92d702d7f16903d82a601b,Direct browsing,d_1be06ce1b670864df8c500dc82b295ae,1,0,a_e7d8c038c18055500148c5915382bd98,a_cf31ba68046233719f1273a3a3789e72,p_8c748b45e5e8df94b4310bd0d49a984f,p_d7195ebfc9c48d4a0beab7870d0eba9c,6,110,12,10,911,7380,22,8291,200,75372.727272727279,376.86363636363637,0.54545454545454541,0.1098781811602943
r_0b15e64e4c3c775dd566e1e2e0252f88,Direct browsing,d_1be06ce1b670864df8c500dc82b295ae,1,0,a_e7d8c038c18055500148c5915382bd98,a_cf31ba68046233719f1273a3a3789e72,p_3de2cbafd961886c6c183f12a264413a,p_3dd478bd944ece2906a0c8e4425f63be,6,154,5,5,785,275,10,1060,64.935064935064929,6883.1168831168834,106,0.5,0.74056603773584906
r_76c49ea316fae2c06b84c863b8b12ccf,Direct browsing,d_1be06ce1b670864df8c500dc82b295ae,1,0,a_e7d8c038c18055500148c5915382bd98,a_cf31ba68046233719f1273a3a3789e72,p_f15d999344810aa60805815940740329,p_d7195ebfc9c48d4a0beab7870d0eba9c,6,167,12,10,949,7380,22,8329,131.73652694610777,49874.251497005986,378.59090909090907,0.54545454545454541,0.11393924840917277
r_5f3feeeceb546ed0264872713773422d,Direct browsing,d_1be06ce1b670864df8c500dc82b295ae,1,0,a_e7d8c038c18055500148c5915382bd98,a_5607307b9b9a0681912487688d94bd13,p_fb16cf8c77173a94b3f3dc0cd6928a21,p_d7195ebfc9c48d4a0beab7870d0eba9c,6,21011,6,5,668,635,11,1303,0.52353529103802776,62.015134929322741,118.45454545454545,0.54545454545454541,0.51266308518802761
r_5e49b57eb08a0c95a47b809d671ee7f6,Direct browsing,d_1be06ce1b670864df8c500dc82b295ae,1,0,a_e7d8c038c18055500148c5915382bd98,a_b796ba3e8aff8a1dae0eadae5d0cea3b,p_a9e0d738e7107c8f2187a183a68935a7,p_3dd478bd944ece2906a0c8e4425f63be,6,23163,14,14,2314,5033,28,7347,1.2088244182532486,317.18689288952208,262.39285714285717,0.5,0.31495848645705732
r_3ecd77ca45a321e5490d3671c21230d3,Direct browsing,d_1be06ce1b670864df8c500dc82b295ae,1,0,a_e7d8c038c18055500148c5915382bd98,a_cf31ba68046233719f1273a3a3789e72,p_cee6d1c87711eb84fd86184a26cfe1ad,p_3dd478bd944ece2906a0c8e4425f63be,6,19303,12,13,1640,7267,25,8907,1.2951354711702843,461.4308656685489,356.27999999999997,0.47999999999999998,0.18412484562703491
r_ac7fc972fc043a3a621f8de812264b67,Direct browsing,d_1be06ce1b670864df8c500dc82b295ae,1,0,a_e7d8c038c18055500148c5915382bd98,a_cf31ba68046233719f1273a3a3789e72,p_ad6fd139f6dfd1931dc2f6f7225dcbea,p_d7195ebfc9c48d4a0beab7870d0eba9c,6,110,12,10,938,7377,22,8315,200,75590.909090909088,377.95454545454544,0.54545454545454541,0.11280817799158148
r_51a95450dcf039f462e29459359fec7b,Direct browsing,d_1be06ce1b670864df8c500dc82b295ae,1,0,a_e7d8c038c18055500148c5915382bd98,a_5607307b9b9a0681912487688d94bd13,p_bc4be923afce18a10e7ef0a7da8ecdb6,p_3dd478bd944ece2906a0c8e4425f63be,6,87521,487,414,69960,448932,901,518892,10.294672135830258,5928.7713805829453,575.90677025527191,0.5405105438401776,0.13482574408547443
r_1c34f9886cb288939a0101b53d6c9e44,Direct browsing,d_1be06ce1b670864df8c500dc82b295ae,1,0,a_e7d8c038c18055500148c5915382bd98,a_cf31ba68046233719f1273a3a3789e72,p_d2b8ef64adf6b61d9527325bd3fa84cf,p_3dd478bd944ece2906a0c8e4425f63be,6,23741,13,16,1688,7422,29,9110,1.2215155216713702,383.72435870435112,314.13793103448273,0.44827586206896552,0.18529088913282107
r_6a9f9f5f7e0024092435dc87722eee4f,Direct browsing,d_1be06ce1b670864df8c500dc82b295ae,1,0,a_e7d8c038c18055500148c5915382bd98,a_cf31ba68046233719f1273a3a3789e72,p_2e3980f4e850d5ee75b58504e346ca85,p_d7195ebfc9c48d4a0beab7870d0eba9c,6,58,11,9,917,7334,20,8251,344.82758620689651,142258.62068965516,412.55000000000001,0.55000000000000004,0.11113804387346989
r_aaa06d7ae7e1e166a38f4afbcd78b47a,Direct browsing,d_1be06ce1b670864df8c500dc82b295ae,1,0,a_e7d8c038c18055500148c5915382bd98,a_cf31ba68046233719f1273a3a3789e72,p_88e120727cc5898ea07daa0f0447515c,p_3dd478bd944ece2906a0c8e4425f63be,6,26709,12,13,1641,7288,25,8929,0.93601407765172795,334.30678797409115,357.16000000000003,0.47999999999999998,0.18378317840743644
r_f802ca35bde010533d78850fe4c0cb9e,Direct browsing,d_1be06ce1b670864df8c500dc82b295ae,1,0,a_e7d8c038c18055500148c5915382bd98,a_cf31ba68046233719f1273a3a3789e72,p_d17379d85297d42589b153afeac04586,p_3dd478bd944ece2906a0c8e4425f63be,6,93,5,5,785,275,10,1060,107.52688172043011,11397.849462365592,106,0.5,0.74056603773584906
r_4621f9c7c128b1d541af2b7d8c686159,Direct browsing,d_1be06ce1b670864df8c500dc82b295ae,1,0,a_e7d8c038c18055500148c5915382bd98,a_cf31ba68046233719f1273a3a3789e72,p_dc7a79a4806569c409b5059951ca8c28,p_d7195ebfc9c48d4a0beab7870d0eba9c,6,120,11,9,917,7337,20,8254,166.66666666666669,68783.333333333343,412.69999999999999,0.55000000000000004,0.11109764962442452
r_14f84dcb460fd3a86351540b195c11ca,Direct browsing,d_1be06ce1b670864df8c500dc82b295ae,1,0,a_e7d8c038c18055500148c5915382bd98,a_cf31ba68046233719f1273a3a3789e72,p_fe737dd7b2cebed7d0433274790d47e5,p_3dd478bd944ece2906a0c8e4425f63be,6,19761,12,13,1622,7270,25,8892,1.2651181620363343,449.97722787308334,355.68000000000001,0.47999999999999998,0.18241115609536662
r_6d66e327f18737834ded0a9522e1ed62,Direct browsing,d_1be06ce1b670864df8c500dc82b295ae,1,0,a_e7d8c038c18055500148c5915382bd98,a_cf31ba68046233719f1273a3a3789e72,p_a3339fde9298fb412e871f3567e1e84f,p_3dd478bd944ece2906a0c8e4425f63be,6,138,5,5,785,275,10,1060,72.463768115942017,7681.1594202898541,106,0.5,0.74056603773584906
r_9ba1acc641ac762f1b7776e12e4f97d3,Direct browsing,d_1be06ce1b670864df8c500dc82b295ae,1,0,a_e7d8c038c18055500148c5915382bd98,a_b1c74cc3374aede0181cb7017200a937,p_b4754ec54d5a31e42967c178caac98fc,p_d7195ebfc9c48d4a0beab7870d0eba9c,6,795,6,4,407,405,10,812,12.578616352201257,1021.3836477987421,81.200000000000003,0.59999999999999998,0.50123152709359609
r_09e7658f0d4ebf84686c096f25eba9ca,Direct browsing,d_1be06ce1b670864df8c500dc82b295ae,1,0,a_e7d8c038c18055500148c5915382bd98,a_01c27fc950d2f075d869a4d0acaa48ee,p_67ea25a5d1ea9f25653568691ab066c8,p_3dd478bd944ece2906a0c8e4425f63be,6,1005,34,38,2947,42988,72,45935,71.641791044776127,45706.467661691546,637.98611111111109,0.47222222222222221,0.064155872428431474
r_e0440649e4577185df2134edd49d76d4,Direct browsing,d_1be06ce1b670864df8c500dc82b295ae,1,0,a_e7d8c038c18055500148c5915382bd98,a_ae24b0be3ac0b79a46aa66df1dfb3440,p_c6c8c210ca64bd8cbd13b0b0e6987d9a,p_3dd478bd944ece2906a0c8e4425f63be,6,20001,13,17,1662,10132,30,11794,1.4999250037498124,589.67051647417622,393.13333333333333,0.43333333333333335,0.14091911141258268
r_d4b7067c2d6614c03a9f55f4ccc5d8a6,Direct browsing,d_1be06ce1b670864df8c500dc82b295ae,1,0,a_e7d8c038c18055500148c5915382bd98,a_e26ebc8f66dc2a068e15783a09c1a4cb,p_912cee80ba28212ad02479aec886959a,p_3dd478bd944ece2906a0c8e4425f63be,6,160469,71,69,10183,4878,140,15061,0.87244265247493291,93.856134206606882,107.57857142857142,0.50714285714285712,0.67611712369696564
r_fa82f4e062921b84d25746013418b46f,Direct browsing,d_1be06ce1b670864df8c500dc82b295ae,1,0,a_e7d8c038c18055500148c5915382bd98,a_07c63542019aa418b5a848b5e44a7937,p_06380caa0d226ea1c4df4f72774e61bc,p_d7195ebfc9c48d4a0beab7870d0eba9c,6,664,6,4,670,2031,10,2701,15.060240963855421,4067.7710843373493,270.10000000000002,0.59999999999999998,0.24805627545353573
r_e0d5016b3c1715a5e8578c0302098efe,Direct browsing,d_1be06ce1b670864df8c500dc82b295ae,1,0,a_e7d8c038c18055500148c5915382bd98,a_5607307b9b9a0681912487688d94bd13,p_06f6513f5f5b8ece9d47defd7532cbf1,p_3dd478bd944ece2906a0c8e4425f63be,6,88435,795,848,86169,470262,1643,556431,18.578617063379884,6291.9771583649008,338.66768107121118,0.4838709677419355,0.15486017134199928
r_730faaa0aeeaa470300d6c391527553b,Direct browsing,d_1be06ce1b670864df8c500dc82b295ae,1,0,a_e7d8c038c18055500148c5915382bd98,a_69ce22d55cd8be8c6a89c0d3a24eb5b9,p_6ed5de88556083c606dfeeb584c6ee99,p_d7195ebfc9c48d4a0beab7870d0eba9c,6,208,1,1,60,40,2,100,9.615384615384615,480.76923076923077,50,0.5,0.59999999999999998
r_2ca559d42918aa0a95c4448bf0294361,Direct browsing,d_1be06ce1b670864df8c500dc82b295ae,1,0,a_e7d8c038c18055500148c5915382bd98,a_48f73194721a6f0ff1b4710af47d350e,p_3653b77744a6a6e95a56f77061721929,p_3dd478bd944ece2906a0c8e4425f63be,6,291,55,63,3691,76378,118,80069,405.49828178694162,275151.20274914091,678.55084745762713,0.46610169491525422,0.046097740698647416
r_b4a4ecedf2075e702d904b72ad5f5260,Direct browsing,d_1be06ce1b670864df8c500dc82b295ae,1,0,a_e7d8c038c18055500148c5915382bd98,a_5607307b9b9a0681912487688d94bd13,p_b3d5ea9b8854a3ab290d2ce936a8f4c3,p_3dd478bd944ece2906a0c8e4425f63be,6,94887,842,886,88398,484726,1728,573124,18.211135350469505,6040.0687133116235,331.66898148148147,0.48726851851851855,0.1542388732630286
r_ed6872dc88681e35d0ae9b632ca7118b,Direct browsing,d_1be06ce1b670864df8c500dc82b295ae,1,0,a_e7d8c038c18055500148c5915382bd98,a_a21ae5409cea66480cdc502ca625a703,p_19656663aaf9599b6f9a3afa170698ad,p_3dd478bd944ece2906a0c8e4425f63be,6,273,44,47,2893,55484,91,58377,333.33333333333331,213835.16483516482,641.50549450549454,0.48351648351648352,0.049557188618805349
r_ad562e0f92e6b07eae819206740d1dd7,Direct browsing,d_1be06ce1b670864df8c500dc82b295ae,1,0,a_e7d8c038c18055500148c5915382bd98,a_3c49b6ed36e58897b1259f46cbd0a5f8,p_9a7b379926e949828c88410df9c32662,p_1239ed2e7e41d197d93a326176df63b2,17,0,1,0,30,0,1,30,,,30,1,1
r_b28d99ebeade0e01cb2a9dd95bc19df0,Direct browsing,d_1be06ce1b670864df8c500dc82b295ae,1,0,a_e7d8c038c18055500148c5915382bd98,a_9e159c3325383594aa888bad6bc27a88,p_e7b80e666f1eacd4c320de393f488e07,p_3dd478bd944ece2906a0c8e4425f63be,6,1302,40,44,2887,48416,84,51303,64.516129032258064,39403.225806451614,610.75,0.47619047619047616,0.056273512270237608
r_280b6d7767ff1738282c30b924908452,Direct browsing,d_1be06ce1b670864df8c500dc82b295ae,1,0,a_e7d8c038c18055500148c5915382bd98,a_01c27fc950d2f075d869a4d0acaa48ee,p_bd898a71d4e5c95b3151c02ac2c3314d,p_3dd478bd944ece2906a0c8e4425f63be,6,922,34,38,2951,42952,72,45903,78.091106290672442,49786.33405639913,637.54166666666663,0.47222222222222221,0.064287737184933441
r_f093a6b377bfecd407d0d0dfee1544bb,Direct browsing,d_1be06ce1b670864df8c500dc82b295ae,1,0,a_e7d8c038c18055500148c5915382bd98,a_811bb762244b2bd3594b46a66bb96b64,p_dacc44b3749c3cebb2de9d29d1cc19b4,p_3dd478bd944ece2906a0c8e4425f63be,6,265,15,12,2152,5239,27,7391,101.88679245283018,27890.566037735847,273.74074074074076,0.55555555555555558,0.29116493032066026
r_a6d3b8ce53c421992547a07deb4ee337,Direct browsing,d_1be06ce1b670864df8c500dc82b295ae,1,0,a_e7d8c038c18055500148c5915382bd98,a_01c27fc950d2f075d869a4d0acaa48ee,p_3a1c97551be552f33e91c41ecdfcd461,p_3dd478bd944ece2906a0c8e4425f63be,6,1074,26,22,2713,22219,48,24932,44.692737430167597,23214.15270018622,519.41666666666663,0.54166666666666663,0.10881597946414247
r_07a4ba345eedaa5d835509f98adea7cd,Direct browsing,d_1be06ce1b670864df8c500dc82b295ae,1,0,a_e7d8c038c18055500148c5915382bd98,a_01c27fc950d2f075d869a4d0acaa48ee,p_9e7d0b6a8efeb6be8aa47898345d43c3,p_3dd478bd944ece2906a0c8e4425f63be,6,864,33,37,2894,41928,70,44822,81.018518518518519,51877.314814814818,640.31428571428569,0.47142857142857142,0.064566507518629246
r_ffc626158fd005a19de3be3f620937ac,Direct browsing,d_1be06ce1b670864df8c500dc82b295ae,1,0,a_e7d8c038c18055500148c5915382bd98,a_811bb762244b2bd3594b46a66bb96b64,p_7da9dbf91bc73279fabd70b3a327b5c2,p_3dd478bd944ece2906a0c8e4425f63be,6,1364,26,29,2735,26101,55,28836,40.322580645161288,21140.762463343108,524.29090909090905,0.47272727272727272,0.094846719378554586
r_cc9624621e35bf422dcbd0addc3dfecc,Direct browsing,d_1be06ce1b670864df8c500dc82b295ae,1,0,a_e7d8c038c18055500148c5915382bd98,a_01c27fc950d2f075d869a4d0acaa48ee,p_86038eff6f1dc23bf7470ea0ea19296a,p_3dd478bd944ece2906a0c8e4425f63be,6,1065,34,38,2951,41732,72,44683,67.605633802816911,41955.86854460094,620.59722222222217,0.47222222222222221,0.066043014121701771
r_722eeaddbc1292b49f6dfbdc1d8fc89d,Direct browsing,d_1be06ce1b670864df8c500dc82b295ae,1,0,a_e7d8c038c18055500148c5915382bd98,a_5607307b9b9a0681912487688d94bd13,p_60f9b828b27054e5381aeea83a180eb1,p_3dd478bd944ece2906a0c8e4425f63be,6,58068,281,276,28920,150840,557,179760,9.5922022456430387,3095.680925811118,322.72890484739679,0.50448833034111307,0.16088117489986647
r_fab278ffe7dda35216439452988991c1,Direct browsing,d_1be06ce1b670864df8c500dc82b295ae,1,0,a_e7d8c038c18055500148c5915382bd98,a_e5d316882902b3fdd4912e21a51a4af2,p_270f6ec6e08291a1ce3fa92e4f010bc9,p_3dd478bd944ece2906a0c8e4425f63be,6,1202,20,24,1809,20793,44,22602,36.605657237936775,18803.660565723796,513.68181818181813,0.45454545454545453,0.080037164852667902
r_fd6dcbfe5d9ce0db235f84d9aa74ca77,Direct browsing,d_1be06ce1b670864df8c500dc82b295ae,1,0,a_e7d8c038c18055500148c5915382bd98,a_01c27fc950d2f075d869a4d0acaa48ee,p_5382fbfa836a5647604c131d6d11bc23,p_3dd478bd944ece2906a0c8e4425f63be,6,1270,40,43,4068,46248,83,50316,65.354330708661422,39618.897637795279,606.2168674698795,0.48192771084337349,0.080849034104459816
r_3ba4cecf0798f17c997b1cbb304741c0,Direct browsing,d_1be06ce1b670864df8c500dc82b295ae,1,0,a_e7d8c038c18055500148c5915382bd98,a_cf31ba68046233719f1273a3a3789e72,p_5dc373be087b343cbe40c0eb681b7ccb,p_3dd478bd944ece2906a0c8e4425f63be,6,144,6,6,849,327,12,1176,83.333333333333343,8166.666666666667,98,0.5,0.72193877551020413
r_c4b0304870807fef4f25e664bd5f7cf6,Direct browsing,d_1be06ce1b670864df8c500dc82b295ae,1,0,a_e7d8c038c18055500148c5915382bd98,a_01c27fc950d2f075d869a4d0acaa48ee,p_f343ca55e4c8b953449b3efdbcd13d33,p_3dd478bd944ece2906a0c8e4425f63be,6,1190,32,28,2958,30164,60,33122,50.420168067226896,27833.613445378152,552.0333333333333,0.53333333333333333,0.089306201316345632
r_c25d8b2abff8dd1e0b42d8acf72d54b7,Direct browsing,d_1be06ce1b670864df8c500dc82b295ae,1,0,a_e7d8c038c18055500148c5915382bd98,a_369b6a93c0655b80d03e9f482dd3c418,p_caee7613a7c7c4146ff7e1836e929d62,p_3dd478bd944ece2906a0c8e4425f63be,6,292,51,64,3380,76499,115,79879,393.83561643835617,273558.21917808219,694.60000000000002,0.44347826086956521,0.042313999924886388
r_a7f00c0f846ccf5a5696e5c12c21cb2c,Direct browsing,d_1be06ce1b670864df8c500dc82b295ae,1,0,a_e7d8c038c18055500148c5915382bd98,a_5607307b9b9a0681912487688d94bd13,p_54c4d7c26fb758ecc10dd314ba2fc36c,p_3dd478bd944ece2906a0c8e4425f63be,6,37860,49,49,4898,24299,98,29197,2.5884838880084522,771.18330692023244,297.92857142857144,0.5,0.16775696133164367
r_317ae215a09bd00f0dd51caf4bd4b6dc,Direct browsing,d_1be06ce1b670864df8c500dc82b295ae,1,0,a_e7d8c038c18055500148c5915382bd98,a_b89bb3545215efef3917806aef565228,p_c378ebba50c135582729b2a138fcd8b8,p_3dd478bd944ece2906a0c8e4425f63be,6,358,24,25,1987,24434,49,26421,136.87150837988827,73801.675977653635,539.20408163265301,0.48979591836734693,0.07520532909428107
r_08460a90817d4521f33794a208f98d36,Direct browsing,d_1be06ce1b670864df8c500dc82b295ae,1,0,a_e7d8c038c18055500148c5915382bd98,a_01c27fc950d2f075d869a4d0acaa48ee,p_52259e09542644807f1bcd88a54c5811,p_3dd478bd944ece2906a0c8e4425f63be,6,879,43,38,3405,42936,81,46341,92.150170648464169,52720.136518771331,572.11111111111109,0.53086419753086422,0.073477050559979287
r_9b61c1a910ed09a5aee3d6ae0930a16c,Direct browsing,d_1be06ce1b670864df8c500dc82b295ae,1,0,a_e7d8c038c18055500148c5915382bd98,a_9c3d3f3266e7ea94ddce28cade70ef4b,p_c490639daad3586f6a6da8d30d910fb0,p_3dd478bd944ece2906a0c8e4425f63be,6,32312,14,15,2144,8608,29,10752,0.89749938103490967,332.75563258232239,370.75862068965517,0.48275862068965519,0.19940476190476192
r_d58a6976f980487aa3c48d327df384d5,Direct browsing,d_1be06ce1b670864df8c500dc82b295ae,1,0,a_e7d8c038c18055500148c5915382bd98,a_cf31ba68046233719f1273a3a3789e72,p_4b4c33636ec48c794a6efeac9603ff9a,p_3dd478bd944ece2906a0c8e4425f63be,6,111,5,5,785,275,10,1060,90.090090090090087,9549.5495495495488,106,0.5,0.74056603773584906
r_29d54196537b5573724fb5f6537d3138,Direct browsing,d_1be06ce1b670864df8c500dc82b295ae,1,0,a_e7d8c038c18055500148c5915382bd98,a_58d51897b7ce8601bb54dcabd6fc1a10,p_5e8a90f47685e7be86afa8f40fbbcb24,p_3dd478bd944ece2906a0c8e4425f63be,6,312,12,15,1750,6705,27,8455,86.538461538461533,27099.358974358973,313.14814814814815,0.44444444444444442,0.20697811945594322
r_9b377e75650d704aef434386f9673db6,Direct browsing,d_1be06ce1b670864df8c500dc82b295ae,1,0,a_e7d8c038c18055500148c5915382bd98,a_9cf287ddb52a6b0688838b0798804a37,p_7d38b22c933467d9b1024614b32b51c6,p_3dd478bd944ece2906a0c8e4425f63be,6,271,80,91,4481,111458,171,115939,630.99630996309963,427819.18819188187,678.0058479532164,0.46783625730994149,0.038649634721707106
r_686f85e1bfbbf4310282e1e7005a64c2,Direct browsing,d_1be06ce1b670864df8c500dc82b295ae,1,0,a_e7d8c038c18055500148c5915382bd98,a_01c27fc950d2f075d869a4d0acaa48ee,p_26b41b9964a83bb00d2d6dd5eda1db90,p_3dd478bd944ece2906a0c8e4425f63be,6,951,31,32,2831,35460,63,38291,66.246056782334392,40263.932702418511,607.79365079365084,0.49206349206349204,0.073933822569272153
r_1bc307d98d846d3f1d55c124680e16d0,Direct browsing,d_1be06ce1b670864df8c500dc82b295ae,1,0,a_e7d8c038c18055500148c5915382bd98,a_01c27fc950d2f075d869a4d0acaa48ee,p_343f9d18857d5bdeca6ae6c24fe6f604,p_3dd478bd944ece2906a0c8e4425f63be,6,979,33,37,2891,42886,70,45777,71.501532175689476,46758.937691521962,653.95714285714291,0.47142857142857142,0.063153985625969369
r_4fe5d46ab256e9dd0c8520c1cdca7684,Direct browsing,d_1be06ce1b670864df8c500dc82b295ae,1,0,a_e7d8c038c18055500148c5915382bd98,a_01c27fc950d2f075d869a4d0acaa48ee,p_662ef816727523ae2830b70666750403,p_3dd478bd944ece2906a0c8e4425f63be,6,832,41,36,3315,39101,77,42416,92.548076923076934,50980.769230769234,550.85714285714289,0.53246753246753242,0.078154470011316479
r_59fe276ed76e9bee7d197a81dfa09fcb,Direct browsing,d_1be06ce1b670864df8c500dc82b295ae,1,0,a_e7d8c038c18055500148c5915382bd98,a_01c27fc950d2f075d869a4d0acaa48ee,p_9302b209143bc261fe369acde4787e96,p_3dd478bd944ece2906a0c8e4425f63be,6,897,34,38,2958,41841,72,44799,80.267558528428097,49943.14381270903,622.20833333333337,0.47222222222222221,0.066028259559365171
r_85465f6500ecbb5527a2414b64be90ad,Direct browsing,d_1be06ce1b670864df8c500dc82b295ae,1,0,a_e7d8c038c18055500148c5915382bd98,a_a2fbbf3a66c960a9aa303ce2d14eed58,p_79c4fbe6567ed42d1293a888157b1f35,p_3dd478bd944ece2906a0c8e4425f63be,6,1752,20,25,2044,24105,45,26149,25.684931506849313,14925.228310502283,581.08888888888885,0.44444444444444442,0.078167425140540744
r_2006461c9ecd2a7a00480a48e2f433f9,Direct browsing,d_1be06ce1b670864df8c500dc82b295ae,1,0,a_e7d8c038c18055500148c5915382bd98,a_90b052ad3bf68a05a3fff3aa114b63c7,p_eea14597a704552558c3c113962d2955,p_3dd478bd944ece2906a0c8e4425f63be,6,25260,13,11,1677,4435,24,6112,0.95011876484560565,241.9635787806809,254.66666666666666,0.54166666666666663,0.2743782722513089
r_1349c6c69af90a181348a1d7f9bc23af,Direct browsing,d_1be06ce1b670864df8c500dc82b295ae,1,0,a_e7d8c038c18055500148c5915382bd98,a_cf31ba68046233719f1273a3a3789e72,p_1386a71f8d84b60998c7060a5b605ea8,p_3dd478bd944ece2906a0c8e4425f63be,6,157,6,6,849,327,12,1176,76.433121019108285,7490.4458598726114,98,0.5,0.72193877551020413
r_de33558469e831b538465501f01c5f25,Direct browsing,d_1be06ce1b670864df8c500dc82b295ae,1,0,a_e7d8c038c18055500148c5915382bd98,a_c9dd2e66c0fccf0c61a54091bde2dfb2,p_8b6d184bbc8f89fa6ba6b2904d65d6fa,p_3dd478bd944ece2906a0c8e4425f63be,6,2444,20,27,2563,23368,47,25931,19.23076923076923,10610.065466448445,551.72340425531911,0.42553191489361702,0.09883922717982338
r_ad61a34c69a4ff5051e7d118f5158ab7,Direct browsing,d_1be06ce1b670864df8c500dc82b295ae,1,0,a_e7d8c038c18055500148c5915382bd98,a_1a42e59446287044b57b26b51e66df0d,p_6a8f3c5659347b690cebafd21e97c858,p_3dd478bd944ece2906a0c8e4425f63be,6,24703,14,14,1751,7503,28,9254,1.1334655709832815,374.61037120997452,330.5,0.5,0.18921547438945321
r_ea64121fbf9b2009610683c2f069b22b,Direct browsing,d_1be06ce1b670864df8c500dc82b295ae,1,0,a_e7d8c038c18055500148c5915382bd98,a_01c27fc950d2f075d869a4d0acaa48ee,p_d3cf294de374088158e2254ec43d1cd4,p_3dd478bd944ece2906a0c8e4425f63be,6,1244,40,43,4091,46271,83,50362,66.720257234726688,40483.922829581992,606.77108433734941,0.48192771084337349,0.081231881180254956
r_009f4debb8d818c417bff70215391e0c,Direct browsing,d_1be06ce1b670864df8c500dc82b295ae,1,0,a_e7d8c038c18055500148c5915382bd98,a_01c27fc950d2f075d869a4d0acaa48ee,p_8581f32a73a9af135700923ab3e4ee9d,p_3dd478bd944ece2906a0c8e4425f63be,6,896,36,39,3831,41778,75,45609,83.705357142857139,50902.901785714283,608.12,0.47999999999999998,0.083996579622442932
r_faec6f54e3a81ad27b1c8c3ada8c885f,Direct browsing,d_1be06ce1b670864df8c500dc82b295ae,1,0,a_e7d8c038c18055500148c5915382bd98,a_01c27fc950d2f075d869a4d0acaa48ee,p_584da6efe3c8af5cb9acbd1dce6ed30c,p_3dd478bd944ece2906a0c8e4425f63be,6,860,36,39,3018,43061,75,46079,87.20930232558139,53580.232558139534,614.38666666666666,0.47999999999999998,0.065496213025456287
r_06c3afe818ec29476c69f05946e51a7c,Direct browsing,d_1be06ce1b670864df8c500dc82b295ae,1,0,a_e7d8c038c18055500148c5915382bd98,a_2a802f455d7da83004b20b79d5b3b865,p_0f8b793c9dd787fa0cf327807ff1fc60,p_3dd478bd944ece2906a0c8e4425f63be,6,3012,11,11,1579,4215,22,5794,7.3041168658698536,1923.6387782204515,263.36363636363637,0.5,0.27252329996548152
r_6dfb7ee4de671b316ac0c35d0fce7382,Direct browsing,d_1be06ce1b670864df8c500dc82b295ae,1,0,a_e7d8c038c18055500148c5915382bd98,a_9b3151c587fb9f2302ffe2b703ef3467,p_c0837ce7b43173d99813253a0197c7d0,p_3dd478bd944ece2906a0c8e4425f63be,6,870,21,24,3081,19332,45,22413,51.724137931034484,25762.068965517243,498.06666666666666,0.46666666666666667,0.13746486414134654
r_a13eec773c56026fdfe08d066890962d,Direct browsing,d_1be06ce1b670864df8c500dc82b295ae,1,0,a_e7d8c038c18055500148c5915382bd98,a_01c27fc950d2f075d869a4d0acaa48ee,p_9ede25f22f148a155563ed5ea3fe8e0b,p_3dd478bd944ece2906a0c8e4425f63be,6,898,42,38,3364,42630,80,45994,89.086859688195986,51218.262806236082,574.92499999999995,0.52500000000000002,0.073139974779319036
r_c1f28505b924fc6bf093c31dff7927bd,Direct browsing,d_1be06ce1b670864df8c500dc82b295ae,1,0,a_e7d8c038c18055500148c5915382bd98,a_af3958956327b132930f2b828dcca28f,p_a9e1e9961c432eef94a190e9501d11b9,p_3dd478bd944ece2906a0c8e4425f63be,6,1048,59,71,3764,86327,130,90091,124.04580152671755,85964.694656488544,693.00769230769231,0.45384615384615384,0.041779978022221977
r_3da9d9574513dd362ee822ad005a1395,Direct browsing,d_1be06ce1b670864df8c500dc82b295ae,1,0,a_e7d8c038c18055500148c5915382bd98,a_01c27fc950d2f075d869a4d0acaa48ee,p_a225f36d24d1b644f247ff219afe8229,p_3dd478bd944ece2906a0c8e4425f63be,6,847,34,38,2938,43404,72,46342,85.005903187721373,54713.105076741442,643.63888888888891,0.47222222222222221,0.063398213283846191
r_1091672569637237d4578c2c4ea9f109,Direct browsing,d_1be06ce1b670864df8c500dc82b295ae,1,0,a_e7d8c038c18055500148c5915382bd98,a_cda1f7ba033b36daff269dd92705a555,p_1cbace6d9685b5ed5197ee6391bcf184,p_3dd478bd944ece2906a0c8e4425f63be,6,16055,13,16,1671,9917,29,11588,1.8062908751167861,721.76891933976958,399.58620689655174,0.44827586206896552,0.14420089748015189
r_e4c26fda80360130fa44e328f9ebda45,Direct browsing,d_1be06ce1b670864df8c500dc82b295ae,1,0,a_e7d8c038c18055500148c5915382bd98,a_01c27fc950d2f075d869a4d0acaa48ee,p_1147249366b41338711af3c7c09b699f,p_3dd478bd944ece2906a0c8e4425f63be,6,1099,44,39,3449,41194,83,44643,75.52320291173794,40621.47406733394,537.86746987951813,0.53012048192771088,0.077257352776471111
r_fd0a779e5e864dc5ed6d02a9706591fd,Direct browsing,d_1be06ce1b670864df8c500dc82b295ae,1,0,a_e7d8c038c18055500148c5915382bd98,a_01c27fc950d2f075d869a4d0acaa48ee,p_385df9f23575985024201553d4860374,p_3dd478bd944ece2906a0c8e4425f63be,6,881,43,38,3403,42942,81,46345,91.940976163450628,52604.994324631101,572.16049382716051,0.53086419753086422,0.073427554212967955
r_6a149090bb38e634aab661640bc3cb9b,Direct browsing,d_1be06ce1b670864df8c500dc82b295ae,1,0,a_e7d8c038c18055500148c5915382bd98,a_c9dd2e66c0fccf0c61a54091bde2dfb2,p_8b9b9fcfe95107e7a2ce9bcb08a08259,p_3dd478bd944ece2906a0c8e4425f63be,6,2577,25,30,2767,27828,55,30595,21.342646488164533,11872.33216918898,556.27272727272725,0.45454545454545453,0.090439614316064718
r_b8abf9adcf730269f758b9fa72955cd5,Direct browsing,d_1be06ce1b670864df8c500dc82b295ae,1,0,a_e7d8c038c18055500148c5915382bd98,a_98b83c7d111c6ea391935510a9e862fa,p_9d21799304674885dd796cdecc10f433,p_3dd478bd944ece2906a0c8e4425f63be,6,24736,16,16,1869,9174,32,11043,1.2936610608020698,446.43434670116426,345.09375,0.5,0.16924748709589785
r_1322586831e641734d50ddccdcadf78d,Direct browsing,d_1be06ce1b670864df8c500dc82b295ae,1,0,a_e7d8c038c18055500148c5915382bd98,a_01c27fc950d2f075d869a4d0acaa48ee,p_3c613841da1fc667f27791f36734af9a,p_3dd478bd944ece2906a0c8e4425f63be,6,929,34,37,2957,41756,71,44713,76.426264800861134,48130.2475780409,629.76056338028172,0.47887323943661969,0.066132892000089455
r_3ee8083d0f37240655b645ed2bfefa89,Direct browsing,d_1be06ce1b670864df8c500dc82b295ae,1,0,a_e7d8c038c18055500148c5915382bd98,a_01c27fc950d2f075d869a4d0acaa48ee,p_992f7911e98790c0503da93dc935ae3c,p_3dd478bd944ece2906a0c8e4425f63be,6,940,44,39,3474,43097,83,46571,88.297872340425542,49543.617021276601,561.09638554216872,0.53012048192771088,0.074595778488759104
r_a58ebe7171fe70afc9b56ffbbe82abd9,Direct browsing,d_1be06ce1b670864df8c500dc82b295ae,1,0,a_e7d8c038c18055500148c5915382bd98,a_c6524ed496a90ff6fb0da6a7fddf74ba,p_f802ecddc757489f72e792902bcd7450,p_3dd478bd944ece2906a0c8e4425f63be,6,28381,19,14,2921,6217,33,9138,1.1627497269299885,321.97596983897677,276.90909090909093,0.5757575757575758,0.31965419128912237
r_c956672dc91cc75a782d33b8f67f87cf,Direct browsing,d_1be06ce1b670864df8c500dc82b295ae,1,0,a_e7d8c038c18055500148c5915382bd98,a_cf31ba68046233719f1273a3a3789e72,p_e8f6005be180d681cdbc0f1dbec42f28,p_3dd478bd944ece2906a0c8e4425f63be,6,165,5,6,785,327,11,1112,66.666666666666657,6739.393939393939,101.09090909090909,0.45454545454545453,0.7059352517985612
r_2afbcf8f65d1704539503dce137e1350,Direct browsing,d_1be06ce1b670864df8c500dc82b295ae,1,0,a_e7d8c038c18055500148c5915382bd98,a_cf31ba68046233719f1273a3a3789e72,p_03af9ca8a61a949481e9ba52880c661c,p_3dd478bd944ece2906a0c8e4425f63be,6,469,7,6,901,327,13,1228,27.718550106609811,2618.3368869936035,94.461538461538467,0.53846153846153844,0.73371335504885993
r_11d547645d8ad28f57a2eb5395c7d620,Direct browsing,d_1be06ce1b670864df8c500dc82b295ae,1,0,a_e7d8c038c18055500148c5915382bd98,a_01c27fc950d2f075d869a4d0acaa48ee,p_fac73d6da000805833c751b7bea8b4f7,p_3dd478bd944ece2906a0c8e4425f63be,6,958,43,38,3399,43403,81,46802,84.551148225469731,48853.862212943633,577.80246913580243,0.53086419753086422,0.07262510149138926
r_12fa84f03339d30a04813c3e362ff6e2,Direct browsing,d_1be06ce1b670864df8c500dc82b295ae,1,0,a_e7d8c038c18055500148c5915382bd98,a_01c27fc950d2f075d869a4d0acaa48ee,p_efc48d38bf150250b00abd28af679608,p_3dd478bd944ece2906a0c8e4425f63be,6,879,46,41,4389,43697,87,48086,98.976109215017061,54705.346985210468,552.71264367816093,0.52873563218390807,0.091273967474940737
r_5a6416f8139d5613b8edf39bbec04d8b,Direct browsing,d_1be06ce1b670864df8c500dc82b295ae,1,0,a_e7d8c038c18055500148c5915382bd98,a_dba94684dc93d1da4e2caa511b4237a0,p_fa3e29c5c6314d61d4c4f4aef1da89a6,p_3dd478bd944ece2906a0c8e4425f63be,6,17589,12,13,1633,7251,25,8884,1.4213428847575189,505.08840752743197,355.36000000000001,0.47999999999999998,0.18381359747861323
r_737f1a02979dce8406869d2c95b67f98,Direct browsing,d_1be06ce1b670864df8c500dc82b295ae,1,0,a_e7d8c038c18055500148c5915382bd98,a_cf31ba68046233719f1273a3a3789e72,p_2d31ffe3340101574c348ff58bc4bed8,p_3dd478bd944ece2906a0c8e4425f63be,6,158,6,6,849,327,12,1176,75.949367088607588,7443.0379746835442,98,0.5,0.72193877551020413
r_4b0b2289a382ee189e311009d6369090,Direct browsing,d_1be06ce1b670864df8c500dc82b295ae,1,0,a_e7d8c038c18055500148c5915382bd98,a_cf31ba68046233719f1273a3a3789e72,p_6eaf03f0a7c25f11265eefc2301e2219,p_3dd478bd944ece2906a0c8e4425f63be,6,25439,16,15,1886,7672,31,9558,1.2186013601163568,375.72231612877863,308.32258064516128,0.5161290322580645,0.19732161540071144
r_8b3b8b9629ad404f80fee549be7174dd,Direct browsing,d_1be06ce1b670864df8c500dc82b295ae,1,0,a_e7d8c038c18055500148c5915382bd98,a_cf31ba68046233719f1273a3a3789e72,p_8f58d525495dac88e6aaceacc0685a5b,p_3dd478bd944ece2906a0c8e4425f63be,6,395,7,6,901,327,13,1228,32.911392405063289,3108.8607594936707,94.461538461538467,0.53846153846153844,0.73371335504885993
r_257e191ee4fba0cb56fa6dadc0933055,Direct browsing,d_1be06ce1b670864df8c500dc82b295ae,1,0,a_e7d8c038c18055500148c5915382bd98,a_cf31ba68046233719f1273a3a3789e72,p_16c099da4f59a79a2c46a03a80c25136,p_3dd478bd944ece2906a0c8e4425f63be,6,106,6,6,849,327,12,1176,113.20754716981132,11094.33962264151,98,0.5,0.72193877551020413
r_bf9fb546c61c7bf28e267d9fb132bde7,Direct browsing,d_1be06ce1b670864df8c500dc82b295ae,1,0,a_e7d8c038c18055500148c5915382bd98,a_cf31ba68046233719f1273a3a3789e72,p_6ea2b1a6e3f8a0b595a59471722bafdc,p_d7195ebfc9c48d4a0beab7870d0eba9c,6,208,12,10,953,7374,22,8327,105.76923076923077,40033.653846153851,378.5,0.54545454545454541,0.11444697970457547
r_ddc6d94636d79dd20fb7ad90906f7df0,Direct browsing,d_1be06ce1b670864df8c500dc82b295ae,1,0,a_e7d8c038c18055500148c5915382bd98,a_488da37af1bde69b68b0891f2ad66a7d,p_d3c30a44c24d69fb4e4897ad0ff3342c,p_3dd478bd944ece2906a0c8e4425f63be,6,2087,37,40,3067,40110,77,43177,36.895064686152367,20688.548155246765,560.74025974025972,0.48051948051948051,0.071033188966347818
r_7313d50fdbf85a1b9ef0b39467221b11,Direct browsing,d_1be06ce1b670864df8c500dc82b295ae,1,0,a_e7d8c038c18055500148c5915382bd98,a_e49717e92f181310252df3908be53972,p_7228f895791aad65da32b0fe89a75db9,p_3dd478bd944ece2906a0c8e4425f63be,6,1528,15,13,1829,6924,28,8753,18.32460732984293,5728.4031413612565,312.60714285714283,0.5357142857142857,0.20895692905289615
r_dde6b008bee707f4950667baa44a45cb,Direct browsing,d_1be06ce1b670864df8c500dc82b295ae,1,0,a_e7d8c038c18055500148c5915382bd98,a_85b109edf675c025cdab4434a8fed9e4,p_26b3f9486cca444a58bc82ee61c20f73,p_3dd478bd944ece2906a0c8e4425f63be,6,2888,68,74,4099,90287,142,94386,49.168975069252078,32682.132963988919,664.69014084507046,0.47887323943661969,0.043428050770241353
r_b18dbe4f44406de2a324105f4ef929c2,Direct browsing,d_1be06ce1b670864df8c500dc82b295ae,1,0,a_e7d8c038c18055500148c5915382bd98,a_cf31ba68046233719f1273a3a3789e72,p_bd38773a2609c1ab80228c92bdcabc84,p_3dd478bd944ece2906a0c8e4425f63be,6,21486,12,14,1652,7827,26,9479,1.2100902913525087,441.17099506655495,364.57692307692309,0.46153846153846156,0.17427998734043676
r_acf3425ceb14936e61dbd2a467c1d0ce,Direct browsing,d_1be06ce1b670864df8c500dc82b295ae,1,0,a_e7d8c038c18055500148c5915382bd98,a_eba08b057066a102ae74dcaf2ae49070,p_da5c57997bf9858914f6f3aaec6f823a,p_3dd478bd944ece2906a0c8e4425f63be,6,3787,9,10,1456,4082,19,5538,5.0171639820438338,1462.3712701346712,291.4736842105263,0.47368421052631576,0.26291079812206575
r_55e2239678e58fba543c42493be8f849,Direct browsing,d_1be06ce1b670864df8c500dc82b295ae,1,0,a_e7d8c038c18055500148c5915382bd98,a_d28fc14ba9b1e66943e5da38b58209e4,p_ce111221e580fbf3941996f0b36e9e8d,p_d7195ebfc9c48d4a0beab7870d0eba9c,6,823,5,5,355,457,10,812,12.150668286755772,986.63426488456867,81.200000000000003,0.5,0.43719211822660098
r_6922c1748ee0a6ebfc05f8b8b2bd2a93,Direct browsing,d_1be06ce1b670864df8c500dc82b295ae,1,0,a_e7d8c038c18055500148c5915382bd98,a_3ef46a6629f4b144cb17f2129509f75d,p_bb345f5f998e007773c5bd388baceb8f,p_3dd478bd944ece2906a0c8e4425f63be,6,8410,46,49,2935,25120,95,28055,11.296076099881093,3335.9096313912009,295.31578947368422,0.48421052631578948,0.10461593298877206
r_aa3bde3ad2f712b3ef09b32b68ec8607,Direct browsing,d_1be06ce1b670864df8c500dc82b295ae,1,0,a_e7d8c038c18055500148c5915382bd98,a_5607307b9b9a0681912487688d94bd13,p_f0be7c0bdf6f82376b1e47e0d481a4fd,p_3dd478bd944ece2906a0c8e4425f63be,6,90674,878,870,90737,479433,1748,570170,19.277852526633875,6288.1311070428119,326.18421052631578,0.50228832951945079,0.15914025641475349
r_121a5ca00e02eb37a0ddf554ed768395,Direct browsing,d_1be06ce1b670864df8c500dc82b295ae,1,0,a_e7d8c038c18055500148c5915382bd98,a_cf31ba68046233719f1273a3a3789e72,p_0840486e6c3cd51f99316a8872135939,p_3dd478bd944ece2906a0c8e4425f63be,6,326,7,6,901,327,13,1228,39.877300613496928,3766.8711656441715,94.461538461538467,0.53846153846153844,0.73371335504885993
r_6952e65121a9071c3bdd0818e87f7918,Direct browsing,d_1be06ce1b670864df8c500dc82b295ae,1,0,a_e7d8c038c18055500148c5915382bd98,a_5ad8b343d860b3befc8e57e682692fcb,p_68bdaf1a19963bfbcd6dbbf7bb5c22cd,p_3dd478bd944ece2906a0c8e4425f63be,6,764,14,13,1773,7174,27,8947,35.340314136125656,11710.732984293194,331.37037037037038,0.51851851851851849,0.19816698334637309
r_dc125d63d57142cc216b26586a2d679d,Direct browsing,d_1be06ce1b670864df8c500dc82b295ae,1,0,a_e7d8c038c18055500148c5915382bd98,a_f7a22ceb96407882bc784b79ef758488,p_9d8448360ac6e4d8bec28ed932944df8,p_3dd478bd944ece2906a0c8e4425f63be,6,67890,10,1,4039,44,11,4083,0.162026808071881,60.141405214317274,371.18181818181819,0.90909090909090906,0.98922361009061965
r_90062e95e4d053bddb14796c353491b8,Direct browsing,d_1be06ce1b670864df8c500dc82b295ae,1,0,a_e7d8c038c18055500148c5915382bd98,a_cf31ba68046233719f1273a3a3789e72,p_e2b72d35329b06696313a436c9c0f073,p_d7195ebfc9c48d4a0beab7870d0eba9c,6,69,11,9,907,7340,20,8247,289.85507246376807,119521.73913043477,412.35000000000002,0.55000000000000004,0.10997938644355523
r_278f368edfa3525ceee98c17184fb649,Direct browsing,d_1be06ce1b670864df8c500dc82b295ae,1,0,a_e7d8c038c18055500148c5915382bd98,a_0150901d3ad476802a2f1321f1564c72,p_f1c2af0a60d66544f65fa09b635c3281,p_3dd478bd944ece2906a0c8e4425f63be,6,22051,13,12,1552,6118,25,7670,1.1337354314997052,347.83003038410959,306.80000000000001,0.52000000000000002,0.20234680573663624
r_29ac177e32cd111d0bfed58a97bfb673,Direct browsing,d_1be06ce1b670864df8c500dc82b295ae,1,0,a_e7d8c038c18055500148c5915382bd98,a_cf31ba68046233719f1273a3a3789e72,p_7f475c15fcf23d2adb661e715bdf41ed,p_3dd478bd944ece2906a0c8e4425f63be,6,135,5,5,785,275,10,1060,74.074074074074076,7851.8518518518513,106,0.5,0.74056603773584906
r_1fcb8b5c3ee141a7787fd452f555b035,Direct browsing,d_1be06ce1b670864df8c500dc82b295ae,1,0,a_e7d8c038c18055500148c5915382bd98,a_d6b55f58c7119b9688291638bba1a8ac,p_c638e0c52c129af887d9e44163754c3b,p_3dd478bd944ece2906a0c8e4425f63be,6,421,61,60,3895,68464,121,72359,287.41092636579572,171874.10926365797,598.00826446280996,0.50413223140495866,0.05382882571622051
r_30524ddd69be5fac3eff39175ed7e721,Direct browsing,d_1be06ce1b670864df8c500dc82b295ae,1,0,a_e7d8c038c18055500148c5915382bd98,a_cf31ba68046233719f1273a3a3789e72,p_f8128d04a4286efc5e39e765ddc122e8,p_3dd478bd944ece2906a0c8e4425f63be,6,29952,15,15,1826,7380,30,9206,1.0016025641025641,307.35844017094013,306.86666666666667,0.5,0.19834890288941995
r_6fe988100cc0b818284cd94e56c6dd04,Direct browsing,d_1be06ce1b670864df8c500dc82b295ae,1,0,a_e7d8c038c18055500148c5915382bd98,a_cf31ba68046233719f1273a3a3789e72,p_c46f6e9792cd8b8fed939451e4bbca39,p_3dd478bd944ece2906a0c8e4425f63be,6,152,6,6,849,327,12,1176,78.94736842105263,7736.8421052631584,98,0.5,0.72193877551020413
r_61a4652ef9e5df260d34cfc26ed93eac,Direct browsing,d_1be06ce1b670864df8c500dc82b295ae,1,0,a_e7d8c038c18055500148c5915382bd98,a_a75d8bfb6f65bf5da2a0ee9744988660,p_cf661e04462ff503a840cbdfb7d31363,p_d7195ebfc9c48d4a0beab7870d0eba9c,6,17559,9,7,830,2230,16,3060,0.91121362264365846,174.26960533059969,191.25,0.5625,0.27124183006535946
r_30d31dbdfed9189c11222a40435aac76,Direct browsing,d_1be06ce1b670864df8c500dc82b295ae,1,0,a_e7d8c038c18055500148c5915382bd98,a_275a7f699820789c39c7f399fcdf45a3,p_cac6011fc83a70006208eafab5443f5a,p_3dd478bd944ece2906a0c8e4425f63be,6,5617,10,9,1490,4324,19,5814,3.3825885704112517,1035.0721025458429,306,0.52631578947368418,0.25627794977640178
r_da7df37130e5a58f44b371489475bb98,Direct browsing,d_1be06ce1b670864df8c500dc82b295ae,1,0,a_e7d8c038c18055500148c5915382bd98,a_bf0ab415dcc862e22b99e9e397fc5719,p_2da469fc7e7ab006ddbabd1e4fe34ae5,p_3dd478bd944ece2906a0c8e4425f63be,6,1148,25,22,2000,13280,47,15280,40.940766550522653,13310.104529616725,325.10638297872339,0.53191489361702127,0.13089005235602094
r_1146aa634b256fbbd310e31c4d5b1aac,Direct browsing,d_1be06ce1b670864df8c500dc82b295ae,1,0,a_e7d8c038c18055500148c5915382bd98,a_8137a47fa99bc66b79cbbe7465556c5a,p_455d9e440e0adffad5f32b30a1316c9e,p_3dd478bd944ece2906a0c8e4425f63be,6,11774,11,11,1581,3230,22,4811,1.8685238661457451,408.61219636487181,218.68181818181819,0.5,0.32862190812720848
r_c42964b388552be5b129695e1b0e0973,Direct browsing,d_1be06ce1b670864df8c500dc82b295ae,1,0,a_e7d8c038c18055500148c5915382bd98,a_bae52928bfaf090023a6a0d985412ca3,p_293064d70343fff966c7c5b7d3570fbd,p_3dd478bd944ece2906a0c8e4425f63be,6,262,53,63,4532,74787,116,79319,442.74809160305341,302744.27480916027,683.7844827586207,0.45689655172413796,0.057136373378383488
r_9512d0b295afedc0033c2fa01ddb7b67,Direct browsing,d_1be06ce1b670864df8c500dc82b295ae,1,0,a_e7d8c038c18055500148c5915382bd98,a_b3551431afc24a7be6a6455a36955451,p_bb93be5ec64ab525058848338ff8a378,p_3dd478bd944ece2906a0c8e4425f63be,6,768,21,20,2141,15422,41,17563,53.385416666666664,22868.489583333332,428.36585365853659,0.51219512195121952,0.12190400273301828
r_3b060f6150e7d8bc68ab0ca0a21766f9,Direct browsing,d_1be06ce1b670864df8c500dc82b295ae,1,0,a_e7d8c038c18055500148c5915382bd98,a_a58bdc82a6861be416a4281941746d57,p_f21c56519bfcc33e6ab7fd13f6666974,p_3dd478bd944ece2906a0c8e4425f63be,6,1828,38,41,2937,45346,79,48283,43.216630196936542,26413.019693654267,611.17721518987344,0.48101265822784811,0.060828863160946919
r_934c0cf1e1718e1da9c7fdfd378b07bb,Direct browsing,d_1be06ce1b670864df8c500dc82b295ae,1,0,a_e7d8c038c18055500148c5915382bd98,a_01c27fc950d2f075d869a4d0acaa48ee,p_529ece54b21c196757bbaf79790c44fc,p_3dd478bd944ece2906a0c8e4425f63be,6,1075,27,32,2661,36277,59,38938,54.883720930232563,36221.395348837214,659.96610169491521,0.4576271186440678,0.068339411371924605
r_4b88737b44b52c49c8c81d2515625873,Direct browsing,d_1be06ce1b670864df8c500dc82b295ae,1,0,a_e7d8c038c18055500148c5915382bd98,a_a17438509a328a313b6fdb3acd2192c9,p_526fb286296e350a68dc8084ab2d521b,p_3dd478bd944ece2906a0c8e4425f63be,6,26974,17,16,2264,9101,33,11365,1.2234003114109884,421.33165270260253,344.39393939393938,0.51515151515151514,0.19920809502859657
r_08d5bae85336c2500b105bd759cbf584,Direct browsing,d_1be06ce1b670864df8c500dc82b295ae,1,0,a_e7d8c038c18055500148c5915382bd98,a_be682b1a75d2e165f75201c7970d75c6,p_489db2ffd15339f4fab8db16bd429b41,p_3dd478bd944ece2906a0c8e4425f63be,6,11200,8,0,480,0,8,480,0.7142857142857143,42.857142857142861,60,1,1
r_b8139b4e5eb7bfa12e8000cdb82c51b3,Direct browsing,d_1be06ce1b670864df8c500dc82b295ae,1,0,a_e7d8c038c18055500148c5915382bd98,a_cf31ba68046233719f1273a3a3789e72,p_23102d5f88998f9bcfe66ad5d4722f21,p_3dd478bd944ece2906a0c8e4425f63be,6,17408,12,13,1657,6968,25,8625,1.4361213235294117,495.46185661764702,345,0.47999999999999998,0.19211594202898552
r_3c1c2effd5cb326af056ba008b494173,Direct browsing,d_1be06ce1b670864df8c500dc82b295ae,1,0,a_e7d8c038c18055500148c5915382bd98,a_8441c3c1d2d77d2febf358202998b59d,p_003dcc92c6376d35739c422d6dc722a8,p_3dd478bd944ece2906a0c8e4425f63be,6,1261,31,36,2582,38700,67,41282,53.132434575733548,32737.509912767648,616.14925373134326,0.46268656716417911,0.062545419311079889
r_f82af76fdfbbdde5d42bf13c1513c9df,Direct browsing,d_1be06ce1b670864df8c500dc82b295ae,1,0,a_e7d8c038c18055500148c5915382bd98,a_ecdbdc9574dfec32ca55bb3bda716ed5,p_809806bfd2055b99ee274677e59ec008,p_d7195ebfc9c48d4a0beab7870d0eba9c,6,530,6,4,711,403,10,1114,18.867924528301884,2101.8867924528299,111.40000000000001,0.59999999999999998,0.63824057450628369
r_63b4546fe9915b8c737a4b7b045538d5,Direct browsing,d_1be06ce1b670864df8c500dc82b295ae,1,0,a_e7d8c038c18055500148c5915382bd98,a_ecdbdc9574dfec32ca55bb3bda716ed5,p_29155ffd9f290e899a75160e54d227ae,p_3dd478bd944ece2906a0c8e4425f63be,6,754,13,11,1718,6409,24,8127,31.830238726790451,10778.514588859416,338.625,0.54166666666666663,0.21139411837086255
r_7de3d835c93988cea2b8f4bc8146921b,Direct browsing,d_1be06ce1b670864df8c500dc82b295ae,1,0,a_e7d8c038c18055500148c5915382bd98,a_f26b8b23d2d6191a80de5aaf95f1f88e,p_6af0b40120125f15ddd47a53762e335f,p_3dd478bd944ece2906a0c8e4425f63be,6,5331,20,31,2241,22846,51,25087,9.5666854248733806,4705.8713187019321,491.9019607843137,0.39215686274509803,0.0893291346115518
r_47083028bebd64f6ec2585613b679bff,Direct browsing,d_1be06ce1b670864df8c500dc82b295ae,1,0,a_e7d8c038c18055500148c5915382bd98,a_d27be851fe5e5000e5a6fa22ff3e96a8,p_4b0cfb62baecb8de59ba7b8182500fe7,p_3dd478bd944ece2906a0c8e4425f63be,6,270,2,1,100,60,3,160,11.111111111111111,592.59259259259261,53.333333333333336,0.66666666666666663,0.625
r_ae67e5e376b9d2e864f4cef2b2b1edcc,Direct browsing,d_1be06ce1b670864df8c500dc82b295ae,1,0,a_e7d8c038c18055500148c5915382bd98,a_cf31ba68046233719f1273a3a3789e72,p_ddb0e1d832351336ad4ac5bfd490aca1,p_3dd478bd944ece2906a0c8e4425f63be,6,161,14,14,1706,7309,28,9015,173.91304347826087,55993.788819875772,321.96428571428572,0.5,0.18924015529672766
r_588b2674cff1dbf7417769af3b355fa7,Direct browsing,d_1be06ce1b670864df8c500dc82b295ae,1,0,a_e7d8c038c18055500148c5915382bd98,a_fc62339ad87acb8adeeb5c4a51a76e4d,p_7da9dbf91bc73279fabd70b3a327b5c2,p_3dd478bd944ece2906a0c8e4425f63be,6,304,50,53,3140,61224,103,64364,338.81578947368422,211723.68421052632,624.89320388349518,0.4854368932038835,0.048785035112795971
r_32ec493f084caf133c12a2ed3eeb2581,Direct browsing,d_1be06ce1b670864df8c500dc82b295ae,1,0,a_e7d8c038c18055500148c5915382bd98,a_3dc006cffa3290d53ee78eb61f363d04,p_9525870cd52630ae4c2cd9d749e60116,p_3dd478bd944ece2906a0c8e4425f63be,6,569,79,94,4580,116710,173,121290,304.04217926186294,213163.44463971883,701.09826589595377,0.45664739884393063,0.037760738725368947
r_bf27de8f2fd0df86b7db8a620f23d05e,Direct browsing,d_1be06ce1b670864df8c500dc82b295ae,1,0,a_e7d8c038c18055500148c5915382bd98,a_cf31ba68046233719f1273a3a3789e72,p_574b3028d79147695f0175addb80aa98,p_3dd478bd944ece2906a0c8e4425f63be,6,134,6,6,849,327,12,1176,89.552238805970148,8776.119402985074,98,0.5,0.72193877551020413
r_e6b9acde521b81575ab9a3e6822ef238,Direct browsing,d_1be06ce1b670864df8c500dc82b295ae,1,0,a_e7d8c038c18055500148c5915382bd98,a_22e55c96c0c1a2b99f49d31c0a910d39,p_7db1992b62a2ef8e2c622524c85b4f29,p_3dd478bd944ece2906a0c8e4425f63be,6,20462,12,9,1628,3414,21,5042,1.0262926400156387,246.40797575994526,240.0952380952381,0.5714285714285714,0.32288774295914319
r_45bddd45650adbcb3d161078aae22348,Direct browsing,d_1be06ce1b670864df8c500dc82b295ae,1,0,a_e7d8c038c18055500148c5915382bd98,a_bf0ab415dcc862e22b99e9e397fc5719,p_46dce94f15027583a4f69ca47423c723,p_3dd478bd944ece2906a0c8e4425f63be,6,1148,25,22,2018,14419,47,16437,40.940766550522653,14317.944250871082,349.72340425531917,0.53191489361702127,0.12277179533978221
r_8988444d3b78f86f7ebbf489e938303c,Direct browsing,d_1be06ce1b670864df8c500dc82b295ae,1,0,a_e7d8c038c18055500148c5915382bd98,a_cf31ba68046233719f1273a3a3789e72,p_e191d467469ba2e9b33e39255dd90f37,p_3dd478bd944ece2906a0c8e4425f63be,6,17856,14,16,2087,7417,30,9504,1.6801075268817203,532.25806451612902,316.80000000000001,0.46666666666666667,0.21959175084175084
r_4b46fb6346edd5beaea2dc304d5803fa,Direct browsing,d_1be06ce1b670864df8c500dc82b295ae,1,0,a_e7d8c038c18055500148c5915382bd98,a_01c27fc950d2f075d869a4d0acaa48ee,p_d4c98149bd51550ed3b53b6f4adb8832,p_3dd478bd944ece2906a0c8e4425f63be,6,955,33,37,2908,43350,70,46258,73.298429319371735,48437.696335078537,660.82857142857142,0.47142857142857142,0.062864801764019193
r_003e59eff874a7dd5d0e91ad7cf33bec,Direct browsing,d_1be06ce1b670864df8c500dc82b295ae,1,0,a_e7d8c038c18055500148c5915382bd98,a_11fda3f1d20d11b40efde6cfd8b2982e,p_a382b8b752fbe08226460f4ab85acff6,p_3dd478bd944ece2906a0c8e4425f63be,6,22993,16,16,2191,7720,32,9911,1.391727917192189,431.04423085286828,309.71875,0.5,0.22106750075673495
r_ed8e01432b40e77b3934d478591280c1,Direct browsing,d_1be06ce1b670864df8c500dc82b295ae,1,0,a_e7d8c038c18055500148c5915382bd98,a_90d0f6925e19072530a0a802462d1482,p_ae5f30b78c3f989133c03c2fa2dfb5dd,p_3dd478bd944ece2906a0c8e4425f63be,6,1527,41,43,2731,31264,84,33995,55.009823182711202,22262.606417812705,404.70238095238096,0.48809523809523808,0.080335343432857767
r_b31997b6320354a65fa80e16e4cb9ec5,Direct browsing,d_1be06ce1b670864df8c500dc82b295ae,1,0,a_e7d8c038c18055500148c5915382bd98,a_267e142e96d934bef8f877602163a933,p_df8753137af6e09533b7c78ce6b07bfe,p_3dd478bd944ece2906a0c8e4425f63be,6,30854,15,14,1835,5731,29,7566,0.9399105464445453,245.21942049653205,260.89655172413791,0.51724137931034486,0.24253238170763944
r_f43c666b05a9cd4b7728ec8908ec74b4,Direct browsing,d_1be06ce1b670864df8c500dc82b295ae,1,0,a_e7d8c038c18055500148c5915382bd98,a_fa0114d2d5663a226d433557f2bca266,p_6c043bf10a2af61281c5151a1e51883b,p_3dd478bd944ece2906a0c8e4425f63be,6,438,88,100,5023,54739,188,59762,429.22374429223743,136442.92237442921,317.88297872340428,0.46808510638297873,0.084050065258860149
r_22803c22d3bcd3879960da50c0378278,Direct browsing,d_1be06ce1b670864df8c500dc82b295ae,1,0,a_e7d8c038c18055500148c5915382bd98,a_22ef8b27feaffad6a345035dd007558a,p_8d07a8274b10a0aadb0c9af50e577c08,p_3dd478bd944ece2906a0c8e4425f63be,6,18501,13,10,1759,5070,23,6829,1.243176044538133,369.11518296308304,296.91304347826087,0.56521739130434778,0.25757797627763945
r_bf00dd84770a57c558e6484829607698,Direct browsing,d_1be06ce1b670864df8c500dc82b295ae,1,0,a_e7d8c038c18055500148c5915382bd98,a_d7b8c92508d2ed5587abcccd6cf169d7,p_3910dc675643460d156405dfcbf04863,p_3dd478bd944ece2906a0c8e4425f63be,6,16601,11,10,1566,4217,21,5783,1.2649840371061984,348.35250888500696,275.38095238095241,0.52380952380952384,0.27079370568908873
r_b574e4a926af28809e27642e9dd74812,Direct browsing,d_1be06ce1b670864df8c500dc82b295ae,1,0,a_e7d8c038c18055500148c5915382bd98,a_edef9f0bec604adbe7e0a91d222caec6,p_7c5491d21155ec7b6b0dc90e798e9dcf,p_3dd478bd944ece2906a0c8e4425f63be,6,11192,8,0,480,0,8,480,0.71479628305932807,42.887776983559682,60,1,1
r_8a0ab3a6635907216290ce509e261ae7,Direct browsing,d_1be06ce1b670864df8c500dc82b295ae,1,0,a_e7d8c038c18055500148c5915382bd98,a_01c27fc950d2f075d869a4d0acaa48ee,p_28dc970f03eed002d68fd4558b1dd9f4,p_3dd478bd944ece2906a0c8e4425f63be,6,584,29,31,2751,35407,60,38158,102.73972602739727,65339.041095890418,635.9666666666667,0.48333333333333334,0.072094973531107498
r_0dc1a4c1c79a76ed0b3b2b2e3f3881a3,Direct browsing,d_1be06ce1b670864df8c500dc82b295ae,1,0,a_e7d8c038c18055500148c5915382bd98,a_adadad84f4fae658fb16027cd0fc63da,p_a59a5c0e7e1687c1713498091eea400d,p_3dd478bd944ece2906a0c8e4425f63be,6,1760,22,38,2193,39048,60,41241,34.090909090909093,23432.386363636364,687.35000000000002,0.36666666666666664,0.053175238233796468
r_974e16dac77ba9b98dcf4ad161352ad2,Direct browsing,d_1be06ce1b670864df8c500dc82b295ae,1,0,a_e7d8c038c18055500148c5915382bd98,a_7bcd6b3f9f968fb5d82495624b1ed1e8,p_b71174999ba63fa65a0d1e6db37aee9a,p_3dd478bd944ece2906a0c8e4425f63be,6,21334,30,30,2623,17709,60,20332,2.8124121121214962,953.03271772757103,338.86666666666667,0.5,0.12900845957111942
r_1bf8fc6d462f751bae8f8fbc12d3e825,Direct browsing,d_1be06ce1b670864df8c500dc82b295ae,1,0,a_e7d8c038c18055500148c5915382bd98,a_1e8f14e3081c8bc46a8633f8d4387ee0,p_d02c6d767102ae0f54a12cfde4f1c03f,p_d7195ebfc9c48d4a0beab7870d0eba9c,6,5931,5,4,667,310,9,977,1.5174506828528074,164.72770190524363,108.55555555555556,0.55555555555555558,0.68270214943705221
r_4ae314b67495a7c558ba6c2f5cc24d55,Direct browsing,d_1be06ce1b670864df8c500dc82b295ae,1,0,a_e7d8c038c18055500148c5915382bd98,a_5223cb1e65ccaaf2674401458aae2f32,p_5dac16df7908086e1e66e42da50194dc,p_3dd478bd944ece2906a0c8e4425f63be,6,2152,28,33,2571,33651,61,36222,28.345724907063197,16831.784386617099,593.80327868852464,0.45901639344262296,0.070978963061123071
r_6cf554074cafc023208f4ff0fe1f3b82,Direct browsing,d_1be06ce1b670864df8c500dc82b295ae,1,0,a_e7d8c038c18055500148c5915382bd98,a_01c27fc950d2f075d869a4d0acaa48ee,p_8c8e52ac8b86887455d9176e3ea35f5d,p_3dd478bd944ece2906a0c8e4425f63be,6,1264,35,38,3519,43415,73,46934,57.753164556962027,37131.329113924054,642.93150684931504,0.47945205479452052,0.074977628158690926
r_6d8ac2bb4423f2e3085c8700db139260,Direct browsing,d_1be06ce1b670864df8c500dc82b295ae,1,0,a_e7d8c038c18055500148c5915382bd98,a_5607307b9b9a0681912487688d94bd13,p_2db187f05c520a696c4c147bf3c8c90d,p_3dd478bd944ece2906a0c8e4425f63be,6,82962,477,518,51594,282197,995,333791,11.993442781032279,4023.4203611291914,335.46834170854271,0.47939698492462313,0.1545697756979667
r_da5725437b4a53f3370b5c942d0d2211,Direct browsing,d_1be06ce1b670864df8c500dc82b295ae,1,0,a_e7d8c038c18055500148c5915382bd98,a_01c27fc950d2f075d869a4d0acaa48ee,p_ce1d1e061c6a019830e4d093585ab1e6,p_3dd478bd944ece2906a0c8e4425f63be,6,875,20,22,2370,19978,42,22348,48,25540.571428571428,532.09523809523807,0.47619047619047616,0.10604975836763916
r_b469cf5d16edb51f4f0e89921196cde1,Direct browsing,d_1be06ce1b670864df8c500dc82b295ae,1,0,a_e7d8c038c18055500148c5915382bd98,a_b9f3817a72a2f986bffbb82f9a659e3c,p_28e2bbd8fcd1172e5cb32b255cdf6cb1,p_3dd478bd944ece2906a0c8e4425f63be,6,19477,11,9,1573,3759,20,5332,1.0268521846280227,273.75879242183089,266.60000000000002,0.55000000000000004,0.29501125281320328
r_fea5d1dc6f283aba1a32ad86ba721bbc,Direct browsing,d_1be06ce1b670864df8c500dc82b295ae,1,0,a_e7d8c038c18055500148c5915382bd98,a_cf31ba68046233719f1273a3a3789e72,p_2c84a027486f101681de1c1315d7e417,p_3dd478bd944ece2906a0c8e4425f63be,6,469,6,6,849,327,12,1176,25.586353944562902,2507.4626865671644,98,0.5,0.72193877551020413
r_251f8d17c8ec12184de68d59f1ae2d6e,Direct browsing,d_1be06ce1b670864df8c500dc82b295ae,1,0,a_e7d8c038c18055500148c5915382bd98,a_cf31ba68046233719f1273a3a3789e72,p_46e30c8088ca46a5011e8e15dfdb0889,p_3dd478bd944ece2906a0c8e4425f63be,6,182,6,6,849,327,12,1176,65.934065934065941,6461.5384615384619,98,0.5,0.72193877551020413
r_f98367a09f87ebe63131d357aad7cc52,Direct browsing,d_1be06ce1b670864df8c500dc82b295ae,1,0,a_e7d8c038c18055500148c5915382bd98,a_c768cf03bcc8571b20df780f5600a7dd,p_2ef27d90d100c290e66d657165145122,p_3dd478bd944ece2906a0c8e4425f63be,6,712,14,12,1774,6835,26,8609,36.516853932584269,12091.292134831461,331.11538461538464,0.53846153846153844,0.20606342200023231
r_367dcfd1c999e02714f0759e22cce760,Direct browsing,d_1be06ce1b670864df8c500dc82b295ae,1,0,a_e7d8c038c18055500148c5915382bd98,a_c182ca4f17d3d9ab9f5e05cf4fea600e,p_1a2be9faec80733b828cb147d76499f2,p_3dd478bd944ece2906a0c8e4425f63be,6,4831,86,99,6047,117301,185,123348,38.294348996067065,25532.601945766921,666.74594594594589,0.46486486486486489,0.049023899860557121
r_4c6d6a3aaa8d108a9c3b5dcb1118505d,Direct browsing,d_1be06ce1b670864df8c500dc82b295ae,1,0,a_e7d8c038c18055500148c5915382bd98,a_d29f295153fe53e00d176b14dcc06823,p_3f0722e51678f4e5b37253e5935626bd,p_3dd478bd944ece2906a0c8e4425f63be,6,598,35,45,3788,46246,80,50034,133.77926421404683,83668.896321070235,625.42499999999995,0.4375,0.075708518207618813
r_0080bbdc86d523330167813922617851,Direct browsing,d_1be06ce1b670864df8c500dc82b295ae,1,0,a_e7d8c038c18055500148c5915382bd98,a_01c27fc950d2f075d869a4d0acaa48ee,p_7847ac50c2dc6744ca4e3b6a450d3473,p_3dd478bd944ece2906a0c8e4425f63be,6,1066,45,40,3509,45278,85,48787,79.737335834896811,45766.416510318944,573.96470588235297,0.52941176470588236,0.071924898026113515
r_ed5f5c2339dd18934f3e01d1a0af4af4,Direct browsing,d_1be06ce1b670864df8c500dc82b295ae,1,0,a_e7d8c038c18055500148c5915382bd98,a_5607307b9b9a0681912487688d94bd13,p_a50a96ecc172383f8970a2ddbc47f7cc,p_d7195ebfc9c48d4a0beab7870d0eba9c,6,26470,6,4,680,585,10,1265,0.37778617302606726,47.789950887797509,126.5,0.59999999999999998,0.53754940711462451
r_798fd281eadeafc0c6ab67d73943d816,Direct browsing,d_1be06ce1b670864df8c500dc82b295ae,1,0,a_e7d8c038c18055500148c5915382bd98,a_f7236bf52bab5693c5a0bd90b31e7b5d,p_35430fe123af2359e516ad728a0d7005,p_d7195ebfc9c48d4a0beab7870d0eba9c,6,1041,13,13,902,9318,26,10220,24.975984630163307,9817.4831892411148,393.07692307692309,0.5,0.088258317025440319
r_f9f124bbfd849648894101546646e3bd,Direct browsing,d_1be06ce1b670864df8c500dc82b295ae,1,0,a_e7d8c038c18055500148c5915382bd98,a_cf31ba68046233719f1273a3a3789e72,p_834e2e1869d5c7495674da7fd691719f,p_3dd478bd944ece2906a0c8e4425f63be,6,112,6,6,849,327,12,1176,107.14285714285714,10500,98,0.5,0.72193877551020413
r_d96fe7aa4722d4f6ba767ed6c101b325,Direct browsing,d_1be06ce1b670864df8c500dc82b295ae,1,0,a_e7d8c038c18055500148c5915382bd98,a_a17438509a328a313b6fdb3acd2192c9,p_563b96430445eb3c544f9bd480bbb676,p_3dd478bd944ece2906a0c8e4425f63be,6,25438,13,12,2078,5537,25,7615,0.98278166522525356,299.35529522761226,304.60000000000002,0.52000000000000002,0.27288246881155614
r_8a7d52f6f0e7942e1ada29e35c639ff0,Direct browsing,d_1be06ce1b670864df8c500dc82b295ae,1,0,a_e7d8c038c18055500148c5915382bd98,a_f7236bf52bab5693c5a0bd90b31e7b5d,p_8c2f2fee59530c5b17a609d34d591881,p_d7195ebfc9c48d4a0beab7870d0eba9c,6,866,15,14,982,11046,29,12028,33.48729792147806,13889.145496535797,414.75862068965517,0.51724137931034486,0.081642833388759564
r_fd678abfc3e2808fb9981dfad94a6b1d,Direct browsing,d_1be06ce1b670864df8c500dc82b295ae,1,0,a_e7d8c038c18055500148c5915382bd98,a_2e7620d8dbfe6191a042000477037d8a,p_86ba6276562123e86e267ad6c005310a,p_3dd478bd944ece2906a0c8e4425f63be,6,11200,8,0,480,0,8,480,0.7142857142857143,42.857142857142861,60,1,1
r_87a026230da76d7669ce2466728ac5be,Direct browsing,d_1be06ce1b670864df8c500dc82b295ae,1,0,a_e7d8c038c18055500148c5915382bd98,a_cf31ba68046233719f1273a3a3789e72,p_23b0cb6db176e9d9f70759a8404a92c0,p_3dd478bd944ece2906a0c8e4425f63be,6,169,15,14,1800,7362,29,9162,171.59763313609466,54213.017751479289,315.93103448275861,0.51724137931034486,0.19646365422396855
r_8510f28f65e8be0ec327e2a526b5bf36,Direct browsing,d_1be06ce1b670864df8c500dc82b295ae,1,0,a_e7d8c038c18055500148c5915382bd98,a_4ed8070753cf878352ccb9fa011a3ea6,p_e7c78bd4730120a1918b76e80f1df1e2,p_3dd478bd944ece2906a0c8e4425f63be,6,3237,13,8,1720,3389,21,5109,6.487488415199258,1578.3132530120481,243.28571428571428,0.61904761904761907,0.33666079467606186
r_8610da84b54302622b5c475fdfc22397,Direct browsing,d_1be06ce1b670864df8c500dc82b295ae,1,0,a_e7d8c038c18055500148c5915382bd98,a_4c67e38b4407a8a6e6e375181ae264c8,p_cc046204e222ed7587d5d420304b46f1,p_3dd478bd944ece2906a0c8e4425f63be,6,26717,12,12,1617,7169,24,8786,0.89830445034996453,328.85428753228285,366.08333333333331,0.5,0.18404279535624857
r_dc6a97ab8e1a37d15e41d5be90f3c8d0,Direct browsing,d_1be06ce1b670864df8c500dc82b295ae,1,0,a_e7d8c038c18055500148c5915382bd98,a_8a1bf602a2968f6273c99387feb7e65d,p_a16eb1c1e4943053a522ff1539a2c982,p_3dd478bd944ece2906a0c8e4425f63be,6,11232,8,0,480,0,8,480,0.71225071225071235,42.73504273504274,60,1,1
r_88eba6df59f2005f4fda7bd7b97bcbb7,Direct browsing,d_1be06ce1b670864df8c500dc82b295ae,1,0,a_e7d8c038c18055500148c5915382bd98,a_cf31ba68046233719f1273a3a3789e72,p_422f8d1b6d7959a90e895e51343f0dfb,p_3dd478bd944ece2906a0c8e4425f63be,6,163,5,5,785,275,10,1060,61.349693251533743,6503.0674846625761,106,0.5,0.74056603773584906
r_2e78453ab8dae8805dc426d2ba19c463,Direct browsing,d_1be06ce1b670864df8c500dc82b295ae,1,0,a_e7d8c038c18055500148c5915382bd98,a_1501eb4c2a63b5d79a31bcb24cb8defa,p_90a95ba0c20b30fb86110b50bc66db62,p_3dd478bd944ece2906a0c8e4425f63be,6,3608,12,9,1545,3609,21,5154,5.8203991130820398,1428.4922394678492,245.42857142857142,0.5714285714285714,0.29976717112922002
r_097b8098c2f840af645aad9771f1ddc6,Direct browsing,d_1be06ce1b670864df8c500dc82b295ae,1,0,a_e7d8c038c18055500148c5915382bd98,a_be682b1a75d2e165f75201c7970d75c6,p_cbe87375caa9afb91024470413f54cda,p_3dd478bd944ece2906a0c8e4425f63be,6,11232,8,0,480,0,8,480,0.71225071225071235,42.73504273504274,60,1,1
r_1e4df1210eef08025538fad42c7b3399,Direct browsing,d_1be06ce1b670864df8c500dc82b295ae,1,0,a_e7d8c038c18055500148c5915382bd98,a_1d78c45142cfbfd97903fa4fed1d3c65,p_4c13b7a865953a2d041980b3db13507d,p_3dd478bd944ece2906a0c8e4425f63be,6,16801,13,15,1684,10528,28,12212,1.6665674662222489,726.86149633950367,436.14285714285717,0.4642857142857143,0.137897150343924
r_8b9b6172f922742067055599d53bbfb3,Direct browsing,d_1be06ce1b670864df8c500dc82b295ae,1,0,a_e7d8c038c18055500148c5915382bd98,a_3a2fae57ec6491a5db12d11defda71f8,p_7d4e1312c6cde019140a5288342819c9,p_3dd478bd944ece2906a0c8e4425f63be,6,7894,12,11,1648,6365,23,8013,2.9136052698251835,1015.0747403090955,348.39130434782606,0.52173913043478259,0.20566579308623487
r_1f2c51fb96cc2534c269cd5acd9359f5,Direct browsing,d_1be06ce1b670864df8c500dc82b295ae,1,0,a_e7d8c038c18055500148c5915382bd98,a_01c27fc950d2f075d869a4d0acaa48ee,p_143b3d236b3774d1a16b23fad1d4cb7a,p_3dd478bd944ece2906a0c8e4425f63be,6,869,33,36,2903,41564,69,44467,79.401611047180666,51170.310701956274,644.44927536231887,0.47826086956521741,0.065284368183147048
r_691f9eb4e3885fe5d99fb1382ec7c2f8,Direct browsing,d_1be06ce1b670864df8c500dc82b295ae,1,0,a_e7d8c038c18055500148c5915382bd98,a_5909123435fd969820788e424e5162ac,p_997bd0fd25de9fbbbf521c53ee0952a3,p_d7195ebfc9c48d4a0beab7870d0eba9c,6,22425,6,5,665,632,11,1297,0.49052396878483834,57.837235228539576,117.90909090909091,0.54545454545454541,0.51272166538164998
r_c5a50bfc1fb4431c46154c2af788783e,Direct browsing,d_1be06ce1b670864df8c500dc82b295ae,1,0,a_e7d8c038c18055500148c5915382bd98,a_902999a456275ca017ef685ede81d8b3,p_cb784259b5277bd9781edb06b534338d,p_3dd478bd944ece2906a0c8e4425f63be,6,1232,14,14,1747,10602,28,12349,22.727272727272727,10023.538961038961,441.03571428571428,0.5,0.14146894485383432
r_9500fa3dd2f90c57b866f114338b57ef,Direct browsing,d_1be06ce1b670864df8c500dc82b295ae,1,0,a_e7d8c038c18055500148c5915382bd98,a_f7236bf52bab5693c5a0bd90b31e7b5d,p_0ba7b5131a81d3c7a143bee9ac537c89,p_d7195ebfc9c48d4a0beab7870d0eba9c,6,1053,14,13,949,9216,27,10165,25.641025641025642,9653.371320037988,376.48148148148147,0.51851851851851849,0.093359567142154445
r_57b5dd4af025316e4c893dc5d307f620,Direct browsing,d_1be06ce1b670864df8c500dc82b295ae,1,0,a_e7d8c038c18055500148c5915382bd98,a_01c27fc950d2f075d869a4d0acaa48ee,p_5eefc5c520e81868eddbf547e32024b7,p_3dd478bd944ece2906a0c8e4425f63be,6,824,44,39,3444,42661,83,46105,100.72815533980584,55952.669902912625,555.48192771084337,0.53012048192771088,0.074699056501464051
r_44954fb60760484f8f1c4acb24fa2d07,Direct browsing,d_1be06ce1b670864df8c500dc82b295ae,1,0,a_e7d8c038c18055500148c5915382bd98,a_27377700edc2f926ee5fe06157f5a647,p_5fe758b7396bc29aef1cae303782e3c6,p_d7195ebfc9c48d4a0beab7870d0eba9c,6,483,8,6,702,4110,14,4812,28.985507246376812,9962.7329192546586,343.71428571428572,0.5714285714285714,0.14588528678304238
r_05f2a1eb69fa51332ba7138305b62d10,Direct browsing,d_1be06ce1b670864df8c500dc82b295ae,1,0,a_e7d8c038c18055500148c5915382bd98,a_cf31ba68046233719f1273a3a3789e72,p_ed6b9a5333a094e25355455dffa68302,p_3dd478bd944ece2906a0c8e4425f63be,6,113,6,6,849,327,12,1176,106.19469026548673,10407.079646017699,98,0.5,0.72193877551020413
r_caa6ddf70ac2ee0dd19c4d86abca2cec,Direct browsing,d_1be06ce1b670864df8c500dc82b295ae,1,0,a_e7d8c038c18055500148c5915382bd98,a_cf31ba68046233719f1273a3a3789e72,p_5df7a7d7df3e1d4eccb3f95eacfc0891,p_3dd478bd944ece2906a0c8e4425f63be,6,112,6,6,849,327,12,1176,107.14285714285714,10500,98,0.5,0.72193877551020413
r_4563b49b48d02055b64ab6096319d83d,Direct browsing,d_1be06ce1b670864df8c500dc82b295ae,1,0,a_e7d8c038c18055500148c5915382bd98,a_5bcd4f2e91fc8879ae4d9d42f5ebc793,p_f6b6cb0494a1611a21f1eef2bfb3eeae,p_d7195ebfc9c48d4a0beab7870d0eba9c,6,876,22,21,1390,24402,43,25792,49.086757990867582,29442.922374429225,599.81395348837214,0.51162790697674421,0.053892679900744415
r_9a18b58c10297d8e19e8ae5d7d096b21,Direct browsing,d_1be06ce1b670864df8c500dc82b295ae,1,0,a_e7d8c038c18055500148c5915382bd98,a_370e80b06c7db578fe7397862b1e8235,p_f2fb77e39c2ea6ba7c59aa8208473473,p_d7195ebfc9c48d4a0beab7870d0eba9c,6,694,7,5,714,3015,12,3729,17.291066282420751,5373.1988472622479,310.75,0.58333333333333337,0.19147224456958969
r_e8b5db4b8420af7dc983b4ff7ddff32b,Direct browsing,d_1be06ce1b670864df8c500dc82b295ae,1,0,a_e7d8c038c18055500148c5915382bd98,a_c768cf03bcc8571b20df780f5600a7dd,p_39baee491442df5adc26dc6444d074c7,p_3dd478bd944ece2906a0c8e4425f63be,6,747,16,13,1868,6940,29,8808,38.821954484605087,11791.164658634538,303.72413793103448,0.55172413793103448,0.21207992733878292
r_1bd3d56efc5a10fe8381983c9f429cba,Direct browsing,d_1be06ce1b670864df8c500dc82b295ae,1,0,a_e7d8c038c18055500148c5915382bd98,a_6229fe05861eacd30a61bfa58ae74d80,p_8ed357669abab82247738039790c9b98,p_d7195ebfc9c48d4a0beab7870d0eba9c,6,695,9,7,743,3969,16,4712,23.021582733812952,6779.8561151079139,294.5,0.5625,0.15768251273344652
r_d35edc26dd069d9eb48be93b2ab82d1c,Direct browsing,d_1be06ce1b670864df8c500dc82b295ae,1,0,a_e7d8c038c18055500148c5915382bd98,a_cf31ba68046233719f1273a3a3789e72,p_a9e1e9961c432eef94a190e9501d11b9,p_3dd478bd944ece2906a0c8e4425f63be,6,358,7,6,901,327,13,1228,36.312849162011176,3430.1675977653631,94.461538461538467,0.53846153846153844,0.73371335504885993
r_8c1f10f7fb934dbc327b4e11ff8885ec,Direct browsing,d_1be06ce1b670864df8c500dc82b295ae,1,0,a_e7d8c038c18055500148c5915382bd98,a_c0f310eeb8553e332a97e6df05bcca6e,p_c07d0cfa4d7b4a75d4bdf99a4443d773,p_3dd478bd944ece2906a0c8e4425f63be,6,888,13,14,1706,6232,27,7938,30.405405405405403,8939.1891891891883,294,0.48148148148148145,0.21491559586797682
r_5ce2eb2f2c68a11d1e944eb425ade252,Direct browsing,d_1be06ce1b670864df8c500dc82b295ae,1,0,a_e7d8c038c18055500148c5915382bd98,a_cf31ba68046233719f1273a3a3789e72,p_7c7dbf5cf878b4a348c4114f19da6147,p_3dd478bd944ece2906a0c8e4425f63be,6,127,6,6,849,327,12,1176,94.488188976377955,9259.8425196850385,98,0.5,0.72193877551020413
r_e7f361acc619a3e254944165dcb23b8f,Direct browsing,d_1be06ce1b670864df8c500dc82b295ae,1,0,a_e7d8c038c18055500148c5915382bd98,a_1a5c00b1cc711b4434f070a20b5f79dd,p_119cab9a065250086ed2d61ca218ca61,p_3dd478bd944ece2906a0c8e4425f63be,6,11194,8,0,480,0,8,480,0.71466857244952653,42.880114346971588,60,1,1
r_64921c504fe25edb432fb44e1fcfb875,Direct browsing,d_1be06ce1b670864df8c500dc82b295ae,1,0,a_e7d8c038c18055500148c5915382bd98,a_2c626b0cb20f5735d0f38de6f3d66500,p_d1f06e31c543cdfb2fb29bc936a23beb,p_3dd478bd944ece2906a0c8e4425f63be,6,757,13,11,1719,6405,24,8124,31.704095112285337,10731.836195508586,338.5,0.54166666666666663,0.21159527326440178
r_7a44d670ffd624fc1486ac6adbcc6122,Direct browsing,d_1be06ce1b670864df8c500dc82b295ae,1,0,a_e7d8c038c18055500148c5915382bd98,a_cebf848edd54165c3153b4743b1949a4,p_01788ed51bbaa74fb5f6207a83f8579d,p_3dd478bd944ece2906a0c8e4425f63be,6,12892,12,11,1622,5980,23,7602,1.7840521253490538,589.66801116971772,330.52173913043481,0.52173913043478259,0.21336490397263877
r_ed1ac86b1ae74bfa02757c0f887cd487,Direct browsing,d_1be06ce1b670864df8c500dc82b295ae,1,0,a_e7d8c038c18055500148c5915382bd98,a_27377700edc2f926ee5fe06157f5a647,p_786fc9931814656457c26cbcc5115b50,p_d7195ebfc9c48d4a0beab7870d0eba9c,6,472,8,6,705,4114,14,4819,29.661016949152543,10209.745762711866,344.21428571428572,0.5714285714285714,0.14629591201494085
r_3aaf5590cc26558982178c6f9716718a,Direct browsing,d_1be06ce1b670864df8c500dc82b295ae,1,0,a_e7d8c038c18055500148c5915382bd98,a_22e55c96c0c1a2b99f49d31c0a910d39,p_12d5d8b65f7fb1f274a0ff163da16c7d,p_3dd478bd944ece2906a0c8e4425f63be,6,23430,12,9,1628,3414,21,5042,0.89628681177976954,215.19419547588561,240.0952380952381,0.5714285714285714,0.32288774295914319
r_0ed467de19de4a3f0b7325b9625ae12a,Direct browsing,d_1be06ce1b670864df8c500dc82b295ae,1,0,a_e7d8c038c18055500148c5915382bd98,a_dba94684dc93d1da4e2caa511b4237a0,p_94856b2701da62f6419dd11cb00fe14b,p_3dd478bd944ece2906a0c8e4425f63be,6,16582,12,14,1618,7288,26,8906,1.5679652635387769,537.08840911832101,342.53846153846155,0.46153846153846156,0.18167527509544126
r_4c01bf0ba4ac3e91fbeff6987ede9bfa,Direct browsing,d_1be06ce1b670864df8c500dc82b295ae,1,0,a_e7d8c038c18055500148c5915382bd98,a_8d705f238e1612b225ea9f2a2395dca8,p_911197e016e3ad68a6c430e11c610339,p_3dd478bd944ece2906a0c8e4425f63be,6,1147,10,9,1458,4305,19,5763,16.564952048823017,5024.4115082824756,303.31578947368422,0.52631578947368418,0.25299323269130664
r_de40bc7cf86a0d977ed768dfab884539,Direct browsing,d_1be06ce1b670864df8c500dc82b295ae,1,0,a_e7d8c038c18055500148c5915382bd98,a_01c27fc950d2f075d869a4d0acaa48ee,p_f3c1bddd7e2079f309a17bf8688ae3bf,p_3dd478bd944ece2906a0c8e4425f63be,6,944,33,38,2898,43402,71,46300,75.211864406779668,49046.610169491527,652.11267605633805,0.46478873239436619,0.062591792656587472
r_1609444149ca53d420fbb088040b427a,Direct browsing,d_1be06ce1b670864df8c500dc82b295ae,1,0,a_e7d8c038c18055500148c5915382bd98,a_6e179781c8c6f337cb905de78358ed01,p_47c18d49351b302d9e20c16acf65c055,p_3dd478bd944ece2906a0c8e4425f63be,6,1776,30,43,2507,50868,73,53375,41.103603603603602,30053.490990990991,731.16438356164383,0.41095890410958902,0.046969555035128806
r_ba047881741e529f6eb9573594d76719,Direct browsing,d_1be06ce1b670864df8c500dc82b295ae,1,0,a_e7d8c038c18055500148c5915382bd98,a_cf31ba68046233719f1273a3a3789e72,p_1a7e4da612dd58b1de0b84e9b63c5560,p_3dd478bd944ece2906a0c8e4425f63be,6,18578,14,15,1742,7415,29,9157,1.5609861126063085,492.89482183227477,315.75862068965517,0.48275862068965519,0.19023697717593099
r_a419a14a4d1c9dbc06b2b52c971981ad,Direct browsing,d_1be06ce1b670864df8c500dc82b295ae,1,0,a_e7d8c038c18055500148c5915382bd98,a_8ece50f2edbcd279cc804d86b2a3f576,p_ea94fd4fd02890089bce438fb5976bc9,p_3dd478bd944ece2906a0c8e4425f63be,6,28913,12,13,1636,8223,25,9859,0.86466295438038254,340.98848268944766,394.36000000000001,0.47999999999999998,0.1659397504817933
r_9cff38715dd01e93e863bd39ebccdb68,Direct browsing,d_1be06ce1b670864df8c500dc82b295ae,1,0,a_e7d8c038c18055500148c5915382bd98,a_cf31ba68046233719f1273a3a3789e72,p_46d069ed05e87cc830027b871e9973a1,p_3dd478bd944ece2906a0c8e4425f63be,6,384,7,6,901,327,13,1228,33.854166666666664,3197.9166666666665,94.461538461538467,0.53846153846153844,0.73371335504885993
r_4c6544aa77591bd74b8ab4341094217f,Direct browsing,d_1be06ce1b670864df8c500dc82b295ae,1,0,a_e7d8c038c18055500148c5915382bd98,a_fea4b88ca10252a3551446195c073ff1,p_c22df46dea3b1899f9605c1f023353df,p_3dd478bd944ece2906a0c8e4425f63be,6,2332,22,29,2228,28180,51,30408,21.869639794168098,13039.451114922815,596.23529411764707,0.43137254901960786,0.073270192054722447
r_9baa52cdf7b6e1fc50d59a38b8f82c76,Direct browsing,d_1be06ce1b670864df8c500dc82b295ae,1,0,a_e7d8c038c18055500148c5915382bd98,a_cf31ba68046233719f1273a3a3789e72,p_a5a82bc1a381f2820fb7cd28cddd4a77,p_3dd478bd944ece2906a0c8e4425f63be,6,147,5,5,785,275,10,1060,68.02721088435375,7210.8843537414969,106,0.5,0.74056603773584906
r_e97090993f7403aad205bf14dbe01732,Direct browsing,d_1be06ce1b670864df8c500dc82b295ae,1,0,a_e7d8c038c18055500148c5915382bd98,a_cf31ba68046233719f1273a3a3789e72,p_5a68564d0079e7a8b2a2cc958b50e9f9,p_d7195ebfc9c48d4a0beab7870d0eba9c,6,62,11,9,913,7370,20,8283,322.58064516129031,133596.77419354839,414.14999999999998,0.55000000000000004,0.11022576361221779
r_3bbdd6fe9e83f2359fb0c51bfad0f39f,Direct browsing,d_1be06ce1b670864df8c500dc82b295ae,1,0,a_e7d8c038c18055500148c5915382bd98,a_275a7f699820789c39c7f399fcdf45a3,p_53f3527d2907f57b0570ba7af7ec5d7a,p_3dd478bd944ece2906a0c8e4425f63be,6,5735,10,9,1488,4311,19,5799,3.3129904097646032,1011.1595466434176,305.21052631578948,0.52631578947368418,0.25659596482152097
r_5c6ff873f1553e3b81e708adf5b3b4f7,Direct browsing,d_1be06ce1b670864df8c500dc82b295ae,1,0,a_e7d8c038c18055500148c5915382bd98,a_cf31ba68046233719f1273a3a3789e72,p_69e58f9f040d40532fd4731e0ede3529,p_3dd478bd944ece2906a0c8e4425f63be,6,22220,12,13,1635,7344,25,8979,1.1251125112511251,404.09540954095411,359.16000000000003,0.47999999999999998,0.18209154694286669
r_fac8d67986fb228533bf474d072af352,Direct browsing,d_1be06ce1b670864df8c500dc82b295ae,1,0,a_e7d8c038c18055500148c5915382bd98,a_cf31ba68046233719f1273a3a3789e72,p_2fb8d817bb9254514d031463a51c6f7f,p_3dd478bd944ece2906a0c8e4425f63be,6,126,5,5,785,275,10,1060,79.365079365079367,8412.6984126984134,106,0.5,0.74056603773584906
r_59a99139551e9cad79c8fdc92baf433a,Direct browsing,d_1be06ce1b670864df8c500dc82b295ae,1,0,a_e7d8c038c18055500148c5915382bd98,a_cf31ba68046233719f1273a3a3789e72,p_4ce6d367fc7d6b50290350e4d572f613,p_d7195ebfc9c48d4a0beab7870d0eba9c,6,102,11,9,962,7487,20,8449,196.07843137254903,82833.333333333343,422.44999999999999,0.55000000000000004,0.1138596283583856
r_a437bbc19e0cf34ca6f65432d99d3c82,Direct browsing,d_1be06ce1b670864df8c500dc82b295ae,1,0,a_e7d8c038c18055500148c5915382bd98,a_5607307b9b9a0681912487688d94bd13,p_3e7ea3f179cbc67356e625673b67eef5,p_3dd478bd944ece2906a0c8e4425f63be,6,29145,28,36,2965,16135,64,19100,2.1959169668896896,655.34396980614167,298.4375,0.4375,0.15523560209424084
r_1d7a440d2563f2af05a9762bc2f38e5d,Direct browsing,d_1be06ce1b670864df8c500dc82b295ae,1,0,a_e7d8c038c18055500148c5915382bd98,a_cf31ba68046233719f1273a3a3789e72,p_d69fce8fc305c758fa43024fe1e339c2,p_3dd478bd944ece2906a0c8e4425f63be,6,131,6,6,849,327,12,1176,91.603053435114504,8977.0992366412211,98,0.5,0.72193877551020413
r_cab88933f815be978996fa25da45ac95,Direct browsing,d_1be06ce1b670864df8c500dc82b295ae,1,0,a_e7d8c038c18055500148c5915382bd98,a_3e9ffb884760e7e211122e722adb4fa3,p_dfa49d8f2b9934c3f82b4b5d72940b40,p_3dd478bd944ece2906a0c8e4425f63be,6,1693,22,24,2183,22693,46,24876,27.170702894270526,14693.443591258121,540.78260869565213,0.47826086956521741,0.087755266119954975
r_e9b93e9a98db2fef540ccf4d78bcf476,Direct browsing,d_1be06ce1b670864df8c500dc82b295ae,1,0,a_e7d8c038c18055500148c5915382bd98,a_af30395c2198eede462ef6ed4bcef96c,p_b7a71d9acc09d729175e2ab69abd8511,p_d7195ebfc9c48d4a0beab7870d0eba9c,6,559,5,4,653,397,9,1050,16.100178890876563,1878.3542039355991,116.66666666666667,0.55555555555555558,0.62190476190476196
r_3e0c24810bdb77808477d4384964fc9f,Direct browsing,d_1be06ce1b670864df8c500dc82b295ae,1,0,a_e7d8c038c18055500148c5915382bd98,a_af30395c2198eede462ef6ed4bcef96c,p_1d1741fc215669e680c62ad403759fd5,p_3dd478bd944ece2906a0c8e4425f63be,6,795,15,12,1816,6695,27,8511,33.962264150943398,10705.66037735849,315.22222222222223,0.55555555555555558,0.21337093173540125
r_40064b5e1bc343275efdcae1f3dba6a0,Direct browsing,d_1be06ce1b670864df8c500dc82b295ae,1,0,a_e7d8c038c18055500148c5915382bd98,a_cf31ba68046233719f1273a3a3789e72,p_9ecb168f559faa2970ed99ccf554cb68,p_d7195ebfc9c48d4a0beab7870d0eba9c,6,131,10,9,882,7331,19,8213,145.03816793893128,62694.656488549619,432.26315789473682,0.52631578947368418,0.10739072202605625
r_06b7d3191ffd41a4ea2a1812614d22cc,Direct browsing,d_1be06ce1b670864df8c500dc82b295ae,1,0,a_e7d8c038c18055500148c5915382bd98,a_cf31ba68046233719f1273a3a3789e72,p_ab1a2e49a5e938d7859cade9a70023dd,p_3dd478bd944ece2906a0c8e4425f63be,6,238,6,5,837,275,11,1112,46.218487394957982,4672.2689075630251,101.09090909090909,0.54545454545454541,0.75269784172661869
r_ec2c9c1fd0ac8f671ae36d66a7722afe,Direct browsing,d_1be06ce1b670864df8c500dc82b295ae,1,0,a_e7d8c038c18055500148c5915382bd98,a_8ad360334962d6e17168ecb8efc3d8ad,p_6d3f463702c51d2e9bbf27476aa56c73,p_3dd478bd944ece2906a0c8e4425f63be,6,51293,16,20,2347,11242,36,13589,0.70185015499190928,264.92893767180709,377.47222222222223,0.44444444444444442,0.17271322393112076
r_f0b74b4ba46d81a0a3c2d3b853a5afa2,Direct browsing,d_1be06ce1b670864df8c500dc82b295ae,1,0,a_e7d8c038c18055500148c5915382bd98,a_6b8fda46f9e2125156a6aae20aa010f0,p_583525bba7d409df9c4c062dbff32e5d,p_3dd478bd944ece2906a0c8e4425f63be,6,9347,15,14,1787,6778,29,8565,3.1025997646303627,916.33679255376057,295.34482758620692,0.51724137931034486,0.20863981319322825
r_87dcf84c29f730498731cc9d1852eb7b,Direct browsing,d_1be06ce1b670864df8c500dc82b295ae,1,0,a_e7d8c038c18055500148c5915382bd98,a_5607307b9b9a0681912487688d94bd13,p_443f3bf0ff1a32a57c3e7af25b1659b5,p_3dd478bd944ece2906a0c8e4425f63be,6,72054,487,487,50385,267410,974,317795,13.517639548116691,4410.5115607738635,326.27823408624232,0.5,0.15854560329772338
r_f588ed2c0ef8290caf4c6de2673a6304,Direct browsing,d_1be06ce1b670864df8c500dc82b295ae,1,0,a_e7d8c038c18055500148c5915382bd98,a_cf31ba68046233719f1273a3a3789e72,p_2d7284968b6704df4b00f3c94ca6356c,p_3dd478bd944ece2906a0c8e4425f63be,6,122,6,6,849,327,12,1176,98.360655737704917,9639.3442622950824,98,0.5,0.72193877551020413
r_0be3e84c5c0bc797d43b32523c04de63,Direct browsing,d_1be06ce1b670864df8c500dc82b295ae,1,0,a_e7d8c038c18055500148c5915382bd98,a_b0468837882f5bbe3225e505c60a8935,p_0f0e90316b26a0b5f0c942894ee040a5,p_3dd478bd944ece2906a0c8e4425f63be,6,7077,24,28,2326,17790,52,20116,7.347746220149781,2842.4473647025575,386.84615384615387,0.46153846153846156,0.1156293497713263
r_68565561adaa10ba94cf852a7d4addf8,Direct browsing,d_1be06ce1b670864df8c500dc82b295ae,1,0,a_e7d8c038c18055500148c5915382bd98,a_2fbdd1332d34f8204d9324e5d119b7c8,p_4a8344aaa3a42488441ce53c3c8963f2,p_3dd478bd944ece2906a0c8e4425f63be,6,45609,13,12,1695,5796,25,7491,0.54813742901620288,164.24389923041505,299.63999999999999,0.52000000000000002,0.22627152583099719
r_5e60dc9292b3db91b703d7e5f7d881ba,Direct browsing,d_1be06ce1b670864df8c500dc82b295ae,1,0,a_e7d8c038c18055500148c5915382bd98,a_3ddadb7b3a2e7f7adf9c693feab497b3,p_623986a15bd18b1826a91b1f3003c64c,p_3dd478bd944ece2906a0c8e4425f63be,6,18196,13,10,1685,5149,23,6834,1.2640140690261594,375.57704990107715,297.13043478260869,0.56521739130434778,0.24656131109160082
r_fc6c1ba18d79e93e00f9e816a5b864be,Direct browsing,d_1be06ce1b670864df8c500dc82b295ae,1,0,a_e7d8c038c18055500148c5915382bd98,a_5180ef3376e0ee803d21fe3980a808a4,p_1967d4e4a7dc74edd5c2c9ccd591b0fe,p_3dd478bd944ece2906a0c8e4425f63be,6,1498,24,25,2217,21398,49,23615,32.710280373831779,15764.352469959947,481.9387755102041,0.48979591836734693,0.093881007834003813
r_428246f85ec58551cca4074baf08edcd,Direct browsing,d_1be06ce1b670864df8c500dc82b295ae,1,0,a_e7d8c038c18055500148c5915382bd98,a_01c27fc950d2f075d869a4d0acaa48ee,p_710e5f244c38e8fb1c6e9dbae49a83ef,p_3dd478bd944ece2906a0c8e4425f63be,6,1391,40,43,4062,47620,83,51682,59.669302659956863,37154.565061107118,622.67469879518069,0.48192771084337349,0.078596029565419293
r_4db470f7892bbf7ac656b2b7b1ff6dcc,Direct browsing,d_1be06ce1b670864df8c500dc82b295ae,1,0,a_e7d8c038c18055500148c5915382bd98,a_aaae0583eb1d0566ad5ee41d0a7ebe30,p_f91d1cc6828eafd6526df468f03aed30,p_3dd478bd944ece2906a0c8e4425f63be,6,6125,14,18,1734,9655,32,11389,5.2244897959183669,1859.4285714285713,355.90625,0.4375,0.15225217314953024
r_3ee833b0a3b8b64f9434fa0becc7dced,Direct browsing,d_1be06ce1b670864df8c500dc82b295ae,1,0,a_e7d8c038c18055500148c5915382bd98,a_cf31ba68046233719f1273a3a3789e72,p_ebdd61b03765093a12f8ec57a61862cb,p_3dd478bd944ece2906a0c8e4425f63be,6,127,5,5,785,275,10,1060,78.740157480314963,8346.4566929133853,106,0.5,0.74056603773584906
r_3ccd86f48a14bb18239168887b88d431,Direct browsing,d_1be06ce1b670864df8c500dc82b295ae,1,0,a_e7d8c038c18055500148c5915382bd98,a_cf31ba68046233719f1273a3a3789e72,p_b4fb9033bdf1d30fbf278a98b5bccaf8,p_3dd478bd944ece2906a0c8e4425f63be,6,128,5,5,785,275,10,1060,78.125,8281.25,106,0.5,0.74056603773584906
r_9143cdaf0675bd7325bf32253a2dde5a,Direct browsing,d_1be06ce1b670864df8c500dc82b295ae,1,0,a_e7d8c038c18055500148c5915382bd98,a_cf31ba68046233719f1273a3a3789e72,p_5760e9b9117efc7f1b70ef38173dcb97,p_3dd478bd944ece2906a0c8e4425f63be,6,24536,13,13,1692,7268,26,8960,1.0596674274535376,365.17769807629605,344.61538461538464,0.5,0.18883928571428571
r_38b135cd767d5d3999c86cf6e5b57a38,Direct browsing,d_1be06ce1b670864df8c500dc82b295ae,1,0,a_e7d8c038c18055500148c5915382bd98,a_cf31ba68046233719f1273a3a3789e72,p_2a1a77b6954c54eebadff148cc9002e5,p_d7195ebfc9c48d4a0beab7870d0eba9c,6,131,12,10,910,7407,22,8317,167.93893129770993,63488.549618320605,378.04545454545456,0.54545454545454541,0.10941445232656005
r_45ceb34c7e4419374e6a28bd8d3a6580,Direct browsing,d_1be06ce1b670864df8c500dc82b295ae,1,0,a_e7d8c038c18055500148c5915382bd98,a_cf31ba68046233719f1273a3a3789e72,p_68374255a37c14b37316136f132a3c57,p_d7195ebfc9c48d4a0beab7870d0eba9c,6,20151,10,8,883,3589,18,4472,0.89325591782045555,221.92447024961541,248.44444444444446,0.55555555555555558,0.19745080500894455
r_e084d395bbd4268293c41e4e83f173a5,Direct browsing,d_1be06ce1b670864df8c500dc82b295ae,1,0,a_e7d8c038c18055500148c5915382bd98,a_7b50e9cfc842e44dfe894fd01374fb1e,p_6e9d2aaa41321282fc9079a21ae78819,p_3dd478bd944ece2906a0c8e4425f63be,6,638,21,21,2029,21049,42,23078,65.830721003134798,36172.413793103449,549.47619047619048,0.5,0.087919230435912987
r_bb8a1dc11b9101d17b1380b88ec59754,Direct browsing,d_1be06ce1b670864df8c500dc82b295ae,1,0,a_e7d8c038c18055500148c5915382bd98,a_cf31ba68046233719f1273a3a3789e72,p_00de7a2978387132baa5511001b33b77,p_3dd478bd944ece2906a0c8e4425f63be,6,89,6,5,837,275,11,1112,123.59550561797754,12494.382022471911,101.09090909090909,0.54545454545454541,0.75269784172661869
r_71f43efdeb0ac1bab40a317dd21e80b8,Direct browsing,d_1be06ce1b670864df8c500dc82b295ae,1,0,a_e7d8c038c18055500148c5915382bd98,a_cf31ba68046233719f1273a3a3789e72,p_0318deca80ffa53491d07965ee8a640d,p_3dd478bd944ece2906a0c8e4425f63be,6,175,6,6,849,327,12,1176,68.571428571428569,6720,98,0.5,0.72193877551020413
r_68ed92c343273eeaa5dfa277a875100d,Direct browsing,d_1be06ce1b670864df8c500dc82b295ae,1,0,a_e7d8c038c18055500148c5915382bd98,a_86f5dea87cc1d8db91ca6d1b22f9aba4,p_4d243d7cbb5506168ee4cb7e1f8a9b4e,p_3dd478bd944ece2906a0c8e4425f63be,6,5723,10,9,1479,4326,19,5805,3.3199370959287089,1014.3281495719028,305.5263157894737,0.52631578947368418,0.25478036175710594
r_aab8af21a6340bfc7a010d6c3bec3506,Direct browsing,d_1be06ce1b670864df8c500dc82b295ae,1,0,a_e7d8c038c18055500148c5915382bd98,a_d31bb008a89cec58a37df0c94e2fd8c9,p_3eb57349d591a8c1e7547c97834bcf77,p_d7195ebfc9c48d4a0beab7870d0eba9c,6,11211,8,0,480,0,8,480,0.71358487200071352,42.815092320042815,60,1,1
r_301c414bf126ca003ffa4b3e45da0cc4,Direct browsing,d_1be06ce1b670864df8c500dc82b295ae,1,0,a_e7d8c038c18055500148c5915382bd98,a_cf31ba68046233719f1273a3a3789e72,p_32454ba074399b0930a53d7465bcd1f4,p_d7195ebfc9c48d4a0beab7870d0eba9c,6,58,11,9,916,7331,20,8247,344.82758620689651,142189.6551724138,412.35000000000002,0.55000000000000004,0.11107069237298411
r_b62e8848e1ffb3cc45d19cf09c4deb14,Direct browsing,d_1be06ce1b670864df8c500dc82b295ae,1,0,a_e7d8c038c18055500148c5915382bd98,a_30c9bb26706b958379e436a6d7458612,p_59e70e0a1a320fc785f1fa907853da8a,p_d7195ebfc9c48d4a0beab7870d0eba9c,6,11224,8,0,480,0,8,480,0.71275837491090521,42.765502494654314,60,1,1
r_31be806c8c5610d2037ececcbedfbb8c,Direct browsing,d_1be06ce1b670864df8c500dc82b295ae,1,0,a_e7d8c038c18055500148c5915382bd98,a_cf31ba68046233719f1273a3a3789e72,p_09c9e87c0fd864ef1d21d2a24274d1bc,p_3dd478bd944ece2906a0c8e4425f63be,6,85,6,6,849,327,12,1176,141.17647058823528,13835.294117647058,98,0.5,0.72193877551020413
r_e8d7b205b612703bcfd0ca7409384b1d,Direct browsing,d_1be06ce1b670864df8c500dc82b295ae,1,0,a_e7d8c038c18055500148c5915382bd98,a_cf31ba68046233719f1273a3a3789e72,p_4aaf8aeab400bc7a8dba9085031a8173,p_3dd478bd944ece2906a0c8e4425f63be,6,499,7,6,901,327,13,1228,26.052104208416832,2460.9218436873748,94.461538461538467,0.53846153846153844,0.73371335504885993
r_b54dd3ab57727b9546300537d49837fe,Direct browsing,d_1be06ce1b670864df8c500dc82b295ae,1,0,a_e7d8c038c18055500148c5915382bd98,a_5607307b9b9a0681912487688d94bd13,p_5b284e42a4f1da3257f11f6e270d0010,p_3dd478bd944ece2906a0c8e4425f63be,6,90310,832,859,88519,471563,1691,560082,18.724393754844424,6201.7716753404939,331.2134831460674,0.49201655824955648,0.15804650033387968
r_44220fa8416b1fae74628f9d477d22b9,Direct browsing,d_1be06ce1b670864df8c500dc82b295ae,1,0,a_e7d8c038c18055500148c5915382bd98,a_cf31ba68046233719f1273a3a3789e72,p_245fb2866f30eb2869b01e754dbb60e4,p_3dd478bd944ece2906a0c8e4425f63be,6,83,5,5,785,275,10,1060,120.48192771084337,12771.084337349397,106,0.5,0.74056603773584906
r_7f672f05fcfd2db823d4227842e96e9d,Direct browsing,d_1be06ce1b670864df8c500dc82b295ae,1,0,a_e7d8c038c18055500148c5915382bd98,a_cf31ba68046233719f1273a3a3789e72,p_ffe61139ccb800aa30bc3f14c6cf81c1,p_d7195ebfc9c48d4a0beab7870d0eba9c,6,89,10,8,835,3071,18,3906,202.24719101123597,43887.640449438208,217,0.55555555555555558,0.21377368151561699
r_d872869e93df01590ba199963ece45be,Direct browsing,d_1be06ce1b670864df8c500dc82b295ae,1,0,a_e7d8c038c18055500148c5915382bd98,a_01c27fc950d2f075d869a4d0acaa48ee,p_79c4fbe6567ed42d1293a888157b1f35,p_3dd478bd944ece2906a0c8e4425f63be,6,931,34,38,2945,41817,72,44762,77.336197636949507,48079.484425349081,621.69444444444446,0.47222222222222221,0.065792413207631475
r_3082991544686cb614292f9e96049fcc,Direct browsing,d_1be06ce1b670864df8c500dc82b295ae,1,0,a_e7d8c038c18055500148c5915382bd98,a_ab9e5c6b29d91d47f9a3e7c586d27967,p_e1e226e12054ac9beea6a124eec1563b,p_3dd478bd944ece2906a0c8e4425f63be,6,598,13,16,1657,9731,29,11388,48.494983277591977,19043.478260869568,392.68965517241378,0.44827586206896552,0.14550403933965578
r_f7f970bca39cd466afe11fd326672f6d,Direct browsing,d_1be06ce1b670864df8c500dc82b295ae,1,0,a_e7d8c038c18055500148c5915382bd98,a_cf31ba68046233719f1273a3a3789e72,p_2246f62f231027ce996ff3a8b6fb178a,p_3dd478bd944ece2906a0c8e4425f63be,6,127,6,6,849,327,12,1176,94.488188976377955,9259.8425196850385,98,0.5,0.72193877551020413
r_b29b0ab39ff5d817df091df3f5312e92,Direct browsing,d_1be06ce1b670864df8c500dc82b295ae,1,0,a_e7d8c038c18055500148c5915382bd98,a_cf31ba68046233719f1273a3a3789e72,p_264ff23ae3fca274512815f851c5d945,p_3dd478bd944ece2906a0c8e4425f63be,6,120,6,6,849,327,12,1176,100,9800,98,0.5,0.72193877551020413
r_a5df4acd89361698fa84f66e189f84ac,Direct browsing,d_1be06ce1b670864df8c500dc82b295ae,1,0,a_e7d8c038c18055500148c5915382bd98,a_5607307b9b9a0681912487688d94bd13,p_4b1f0bf5c75a6d5fe27abb379c2e3f0b,p_3dd478bd944ece2906a0c8e4425f63be,6,151738,902,869,92099,478923,1771,571022,11.671433655379667,3763.2102703343921,322.42913608130999,0.50931677018633537,0.16128800641656538
r_dd3b44689e549723d2c48987a9bdb960,Direct browsing,d_1be06ce1b670864df8c500dc82b295ae,1,0,a_e7d8c038c18055500148c5915382bd98,a_d52dd255aee9354091de9a0a5212dc5a,p_3d23e946dd35c1a2a8768ebc913f1f85,p_3dd478bd944ece2906a0c8e4425f63be,6,17251,17,21,1893,19727,38,21620,2.202770853863544,1253.2606805402584,568.9473684210526,0.44736842105263158,0.087557816836262722
r_ec64ea99d74381c94655d4440c0e7cf7,Direct browsing,d_1be06ce1b670864df8c500dc82b295ae,1,0,a_e7d8c038c18055500148c5915382bd98,a_3af202ed8c8a9fd174528dafc5918cf0,p_d917096d9e08fb807403e63b81a9d8c1,p_3dd478bd944ece2906a0c8e4425f63be,6,459,52,56,3232,65195,108,68427,235.29411764705881,149078.43137254901,633.58333333333337,0.48148148148148145,0.047232817455098136
r_c9bcf9b3d5758263791c8b859c758f28,Direct browsing,d_1be06ce1b670864df8c500dc82b295ae,1,0,a_e7d8c038c18055500148c5915382bd98,a_cf31ba68046233719f1273a3a3789e72,p_7b1fc456a2a7a2af162cf89dd1d34fbb,p_3dd478bd944ece2906a0c8e4425f63be,6,17453,12,13,1624,7284,25,8908,1.4324184953876125,510.39935827651408,356.31999999999999,0.47999999999999998,0.18230803771890436
r_45fd7d504f22b1e873da345e93113281,Direct browsing,d_1be06ce1b670864df8c500dc82b295ae,1,0,a_e7d8c038c18055500148c5915382bd98,a_cf31ba68046233719f1273a3a3789e72,p_d0d295ec34ac3bea7324fb5c5aba765f,p_3dd478bd944ece2906a0c8e4425f63be,6,188,5,5,785,275,10,1060,53.191489361702125,5638.2978723404258,106,0.5,0.74056603773584906
r_4cd71b7e8fa1171924d421cd3a022502,Direct browsing,d_1be06ce1b670864df8c500dc82b295ae,1,0,a_e7d8c038c18055500148c5915382bd98,a_26c5a920a7892a255ba4f79debae35b7,p_5f63ed04a1fcca0da17fb65b39a0a58a,p_3dd478bd944ece2906a0c8e4425f63be,6,21077,14,11,1723,3356,25,5079,1.1861270579304455,240.97357308914928,203.16,0.56000000000000005,0.33924000787556607
r_c898cbf2324c9903341c3d5952b07321,Direct browsing,d_1be06ce1b670864df8c500dc82b295ae,1,0,a_e7d8c038c18055500148c5915382bd98,a_5607307b9b9a0681912487688d94bd13,p_38f950ffcab72d16ddeb145458cc50ce,p_3dd478bd944ece2906a0c8e4425f63be,6,87191,490,417,70067,457788,907,527855,10.402449794130128,6054.0078677845186,581.97905181918418,0.54024255788313125,0.13273910448892215
r_775df9002872b3a9f1e21efc44611802,Direct browsing,d_1be06ce1b670864df8c500dc82b295ae,1,0,a_e7d8c038c18055500148c5915382bd98,a_a687d381e9c879995694edb3127ec230,p_8b584c05e7bbcecb26b8ff498895bf3b,p_3dd478bd944ece2906a0c8e4425f63be,6,352,32,41,3039,45014,73,48053,207.38636363636365,136514.20454545456,658.2602739726027,0.43835616438356162,0.063242669552369263
r_f914a759947258a13173a53a5c13e113,Direct browsing,d_1be06ce1b670864df8c500dc82b295ae,1,0,a_e7d8c038c18055500148c5915382bd98,a_3c49b6ed36e58897b1259f46cbd0a5f8,p_39eed39e1e47dece02180f9cfd8569c4,p_1239ed2e7e41d197d93a326176df63b2,17,0,1,0,30,0,1,30,,,30,1,1
r_555b983e0fa2225dab440b95c82d86ec,Direct browsing,d_1be06ce1b670864df8c500dc82b295ae,1,0,a_e7d8c038c18055500148c5915382bd98,a_01c27fc950d2f075d869a4d0acaa48ee,p_5f5c688fbda72245ea4ec4ec687bbf7d,p_3dd478bd944ece2906a0c8e4425f63be,6,746,34,38,2949,43402,72,46351,96.514745308310992,62132.707774798931,643.76388888888891,0.47222222222222221,0.063623222799939594
r_e887ab2c63c8e688f38970d5ade53c74,Direct browsing,d_1be06ce1b670864df8c500dc82b295ae,1,0,a_e7d8c038c18055500148c5915382bd98,a_01c27fc950d2f075d869a4d0acaa48ee,p_0bb4dfad7be713fbd2690570bf7f0b7f,p_3dd478bd944ece2906a0c8e4425f63be,6,899,34,37,2939,43350,71,46289,78.976640711902107,51489.432703003338,651.95774647887322,0.47887323943661969,0.063492406403249158
r_70496a1112a582f7773dd9d880682410,Direct browsing,d_1be06ce1b670864df8c500dc82b295ae,1,0,a_e7d8c038c18055500148c5915382bd98,a_01c27fc950d2f075d869a4d0acaa48ee,p_b20f03fb64a420b8fb037eaf71df073b,p_3dd478bd944ece2906a0c8e4425f63be,6,1126,31,33,2807,37626,64,40433,56.83836589698047,35908.525754884547,631.765625,0.484375,0.06942349071303143
r_b858429af0fca7dccc2223db05037271,Direct browsing,d_1be06ce1b670864df8c500dc82b295ae,1,0,a_e7d8c038c18055500148c5915382bd98,a_5607307b9b9a0681912487688d94bd13,p_912659d7f8120b45b1d28b484eb7ce2d,p_3dd478bd944ece2906a0c8e4425f63be,6,91590,482,424,70519,455635,906,526154,9.8919095971175892,5744.6664483022159,580.74392935982337,0.53200883002207511,0.13402729999201754
r_f96aa9a84d3be6217bc7417467ba4a47,Direct browsing,d_1be06ce1b670864df8c500dc82b295ae,1,0,a_e7d8c038c18055500148c5915382bd98,a_d8e8712503f435094c50b5e0e6c5217f,p_81c4e99eab5ffd1441db26cbffd390b0,p_3dd478bd944ece2906a0c8e4425f63be,6,16802,19,24,2503,17421,43,19924,2.5592191405785027,1185.8112129508393,463.3488372093023,0.44186046511627908,0.12562738405942581
r_0f0407832861d9e4dfe85ce108481ff1,Direct browsing,d_1be06ce1b670864df8c500dc82b295ae,1,0,a_e7d8c038c18055500148c5915382bd98,a_290b725f5fbb2fcfc21bf34dfeec4008,p_a1a4049f7160fb3639e7ba7784bf20ea,p_3dd478bd944ece2906a0c8e4425f63be,6,21392,16,18,2274,11095,34,13369,1.5893792071802544,624.95325355272996,393.20588235294116,0.47058823529411764,0.17009499588600493
r_685ef29f7e1c62a809ef7b98a4272eac,Direct browsing,d_1be06ce1b670864df8c500dc82b295ae,1,0,a_e7d8c038c18055500148c5915382bd98,a_a64d802f1dfdfc55e03d2d912a4fd7de,p_3d704953c417f6b3c1edd012f054842d,p_3dd478bd944ece2906a0c8e4425f63be,6,450,23,22,2080,15369,45,17449,100,38775.555555555555,387.75555555555553,0.51111111111111107,0.11920453894205972
r_e49af4864ded93b02ad467a054ff5473,Direct browsing,d_1be06ce1b670864df8c500dc82b295ae,1,0,a_e7d8c038c18055500148c5915382bd98,a_5607307b9b9a0681912487688d94bd13,p_9b32802ab5460f6638e16663f3211108,p_3dd478bd944ece2906a0c8e4425f63be,6,66854,264,234,38681,247291,498,285972,7.4490681185867711,4277.5600562419604,574.24096385542168,0.53012048192771088,0.13526149413229266
r_3259ada79e7bb2799ae5a2e75da24fa7,Direct browsing,d_1be06ce1b670864df8c500dc82b295ae,1,0,a_e7d8c038c18055500148c5915382bd98,a_8930048c5fae5718c10631759fe58a6d,p_81046b23b4d482b47d436039e4b210c2,p_d7195ebfc9c48d4a0beab7870d0eba9c,6,734,16,13,1068,15948,29,17016,39.509536784741144,23182.561307901909,586.75862068965512,0.55172413793103448,0.062764456981664316
r_0ad17ec78335ae32e661de908c0e6f7a,Direct browsing,d_1be06ce1b670864df8c500dc82b295ae,1,0,a_e7d8c038c18055500148c5915382bd98,a_c7a2ae50c51b7a295f6aa50f36b2f85d,p_bfd0b8b5597b5257c0e97f442a08b4f3,p_3dd478bd944ece2906a0c8e4425f63be,6,2835,45,51,3223,59423,96,62646,33.862433862433861,22097.354497354496,652.5625,0.46875,0.051447817897391696
r_bd85c5e7bfaa6c4cee9a1b0d9a07781b,Direct browsing,d_1be06ce1b670864df8c500dc82b295ae,1,0,a_e7d8c038c18055500148c5915382bd98,a_1d78c45142cfbfd97903fa4fed1d3c65,p_dbd5085a506765daef8af9b74461fde1,p_3dd478bd944ece2906a0c8e4425f63be,6,317,2,1,100,60,3,160,9.4637223974763405,504.73186119873816,53.333333333333336,0.66666666666666663,0.625
r_6a5c987f8c2e2ed1ebeadf08ea638adc,Direct browsing,d_1be06ce1b670864df8c500dc82b295ae,1,0,a_e7d8c038c18055500148c5915382bd98,a_848a86d003bd9c073fb63db04acf8d15,p_382d3655f1d0b29f831809bb73ad89c1,p_3dd478bd944ece2906a0c8e4425f63be,6,471,13,12,1686,7747,25,9433,53.07855626326964,20027.600849256902,377.31999999999999,0.52000000000000002,0.17873423089155094
r_01262e7bb8e538410393a11a9a48827e,Direct browsing,d_1be06ce1b670864df8c500dc82b295ae,1,0,a_e7d8c038c18055500148c5915382bd98,a_cf31ba68046233719f1273a3a3789e72,p_59cd1893bd471d205e6fbeeb34c7b5e8,p_3dd478bd944ece2906a0c8e4425f63be,6,370,7,6,901,327,13,1228,35.135135135135137,3318.9189189189187,94.461538461538467,0.53846153846153844,0.73371335504885993
r_7f5e55ca8b38843d10144ef72432117f,Direct browsing,d_1be06ce1b670864df8c500dc82b295ae,1,0,a_e7d8c038c18055500148c5915382bd98,a_5607307b9b9a0681912487688d94bd13,p_685732e00dcf101e85048f9d6d81d740,p_3dd478bd944ece2906a0c8e4425f63be,6,91046,890,868,91457,479970,1758,571427,19.308920765327414,6276.2449750675478,325.04379977246873,0.50625711035267351,0.16005019013802288
r_e9199d26e4b8e990b93d5ca539eaf4ca,Direct browsing,d_1be06ce1b670864df8c500dc82b295ae,1,0,a_e7d8c038c18055500148c5915382bd98,a_4fa66830682c454d1cb1fcdeff2f74ef,p_0a2f638d4583888bdb0777e40e69b01c,p_d7195ebfc9c48d4a0beab7870d0eba9c,6,827,5,5,603,508,10,1111,12.091898428053206,1343.4099153567111,111.09999999999999,0.5,0.54275427542754273
r_cd523eb174fc23b86f9ddb6ff19bcc96,Direct browsing,d_1be06ce1b670864df8c500dc82b295ae,1,0,a_e7d8c038c18055500148c5915382bd98,a_cf31ba68046233719f1273a3a3789e72,p_850e285213c492d09cefd3312ecd77e0,p_3dd478bd944ece2906a0c8e4425f63be,6,27593,14,15,1752,7395,29,9147,1.0509911934186207,331.49711883448703,315.41379310344826,0.48275862068965519,0.19153820924893408
r_228b49d6a1f13f3964a8f796d31f4b91,Direct browsing,d_1be06ce1b670864df8c500dc82b295ae,1,0,a_e7d8c038c18055500148c5915382bd98,a_a4844019150f8d1029ff50d2d52ef841,p_868e8a1df6ea0d8632425691a302be77,p_3dd478bd944ece2906a0c8e4425f63be,6,728,10,9,1459,4317,19,5776,26.098901098901099,7934.065934065934,304,0.52631578947368418,0.25259695290858725
r_1d8a3e182ac672c46efdd696ef4d38ec,Direct browsing,d_1be06ce1b670864df8c500dc82b295ae,1,0,a_e7d8c038c18055500148c5915382bd98,a_c9dd2e66c0fccf0c61a54091bde2dfb2,p_6af7eaca0514d9aaab9533107300555c,p_3dd478bd944ece2906a0c8e4425f63be,6,1278,22,27,2643,24272,49,26915,38.341158059467915,21060.250391236306,549.28571428571433,0.44897959183673469,0.098198030837822775
r_0272c8403b4a55f8bf69182c7bed0f39,Direct browsing,d_1be06ce1b670864df8c500dc82b295ae,1,0,a_e7d8c038c18055500148c5915382bd98,a_01c27fc950d2f075d869a4d0acaa48ee,p_fbaf2be470bb33ec95e75d744c87cde7,p_3dd478bd944ece2906a0c8e4425f63be,6,1459,33,38,2889,41716,71,44605,48.663468128855378,30572.309801233721,628.23943661971828,0.46478873239436619,0.064768523708104472
r_d0f3566adae06a0156a570a2266456c4,Direct browsing,d_1be06ce1b670864df8c500dc82b295ae,1,0,a_e7d8c038c18055500148c5915382bd98,a_5607307b9b9a0681912487688d94bd13,p_98a860ff3ba3189e7582707ca61f1011,p_3dd478bd944ece2906a0c8e4425f63be,6,94593,870,874,90425,481561,1744,571986,18.436882221728879,6046.8110748152612,327.973623853211,0.49885321100917429,0.15808953365991477
r_26857cf727fccf0d9647658e1e926c05,Direct browsing,d_1be06ce1b670864df8c500dc82b295ae,1,0,a_e7d8c038c18055500148c5915382bd98,a_e08c03611e61388db565df65d3d2f4af,p_db245f62377501c1ea9332befda1660b,p_3dd478bd944ece2906a0c8e4425f63be,6,8557,69,72,4158,90998,141,95156,16.477737524833469,11120.252424915274,674.86524822695037,0.48936170212765956,0.043696666526545885
r_caf20d401ad197f81b4bdda968b2d285,Direct browsing,d_1be06ce1b670864df8c500dc82b295ae,1,0,a_e7d8c038c18055500148c5915382bd98,a_f2caf522ea4355feb3d60cec53d20850,p_ec38a1c8bcda3f7cb66e47aa49528384,p_3dd478bd944ece2906a0c8e4425f63be,6,19901,12,12,1512,5076,24,6588,1.2059695492688809,331.03864127430785,274.5,0.5,0.22950819672131148
r_d28c9e99c190ec174ffd1a2e80b1a586,Direct browsing,d_1be06ce1b670864df8c500dc82b295ae,1,0,a_e7d8c038c18055500148c5915382bd98,a_a41f118bf7accb0f07be539163fcd21a,p_b532d7035196406d0c42b4a59350421c,p_3dd478bd944ece2906a0c8e4425f63be,6,209,33,34,2877,37192,67,40069,320.57416267942585,191717.7033492823,598.04477611940297,0.4925373134328358,0.071801143028276226
r_0fe3aae27ba94aa6a66b78296f35d2d8,Direct browsing,d_1be06ce1b670864df8c500dc82b295ae,1,0,a_e7d8c038c18055500148c5915382bd98,a_a13cda861e4d8ea24f6668c9e92c5f8e,p_da59b2c1b3833994d9d6ce00daa0bf2f,p_3dd478bd944ece2906a0c8e4425f63be,6,376,48,46,3697,44056,94,47753,250,127002.65957446808,508.01063829787233,0.51063829787234039,0.077419219734885761
r_3c6c3de04c2d542335e2c5add0514a09,Direct browsing,d_1be06ce1b670864df8c500dc82b295ae,1,0,a_e7d8c038c18055500148c5915382bd98,a_11c6da23ab21bc4b108e1ec1981e4d1b,p_b5dd294268dd308e5fe3a92341da5571,p_3dd478bd944ece2906a0c8e4425f63be,6,17926,17,15,2181,9531,32,11712,1.7851165904273125,653.3526720963963,366,0.53125,0.18621926229508196
r_3ccd96441f79fb1771c92d1b70b3b45a,Direct browsing,d_1be06ce1b670864df8c500dc82b295ae,1,0,a_e7d8c038c18055500148c5915382bd98,a_01c27fc950d2f075d869a4d0acaa48ee,p_39d961c1693e16c30e6b80de96424d1e,p_3dd478bd944ece2906a0c8e4425f63be,6,963,34,38,2941,43404,72,46345,74.766355140186917,48125.649013499482,643.68055555555554,0.47222222222222221,0.063458841298953503
r_14530b5b6a476c3ca496ee8b3fa7531f,Direct browsing,d_1be06ce1b670864df8c500dc82b295ae,1,0,a_e7d8c038c18055500148c5915382bd98,a_b2edc8161115ebfb809b2bc64301631a,p_f7afdd7e1f54089d49d654d85af8230a,p_3dd478bd944ece2906a0c8e4425f63be,6,599,77,94,4459,115496,171,119955,285.47579298831386,200258.76460767948,701.49122807017545,0.45029239766081869,0.037172272935684217
r_e17defe841cdcfad1f652e98b93a9b33,Direct browsing,d_1be06ce1b670864df8c500dc82b295ae,1,0,a_e7d8c038c18055500148c5915382bd98,a_22ef8b27feaffad6a345035dd007558a,p_62d78dc9f7f0ea82b445f44f407c2bda,p_3dd478bd944ece2906a0c8e4425f63be,6,1526,29,40,3766,40373,69,44139,45.216251638269988,28924.639580602881,639.695652173913,0.42028985507246375,0.08532137112304311
r_6776bdbde7bcfacf212fc9dc5d58e131,Direct browsing,d_1be06ce1b670864df8c500dc82b295ae,1,0,a_e7d8c038c18055500148c5915382bd98,a_cf31ba68046233719f1273a3a3789e72,p_9a55c5a845993bb5e81cd090f6c5d7c9,p_d7195ebfc9c48d4a0beab7870d0eba9c,6,94,11,9,909,7328,20,8237,212.7659574468085,87627.659574468082,411.85000000000002,0.55000000000000004,0.11035571203107927
r_ec739b7d78eff144a9a149f09d9df0ca,Direct browsing,d_1be06ce1b670864df8c500dc82b295ae,1,0,a_e7d8c038c18055500148c5915382bd98,a_8ece50f2edbcd279cc804d86b2a3f576,p_26b1a48926c19d5709c5b998ba72a169,p_3dd478bd944ece2906a0c8e4425f63be,6,17582,12,15,1636,8327,27,9963,1.5356614719599591,566.65908315322486,369,0.44444444444444442,0.16420756800160594
r_698fd26e404bc9b647f80724eb2241bb,Direct browsing,d_1be06ce1b670864df8c500dc82b295ae,1,0,a_e7d8c038c18055500148c5915382bd98,a_cf811dada7f6b31f5c73608f6d1cfa26,p_ffbc62a181b3910ae038df62e182e486,p_3dd478bd944ece2906a0c8e4425f63be,6,6938,28,30,2882,18369,58,21251,8.3597578552897094,3062.9864514269243,366.39655172413791,0.48275862068965519,0.13561714742835632
r_ef96ea6592517e1aeb9ad7a5a0a8cb3c,Direct browsing,d_1be06ce1b670864df8c500dc82b295ae,1,0,a_e7d8c038c18055500148c5915382bd98,a_f2caf522ea4355feb3d60cec53d20850,p_a3a089d6d6ac966e0c59d62f0010c22a,p_3dd478bd944ece2906a0c8e4425f63be,6,1894,18,31,1748,30863,49,32611,25.87117212249208,17218.05702217529,665.53061224489795,0.36734693877551022,0.053601545490785316
r_53731cad4e3bcd6909a4e881b10f893e,Direct browsing,d_1be06ce1b670864df8c500dc82b295ae,1,0,a_e7d8c038c18055500148c5915382bd98,a_01c27fc950d2f075d869a4d0acaa48ee,p_dabda0af0362f12101368c66a4545f46,p_3dd478bd944ece2906a0c8e4425f63be,6,1037,43,39,3400,43455,82,46855,79.074252651880428,45183.220829315338,571.40243902439022,0.52439024390243905,0.072564294098815499
r_494729c889a9cfbb3847dc3c3bdb2b24,Direct browsing,d_1be06ce1b670864df8c500dc82b295ae,1,0,a_e7d8c038c18055500148c5915382bd98,a_a41f118bf7accb0f07be539163fcd21a,p_c0b7d53fa598542c5d53e249565497b1,p_3dd478bd944ece2906a0c8e4425f63be,6,190,35,35,3975,34446,70,38421,368.42105263157896,202215.78947368421,548.87142857142862,0.5,0.10345904583430936
r_a182728e90035064fe752c4965df02ff,Direct browsing,d_1be06ce1b670864df8c500dc82b295ae,1,0,a_e7d8c038c18055500148c5915382bd98,a_f7236bf52bab5693c5a0bd90b31e7b5d,p_d83e5fc808fa6b2a8edfec22e1fcb888,p_d7195ebfc9c48d4a0beab7870d0eba9c,6,665,10,9,794,6252,19,7046,28.571428571428569,10595.488721804511,370.84210526315792,0.52631578947368418,0.11268804995742265
r_241e3d06f723cdb709ec43ada99639fc,Direct browsing,d_1be06ce1b670864df8c500dc82b295ae,1,0,a_e7d8c038c18055500148c5915382bd98,a_cf31ba68046233719f1273a3a3789e72,p_d473694f68173d794b83a5140996123e,p_d7195ebfc9c48d4a0beab7870d0eba9c,6,59,11,9,911,7370,20,8281,338.98305084745766,140355.93220338985,414.05000000000001,0.55000000000000004,0.1100108682526265
r_784a63190c2a22feb04b2d4a60d69946,Direct browsing,d_1be06ce1b670864df8c500dc82b295ae,1,0,a_e7d8c038c18055500148c5915382bd98,a_178987992589cd7a64647eed4723a65e,p_49a236bdf25d6e60de43ab455a034250,p_3dd478bd944ece2906a0c8e4425f63be,6,554,31,31,2445,34739,62,37184,111.91335740072201,67119.13357400721,599.74193548387098,0.5,0.06575408777969019
r_8b586dd37af9c3d09333fd65015e5dd0,Direct browsing,d_1be06ce1b670864df8c500dc82b295ae,1,0,a_e7d8c038c18055500148c5915382bd98,a_cf31ba68046233719f1273a3a3789e72,p_4c355875bb10143ac4c4af88d182c07a,p_3dd478bd944ece2906a0c8e4425f63be,6,385,7,6,901,327,13,1228,33.766233766233768,3189.6103896103896,94.461538461538467,0.53846153846153844,0.73371335504885993
r_4f47168def82fddea2b641ee4b1ebedb,Direct browsing,d_1be06ce1b670864df8c500dc82b295ae,1,0,a_e7d8c038c18055500148c5915382bd98,a_44f33be513f08d86c45f7ab3e663f93a,p_8bc1b2746f0b162e51ecfe28de28f24d,p_3dd478bd944ece2906a0c8e4425f63be,6,26831,12,12,1518,6118,24,7636,0.89448771942901872,284.59617606499944,318.16666666666669,0.5,0.19879518072289157
r_3ded2bb1e90d76b3532b0a9aa01ed3cb,Direct browsing,d_1be06ce1b670864df8c500dc82b295ae,1,0,a_e7d8c038c18055500148c5915382bd98,a_5607307b9b9a0681912487688d94bd13,p_acafc7447eabf2847cb081004508e42a,p_3dd478bd944ece2906a0c8e4425f63be,6,88521,833,890,88423,489991,1723,578414,19.464307904339083,6534.2009240745138,335.70168311085314,0.48345908299477658,0.1528714726821965
r_82fe68882f13c36172068dadbc8f1472,Direct browsing,d_1be06ce1b670864df8c500dc82b295ae,1,0,a_e7d8c038c18055500148c5915382bd98,a_cf31ba68046233719f1273a3a3789e72,p_7b2884f5c8933165879920a8ea592dee,p_d7195ebfc9c48d4a0beab7870d0eba9c,6,109,12,10,921,7386,22,8307,201.83486238532109,76211.009174311926,377.59090909090907,0.54545454545454541,0.11087035030697003
r_cb68b6f338d4a65ff827b9e6b6a734fb,Direct browsing,d_1be06ce1b670864df8c500dc82b295ae,1,0,a_e7d8c038c18055500148c5915382bd98,a_8ceac1ca69262b7b829edddf7b86faf6,p_1cfa7d5d2cb30b803e2aa47f40ebc7dd,p_d7195ebfc9c48d4a0beab7870d0eba9c,6,1384,6,4,693,2180,10,2873,7.2254335260115612,2075.8670520231217,287.30000000000001,0.59999999999999998,0.24121127741037243
r_dc29d2e310bd442fe4c1784e5c1d999d,Direct browsing,d_1be06ce1b670864df8c500dc82b295ae,1,0,a_e7d8c038c18055500148c5915382bd98,a_9625074394f3747d34dc0279a491d942,p_833afd9ba05d02f59d45e747132d839e,p_3dd478bd944ece2906a0c8e4425f63be,6,29580,12,11,1630,6118,23,7748,0.77755240027045303,261.93373901284656,336.86956521739131,0.52173913043478259,0.21037687145069695
r_a8b464ffd5d4572f390a593025a08c4d,Direct browsing,d_1be06ce1b670864df8c500dc82b295ae,1,0,a_e7d8c038c18055500148c5915382bd98,a_01c27fc950d2f075d869a4d0acaa48ee,p_b82d4d6e4757ab2abc0a545e5e8582c8,p_3dd478bd944ece2906a0c8e4425f63be,6,879,43,38,3403,40479,81,43882,92.150170648464169,49922.6393629124,541.75308641975312,0.53086419753086422,0.077548881090196434
r_de8c11cf1602f82ac630540408b4ac27,Direct browsing,d_1be06ce1b670864df8c500dc82b295ae,1,0,a_e7d8c038c18055500148c5915382bd98,a_01c27fc950d2f075d869a4d0acaa48ee,p_320c2c5f204920b24a75d00f1147f578,p_3dd478bd944ece2906a0c8e4425f63be,6,558,43,39,3389,42542,82,45931,146.95340501792114,82313.620071684578,560.13414634146341,0.52439024390243905,0.073784589928370822
r_1585f9818ce25df3bdb4dbabfd8f5dbe,Direct browsing,d_1be06ce1b670864df8c500dc82b295ae,1,0,a_e7d8c038c18055500148c5915382bd98,a_5607307b9b9a0681912487688d94bd13,p_0debe1de028ba810a272e7616e2b6b6d,p_3dd478bd944ece2906a0c8e4425f63be,6,92656,889,888,91728,487392,1777,579120,19.17846658608185,6250.215852184424,325.8975801913337,0.50028137310073162,0.15839204309987567
r_9ca279c2739ef7fceb6c995399f8bf27,Direct browsing,d_1be06ce1b670864df8c500dc82b295ae,1,0,a_e7d8c038c18055500148c5915382bd98,a_178987992589cd7a64647eed4723a65e,p_a2d2878136a5255d703d853067efa850,p_3dd478bd944ece2906a0c8e4425f63be,6,491,31,31,2889,36023,62,38912,126.27291242362526,79250.509164969451,627.61290322580646,0.5,0.074244449013157895
r_6b93974ec01b5a1fded1e03f86185708,Direct browsing,d_1be06ce1b670864df8c500dc82b295ae,1,0,a_e7d8c038c18055500148c5915382bd98,a_a41f118bf7accb0f07be539163fcd21a,p_58a8adb1c2fdbedfafe37a9f73daa02d,p_3dd478bd944ece2906a0c8e4425f63be,6,149,35,38,3036,41489,73,44525,489.93288590604027,298825.50335570471,609.93150684931504,0.47945205479452052,0.068186412128017973
r_924b78c9cd32e1bf52a61e81cd8361d7,Direct browsing,d_1be06ce1b670864df8c500dc82b295ae,1,0,a_e7d8c038c18055500148c5915382bd98,a_01c27fc950d2f075d869a4d0acaa48ee,p_56c03d02153d0aee9fad8e90001fa43b,p_3dd478bd944ece2906a0c8e4425f63be,6,942,35,38,3011,40477,73,43488,77.494692144373673,46165.605095541403,595.72602739726028,0.47945205479452052,0.069237490802060334
r_5bacac20aedb680f2d3f147827c941a9,Direct browsing,d_1be06ce1b670864df8c500dc82b295ae,1,0,a_e7d8c038c18055500148c5915382bd98,a_a13cda861e4d8ea24f6668c9e92c5f8e,p_497f5744660cb5a2c5570aa32c93970b,p_3dd478bd944ece2906a0c8e4425f63be,6,468,33,42,2586,37387,75,39973,160.25641025641025,85412.393162393157,532.97333333333336,0.44,0.064693668226052589
r_b08261f83b95959ed541711fc218914d,Direct browsing,d_1be06ce1b670864df8c500dc82b295ae,1,0,a_e7d8c038c18055500148c5915382bd98,a_3c49b6ed36e58897b1259f46cbd0a5f8,p_ebdc9861f93c80d44216386fe1022203,p_1239ed2e7e41d197d93a326176df63b2,17,0,1,0,30,0,1,30,,,30,1,1
r_81549f96dc85c6cf14768d614eec9871,Direct browsing,d_1be06ce1b670864df8c500dc82b295ae,1,0,a_e7d8c038c18055500148c5915382bd98,a_cf31ba68046233719f1273a3a3789e72,p_a36d9a337f5f10abc4a00f6bb4726c2c,p_3dd478bd944ece2906a0c8e4425f63be,6,307,5,5,785,275,10,1060,32.573289902280131,3452.7687296416939,106,0.5,0.74056603773584906
r_ffa0227b0589232ba4c84e8bf77e70fb,Direct browsing,d_1be06ce1b670864df8c500dc82b295ae,1,0,a_e7d8c038c18055500148c5915382bd98,a_cf31ba68046233719f1273a3a3789e72,p_ca63bc87f9ef70847d97247f7cbe10bd,p_3dd478bd944ece2906a0c8e4425f63be,6,149,6,6,849,327,12,1176,80.53691275167786,7892.6174496644298,98,0.5,0.72193877551020413
r_a7fc2e46a4190566b7af632b8415c13b,Direct browsing,d_1be06ce1b670864df8c500dc82b295ae,1,0,a_e7d8c038c18055500148c5915382bd98,a_cf31ba68046233719f1273a3a3789e72,p_bbda7925bed7a1dc9814b216bbed26ad,p_3dd478bd944ece2906a0c8e4425f63be,6,196,5,6,785,327,11,1112,56.122448979591837,5673.4693877551017,101.09090909090909,0.45454545454545453,0.7059352517985612
r_57028b160d2c68d5e891c18589ca2d74,Direct browsing,d_1be06ce1b670864df8c500dc82b295ae,1,0,a_e7d8c038c18055500148c5915382bd98,a_01c27fc950d2f075d869a4d0acaa48ee,p_5befffc189c664fa7f86953f31a8366a,p_3dd478bd944ece2906a0c8e4425f63be,6,863,33,35,2907,39034,68,41941,78.794901506373122,48599.073001158751,616.77941176470586,0.48529411764705882,0.06931165208268758
r_c3436fdd066183d3381e69e976be5327,Direct browsing,d_1be06ce1b670864df8c500dc82b295ae,1,0,a_e7d8c038c18055500148c5915382bd98,a_cf31ba68046233719f1273a3a3789e72,p_ebf6e43d6c05f00acbc524b666f1a1bd,p_d7195ebfc9c48d4a0beab7870d0eba9c,6,104,11,9,929,7370,20,8299,192.30769230769232,79798.076923076922,414.94999999999999,0.55000000000000004,0.11194119773466683
r_f4ffba0480da139dcffc0b334243f757,Direct browsing,d_1be06ce1b670864df8c500dc82b295ae,1,0,a_e7d8c038c18055500148c5915382bd98,a_cf31ba68046233719f1273a3a3789e72,p_c4efd2adf3167cf0f960a82e2252c472,p_d7195ebfc9c48d4a0beab7870d0eba9c,6,75,11,9,923,7337,20,8260,266.66666666666669,110133.33333333334,413,0.55000000000000004,0.11174334140435835
r_cd0bd856c12b4e60437c71d65397fcad,Direct browsing,d_1be06ce1b670864df8c500dc82b295ae,1,0,a_e7d8c038c18055500148c5915382bd98,a_0760b1433a7da030f921ffe48170e8e6,p_f32abb9e4f44a89a29950512bcc2b9e6,p_3dd478bd944ece2906a0c8e4425f63be,6,335,11,12,1568,5777,23,7345,68.656716417910445,21925.373134328358,319.3478260869565,0.47826086956521741,0.21347855684138869
r_e5b9f118708a40d0bbf28210be1bb473,Direct browsing,d_1be06ce1b670864df8c500dc82b295ae,1,0,a_e7d8c038c18055500148c5915382bd98,a_01c27fc950d2f075d869a4d0acaa48ee,p_26b1a48926c19d5709c5b998ba72a169,p_3dd478bd944ece2906a0c8e4425f63be,6,886,34,38,2953,42210,72,45163,81.264108352144476,50974.040632054173,627.26388888888891,0.47222222222222221,0.065385381839116088
r_952992522e69b8c8176c1b19b600930e,Direct browsing,d_1be06ce1b670864df8c500dc82b295ae,1,0,a_e7d8c038c18055500148c5915382bd98,a_cf31ba68046233719f1273a3a3789e72,p_16c9a760933b0434c7b889105f0240c7,p_d7195ebfc9c48d4a0beab7870d0eba9c,6,99,8,7,785,3020,15,3805,151.5151515151515,38434.343434343435,253.66666666666666,0.53333333333333333,0.20630749014454666
r_e6dde7405d238b9e89b337819ed7ba85,Direct browsing,d_1be06ce1b670864df8c500dc82b295ae,1,0,a_e7d8c038c18055500148c5915382bd98,a_cf31ba68046233719f1273a3a3789e72,p_20d5de3f40e2e3ab9ec10cbf6d563310,p_3dd478bd944ece2906a0c8e4425f63be,6,330,7,6,901,327,13,1228,39.393939393939391,3721.212121212121,94.461538461538467,0.53846153846153844,0.73371335504885993
r_caaaedf4fbba8781e03a4329154cc948,Direct browsing,d_1be06ce1b670864df8c500dc82b295ae,1,0,a_e7d8c038c18055500148c5915382bd98,a_01c27fc950d2f075d869a4d0acaa48ee,p_2fce186f3865060472c7427b61d6de2d,p_3dd478bd944ece2906a0c8e4425f63be,6,625,44,39,3440,42541,83,45981,132.80000000000001,73569.600000000006,553.98795180722891,0.53012048192771088,0.074813509928013749
r_4b06e5a08477839517ed8c45476a5f0c,Direct browsing,d_1be06ce1b670864df8c500dc82b295ae,1,0,a_e7d8c038c18055500148c5915382bd98,a_cf31ba68046233719f1273a3a3789e72,p_1fd0526e8e6dfd798ec0ff953c29f9aa,p_3dd478bd944ece2906a0c8e4425f63be,6,24982,13,14,1674,7321,27,8995,1.0807781602753983,360.0592426547114,333.14814814814815,0.48148148148148145,0.18610339077265148
r_d921461a737e31b0fb69ef9af40b4c0d,Direct browsing,d_1be06ce1b670864df8c500dc82b295ae,1,0,a_e7d8c038c18055500148c5915382bd98,a_cf31ba68046233719f1273a3a3789e72,p_9d80b5e15d9cf8aa9204066719edfc8c,p_d7195ebfc9c48d4a0beab7870d0eba9c,6,51,11,9,899,7328,20,8227,392.15686274509807,161313.72549019608,411.35000000000002,0.55000000000000004,0.10927434058587578
r_610ab90da584fbdf9bbeb3b9dca090c5,Direct browsing,d_1be06ce1b670864df8c500dc82b295ae,1,0,a_e7d8c038c18055500148c5915382bd98,a_be00401e0e78740d9387db5e9017c442,p_28a1eb73c6ddbedc1cfdefaacdafa600,p_3dd478bd944ece2906a0c8e4425f63be,6,1987,22,33,2916,34831,55,37747,27.679919476597885,18996.980372420734,686.30909090909086,0.40000000000000002,0.07725117227859167
r_775179682097e8abfc10fba6321904e9,Direct browsing,d_1be06ce1b670864df8c500dc82b295ae,1,0,a_e7d8c038c18055500148c5915382bd98,a_01c27fc950d2f075d869a4d0acaa48ee,p_4c48df164144619e242d716cecd9275c,p_3dd478bd944ece2906a0c8e4425f63be,6,559,34,38,2937,42488,72,45425,128.80143112701251,81261.180679785321,630.90277777777783,0.47222222222222221,0.064656026417171164
r_ac87feab963803d3a6983b9601badb1d,Direct browsing,d_1be06ce1b670864df8c500dc82b295ae,1,0,a_e7d8c038c18055500148c5915382bd98,a_e08c03611e61388db565df65d3d2f4af,p_c562db7d0154efa8c1d30ac3bfc84c1a,p_3dd478bd944ece2906a0c8e4425f63be,6,5226,70,72,4226,89726,142,93952,27.171833141982397,17977.803291236127,661.63380281690138,0.49295774647887325,0.044980415531335152
r_f96c07a45da9bdcaf753ae6bb74f8a58,Direct browsing,d_1be06ce1b670864df8c500dc82b295ae,1,0,a_e7d8c038c18055500148c5915382bd98,a_2f9327eb55447d1c7a94cf9133886a1b,p_0808228ecf68ea077a93ce775e37afd7,p_3dd478bd944ece2906a0c8e4425f63be,6,21226,15,15,1879,10537,30,12416,1.413360972392349,584.94299444078024,413.86666666666667,0.5,0.15133698453608246
r_ecb158da1b50593a614c2c7098e6fcf5,Direct browsing,d_1be06ce1b670864df8c500dc82b295ae,1,0,a_e7d8c038c18055500148c5915382bd98,a_01c27fc950d2f075d869a4d0acaa48ee,p_d0e5d3aaaea9313c6c25b55dd633a4c9,p_3dd478bd944ece2906a0c8e4425f63be,6,825,43,38,3409,42950,81,46359,98.181818181818187,56192.727272727279,572.33333333333337,0.53086419753086422,0.073534804460838238
r_40a78b408c215b9fe8e27b4239a73665,Direct browsing,d_1be06ce1b670864df8c500dc82b295ae,1,0,a_e7d8c038c18055500148c5915382bd98,a_d95417bb4fded28f12de898568896d9a,p_744e6150eb5e83f841dd36fd1a2d47fa,p_3dd478bd944ece2906a0c8e4425f63be,6,507,39,44,2731,46409,83,49140,163.70808678500987,96923.076923076922,592.04819277108436,0.46987951807228917,0.055575905575905575
r_bfa12df103415951417f387db40f3752,Direct browsing,d_1be06ce1b670864df8c500dc82b295ae,1,0,a_e7d8c038c18055500148c5915382bd98,a_01c27fc950d2f075d869a4d0acaa48ee,p_2a8f4812e9adb397b037ea02c6ff4a4c,p_3dd478bd944ece2906a0c8e4425f63be,6,1088,33,37,2898,42920,70,45818,64.338235294117638,42112.132352941175,654.54285714285709,0.47142857142857142,0.06325025099305949
r_66d5e4f5a032f1af06e8f52ac8994f89,Direct browsing,d_1be06ce1b670864df8c500dc82b295ae,1,0,a_e7d8c038c18055500148c5915382bd98,a_01c27fc950d2f075d869a4d0acaa48ee,p_d9413e7f504c96dd4461026f09eaa83d,p_3dd478bd944ece2906a0c8e4425f63be,6,952,33,37,2901,42916,70,45817,73.529411764705884,48127.100840336134,654.52857142857147,0.47142857142857142,0.063317109369884536
r_ced150f68ebe0a8bcd2b773de5efb4df,Direct browsing,d_1be06ce1b670864df8c500dc82b295ae,1,0,a_e7d8c038c18055500148c5915382bd98,a_cf31ba68046233719f1273a3a3789e72,p_a618653e530f8b607366696b165fb7b4,p_3dd478bd944ece2906a0c8e4425f63be,6,161,6,6,849,327,12,1176,74.534161490683232,7304.347826086956,98,0.5,0.72193877551020413
r_97a413d383afe328415fb49c92bb5f64,Direct browsing,d_1be06ce1b670864df8c500dc82b295ae,1,0,a_e7d8c038c18055500148c5915382bd98,a_cf31ba68046233719f1273a3a3789e72,p_0893ff33c913fbc623808e038a49ff1e,p_3dd478bd944ece2906a0c8e4425f63be,6,122,5,5,785,275,10,1060,81.967213114754102,8688.5245901639355,106,0.5,0.74056603773584906
r_2162140a10ec9dbae041005e1b8e1992,Direct browsing,d_1be06ce1b670864df8c500dc82b295ae,1,0,a_e7d8c038c18055500148c5915382bd98,a_01c27fc950d2f075d869a4d0acaa48ee,p_306c27fb01aa53f2125ab9cdf3691602,p_3dd478bd944ece2906a0c8e4425f63be,6,517,34,37,2945,43100,71,46045,137.33075435203094,89061.895551257257,648.52112676056333,0.47887323943661969,0.063959170376805305
r_aa3855f7921bee1c0e9dd1c16720d9a9,Direct browsing,d_1be06ce1b670864df8c500dc82b295ae,1,0,a_e7d8c038c18055500148c5915382bd98,a_aba7d6b8564eed630e233b8c9c513ccf,p_24e6a71d006911627262e61b8aef8e35,p_3dd478bd944ece2906a0c8e4425f63be,6,1251,27,34,2400,40174,61,42574,48.76099120703438,34031.97442046363,697.93442622950818,0.44262295081967212,0.056372433879832762
r_d40c0db0bb84df267d1a04c6309bfb07,Direct browsing,d_1be06ce1b670864df8c500dc82b295ae,1,0,a_e7d8c038c18055500148c5915382bd98,a_01c27fc950d2f075d869a4d0acaa48ee,p_3048acc9f6675aa6cfbfb4bbd8696fa2,p_3dd478bd944ece2906a0c8e4425f63be,6,818,43,38,3413,41673,81,45086,99.022004889975562,55117.359413202939,556.61728395061732,0.53086419753086422,0.07569977376569223
r_f0709b6477118d4db076863999d59a0b,Direct browsing,d_1be06ce1b670864df8c500dc82b295ae,1,0,a_e7d8c038c18055500148c5915382bd98,a_cf31ba68046233719f1273a3a3789e72,p_dd059b780a23a43500fe7bc2becae8ee,p_3dd478bd944ece2906a0c8e4425f63be,6,111,6,6,849,327,12,1176,108.10810810810811,10594.594594594595,98,0.5,0.72193877551020413
r_7865156f1ac9d5d912507e4813ff2419,Direct browsing,d_1be06ce1b670864df8c500dc82b295ae,1,0,a_e7d8c038c18055500148c5915382bd98,a_01c27fc950d2f075d869a4d0acaa48ee,p_4cdd7748ba7e3500a996a424bb15aabf,p_3dd478bd944ece2906a0c8e4425f63be,6,1064,44,39,3449,43456,83,46905,78.007518796992471,44083.646616541351,565.1204819277109,0.53012048192771088,0.073531606438545991
r_7302477296f58302ccbe1ba8878569e7,Direct browsing,d_1be06ce1b670864df8c500dc82b295ae,1,0,a_e7d8c038c18055500148c5915382bd98,a_5bcc03ed7043073ab975608127017c7b,p_c439360814e662ef54fe1479dd0b88d8,p_3dd478bd944ece2906a0c8e4425f63be,6,29393,13,11,1681,5239,24,6920,0.8165209403599496,235.43020447045214,288.33333333333331,0.54166666666666663,0.24291907514450867
r_f253e52fff9685a548b1449f5b765d3d,Direct browsing,d_1be06ce1b670864df8c500dc82b295ae,1,0,a_e7d8c038c18055500148c5915382bd98,a_cf31ba68046233719f1273a3a3789e72,p_499b4fe98fb4ad7bc915c6987ffc704d,p_3dd478bd944ece2906a0c8e4425f63be,6,165,6,6,849,327,12,1176,72.72727272727272,7127.272727272727,98,0.5,0.72193877551020413
r_e4fcf218544fd9567727178f52115dae,Direct browsing,d_1be06ce1b670864df8c500dc82b295ae,1,0,a_e7d8c038c18055500148c5915382bd98,a_9dacd8cfa32a26d2087e6f94bc374b8c,p_ed9b46393dbb105f65a22bc6281be96e,p_3dd478bd944ece2906a0c8e4425f63be,6,1301,29,43,2410,48873,72,51283,55.342044581091471,39418.139892390471,712.26388888888891,0.40277777777777779,0.046994130608583741
r_df426c4801131058c94339d034811636,Direct browsing,d_1be06ce1b670864df8c500dc82b295ae,1,0,a_e7d8c038c18055500148c5915382bd98,a_9c6aa07bc62a11dec03f482d53110b23,p_979e1a5a142c2374d3053acc44b30def,p_3dd478bd944ece2906a0c8e4425f63be,6,76600,19,8,5421,4650,27,10071,0.35248041775456923,131.47519582245431,373,0.70370370370370372,0.53827822460530239
r_bbb8437783b104e9bd1b1760164b1c7f,Direct browsing,d_1be06ce1b670864df8c500dc82b295ae,1,0,a_e7d8c038c18055500148c5915382bd98,a_e26ebc8f66dc2a068e15783a09c1a4cb,p_97152df3bfd3c7d4a55af1c6cbbd05a1,p_3dd478bd944ece2906a0c8e4425f63be,6,160465,71,69,10183,4878,140,15061,0.87246440033652195,93.858473810488263,107.57857142857142,0.50714285714285712,0.67611712369696564
r_599c252987c683b126047a5cff354da3,Direct browsing,d_1be06ce1b670864df8c500dc82b295ae,1,0,a_e7d8c038c18055500148c5915382bd98,a_01c27fc950d2f075d869a4d0acaa48ee,p_5e3e73271af0a23eb2c9e86d4cf04a68,p_3dd478bd944ece2906a0c8e4425f63be,6,895,44,39,3456,41784,83,45240,92.737430167597765,50547.486033519555,545.06024096385545,0.53012048192771088,0.076392572944297077
r_835421551acf589775e7c527144b719e,Direct browsing,d_1be06ce1b670864df8c500dc82b295ae,1,0,a_e7d8c038c18055500148c5915382bd98,a_01c27fc950d2f075d869a4d0acaa48ee,p_6d581f2579904ef036be9775a8024b90,p_3dd478bd944ece2906a0c8e4425f63be,6,562,35,39,2985,42538,74,45523,131.67259786476868,81001.779359430599,615.17567567567562,0.47297297297297297,0.065571249697954886
r_5f93225d92093ffe09666e09024fee33,Direct browsing,d_1be06ce1b670864df8c500dc82b295ae,1,0,a_e7d8c038c18055500148c5915382bd98,a_01c27fc950d2f075d869a4d0acaa48ee,p_a9b1e63ab2be70925d3eda8cb96d9a76,p_3dd478bd944ece2906a0c8e4425f63be,6,674,34,38,2950,42515,72,45465,106.82492581602374,67455.489614243314,631.45833333333337,0.47222222222222221,0.064885076432420544
r_bef89151565a40b6c4a1e3113a38f031,Direct browsing,d_1be06ce1b670864df8c500dc82b295ae,1,0,a_e7d8c038c18055500148c5915382bd98,a_01c27fc950d2f075d869a4d0acaa48ee,p_41f5c478ba3c53f6220687fc662ff9b4,p_3dd478bd944ece2906a0c8e4425f63be,6,639,34,38,2941,43403,72,46344,112.67605633802816,72525.821596244132,643.66666666666663,0.47222222222222221,0.063460210598998798
r_2b472e4f9852f52ac40153a725af11f7,Direct browsing,d_1be06ce1b670864df8c500dc82b295ae,1,0,a_e7d8c038c18055500148c5915382bd98,a_5909123435fd969820788e424e5162ac,p_0a42c24822d044b7e51f0714b396100e,p_3dd478bd944ece2906a0c8e4425f63be,6,624,5,5,785,275,10,1060,16.025641025641026,1698.7179487179487,106,0.5,0.74056603773584906
r_5935fc0c70783d43be9ae6ee2054316b,Direct browsing,d_1be06ce1b670864df8c500dc82b295ae,1,0,a_e7d8c038c18055500148c5915382bd98,a_cf31ba68046233719f1273a3a3789e72,p_47a768dd7b961e8db046bf7565ec0465,p_3dd478bd944ece2906a0c8e4425f63be,6,362,7,6,901,327,13,1228,35.911602209944753,3392.2651933701659,94.461538461538467,0.53846153846153844,0.73371335504885993
r_24a87b972f34a5052491de1078f76033,Direct browsing,d_1be06ce1b670864df8c500dc82b295ae,1,0,a_e7d8c038c18055500148c5915382bd98,a_cf31ba68046233719f1273a3a3789e72,p_ad9dd8df273a048379045a0b190d53a9,p_3dd478bd944ece2906a0c8e4425f63be,6,332,7,6,901,327,13,1228,39.156626506024097,3698.7951807228915,94.461538461538467,0.53846153846153844,0.73371335504885993
r_aba4bbd77ae4262db19eac8ae3f9f3de,Direct browsing,d_1be06ce1b670864df8c500dc82b295ae,1,0,a_e7d8c038c18055500148c5915382bd98,a_cf31ba68046233719f1273a3a3789e72,p_1a235456641924c3035ff97731f5a2c0,p_3dd478bd944ece2906a0c8e4425f63be,6,21447,19,18,2393,8861,37,11254,1.7251830092786871,524.73539422763088,304.16216216216219,0.51351351351351349,0.21263550737515549
r_ad0919fb822d57d9e47d8d82ed643fd5,Direct browsing,d_1be06ce1b670864df8c500dc82b295ae,1,0,a_e7d8c038c18055500148c5915382bd98,a_cf31ba68046233719f1273a3a3789e72,p_1cdadb40c76caa965e22a25fef8fc83b,p_3dd478bd944ece2906a0c8e4425f63be,6,175,16,16,2215,7680,32,9895,182.85714285714286,56542.857142857145,309.21875,0.5,0.22385042950985345
r_9ee4e189a069c5564d889f57139c7a78,Direct browsing,d_1be06ce1b670864df8c500dc82b295ae,1,0,a_e7d8c038c18055500148c5915382bd98,a_cf31ba68046233719f1273a3a3789e72,p_583c86327817b5ed4ce514a757f3e9a3,p_3dd478bd944ece2906a0c8e4425f63be,6,20171,18,17,2333,7784,35,10117,1.7351643448515195,501.56164791036639,289.05714285714288,0.51428571428571423,0.23060195710190767
r_f51b9325fc2d222228159f910a1fcc9d,Direct browsing,d_1be06ce1b670864df8c500dc82b295ae,1,0,a_e7d8c038c18055500148c5915382bd98,a_dba94684dc93d1da4e2caa511b4237a0,p_29befbec67beb25f66df1c3e42ddac45,p_3dd478bd944ece2906a0c8e4425f63be,6,16262,13,12,1683,7200,25,8883,1.5373262821301192,546.24277456647394,355.31999999999999,0.52000000000000002,0.1894630192502533
r_9413531373091e987a55ede8ede654d3,Direct browsing,d_1be06ce1b670864df8c500dc82b295ae,1,0,a_e7d8c038c18055500148c5915382bd98,a_15a082f506e5bfe94c47657b615e9fb3,p_7e203975c2de02bb88ec7fc9f5f2040c,p_3dd478bd944ece2906a0c8e4425f63be,6,1071,18,16,2387,8496,34,10883,31.746031746031747,10161.531279178338,320.08823529411762,0.52941176470588236,0.21933290453000093
r_c68479bfcc855e57fcd3ed2283a537f5,Direct browsing,d_1be06ce1b670864df8c500dc82b295ae,1,0,a_e7d8c038c18055500148c5915382bd98,a_5b6714b5a5453fc3a5bf74c787819ef9,p_565a948d459e0c59a43d8c00c51ddf1a,p_3dd478bd944ece2906a0c8e4425f63be,6,20451,12,12,1625,7165,24,8790,1.1735367463693707,429.80783335778199,366.25,0.5,0.18486916951080773
r_3041df0627efa4ca02295001aea3c642,Direct browsing,d_1be06ce1b670864df8c500dc82b295ae,1,0,a_e7d8c038c18055500148c5915382bd98,a_a41f118bf7accb0f07be539163fcd21a,p_568a52bc7a740e496d0157e024d42d50,p_3dd478bd944ece2906a0c8e4425f63be,6,151,31,30,2876,31348,61,34224,403.97350993377484,226649.00662251655,561.04918032786884,0.50819672131147542,0.08403459560542309
r_9eb2497b849288cde04cafb05c44855f,Direct browsing,d_1be06ce1b670864df8c500dc82b295ae,1,0,a_e7d8c038c18055500148c5915382bd98,a_cf31ba68046233719f1273a3a3789e72,p_ea9650ffe862dcba40e9fbef6136cba2,p_3dd478bd944ece2906a0c8e4425f63be,6,119,5,6,785,327,11,1112,92.436974789915965,9344.5378151260502,101.09090909090909,0.45454545454545453,0.7059352517985612
r_5b9fd12686146e4dbb63990d15fcf7cb,Direct browsing,d_1be06ce1b670864df8c500dc82b295ae,1,0,a_e7d8c038c18055500148c5915382bd98,a_5607307b9b9a0681912487688d94bd13,p_ae38a730ac72c93f04e07040e19cab00,p_3dd478bd944ece2906a0c8e4425f63be,6,23300,22,25,2198,11001,47,13199,2.0171673819742488,566.48068669527891,280.82978723404256,0.46808510638297873,0.16652776725509508
r_916d0fb98b2845a2cc933af93b4abe18,Direct browsing,d_1be06ce1b670864df8c500dc82b295ae,1,0,a_e7d8c038c18055500148c5915382bd98,a_2c5763240a0c02338c52628015cb2e46,p_4625457d53fedb3d7e93b5a44e898904,p_3dd478bd944ece2906a0c8e4425f63be,6,4657,55,58,4241,67301,113,71542,24.264547992269701,15362.250375778398,633.11504424778764,0.48672566371681414,0.059279863576640293
r_47ceea09de6daadf1920087a7511a6d6,Direct browsing,d_1be06ce1b670864df8c500dc82b295ae,1,0,a_e7d8c038c18055500148c5915382bd98,a_11fda3f1d20d11b40efde6cfd8b2982e,p_b76210f4d956aaf1da37a3496d08a047,p_3dd478bd944ece2906a0c8e4425f63be,6,329,74,79,4340,95777,153,100117,465.04559270516717,304306.99088145897,654.35947712418306,0.48366013071895425,0.043349281340831228
r_1da54fe0c5c1da5d6bca15a9bf784fc8,Direct browsing,d_1be06ce1b670864df8c500dc82b295ae,1,0,a_e7d8c038c18055500148c5915382bd98,a_3ddadb7b3a2e7f7adf9c693feab497b3,p_d41558869278807ef218213e8fbd1331,p_3dd478bd944ece2906a0c8e4425f63be,6,23748,12,10,1639,5149,22,6788,0.92639380158329121,285.8345965976082,308.54545454545456,0.54545454545454541,0.24145550972304067
r_7090adb78ee5b363358e3edbec723861,Direct browsing,d_1be06ce1b670864df8c500dc82b295ae,1,0,a_e7d8c038c18055500148c5915382bd98,a_67f9ee561771dee443d6965eaadbe689,p_a601e834d0e412d6d4078ebe59e37e4f,p_3dd478bd944ece2906a0c8e4425f63be,6,259,68,83,3943,100847,151,104790,583.01158301158296,404594.59459459456,693.97350993377484,0.45033112582781459,0.037627636224830611
r_68f23def322a113839e602bd39d1185c,Direct browsing,d_1be06ce1b670864df8c500dc82b295ae,1,0,a_e7d8c038c18055500148c5915382bd98,a_07c63542019aa418b5a848b5e44a7937,p_e81170a7232117595cdf22d1fc73937f,p_d7195ebfc9c48d4a0beab7870d0eba9c,6,1004,7,5,710,2083,12,2793,11.952191235059761,2781.8725099601593,232.75,0.58333333333333337,0.25420694593626925
r_df27357ffb9878d89361611fd3d831b6,Direct browsing,d_1be06ce1b670864df8c500dc82b295ae,1,0,a_e7d8c038c18055500148c5915382bd98,a_01c27fc950d2f075d869a4d0acaa48ee,p_8fd23b15b3f989f742fb9420ab3bcae2,p_3dd478bd944ece2906a0c8e4425f63be,6,855,34,38,2941,42947,72,45888,84.21052631578948,53670.175438596496,637.33333333333337,0.47222222222222221,0.064090829846582986
r_6c46187663d05e02dd159a099777596d,Direct browsing,d_1be06ce1b670864df8c500dc82b295ae,1,0,a_e7d8c038c18055500148c5915382bd98,a_cf31ba68046233719f1273a3a3789e72,p_5717d508d7f24d0344e55df592dae3ee,p_3dd478bd944ece2906a0c8e4425f63be,6,217,5,6,785,327,11,1112,50.691244239631338,5124.4239631336404,101.09090909090909,0.45454545454545453,0.7059352517985612
r_fad01eda7672629fd309f0665901e18c,Direct browsing,d_1be06ce1b670864df8c500dc82b295ae,1,0,a_e7d8c038c18055500148c5915382bd98,a_5607307b9b9a0681912487688d94bd13,p_d977f7a9db4b68afabc1603c13e23521,p_3dd478bd944ece2906a0c8e4425f63be,6,32243,21,25,2148,10841,46,12989,1.4266662531402163,402.8471296095276,282.36956521739131,0.45652173913043476,0.16537069828316267
r_fede05ec2747ea170d1dab38d60deeb3,Direct browsing,d_1be06ce1b670864df8c500dc82b295ae,1,0,a_e7d8c038c18055500148c5915382bd98,a_cf31ba68046233719f1273a3a3789e72,p_d12abf6ac98a4e9f8f0ebc072b0970a2,p_3dd478bd944ece2906a0c8e4425f63be,6,206,5,5,785,275,10,1060,48.543689320388353,5145.6310679611652,106,0.5,0.74056603773584906
r_26425c0043b584e430608917e18188a9,Direct browsing,d_1be06ce1b670864df8c500dc82b295ae,1,0,a_e7d8c038c18055500148c5915382bd98,a_2ec8aeaf6f94696415324527078381e3,p_2b5b027369bbd5c268e910615e773378,p_3dd478bd944ece2906a0c8e4425f63be,6,770,19,20,2036,17743,39,19779,50.649350649350652,25687.012987012986,507.15384615384613,0.48717948717948717,0.10293745892107792
r_b00f58b23589baf49a9d114d0ac03902,Direct browsing,d_1be06ce1b670864df8c500dc82b295ae,1,0,a_e7d8c038c18055500148c5915382bd98,a_cf31ba68046233719f1273a3a3789e72,p_7f9e76f888aae44c2224873822119445,p_3dd478bd944ece2906a0c8e4425f63be,6,156,5,5,785,275,10,1060,64.102564102564102,6794.8717948717949,106,0.5,0.74056603773584906
r_3e045dd2a4221aaf784982f75b1fb0d2,Direct browsing,d_1be06ce1b670864df8c500dc82b295ae,1,0,a_e7d8c038c18055500148c5915382bd98,a_cf31ba68046233719f1273a3a3789e72,p_fb12ed9d5af5dd326ddcb2a0cdb13225,p_3dd478bd944ece2906a0c8e4425f63be,6,168,6,6,849,327,12,1176,71.428571428571431,7000,98,0.5,0.72193877551020413
r_4f5ec23712e5d5a55dbdf4b08ed82e91,Direct browsing,d_1be06ce1b670864df8c500dc82b295ae,1,0,a_e7d8c038c18055500148c5915382bd98,a_c768cf03bcc8571b20df780f5600a7dd,p_9a8d630b12daeb6898ac4e6eacaf3c0e,p_3dd478bd944ece2906a0c8e4425f63be,6,1335,13,11,1724,6364,24,8088,17.977528089887642,6058.4269662921351,337,0.54166666666666663,0.21315529179030662
r_541bd95f187f3d6c9d3f3068d91da12b,Direct browsing,d_1be06ce1b670864df8c500dc82b295ae,1,0,a_e7d8c038c18055500148c5915382bd98,a_cf31ba68046233719f1273a3a3789e72,p_33a66ef4bbce4ad209cf240f46b11060,p_d7195ebfc9c48d4a0beab7870d0eba9c,6,87,11,9,968,7355,20,8323,229.88505747126439,95666.666666666672,416.14999999999998,0.55000000000000004,0.11630421722936442
r_0ee95df00ed372fb91645ee455d8647d,Direct browsing,d_1be06ce1b670864df8c500dc82b295ae,1,0,a_e7d8c038c18055500148c5915382bd98,a_5607307b9b9a0681912487688d94bd13,p_3c86a75b55e087fd655a428e7a18ba30,p_3dd478bd944ece2906a0c8e4425f63be,6,156856,946,882,94548,486402,1828,580950,11.654001122048248,3703.7155097669201,317.80634573304155,0.51750547045951856,0.16274722437387037
r_42a23e80b410c6812943b954a87a9571,Direct browsing,d_1be06ce1b670864df8c500dc82b295ae,1,0,a_e7d8c038c18055500148c5915382bd98,a_cf31ba68046233719f1273a3a3789e72,p_35316376be462e8a43ae2fd191b393d1,p_3dd478bd944ece2906a0c8e4425f63be,6,332,7,6,901,327,13,1228,39.156626506024097,3698.7951807228915,94.461538461538467,0.53846153846153844,0.73371335504885993
r_25d6ccf0690f889df93ba632663a68c1,Direct browsing,d_1be06ce1b670864df8c500dc82b295ae,1,0,a_e7d8c038c18055500148c5915382bd98,a_cf31ba68046233719f1273a3a3789e72,p_0eb0445ffc0d0c8a498ee800c0f28dd4,p_3dd478bd944ece2906a0c8e4425f63be,6,181,13,14,1688,7310,27,8998,149.17127071823205,49712.707182320446,333.25925925925924,0.48148148148148145,0.18759724383196266
r_bf0448e889d40080387229c9788ae339,Direct browsing,d_1be06ce1b670864df8c500dc82b295ae,1,0,a_e7d8c038c18055500148c5915382bd98,a_a41f118bf7accb0f07be539163fcd21a,p_abd523608a59de9c8700e6f1e8510cc5,p_3dd478bd944ece2906a0c8e4425f63be,6,198,36,38,3945,43606,74,47551,373.73737373737373,240156.56565656565,642.58108108108104,0.48648648648648651,0.082963554919980656
r_cf1361ec6f9b9a8296f2cd9078430cc4,Direct browsing,d_1be06ce1b670864df8c500dc82b295ae,1,0,a_e7d8c038c18055500148c5915382bd98,a_cf31ba68046233719f1273a3a3789e72,p_f4e40ae661163dd6765bb2b10a29bc33,p_3dd478bd944ece2906a0c8e4425f63be,6,190,5,5,785,275,10,1060,52.631578947368418,5578.9473684210525,106,0.5,0.74056603773584906
r_cc61808325ad875aa292bdf4155d9cad,Direct browsing,d_1be06ce1b670864df8c500dc82b295ae,1,0,a_e7d8c038c18055500148c5915382bd98,a_cf31ba68046233719f1273a3a3789e72,p_aca781ed93aeb8de964ffafad5293721,p_3dd478bd944ece2906a0c8e4425f63be,6,133,5,5,785,275,10,1060,75.187969924812023,7969.9248120300745,106,0.5,0.74056603773584906
r_5d9edcac328705696d16527c59484d61,Direct browsing,d_1be06ce1b670864df8c500dc82b295ae,1,0,a_e7d8c038c18055500148c5915382bd98,a_8441c3c1d2d77d2febf358202998b59d,p_35b09b312dd5a161bc056af72213856a,p_3dd478bd944ece2906a0c8e4425f63be,6,1354,30,36,2389,38815,66,41204,48.744460856720821,30431.314623338254,624.30303030303025,0.45454545454545453,0.057979807785651878
r_4b14d70658f27f25d9c9cabe6110aa9d,Direct browsing,d_1be06ce1b670864df8c500dc82b295ae,1,0,a_e7d8c038c18055500148c5915382bd98,a_52e332178d9cca20e2c169b46c09cc51,p_aae1b14e28ddfbb3c62ece41e8adbdb6,p_3dd478bd944ece2906a0c8e4425f63be,6,454,32,32,2296,32760,64,35056,140.9691629955947,77215.859030837004,547.75,0.5,0.065495207667731634
r_b448eb94757788023cebe03db15f53f7,Direct browsing,d_1be06ce1b670864df8c500dc82b295ae,1,0,a_e7d8c038c18055500148c5915382bd98,a_cf31ba68046233719f1273a3a3789e72,p_9c771ef14290c74599017e93039afc5b,p_3dd478bd944ece2906a0c8e4425f63be,6,125,6,6,849,327,12,1176,96,9408,98,0.5,0.72193877551020413
r_e96c6ea34ea5fd90cb14cdb6598e025d,Direct browsing,d_1be06ce1b670864df8c500dc82b295ae,1,0,a_e7d8c038c18055500148c5915382bd98,a_cf31ba68046233719f1273a3a3789e72,p_295a0e1a47a341ac546178b1bc5cf642,p_3dd478bd944ece2906a0c8e4425f63be,6,93,5,5,785,275,10,1060,107.52688172043011,11397.849462365592,106,0.5,0.74056603773584906
r_57bc016f71a05115493cc1e776d6fdc5,Direct browsing,d_1be06ce1b670864df8c500dc82b295ae,1,0,a_e7d8c038c18055500148c5915382bd98,a_ae24b0be3ac0b79a46aa66df1dfb3440,p_d2f7e9293f1b29d7d1e85dececd80260,p_3dd478bd944ece2906a0c8e4425f63be,6,24280,14,16,1839,9958,30,11797,1.2355848434925865,485.87314662273474,393.23333333333335,0.46666666666666667,0.15588708993811987
r_5d22f66fa696359c8ec19c4231e60baa,Direct browsing,d_1be06ce1b670864df8c500dc82b295ae,1,0,a_e7d8c038c18055500148c5915382bd98,a_55bb2fe55d65eefb10879568fbf182af,p_93bfc5aadb4be4712e9c21709347349d,p_3dd478bd944ece2906a0c8e4425f63be,6,11221,8,0,480,0,8,480,0.71294893503252832,42.776936101951698,60,1,1
r_f8e4bf23ba07d458dbb3656ed7890f43,Direct browsing,d_1be06ce1b670864df8c500dc82b295ae,1,0,a_e7d8c038c18055500148c5915382bd98,a_c32cf9917ab25ae63b0968cf28d8efd0,p_16f9e82fd8e1ad292c7368a8b3cef199,p_3dd478bd944ece2906a0c8e4425f63be,6,1116,12,14,1618,10045,26,11663,23.297491039426522,10450.716845878134,448.57692307692309,0.46153846153846156,0.13872931492754867
r_1ca3337ac5be60ca908384e3fc2a5412,Direct browsing,d_1be06ce1b670864df8c500dc82b295ae,1,0,a_e7d8c038c18055500148c5915382bd98,a_5f4671b8faacb038112e85e516594bd1,p_761c9de80a48ef4d793effa3112cace9,p_3dd478bd944ece2906a0c8e4425f63be,6,557,13,14,1745,7725,27,9470,48.473967684021538,17001.795332136444,350.74074074074076,0.48148148148148145,0.1842661034846885
r_40f0d58200f69d3d1e9ffae3cfd4c504,Direct browsing,d_1be06ce1b670864df8c500dc82b295ae,1,0,a_e7d8c038c18055500148c5915382bd98,a_22157b321cee9eee4963e0358b130225,p_cfc0bc177c1e72a93309d3f931c05033,p_3dd478bd944ece2906a0c8e4425f63be,6,235,19,18,2316,11378,37,13694,157.44680851063831,58272.340425531918,370.10810810810813,0.51351351351351349,0.16912516430553526
r_47c3defb9eca5dcca9aaf44aea11d16b,Direct browsing,d_1be06ce1b670864df8c500dc82b295ae,1,0,a_e7d8c038c18055500148c5915382bd98,a_5909123435fd969820788e424e5162ac,p_9b32db37106dcb2d0bdb367bc516c2ee,p_3dd478bd944ece2906a0c8e4425f63be,6,745,5,5,785,275,10,1060,13.422818791946309,1422.8187919463087,106,0.5,0.74056603773584906
r_cbd6eed66071c3855579514c2e019912,Direct browsing,d_1be06ce1b670864df8c500dc82b295ae,1,0,a_e7d8c038c18055500148c5915382bd98,a_5223cb1e65ccaaf2674401458aae2f32,p_da5492964a7c23b1cf01a44873d66e6f,p_3dd478bd944ece2906a0c8e4425f63be,6,2222,26,31,2429,33592,57,36021,25.652565256525651,16211.071107110711,631.9473684210526,0.45614035087719296,0.067432886371838655
r_179c6e07ab970bff4331751925b94e0d,Direct browsing,d_1be06ce1b670864df8c500dc82b295ae,1,0,a_e7d8c038c18055500148c5915382bd98,a_a28a4d936a0409e6e9bc4418ae5fad1d,p_3dfe9e5e23601cb92c43f8f21062912a,p_d7195ebfc9c48d4a0beab7870d0eba9c,6,797,6,4,407,401,10,808,12.547051442910915,1013.8017565872019,80.799999999999997,0.59999999999999998,0.50371287128712872
r_0489a75e65501058696b05c5166376ac,Direct browsing,d_1be06ce1b670864df8c500dc82b295ae,1,0,a_e7d8c038c18055500148c5915382bd98,a_806505022387ebbebdaf5ac01788f4ed,p_fe9d0091ffad70dccc12cc9f94cce849,p_d7195ebfc9c48d4a0beab7870d0eba9c,6,29653,6,4,662,527,10,1189,0.33723400667723336,40.097123393923042,118.90000000000001,0.59999999999999998,0.55677039529015981
r_5af4b84623dd21f72d88f4410e564b38,Direct browsing,d_1be06ce1b670864df8c500dc82b295ae,1,0,a_e7d8c038c18055500148c5915382bd98,a_cf31ba68046233719f1273a3a3789e72,p_2e4487bb2517b713db2b8d0713125f9e,p_3dd478bd944ece2906a0c8e4425f63be,6,123,6,6,849,327,12,1176,97.560975609756099,9560.9756097560985,98,0.5,0.72193877551020413
r_dcc411199ceccc7d7056d438d9bbcdbf,Direct browsing,d_1be06ce1b670864df8c500dc82b295ae,1,0,a_e7d8c038c18055500148c5915382bd98,a_4c67e38b4407a8a6e6e375181ae264c8,p_db37530620f707f34b96edb89d1bdfba,p_3dd478bd944ece2906a0c8e4425f63be,6,17798,12,13,1618,7240,25,8858,1.4046522081132713,497.69637037869427,354.31999999999999,0.47999999999999998,0.18265974260555431
r_4344671bce1e00f6fb90a976f9263b92,Direct browsing,d_1be06ce1b670864df8c500dc82b295ae,1,0,a_e7d8c038c18055500148c5915382bd98,a_91c9405d3d68a4e061da05aa91c48621,p_36efdd0fc0c5fd05c8063d4e06c6c202,p_3dd478bd944ece2906a0c8e4425f63be,6,749,13,11,1668,6599,24,8267,32.042723631508679,11037.383177570093,344.45833333333331,0.54166666666666663,0.20176605782024917
r_2c32d09af181f787af110fdfa30f8a79,Direct browsing,d_1be06ce1b670864df8c500dc82b295ae,1,0,a_e7d8c038c18055500148c5915382bd98,a_8930048c5fae5718c10631759fe58a6d,p_c51f48d5db9ef4d29f062d6a172e2280,p_d7195ebfc9c48d4a0beab7870d0eba9c,6,740,16,13,1062,15159,29,16221,39.189189189189193,21920.27027027027,559.34482758620686,0.55172413793103448,0.065470686147586457
r_e3a9c0c6f760214649690bd6d4c5a352,Direct browsing,d_1be06ce1b670864df8c500dc82b295ae,1,0,a_e7d8c038c18055500148c5915382bd98,a_772684cf291cb84ef0c15b6bb6d8526f,p_b0b9585236ba8442a5dab36eae21fc86,p_3dd478bd944ece2906a0c8e4425f63be,6,1248,50,53,3338,59003,103,62341,82.532051282051285,49952.724358974359,605.252427184466,0.4854368932038835,0.05354421648674227
r_745beb377f590fd660f054e9abd79846,Direct browsing,d_1be06ce1b670864df8c500dc82b295ae,1,0,a_e7d8c038c18055500148c5915382bd98,a_77b61cdb5558b44fc1a22c36b5e71326,p_a83bec87cdc7eed16dbf18fcb37fdfe6,p_3dd478bd944ece2906a0c8e4425f63be,6,22420,13,12,1610,5337,25,6947,1.1150758251561106,309.85727029437999,277.88,0.52000000000000002,0.23175471426515043
r_f564aea07e3a414d1fd1e1ae39655042,Direct browsing,d_1be06ce1b670864df8c500dc82b295ae,1,0,a_e7d8c038c18055500148c5915382bd98,a_7c818396811218a7396e1394c5382ce8,p_7e2e7711c8d3a83926d684a3130637f8,p_3dd478bd944ece2906a0c8e4425f63be,6,5401,10,10,1486,4379,20,5865,3.7030179596371045,1085.9100166635808,293.25,0.5,0.25336743393009376
r_f26a88fa2638288fc605f4355fce2b96,Direct browsing,d_1be06ce1b670864df8c500dc82b295ae,1,0,a_e7d8c038c18055500148c5915382bd98,a_cf31ba68046233719f1273a3a3789e72,p_b5f545b6867588429469d3a6172f37cb,p_3dd478bd944ece2906a0c8e4425f63be,6,151,5,5,785,275,10,1060,66.225165562913915,7019.8675496688747,106,0.5,0.74056603773584906
r_e629d4ac3f92793be8cb19b42dd08325,Direct browsing,d_1be06ce1b670864df8c500dc82b295ae,1,0,a_e7d8c038c18055500148c5915382bd98,a_8a1bf602a2968f6273c99387feb7e65d,p_4c7913a15a540580c6a610fbada30f19,p_3dd478bd944ece2906a0c8e4425f63be,6,11235,8,0,480,0,8,480,0.71206052514463736,42.723631508678238,60,1,1
r_4b524b744a32f4bdd35ecf45fbc9b4a5,Direct browsing,d_1be06ce1b670864df8c500dc82b295ae,1,0,a_e7d8c038c18055500148c5915382bd98,a_cf31ba68046233719f1273a3a3789e72,p_c65a474686b34a0c6f22b0dfd6805069,p_3dd478bd944ece2906a0c8e4425f63be,6,27701,17,16,2281,7687,33,9968,1.1912927331143279,359.84260496010972,302.06060606060606,0.51515151515151514,0.2288322632423756
r_03576cdc0c7eadff6c5813e56edb27ba,Direct browsing,d_1be06ce1b670864df8c500dc82b295ae,1,0,a_e7d8c038c18055500148c5915382bd98,a_cf31ba68046233719f1273a3a3789e72,p_8183440e974f6f496ab702dece6cac69,p_3dd478bd944ece2906a0c8e4425f63be,6,90,6,6,849,327,12,1176,133.33333333333334,13066.666666666668,98,0.5,0.72193877551020413
r_b4c5e299fe4048fd73a1fad95f18b63a,Direct browsing,d_1be06ce1b670864df8c500dc82b295ae,1,0,a_e7d8c038c18055500148c5915382bd98,a_af30395c2198eede462ef6ed4bcef96c,p_99f176b32254e374858413a84c09fe5d,p_3dd478bd944ece2906a0c8e4425f63be,6,780,15,13,1816,6747,28,8563,35.897435897435898,10978.205128205127,305.82142857142856,0.5357142857142857,0.21207520728716572
r_7d8f3cf23b3385937c92fcd0d056a95c,Direct browsing,d_1be06ce1b670864df8c500dc82b295ae,1,0,a_e7d8c038c18055500148c5915382bd98,a_87af2adb9009986fd1157cb8e697179c,p_a8aa80a9f96ad0c63848277501000968,p_3dd478bd944ece2906a0c8e4425f63be,6,58641,20,21,2556,12635,41,15191,0.69916952302996205,259.05083474019887,370.51219512195121,0.48780487804878048,0.1682575209005332
r_9c98997efc9c8148c80e33b9050c0cf2,Direct browsing,d_1be06ce1b670864df8c500dc82b295ae,1,0,a_e7d8c038c18055500148c5915382bd98,a_cf31ba68046233719f1273a3a3789e72,p_c2f4d21baf33e5a2a553c175a9e4af3e,p_3dd478bd944ece2906a0c8e4425f63be,6,28270,12,12,1631,7275,24,8906,0.84895649097983727,315.03360452776798,371.08333333333331,0.5,0.18313496519200539
r_7734c3eacf9a8921ecbb5a21b61d43f2,Direct browsing,d_1be06ce1b670864df8c500dc82b295ae,1,0,a_e7d8c038c18055500148c5915382bd98,a_cf31ba68046233719f1273a3a3789e72,p_e17186819e2d0d724d6a2a7c4005fc21,p_3dd478bd944ece2906a0c8e4425f63be,6,107,6,6,849,327,12,1176,112.14953271028038,10990.654205607478,98,0.5,0.72193877551020413
r_9a9de3ba18712ba3d6b5e6492018ee48,Direct browsing,d_1be06ce1b670864df8c500dc82b295ae,1,0,a_6a7d725e323045aa38ee40170a6b9ac7,a_f996ba757d02cdb550a8ef4f77976cdc,p_17aa210dda7d507fd2f6f3b3f3f59749,p_17aa210dda7d507fd2f6f3b3f3f59749,58,0,1,0,48,0,1,48,,,48,1,1
r_7591cd660d6941acc6fc19d7940c035d,Direct browsing,d_1be06ce1b670864df8c500dc82b295ae,1,0,a_e7d8c038c18055500148c5915382bd98,a_7e3895b1c10d0c97684861fb48ae9c7a,p_6af7eaca0514d9aaab9533107300555c,p_3dd478bd944ece2906a0c8e4425f63be,6,28857,14,16,1749,9583,30,11332,1.0396091069757771,392.69501334165022,377.73333333333335,0.46666666666666667,0.15434168725732439
r_d7983a85509d5253702b2af1a8d3f8b0,Direct browsing,d_1be06ce1b670864df8c500dc82b295ae,1,0,a_e7d8c038c18055500148c5915382bd98,a_a41f118bf7accb0f07be539163fcd21a,p_9c7899835416ecfec4188cc9f65650ef,p_3dd478bd944ece2906a0c8e4425f63be,6,210,31,30,2857,31587,61,34444,290.47619047619048,164019.04761904763,564.65573770491801,0.50819672131147542,0.082946231564278244
r_8f6e7d1f5c1d44bfd907f6047e8d3db4,Direct browsing,d_1be06ce1b670864df8c500dc82b295ae,1,0,a_e7d8c038c18055500148c5915382bd98,a_cf31ba68046233719f1273a3a3789e72,p_4a483ae4e1667c576fd1b86c2b410aa9,p_3dd478bd944ece2906a0c8e4425f63be,6,362,7,6,901,327,13,1228,35.911602209944753,3392.2651933701659,94.461538461538467,0.53846153846153844,0.73371335504885993
r_f39a86bdde99edf0c7e9a2eeb68503fa,Direct browsing,d_1be06ce1b670864df8c500dc82b295ae,1,0,a_e7d8c038c18055500148c5915382bd98,a_cf31ba68046233719f1273a3a3789e72,p_eb1b0b602125a6d29d2f7c0f78d7a017,p_3dd478bd944ece2906a0c8e4425f63be,6,332,7,6,901,327,13,1228,39.156626506024097,3698.7951807228915,94.461538461538467,0.53846153846153844,0.73371335504885993
r_eed29165cae0055d80b010cfd12b8da8,Direct browsing,d_1be06ce1b670864df8c500dc82b295ae,1,0,a_e7d8c038c18055500148c5915382bd98,a_cf31ba68046233719f1273a3a3789e72,p_1b6d2b9d57dda316fd72af4ae8a1ef8f,p_3dd478bd944ece2906a0c8e4425f63be,6,212,5,5,785,275,10,1060,47.169811320754718,5000,106,0.5,0.74056603773584906
r_4df548f053dfbf7da63855d9acd1e760,Direct browsing,d_1be06ce1b670864df8c500dc82b295ae,1,0,a_e7d8c038c18055500148c5915382bd98,a_cf31ba68046233719f1273a3a3789e72,p_36c18b090d99cd1d3486180166ca21a4,p_d7195ebfc9c48d4a0beab7870d0eba9c,6,165,11,9,904,7343,20,8247,121.2121212121212,49981.818181818177,412.35000000000002,0.55000000000000004,0.10961561780041228
r_455c6cc1629f7286d5d1b6f49af73eb7,Direct browsing,d_1be06ce1b670864df8c500dc82b295ae,1,0,a_e7d8c038c18055500148c5915382bd98,a_cf31ba68046233719f1273a3a3789e72,p_35f3edd6ead76e8e4280f57ec6e8bf91,p_3dd478bd944ece2906a0c8e4425f63be,6,175,6,6,849,327,12,1176,68.571428571428569,6720,98,0.5,0.72193877551020413
r_3e823c6fe4bbda3a9b46b0ca9d35f0ca,Direct browsing,d_1be06ce1b670864df8c500dc82b295ae,1,0,a_e7d8c038c18055500148c5915382bd98,a_6e48a329e6ffd037a1e6ef0fcb639a74,p_fdf39c2d6288d4f91e4e6bee3dd3429f,p_3dd478bd944ece2906a0c8e4425f63be,6,1422,49,52,3314,58707,101,62021,71.026722925457108,43615.330520393814,614.06930693069307,0.48514851485148514,0.053433514454781443
r_807c4ca221cd66e7f04e9f4fbe1cdddc,Direct browsing,d_1be06ce1b670864df8c500dc82b295ae,1,0,a_e7d8c038c18055500148c5915382bd98,a_576aa7b45afa07b39b269cbc072ee5de,p_30314fcca323dd323fc5f3320d1a66d4,p_3dd478bd944ece2906a0c8e4425f63be,6,222,65,69,3972,83160,134,87132,603.60360360360357,392486.48648648651,650.2388059701492,0.48507462686567165,0.045586007436992149
r_35d73cb0571711e5f80718e8672375cc,Direct browsing,d_1be06ce1b670864df8c500dc82b295ae,1,0,a_e7d8c038c18055500148c5915382bd98,a_01c27fc950d2f075d869a4d0acaa48ee,p_426de058e317738afd4b4c8c27ecf784,p_3dd478bd944ece2906a0c8e4425f63be,6,872,44,39,3438,43456,83,46894,95.183486238532112,53777.522935779816,564.98795180722891,0.53012048192771088,0.073314283277178316
r_40837b8a93df04baed2adca741aadf97,Direct browsing,d_1be06ce1b670864df8c500dc82b295ae,1,0,a_e7d8c038c18055500148c5915382bd98,a_01c27fc950d2f075d869a4d0acaa48ee,p_8dcf82c98298ec56950e6e2dd2f45c9d,p_3dd478bd944ece2906a0c8e4425f63be,6,910,44,39,3461,43456,83,46917,91.208791208791212,51557.142857142855,565.26506024096386,0.53012048192771088,0.073768570027921643
r_a6006339fc37d51a671ebd0c449e0c22,Direct browsing,d_1be06ce1b670864df8c500dc82b295ae,1,0,a_e7d8c038c18055500148c5915382bd98,a_01c27fc950d2f075d869a4d0acaa48ee,p_c33ef5516129396fbdfba116263b80a4,p_3dd478bd944ece2906a0c8e4425f63be,6,859,43,38,3412,42615,81,46027,94.29569266589057,53582.072176949943,568.23456790123453,0.53086419753086422,0.074130401720729142
r_8fa917a2f1a0e320195da648a3d340b3,Direct browsing,d_1be06ce1b670864df8c500dc82b295ae,1,0,a_e7d8c038c18055500148c5915382bd98,a_25cea7b279885e83f402ee59daa7e554,p_5812fe436d39d445e14d663372521adb,p_d7195ebfc9c48d4a0beab7870d0eba9c,6,690,6,4,407,401,10,808,14.492753623188406,1171.0144927536232,80.799999999999997,0.59999999999999998,0.50371287128712872
r_5a8a3dd4dfea5ab631e9cf68a6f22d3a,Direct browsing,d_1be06ce1b670864df8c500dc82b295ae,1,0,a_e7d8c038c18055500148c5915382bd98,a_07fca202197cf0f74052c7c5a5334fe7,p_ff745e91e841e97633da56fd14a218a8,p_3dd478bd944ece2906a0c8e4425f63be,6,27867,13,15,1684,8285,28,9969,1.004772670183371,357.73495532350091,356.03571428571428,0.4642857142857143,0.16892366335640485
r_e197806336a096a3306822cba2e59c67,Direct browsing,d_1be06ce1b670864df8c500dc82b295ae,1,0,a_e7d8c038c18055500148c5915382bd98,a_0c2094a6966f967e01e7f4ee06f27866,p_5b06036f44af9eebd1721ae5c23baad0,p_3dd478bd944ece2906a0c8e4425f63be,6,705,10,9,1465,4302,19,5767,26.950354609929079,8180.1418439716317,303.5263157894737,0.52631578947368418,0.25403155886942952
r_0136d778e0743ee1d26a1625a5c55974,Direct browsing,d_1be06ce1b670864df8c500dc82b295ae,1,0,a_e7d8c038c18055500148c5915382bd98,a_f9eae9f2ecbba96e074f6e63603c28a9,p_3cec83ec29a6351bda9917726ce16fec,p_3dd478bd944ece2906a0c8e4425f63be,6,405,5,6,785,327,11,1112,27.160493827160494,2745.679012345679,101.09090909090909,0.45454545454545453,0.7059352517985612
r_8d0dc6029283a843bbf2040ba38a08b2,Direct browsing,d_1be06ce1b670864df8c500dc82b295ae,1,0,a_e7d8c038c18055500148c5915382bd98,a_86f5dea87cc1d8db91ca6d1b22f9aba4,p_c0e77ede641a85fc78ba5eee3de6e2d9,p_3dd478bd944ece2906a0c8e4425f63be,6,5641,10,9,1490,4314,19,5804,3.3681971281687644,1028.8955858890267,305.4736842105263,0.52631578947368418,0.2567195037904893
r_4dac569b010c655fdf783862e02f8659,Direct browsing,d_1be06ce1b670864df8c500dc82b295ae,1,0,a_e7d8c038c18055500148c5915382bd98,a_a75d8bfb6f65bf5da2a0ee9744988660,p_38f8ef7ba09db8b49e23d49b819b3520,p_3dd478bd944ece2906a0c8e4425f63be,6,17002,15,15,1849,7675,30,9524,1.7644982943183156,560.16939183625459,317.46666666666664,0.5,0.19414111717765645
r_34af781ec2b616c181450d0d7572eed7,Direct browsing,d_1be06ce1b670864df8c500dc82b295ae,1,0,a_e7d8c038c18055500148c5915382bd98,a_cf31ba68046233719f1273a3a3789e72,p_9052000a275248ec814470ccd5dd6f62,p_3dd478bd944ece2906a0c8e4425f63be,6,111,6,6,849,327,12,1176,108.10810810810811,10594.594594594595,98,0.5,0.72193877551020413
r_25fc5f72af89158f857c077efd26551b,Direct browsing,d_1be06ce1b670864df8c500dc82b295ae,1,0,a_e7d8c038c18055500148c5915382bd98,a_bab25c91889f4c8bcb46877d67de2eca,p_e8073c507699d6b25d53323f80ee0071,p_3dd478bd944ece2906a0c8e4425f63be,6,6038,19,15,1996,4277,34,6273,5.631003643590593,1038.9201722424643,184.5,0.55882352941176472,0.31818906424358362
r_10cb1e0628b51aebb0a31d88a07ca63a,Direct browsing,d_1be06ce1b670864df8c500dc82b295ae,1,0,a_e7d8c038c18055500148c5915382bd98,a_f0874526b6177ad0f3d9393435b13019,p_c26fb7cd2126f57490df9edad28d7d0f,p_d7195ebfc9c48d4a0beab7870d0eba9c,6,555,5,4,654,398,9,1052,16.216216216216214,1895.4954954954953,116.88888888888889,0.55555555555555558,0.62167300380228141
r_df390958f48c741bf53fac6ffa2f9e0b,Direct browsing,d_1be06ce1b670864df8c500dc82b295ae,1,0,a_e7d8c038c18055500148c5915382bd98,a_5ac62d76fcb4e35f30b05f8bd37953d9,p_936a9332bddf5510a4e33fa6cba25263,p_3dd478bd944ece2906a0c8e4425f63be,6,18001,38,41,2890,46806,79,49696,4.3886450752735957,2760.7355146936279,629.0632911392405,0.48101265822784811,0.05815357372826787
r_b3b512efe9db3bb6022123ecfae5486e,Direct browsing,d_1be06ce1b670864df8c500dc82b295ae,1,0,a_e7d8c038c18055500148c5915382bd98,a_8dcddb16df392fd9272a078edf01e1b0,p_9a90084cef641f8cbb136ac79b4d8b18,p_3dd478bd944ece2906a0c8e4425f63be,6,23114,12,14,1960,6677,26,8637,1.124859392575928,373.66963744916501,332.19230769230768,0.46153846153846156,0.22693064721546832
r_02dc19d4b4daae14d99649bf79de13c2,Direct browsing,d_1be06ce1b670864df8c500dc82b295ae,1,0,a_e7d8c038c18055500148c5915382bd98,a_cf31ba68046233719f1273a3a3789e72,p_c49f890fac5fa02670defa524fbc44c4,p_3dd478bd944ece2906a0c8e4425f63be,6,188,5,5,785,275,10,1060,53.191489361702125,5638.2978723404258,106,0.5,0.74056603773584906
r_8af0f7ef5cb948bcf735be97fec00014,Direct browsing,d_1be06ce1b670864df8c500dc82b295ae,1,0,a_e7d8c038c18055500148c5915382bd98,a_04f9063f8dbf9957ddc1ff51ca3d55be,p_912496f653a6ae83281bbe9628116748,p_d7195ebfc9c48d4a0beab7870d0eba9c,6,605,10,8,897,6281,18,7178,29.75206611570248,11864.462809917355,398.77777777777777,0.55555555555555558,0.12496517135692393
r_fd47c20e7e32a156e81d8ef4c40c30f2,Direct browsing,d_1be06ce1b670864df8c500dc82b295ae,1,0,a_e7d8c038c18055500148c5915382bd98,a_55bb2fe55d65eefb10879568fbf182af,p_391a6729770f6bf2a2dc5654c1b3172d,p_3dd478bd944ece2906a0c8e4425f63be,6,11238,8,0,480,0,8,480,0.71187043957999652,42.712226374799791,60,1,1
r_084a6814bde98b66c036ed42405fde44,Direct browsing,d_1be06ce1b670864df8c500dc82b295ae,1,0,a_e7d8c038c18055500148c5915382bd98,a_bf0ab415dcc862e22b99e9e397fc5719,p_75846f030c5291b48280f4128355c8e1,p_3dd478bd944ece2906a0c8e4425f63be,6,1495,24,23,1955,13741,47,15696,31.438127090301002,10498.996655518395,333.95744680851061,0.51063829787234039,0.12455402650356778
r_5bdbe075e98d74821e80e160d88330ed,Direct browsing,d_1be06ce1b670864df8c500dc82b295ae,1,0,a_e7d8c038c18055500148c5915382bd98,a_328db9e0ba5abab0489af3c8705fbfd1,p_02fd68e6aff772029d9efa9ffd35d99f,p_3dd478bd944ece2906a0c8e4425f63be,6,379,13,13,1641,4791,26,6432,68.601583113456471,16970.976253298151,247.38461538461539,0.5,0.25513059701492535
r_78aa0b80f915ce93c4ae05ba92338229,Direct browsing,d_1be06ce1b670864df8c500dc82b295ae,1,0,a_e7d8c038c18055500148c5915382bd98,a_3c49b6ed36e58897b1259f46cbd0a5f8,p_bb345f5f998e007773c5bd388baceb8f,p_1239ed2e7e41d197d93a326176df63b2,17,0,1,0,30,0,1,30,,,30,1,1
r_dc7229c5798c5fc9a77a27360372a0a3,Direct browsing,d_1be06ce1b670864df8c500dc82b295ae,1,0,a_e7d8c038c18055500148c5915382bd98,a_fe619011b422704f5c52186cb8b19ef8,p_61649db3a6e3ab47040978de2ee73172,p_d7195ebfc9c48d4a0beab7870d0eba9c,6,538,8,6,702,4049,14,4751,26.022304832713754,8830.8550185873592,339.35714285714283,0.5714285714285714,0.14775836665965059
r_0b0ee05cac1fbee6a496e247b7234627,Direct browsing,d_1be06ce1b670864df8c500dc82b295ae,1,0,a_e7d8c038c18055500148c5915382bd98,a_c4f4cd73be1577d1c257791f36812adf,p_c25180de4165bc5bc68e54d6a0882500,p_3dd478bd944ece2906a0c8e4425f63be,6,31394,17,22,1980,17983,39,19963,1.2422755940625598,635.88583805822771,511.87179487179486,0.4358974358974359,0.099183489455492657
r_87fd5d59a8a038672c3112886c7cd522,Direct browsing,d_1be06ce1b670864df8c500dc82b295ae,1,0,a_e7d8c038c18055500148c5915382bd98,a_f363edd8ff4deefbb314b7b39e131127,p_65e2e31c98e9a75eb667d4b6a710d0fb,p_3dd478bd944ece2906a0c8e4425f63be,6,6967,52,53,12307,56319,105,68626,15.071049232094159,9850.1507104923221,653.58095238095234,0.49523809523809526,0.1793343630693906
r_0bbb992e469f997fe6b3abaf62b7ba91,Direct browsing,d_1be06ce1b670864df8c500dc82b295ae,1,0,a_e7d8c038c18055500148c5915382bd98,a_cf31ba68046233719f1273a3a3789e72,p_0d808c0b3df3644618f79e344a4ed18a,p_3dd478bd944ece2906a0c8e4425f63be,6,79,5,5,785,275,10,1060,126.58227848101265,13417.721518987342,106,0.5,0.74056603773584906
r_cb6337bf8ceb238c3e99a862a4238ac3,Direct browsing,d_1be06ce1b670864df8c500dc82b295ae,1,0,a_e7d8c038c18055500148c5915382bd98,a_3c49b6ed36e58897b1259f46cbd0a5f8,p_58cb4bb94c7f3735358a537ee09800c5,p_1239ed2e7e41d197d93a326176df63b2,17,0,1,0,30,0,1,30,,,30,1,1
r_fbdb632f6757731bab1bf55f38095c8e,Direct browsing,d_1be06ce1b670864df8c500dc82b295ae,1,0,a_e7d8c038c18055500148c5915382bd98,a_f0874526b6177ad0f3d9393435b13019,p_a9aa2e77dbcd00d80f3d6e87f3962710,p_3dd478bd944ece2906a0c8e4425f63be,6,922,14,12,1765,6183,26,7948,28.199566160520607,8620.390455531453,305.69230769230768,0.53846153846153844,0.22206844489179667
r_4c7e6d0f3319886b83b441b4fdc3eb1c,Direct browsing,d_1be06ce1b670864df8c500dc82b295ae,1,0,a_e7d8c038c18055500148c5915382bd98,a_1983095d11e89e525b49e0a33539e233,p_17faf9ec83108b8a310dd9149ee9db4a,p_3dd478bd944ece2906a0c8e4425f63be,6,1368,20,20,1976,14655,40,16631,29.239766081871341,12157.163742690058,415.77499999999998,0.5,0.11881426252179665
r_883d4f0138db65f50c78f5c5af13d3f1,Direct browsing,d_1be06ce1b670864df8c500dc82b295ae,1,0,a_e7d8c038c18055500148c5915382bd98,a_88723d5a8ac20f7a640f73f5d57f9064,p_d49dac912e8e427b5c9f92a07c46003d,p_3dd478bd944ece2906a0c8e4425f63be,6,1114,10,9,1478,4304,19,5782,17.055655296229801,5190.3052064631956,304.31578947368422,0.52631578947368418,0.25562089242476654
r_4d69083c91a77f460112e3522012c29a,Direct browsing,d_1be06ce1b670864df8c500dc82b295ae,1,0,a_e7d8c038c18055500148c5915382bd98,a_400278a81787b93932c51ed358d8c9c4,p_623ffe320252a951c6e0415f8159b4d8,p_3dd478bd944ece2906a0c8e4425f63be,6,1217,14,13,1774,6924,27,8698,22.185702547247327,7147.0829909613803,322.14814814814815,0.51851851851851849,0.20395493216831456
r_2c232a6599bd31708bcd48e5b73b600b,Direct browsing,d_1be06ce1b670864df8c500dc82b295ae,1,0,a_e7d8c038c18055500148c5915382bd98,a_6e179781c8c6f337cb905de78358ed01,p_4478e47c50d2c205170c706f4701e125,p_3dd478bd944ece2906a0c8e4425f63be,6,28685,12,11,1629,5228,23,6857,0.80181279414328055,239.04479693219454,298.13043478260869,0.52173913043478259,0.23756744932186089
r_4086a98c88e1e420bce40e1224873f79,Direct browsing,d_1be06ce1b670864df8c500dc82b295ae,1,0,a_e7d8c038c18055500148c5915382bd98,a_1d78c45142cfbfd97903fa4fed1d3c65,p_7df5dc4656903d5a44fd2c78624cab43,p_3dd478bd944ece2906a0c8e4425f63be,6,21241,12,12,1720,5609,24,7329,1.1298903064827457,345.04025234216846,305.375,0.5,0.23468413153226908
r_00244494c111ef2ca56e6495897c21f0,Direct browsing,d_1be06ce1b670864df8c500dc82b295ae,1,0,a_e7d8c038c18055500148c5915382bd98,a_1d78c45142cfbfd97903fa4fed1d3c65,p_35285311760d1d05eb258fb146a4f2c0,p_3dd478bd944ece2906a0c8e4425f63be,6,21235,15,14,1869,10489,29,12358,1.3656698846244408,581.96373910995999,426.13793103448273,0.51724137931034486,0.15123806441171711
r_61ebea6bebf7c350fb939e0a76804f56,Direct browsing,d_1be06ce1b670864df8c500dc82b295ae,1,0,a_e7d8c038c18055500148c5915382bd98,a_cf31ba68046233719f1273a3a3789e72,p_2220ed95043be176614ffdc0d0ca7752,p_3dd478bd944ece2906a0c8e4425f63be,6,121,13,14,1676,7338,27,9014,223.14049586776861,74495.867768595039,333.85185185185185,0.48148148148148145,0.18593299312181052
r_14f6639ca095c7abea0a053b7a3a9862,Direct browsing,d_1be06ce1b670864df8c500dc82b295ae,1,0,a_e7d8c038c18055500148c5915382bd98,a_cf31ba68046233719f1273a3a3789e72,p_fefffe49eaa9f2d1d6a8b3d7fcf4a99f,p_d7195ebfc9c48d4a0beab7870d0eba9c,6,23056,9,7,819,3537,16,4356,0.69396252602359465,188.93129770992365,272.25,0.5625,0.18801652892561985
r_672f85bbb1a0a9a6de66006fc0f9f099,Direct browsing,d_1be06ce1b670864df8c500dc82b295ae,1,0,a_e7d8c038c18055500148c5915382bd98,a_cf31ba68046233719f1273a3a3789e72,p_6330c141b9b16b02266a63491dea537d,p_3dd478bd944ece2906a0c8e4425f63be,6,113,6,6,849,327,12,1176,106.19469026548673,10407.079646017699,98,0.5,0.72193877551020413
r_69eea89b14eea89d66efa6f74b24f300,Direct browsing,d_1be06ce1b670864df8c500dc82b295ae,1,0,a_e7d8c038c18055500148c5915382bd98,a_cf31ba68046233719f1273a3a3789e72,p_79654be23bdbcf9ffd747a568c435129,p_d7195ebfc9c48d4a0beab7870d0eba9c,6,67,11,9,908,7325,20,8233,298.50746268656712,122880.59701492537,411.64999999999998,0.55000000000000004,0.11028786590550224
r_e5728de5bf88417eecf72b1f80de9d9d,Direct browsing,d_1be06ce1b670864df8c500dc82b295ae,1,0,a_e7d8c038c18055500148c5915382bd98,a_3c49b6ed36e58897b1259f46cbd0a5f8,p_47c18d49351b302d9e20c16acf65c055,p_1239ed2e7e41d197d93a326176df63b2,17,0,1,0,30,0,1,30,,,30,1,1
r_2454e37f00101160864f432a800951d4,Direct browsing,d_1be06ce1b670864df8c500dc82b295ae,1,0,a_e7d8c038c18055500148c5915382bd98,a_f7236bf52bab5693c5a0bd90b31e7b5d,p_b33af0587a138bb49ca407635696b71b,p_d7195ebfc9c48d4a0beab7870d0eba9c,6,906,14,13,948,10250,27,11198,29.801324503311257,12359.823399558498,414.74074074074076,0.51851851851851849,0.084657974638328276
r_9fb2e785a89ad097172dfc34b33e03f3,Direct browsing,d_1be06ce1b670864df8c500dc82b295ae,1,0,a_e7d8c038c18055500148c5915382bd98,a_cf31ba68046233719f1273a3a3789e72,p_4d1e199676fb5a07a640f142a568936c,p_3dd478bd944ece2906a0c8e4425f63be,6,154,6,6,849,327,12,1176,77.922077922077918,7636.363636363636,98,0.5,0.72193877551020413
r_ba22e7ccef4b08790fea338afcded888,Direct browsing,d_1be06ce1b670864df8c500dc82b295ae,1,0,a_e7d8c038c18055500148c5915382bd98,a_3dc006cffa3290d53ee78eb61f363d04,p_737128876b5e5f5d508e0360e5b12caf,p_3dd478bd944ece2906a0c8e4425f63be,6,386,82,94,4580,114995,176,119575,455.9585492227979,309779.79274611396,679.40340909090912,0.46590909090909088,0.038302320719213884
r_80d09bcf5b97ebc50c92c87b92723ecb,Direct browsing,d_1be06ce1b670864df8c500dc82b295ae,1,0,a_e7d8c038c18055500148c5915382bd98,a_4e4e8411e1a44ee7d86b7c7743205433,p_cdce07796eb862a78b179af735923877,p_3dd478bd944ece2906a0c8e4425f63be,6,526,48,56,3674,62371,104,66045,197.71863117870723,125560.83650190114,635.04807692307691,0.46153846153846156,0.055628737981679159
r_d1625df85cc7f047376f40402cfb0656,Direct browsing,d_1be06ce1b670864df8c500dc82b295ae,1,0,a_e7d8c038c18055500148c5915382bd98,a_01c27fc950d2f075d869a4d0acaa48ee,p_1202eac0114a0f5364b32c491fa006df,p_3dd478bd944ece2906a0c8e4425f63be,6,824,34,38,2942,42938,72,45880,87.378640776699029,55679.611650485444,637.22222222222217,0.47222222222222221,0.064123801220575413
r_bdc5c38a0ba9d204f6a998378375e50d,Direct browsing,d_1be06ce1b670864df8c500dc82b295ae,1,0,a_e7d8c038c18055500148c5915382bd98,a_01c27fc950d2f075d869a4d0acaa48ee,p_f405126ede7fd2ca51ca1afe3240f2b6,p_3dd478bd944ece2906a0c8e4425f63be,6,916,33,35,2909,36463,68,39372,74.235807860262,42982.532751091698,579,0.48529411764705882,0.073884994412272684
r_76fd29743337565adf204c08c5122339,Direct browsing,d_1be06ce1b670864df8c500dc82b295ae,1,0,a_e7d8c038c18055500148c5915382bd98,a_01c27fc950d2f075d869a4d0acaa48ee,p_64a8156e4a6f68ebb179a03414d4c09e,p_3dd478bd944ece2906a0c8e4425f63be,6,1118,36,43,3828,47499,79,51327,70.661896243291579,45909.660107334523,649.70886075949363,0.45569620253164556,0.074580630077736867
r_972ca67a7ff8c9319a994c80f6fa431e,Direct browsing,d_1be06ce1b670864df8c500dc82b295ae,1,0,a_e7d8c038c18055500148c5915382bd98,a_01c27fc950d2f075d869a4d0acaa48ee,p_271530219a281f403f93e6e648806bee,p_3dd478bd944ece2906a0c8e4425f63be,6,947,33,37,2887,42883,70,45770,73.917634635691655,48331.57338965153,653.85714285714289,0.47142857142857142,0.063076250819313964
r_66cba13530f5b111876f60395ac30baa,Direct browsing,d_1be06ce1b670864df8c500dc82b295ae,1,0,a_e7d8c038c18055500148c5915382bd98,a_01c27fc950d2f075d869a4d0acaa48ee,p_a59a5c0e7e1687c1713498091eea400d,p_3dd478bd944ece2906a0c8e4425f63be,6,1008,33,34,2905,38108,67,41013,66.468253968253961,40687.5,612.1343283582089,0.4925373134328358,0.070831199863457928
r_de3bb3e9265b9772aa7923dfddbc35d2,Direct browsing,d_1be06ce1b670864df8c500dc82b295ae,1,0,a_e7d8c038c18055500148c5915382bd98,a_7a993f84e5d27a582e05a1c3821c1dfd,p_0090ff60efa41e8aa32c8f59fddc0da9,p_3dd478bd944ece2906a0c8e4425f63be,6,1321,10,10,1524,3789,20,5313,15.140045420136261,4021.9530658591975,265.64999999999998,0.5,0.28684359119141728
r_9c1cc8c70b55c5dc7d81ef3ddda3d46a,Direct browsing,d_1be06ce1b670864df8c500dc82b295ae,1,0,a_e7d8c038c18055500148c5915382bd98,a_cf31ba68046233719f1273a3a3789e72,p_8d0aa91da6e96e357a003cc2c9d0672b,p_3dd478bd944ece2906a0c8e4425f63be,6,212,6,6,849,327,12,1176,56.60377358490566,5547.1698113207549,98,0.5,0.72193877551020413
r_d872d62de8bcd07425d7587b01bbcda2,Direct browsing,d_1be06ce1b670864df8c500dc82b295ae,1,0,a_e7d8c038c18055500148c5915382bd98,a_a4844019150f8d1029ff50d2d52ef841,p_31a080b87b2034754f569f9f8c78a112,p_3dd478bd944ece2906a0c8e4425f63be,6,710,10,9,1409,4478,19,5887,26.760563380281692,8291.5492957746483,309.84210526315792,0.52631578947368418,0.2393409206726686
r_d199fa6248a002578c01bc324f7f2e06,Direct browsing,d_1be06ce1b670864df8c500dc82b295ae,1,0,a_e7d8c038c18055500148c5915382bd98,a_86f5dea87cc1d8db91ca6d1b22f9aba4,p_2608b8d47f471d5ed1c1619922e3de76,p_3dd478bd944ece2906a0c8e4425f63be,6,5666,10,9,1488,4322,19,5810,3.3533356865513588,1025.4147546770207,305.78947368421052,0.52631578947368418,0.25611015490533562
r_04ec24c0e9aa1a2c622bf4c3acf4012e,Direct browsing,d_1be06ce1b670864df8c500dc82b295ae,1,0,a_e7d8c038c18055500148c5915382bd98,a_cf31ba68046233719f1273a3a3789e72,p_f029a199ccc05dbe9a05eade18306191,p_3dd478bd944ece2906a0c8e4425f63be,6,112,6,6,849,327,12,1176,107.14285714285714,10500,98,0.5,0.72193877551020413
r_2556dd511c8cb8a7a2c0b90fbae55976,Direct browsing,d_1be06ce1b670864df8c500dc82b295ae,1,0,a_e7d8c038c18055500148c5915382bd98,a_b4904d2c2849417748d5867c915733c9,p_f59ebdccde4a81722cf1dc51ec1844fa,p_3dd478bd944ece2906a0c8e4425f63be,6,31292,14,15,1739,10521,29,12260,0.92675444202991175,391.7934296305765,422.75862068965517,0.48275862068965519,0.14184339314845024
r_ac216dd0e94d6ada4670b781bba1de93,Direct browsing,d_1be06ce1b670864df8c500dc82b295ae,1,0,a_e7d8c038c18055500148c5915382bd98,a_bdae5b7bbb836612ddd64ab47c326090,p_a949a6d7676793a3aa33e931c3035b38,p_3dd478bd944ece2906a0c8e4425f63be,6,29141,11,13,1584,9032,24,10616,0.82358189492467659,364.2977248550153,442.33333333333331,0.45833333333333331,0.1492087415222306
r_7af73d8fc21a85b09faa996f7e2d3d48,Direct browsing,d_1be06ce1b670864df8c500dc82b295ae,1,0,a_e7d8c038c18055500148c5915382bd98,a_8dcddb16df392fd9272a078edf01e1b0,p_25ec4f8d4035293b078d48292da0c66a,p_3dd478bd944ece2906a0c8e4425f63be,6,21810,12,13,1972,6606,25,8578,1.1462631820265934,393.30582301696472,343.12,0.47999999999999998,0.22989041734670088
r_0efc8fe2adf9286b7ea46b50e59611ea,Direct browsing,d_1be06ce1b670864df8c500dc82b295ae,1,0,a_e7d8c038c18055500148c5915382bd98,a_1d78c45142cfbfd97903fa4fed1d3c65,p_360c0361a0fccba4d0733d0075b8b5f7,p_3dd478bd944ece2906a0c8e4425f63be,6,295,2,1,100,60,3,160,10.16949152542373,542.37288135593224,53.333333333333336,0.66666666666666663,0.625
r_cac4ab1913bb7aecde7779b39a6db118,Direct browsing,d_1be06ce1b670864df8c500dc82b295ae,1,0,a_e7d8c038c18055500148c5915382bd98,a_cf31ba68046233719f1273a3a3789e72,p_da5767f0d6e62c01665baf4fe50a0c1e,p_d7195ebfc9c48d4a0beab7870d0eba9c,6,52,11,9,876,7331,20,8207,384.61538461538464,157826.92307692309,410.35000000000002,0.55000000000000004,0.10673815035944925
r_ddfb5419b4f4077f2f9289c2658fdb0e,Direct browsing,d_1be06ce1b670864df8c500dc82b295ae,1,0,a_e7d8c038c18055500148c5915382bd98,a_cf31ba68046233719f1273a3a3789e72,p_dd8342229d882eacfafc5f84377c2f6c,p_3dd478bd944ece2906a0c8e4425f63be,6,181,5,6,785,327,11,1112,60.773480662983424,6143.6464088397788,101.09090909090909,0.45454545454545453,0.7059352517985612
r_4040c19ff5be101405be1cb3cba86ac9,Direct browsing,d_1be06ce1b670864df8c500dc82b295ae,1,0,a_e7d8c038c18055500148c5915382bd98,a_bf0ab415dcc862e22b99e9e397fc5719,p_4b7f12fce5326c20a3f7ca471160114a,p_3dd478bd944ece2906a0c8e4425f63be,6,1347,25,23,2006,13238,48,15244,35.634743875278396,11317.000742390497,317.58333333333331,0.52083333333333337,0.13159275780635005
r_3b929160d9a84e9ea04e9775d78dd467,Direct browsing,d_1be06ce1b670864df8c500dc82b295ae,1,0,a_e7d8c038c18055500148c5915382bd98,a_cf31ba68046233719f1273a3a3789e72,p_782429d1c917a9b04680d07023078a7b,p_3dd478bd944ece2906a0c8e4425f63be,6,20938,12,12,1628,7244,24,8872,1.1462412837902378,423.72719457445794,369.66666666666669,0.5,0.18349864743011723
r_f5cfae1598ba9f053e2b20df5d1dab24,Direct browsing,d_1be06ce1b670864df8c500dc82b295ae,1,0,a_e7d8c038c18055500148c5915382bd98,a_bc2d816f23fd9382349f2f0b694d3c49,p_c119ef7581bdd27a76b329450cadff51,p_3dd478bd944ece2906a0c8e4425f63be,6,923,16,19,3819,10492,35,14311,37.919826652221019,15504.875406283856,408.8857142857143,0.45714285714285713,0.26685766193836907
r_800f2e833a9eadf7b20f730acfcc9e24,Direct browsing,d_1be06ce1b670864df8c500dc82b295ae,1,0,a_e7d8c038c18055500148c5915382bd98,a_cf31ba68046233719f1273a3a3789e72,p_0eca2067b139dd56bc9590858956f5d1,p_3dd478bd944ece2906a0c8e4425f63be,6,206,6,5,837,275,11,1112,53.398058252427191,5398.0582524271849,101.09090909090909,0.54545454545454541,0.75269784172661869
r_6935752d16521b9c15c6bc9b65abcf2f,Direct browsing,d_1be06ce1b670864df8c500dc82b295ae,1,0,a_e7d8c038c18055500148c5915382bd98,a_328db9e0ba5abab0489af3c8705fbfd1,p_a7dabac4dcc918f706ddf671c5a6baae,p_3dd478bd944ece2906a0c8e4425f63be,6,640,13,16,1657,9732,29,11389,45.3125,17795.3125,392.72413793103448,0.44827586206896552,0.1454912634998683
r_14e760a420ff6696a0e666b0c28db6b0,Direct browsing,d_1be06ce1b670864df8c500dc82b295ae,1,0,a_e7d8c038c18055500148c5915382bd98,a_f2caf522ea4355feb3d60cec53d20850,p_ab62f6133f98fa66c8635fa739d0495f,p_3dd478bd944ece2906a0c8e4425f63be,6,1888,26,31,2052,30675,57,32727,30.190677966101696,17334.216101694918,574.15789473684208,0.45614035087719296,0.062700522504354206
r_06ea55bc0173ee0a5cfdefb8528c1713,Direct browsing,d_1be06ce1b670864df8c500dc82b295ae,1,0,a_e7d8c038c18055500148c5915382bd98,a_cf31ba68046233719f1273a3a3789e72,p_1e501ea99f763d67e22b9dfef7a5c4d5,p_3dd478bd944ece2906a0c8e4425f63be,6,97,6,6,849,327,12,1176,123.71134020618557,12123.711340206186,98,0.5,0.72193877551020413
r_51d091918b5c4a804de012976baafdb4,Direct browsing,d_1be06ce1b670864df8c500dc82b295ae,1,0,a_e7d8c038c18055500148c5915382bd98,a_cda1f7ba033b36daff269dd92705a555,p_e58a25046a1a41532e9548ba42e958e5,p_3dd478bd944ece2906a0c8e4425f63be,6,19785,14,16,1723,9900,30,11623,1.5163002274450341,587.46525145312103,387.43333333333334,0.46666666666666667,0.14824055751527143
r_7944a219444677cda7e8d712f6e6f628,Direct browsing,d_1be06ce1b670864df8c500dc82b295ae,1,0,a_e7d8c038c18055500148c5915382bd98,a_a8083286bc9ca4291f780eba00266339,p_b15740e25aa943287109e2b5ceb4acf4,p_d7195ebfc9c48d4a0beab7870d0eba9c,6,708,6,4,407,401,10,808,14.124293785310735,1141.2429378531074,80.799999999999997,0.59999999999999998,0.50371287128712872
r_ac36d999c712505efc583a7388f46991,Direct browsing,d_1be06ce1b670864df8c500dc82b295ae,1,0,a_e7d8c038c18055500148c5915382bd98,a_cf31ba68046233719f1273a3a3789e72,p_7b7ddf2f7df2676745423ea4a3a0b210,p_3dd478bd944ece2906a0c8e4425f63be,6,189,5,5,785,275,10,1060,52.910052910052912,5608.4656084656081,106,0.5,0.74056603773584906
r_c1827b726b02bcc07591586042047bc1,Direct browsing,d_1be06ce1b670864df8c500dc82b295ae,1,0,a_e7d8c038c18055500148c5915382bd98,a_01c27fc950d2f075d869a4d0acaa48ee,p_2bb43e341b4093ce0bac385e3f3e97e0,p_3dd478bd944ece2906a0c8e4425f63be,6,1000,36,39,3857,43015,75,46872,75,46872,624.96000000000004,0.47999999999999998,0.082287933094384702
r_b76963aa1dc4b49eda25a01167e7fb28,Direct browsing,d_1be06ce1b670864df8c500dc82b295ae,1,0,a_e7d8c038c18055500148c5915382bd98,a_01c27fc950d2f075d869a4d0acaa48ee,p_4492bc18bf34a824d376a8fe88e6892f,p_3dd478bd944ece2906a0c8e4425f63be,6,1005,34,38,2951,43403,72,46354,71.641791044776127,46123.383084577123,643.80555555555554,0.47222222222222221,0.063662251369892564
r_d5d714568caa9a64820cfc7a967e5032,Direct browsing,d_1be06ce1b670864df8c500dc82b295ae,1,0,a_e7d8c038c18055500148c5915382bd98,a_22ef8b27feaffad6a345035dd007558a,p_c4610a4c93e719f3cca1281d9ae98495,p_3dd478bd944ece2906a0c8e4425f63be,6,1590,26,38,3036,39921,64,42957,40.251572327044023,27016.981132075471,671.203125,0.40625,0.070675326489279974
r_45648c490cd863171517bb90941aa5c6,Direct browsing,d_1be06ce1b670864df8c500dc82b295ae,1,0,a_e7d8c038c18055500148c5915382bd98,a_ab9e5c6b29d91d47f9a3e7c586d27967,p_5992859edfa5b1bd4894c86fc6398235,p_3dd478bd944ece2906a0c8e4425f63be,6,658,23,25,2091,21303,48,23394,72.948328267477194,35553.191489361699,487.375,0.47916666666666669,0.089381892793023845
r_5a0b6403b1e1632403e1fbf3f037c7fd,Direct browsing,d_1be06ce1b670864df8c500dc82b295ae,1,0,a_e7d8c038c18055500148c5915382bd98,a_01c27fc950d2f075d869a4d0acaa48ee,p_c9fca4601d2ebf8c1580d9509135fd1d,p_3dd478bd944ece2906a0c8e4425f63be,6,1218,32,36,2873,41645,68,44518,55.829228243021348,36550.082101806242,654.67647058823525,0.47058823529411764,0.064535693427377694
r_5bc00ed8eb8a66d03845530fa0ffbe90,Direct browsing,d_1be06ce1b670864df8c500dc82b295ae,1,0,a_e7d8c038c18055500148c5915382bd98,a_01c27fc950d2f075d869a4d0acaa48ee,p_13f70f4feb3e2c511ca8b84f7c179176,p_3dd478bd944ece2906a0c8e4425f63be,6,831,43,38,3413,43402,81,46815,97.472924187725638,56335.74007220217,577.96296296296293,0.53086419753086422,0.072903983765886998
r_c5e1fdf14652bdd78d42d8514dde52aa,Direct browsing,d_1be06ce1b670864df8c500dc82b295ae,1,0,a_e7d8c038c18055500148c5915382bd98,a_01c27fc950d2f075d869a4d0acaa48ee,p_d1c5f9b0a6359ba89d466bcdbea47a56,p_3dd478bd944ece2906a0c8e4425f63be,6,724,43,38,3429,41685,81,45114,111.87845303867404,62312.154696132602,556.96296296296293,0.53086419753086422,0.07600744779890943
r_02ea1878313db995f43d210824d009d3,Direct browsing,d_1be06ce1b670864df8c500dc82b295ae,1,0,a_e7d8c038c18055500148c5915382bd98,a_01c27fc950d2f075d869a4d0acaa48ee,p_97a4600009c773f5808570647f1ec869,p_3dd478bd944ece2906a0c8e4425f63be,6,1131,33,37,2906,42078,70,44984,61.892130857648098,39773.651635720598,642.62857142857138,0.47142857142857142,0.064600746932242575
r_cce75e284562e85ceb7d53896a63c60d,Direct browsing,d_1be06ce1b670864df8c500dc82b295ae,1,0,a_e7d8c038c18055500148c5915382bd98,a_5909123435fd969820788e424e5162ac,p_a1b66e2c77c3249c1b59c7f4d4fe1fcd,p_3dd478bd944ece2906a0c8e4425f63be,6,640,5,5,785,275,10,1060,15.625,1656.25,106,0.5,0.74056603773584906
r_17118089778a5bf0a16a26374a737bf3,Direct browsing,d_1be06ce1b670864df8c500dc82b295ae,1,0,a_e7d8c038c18055500148c5915382bd98,a_ae8ea8676354a55c86180bc326a3b407,p_81537c575dbe87f0ca71bf5f68fe2150,p_3dd478bd944ece2906a0c8e4425f63be,6,36,2,1,100,60,3,160,83.333333333333343,4444.4444444444443,53.333333333333336,0.66666666666666663,0.625
r_8cedf95c37fc04bd55b7b432e44757eb,Direct browsing,d_1be06ce1b670864df8c500dc82b295ae,1,0,a_e7d8c038c18055500148c5915382bd98,a_01c27fc950d2f075d869a4d0acaa48ee,p_954b4f9c9cf90aa6b56a272325e9536e,p_3dd478bd944ece2906a0c8e4425f63be,6,1140,45,40,3501,46051,85,49552,74.561403508771932,43466.666666666672,582.96470588235297,0.52941176470588236,0.070653051340006462
r_116350ca0d34215217c298e07ba2c215,Direct browsing,d_1be06ce1b670864df8c500dc82b295ae,1,0,a_e7d8c038c18055500148c5915382bd98,a_01c27fc950d2f075d869a4d0acaa48ee,p_93a0fd81fe3c3ae6c7af3cc3f6093c70,p_3dd478bd944ece2906a0c8e4425f63be,6,564,40,36,3258,38627,76,41885,134.75177304964541,74264.184397163132,551.11842105263156,0.52631578947368418,0.077784409693207587
r_68fea76c6271f2f92953b54e808634d7,Direct browsing,d_1be06ce1b670864df8c500dc82b295ae,1,0,a_e7d8c038c18055500148c5915382bd98,a_cf31ba68046233719f1273a3a3789e72,p_4febf423974a7677ab15595bb8bb4ed0,p_3dd478bd944ece2906a0c8e4425f63be,6,111,6,6,849,327,12,1176,108.10810810810811,10594.594594594595,98,0.5,0.72193877551020413
r_4bf37a58eaaa58e4229f8b7523953070,Direct browsing,d_1be06ce1b670864df8c500dc82b295ae,1,0,a_e7d8c038c18055500148c5915382bd98,a_01c27fc950d2f075d869a4d0acaa48ee,p_a595a6a54ea8d6bc84a2111abfcb9b49,p_3dd478bd944ece2906a0c8e4425f63be,6,902,44,39,3452,43456,83,46908,92.017738359201772,52004.434589800439,565.15662650602405,0.53012048192771088,0.073590858702140355
r_4e3c93cbb33c2ef875255b61e95b1f48,Direct browsing,d_1be06ce1b670864df8c500dc82b295ae,1,0,a_e7d8c038c18055500148c5915382bd98,a_ab9e5c6b29d91d47f9a3e7c586d27967,p_f809318e6e53f7dcd2dfa11d415b37f3,p_3dd478bd944ece2906a0c8e4425f63be,6,799,17,17,1833,9493,34,11326,42.553191489361701,14175.219023779724,333.11764705882354,0.5,0.16184001412678792
r_4ac40e0256997d72886d635dc1a3c106,Direct browsing,d_1be06ce1b670864df8c500dc82b295ae,1,0,a_e7d8c038c18055500148c5915382bd98,a_cf31ba68046233719f1273a3a3789e72,p_52d8a73295338b5c8d2d7a197aa9e22d,p_3dd478bd944ece2906a0c8e4425f63be,6,28182,18,17,2311,7773,35,10084,1.2419274714356683,357.81704634163651,288.1142857142857,0.51428571428571423,0.22917493058310195
r_16564eca9d2aea70d2560f8ab631d38a,Direct browsing,d_1be06ce1b670864df8c500dc82b295ae,1,0,a_e7d8c038c18055500148c5915382bd98,a_d7b8c92508d2ed5587abcccd6cf169d7,p_4ac71de1a9fb0e99b57f2dce4704d478,p_3dd478bd944ece2906a0c8e4425f63be,6,32058,11,10,1566,4217,21,5783,0.65506269885831925,180.39178988084097,275.38095238095241,0.52380952380952384,0.27079370568908873
r_7ceb59aa90c8b6ab8fc53349c0c2bc5f,Direct browsing,d_1be06ce1b670864df8c500dc82b295ae,1,0,a_e7d8c038c18055500148c5915382bd98,a_cf31ba68046233719f1273a3a3789e72,p_af82e774c72ca226dff9b613bdfdc8c5,p_3dd478bd944ece2906a0c8e4425f63be,6,228,5,5,785,275,10,1060,43.859649122807014,4649.1228070175439,106,0.5,0.74056603773584906
r_60afe6a4c49d121770ebbd2d30188630,Direct browsing,d_1be06ce1b670864df8c500dc82b295ae,1,0,a_e7d8c038c18055500148c5915382bd98,a_c6524ed496a90ff6fb0da6a7fddf74ba,p_86c52c96043012b795acdc5646f8ba87,p_3dd478bd944ece2906a0c8e4425f63be,6,28696,16,14,2785,6215,30,9000,1.0454418734318371,313.63256202955114,300,0.53333333333333333,0.30944444444444447
r_6cb8fc32653c9448a0a52eb9b0bff089,Direct browsing,d_1be06ce1b670864df8c500dc82b295ae,1,0,a_e7d8c038c18055500148c5915382bd98,a_cf31ba68046233719f1273a3a3789e72,p_ea41a42389ccd509154e235a5ff7cf2f,p_3dd478bd944ece2906a0c8e4425f63be,6,139,5,5,785,275,10,1060,71.942446043165461,7625.8992805755388,106,0.5,0.74056603773584906
r_52105eadc5b911ff268a572c30f359a9,Direct browsing,d_1be06ce1b670864df8c500dc82b295ae,1,0,a_e7d8c038c18055500148c5915382bd98,a_7a993f84e5d27a582e05a1c3821c1dfd,p_0e476dc47d48541381802d285b8a3998,p_3dd478bd944ece2906a0c8e4425f63be,6,1268,10,11,1524,3841,21,5365,16.561514195583594,4231.0725552050471,255.47619047619048,0.47619047619047616,0.28406337371854612
r_3cec212693fd4cb3b2b29d66ac499538,Direct browsing,d_1be06ce1b670864df8c500dc82b295ae,1,0,a_e7d8c038c18055500148c5915382bd98,a_5ad8b343d860b3befc8e57e682692fcb,p_d48df379f5677ffb17174eef17d2be6a,p_3dd478bd944ece2906a0c8e4425f63be,6,816,16,13,1874,7412,29,9286,35.53921568627451,11379.901960784315,320.20689655172413,0.55172413793103448,0.20180917510230453
r_f3bd82a3fd45143d8f5390ece897d26c,Direct browsing,d_1be06ce1b670864df8c500dc82b295ae,1,0,a_e7d8c038c18055500148c5915382bd98,a_5909123435fd969820788e424e5162ac,p_6a7937f7c5bde3b973388a09fee76ddc,p_3dd478bd944ece2906a0c8e4425f63be,6,856,5,5,785,275,10,1060,11.682242990654206,1238.3177570093458,106,0.5,0.74056603773584906
r_c0b9fcf25045e11f3d4960641cc3d9e5,Direct browsing,d_1be06ce1b670864df8c500dc82b295ae,1,0,a_e7d8c038c18055500148c5915382bd98,a_bab25c91889f4c8bcb46877d67de2eca,p_d8f48a6cebfa6b214d770d322876140e,p_3dd478bd944ece2906a0c8e4425f63be,6,1264,30,28,2546,24679,58,27225,45.88607594936709,21538.765822784811,469.39655172413791,0.51724137931034486,0.093516988062442602
r_96f76bc2cc01fd9a2f68d1570e6231e1,Direct browsing,d_1be06ce1b670864df8c500dc82b295ae,1,0,a_e7d8c038c18055500148c5915382bd98,a_f7236bf52bab5693c5a0bd90b31e7b5d,p_a0b09f487b90fe1be33c3ecbfd325869,p_d7195ebfc9c48d4a0beab7870d0eba9c,6,926,16,15,1023,12160,31,13183,33.477321814254857,14236.501079913607,425.25806451612902,0.5161290322580645,0.077599939315785488
r_8dbf7cfcb108b93fb64786011b6105e4,Direct browsing,d_1be06ce1b670864df8c500dc82b295ae,1,0,a_e7d8c038c18055500148c5915382bd98,a_fc951fc807c2a3ca71cb0b467bc50af1,p_6b2178801edeb204d3e7c0fdd95a8c60,p_d7195ebfc9c48d4a0beab7870d0eba9c,6,11195,8,0,480,0,8,480,0.71460473425636439,42.876284055381866,60,1,1
r_595cb01b040e0ac976791b6ee56fa721,Direct browsing,d_1be06ce1b670864df8c500dc82b295ae,1,0,a_e7d8c038c18055500148c5915382bd98,a_f7236bf52bab5693c5a0bd90b31e7b5d,p_e547fe77e31564a70030b3614c2689c0,p_d7195ebfc9c48d4a0beab7870d0eba9c,6,899,16,16,1028,12396,32,13424,35.595105672969964,14932.146829810901,419.5,0.5,0.076579261025029793
r_ffdf72bf175d1ebd7531e9b71b73267d,Direct browsing,d_1be06ce1b670864df8c500dc82b295ae,1,0,a_e7d8c038c18055500148c5915382bd98,a_9dacd8cfa32a26d2087e6f94bc374b8c,p_ef61ac24411def9fdb12c7decbbd8e77,p_3dd478bd944ece2906a0c8e4425f63be,6,1453,33,44,2594,48928,77,51522,52.993805918788709,35459.050240880933,669.11688311688317,0.42857142857142855,0.050347424401226658
r_4ad7115ed7e3e348128771dc26dce149,Direct browsing,d_1be06ce1b670864df8c500dc82b295ae,1,0,a_e7d8c038c18055500148c5915382bd98,a_91c9405d3d68a4e061da05aa91c48621,p_ea2cb375bfa711f6520165bb567245df,p_3dd478bd944ece2906a0c8e4425f63be,6,1393,15,12,1822,6555,27,8377,19.382627422828428,6013.6396267049531,310.25925925925924,0.55555555555555558,0.21750029843619434
r_29dac94817202d19644d38ccd50320aa,Direct browsing,d_1be06ce1b670864df8c500dc82b295ae,1,0,a_e7d8c038c18055500148c5915382bd98,a_cf31ba68046233719f1273a3a3789e72,p_50215ce243fd02ea53e345b2fd79dedc,p_3dd478bd944ece2906a0c8e4425f63be,6,176,6,6,849,327,12,1176,68.181818181818187,6681.818181818182,98,0.5,0.72193877551020413
r_bd71bc6d42423d15d1bb638ad5d21bae,Direct browsing,d_1be06ce1b670864df8c500dc82b295ae,1,0,a_e7d8c038c18055500148c5915382bd98,a_275a7f699820789c39c7f399fcdf45a3,p_ad6bae65c7d5ea34efbbbb0f74c1f906,p_3dd478bd944ece2906a0c8e4425f63be,6,5538,10,9,1480,4324,19,5804,3.4308414590104728,1048.0317804261465,305.4736842105263,0.52631578947368418,0.25499655410062028
r_df09d4a4f395e2600bbae4bbced581a3,Direct browsing,d_1be06ce1b670864df8c500dc82b295ae,1,0,a_e7d8c038c18055500148c5915382bd98,a_edd6576eb7fac6d03632432b37ddd3fd,p_edf32c15bb7b2b84ee5a92dd1dfe5b7a,p_3dd478bd944ece2906a0c8e4425f63be,6,30811,11,11,1581,4120,22,5701,0.71403070332024277,185.0313199831229,259.13636363636363,0.5,0.27731976846167339
r_7efcfe137f36f83856f2f4086d35f5d9,Direct browsing,d_1be06ce1b670864df8c500dc82b295ae,1,0,a_e7d8c038c18055500148c5915382bd98,a_8ceac1ca69262b7b829edddf7b86faf6,p_787e4015a9f6e793b2b7044ae919b976,p_d7195ebfc9c48d4a0beab7870d0eba9c,6,1134,7,5,757,3144,12,3901,10.582010582010582,3440.0352733686068,325.08333333333331,0.58333333333333337,0.19405280697257113
r_f33bd0007651152a76a40fb398de8619,Direct browsing,d_1be06ce1b670864df8c500dc82b295ae,1,0,a_e7d8c038c18055500148c5915382bd98,a_cf31ba68046233719f1273a3a3789e72,p_bf1f466bba132310bbe6e41570742143,p_3dd478bd944ece2906a0c8e4425f63be,6,177,13,12,1672,7097,25,8769,141.24293785310735,49542.372881355936,350.75999999999999,0.52000000000000002,0.19067168434257042
r_59983087636dabb74b7de4cd700e54f6,Direct browsing,d_1be06ce1b670864df8c500dc82b295ae,1,0,a_e7d8c038c18055500148c5915382bd98,a_0bef2f025d1118fbb9dd0d7c7dc3cc83,p_2081391e579ac8fe20086697aa9ff177,p_3dd478bd944ece2906a0c8e4425f63be,6,671,26,27,2772,27772,53,30544,78.986587183308487,45520.119225037255,576.30188679245282,0.49056603773584906,0.090754321634363547
r_697564f95e6eda2bda207e0ef7b78dbf,Direct browsing,d_1be06ce1b670864df8c500dc82b295ae,1,0,a_e7d8c038c18055500148c5915382bd98,a_a17438509a328a313b6fdb3acd2192c9,p_927c44350bed263467fdc90177d434ee,p_3dd478bd944ece2906a0c8e4425f63be,6,26053,18,15,2336,9049,33,11385,1.2666487544620582,436.99382028941005,345,0.54545454545454541,0.20518225735617041
r_8529cc43b8bb9ac82573ab080c0bf9dc,Direct browsing,d_1be06ce1b670864df8c500dc82b295ae,1,0,a_e7d8c038c18055500148c5915382bd98,a_5ad8b343d860b3befc8e57e682692fcb,p_6fc6a9cc0f2d1770cc2949c75694582b,p_3dd478bd944ece2906a0c8e4425f63be,6,833,16,13,1843,7258,29,9101,34.813925570228093,10925.570228091237,313.82758620689657,0.55172413793103448,0.20250521920668058
r_f908a927ac30f5f1778a10642eee1c34,Direct browsing,d_1be06ce1b670864df8c500dc82b295ae,1,0,a_e7d8c038c18055500148c5915382bd98,a_4cd376ccdac1f811a963094e7ea0112a,p_d51f8bbf54bfc646385f93b95496eb1b,p_d7195ebfc9c48d4a0beab7870d0eba9c,6,724,5,5,633,969,10,1602,13.812154696132596,2212.7071823204419,160.19999999999999,0.5,0.39513108614232212
r_36bf927e15b4de19898a57024e6767b8,Direct browsing,d_1be06ce1b670864df8c500dc82b295ae,1,0,a_e7d8c038c18055500148c5915382bd98,a_a75d8bfb6f65bf5da2a0ee9744988660,p_1ce245b024142be5b34c2217ec7118a4,p_3dd478bd944ece2906a0c8e4425f63be,6,1055,20,17,2457,9646,37,12103,35.071090047393369,11472.037914691944,327.10810810810813,0.54054054054054057,0.20300751879699247
r_212a27b393ddf0e7122edf9712128eea,Direct browsing,d_1be06ce1b670864df8c500dc82b295ae,1,0,a_e7d8c038c18055500148c5915382bd98,a_cf31ba68046233719f1273a3a3789e72,p_453d7f6e55ac78dd97448ee83b492aad,p_3dd478bd944ece2906a0c8e4425f63be,6,207,13,14,1683,7318,27,9001,130.43478260869566,43483.091787439618,333.37037037037038,0.48148148148148145,0.18697922453060772
r_2e649296075dfa2693e56ad58fd32cef,Direct browsing,d_1be06ce1b670864df8c500dc82b295ae,1,0,a_e7d8c038c18055500148c5915382bd98,a_cf31ba68046233719f1273a3a3789e72,p_c6223147e7e473814d0828443e9f4b10,p_3dd478bd944ece2906a0c8e4425f63be,6,19070,17,16,2307,8341,33,10648,1.7304667016255899,558.36392239119039,322.66666666666669,0.51515151515151514,0.21666040570999248
r_f8f7b67aa5ca2965e4ad0d323ffde7f2,Direct browsing,d_1be06ce1b670864df8c500dc82b295ae,1,0,a_e7d8c038c18055500148c5915382bd98,a_cf31ba68046233719f1273a3a3789e72,p_75846f030c5291b48280f4128355c8e1,p_3dd478bd944ece2906a0c8e4425f63be,6,18941,12,13,1618,7247,25,8865,1.3198880734913681,468.0323108600391,354.60000000000002,0.47999999999999998,0.18251551043429215
r_73a08190384145a6eaec825358266c02,Direct browsing,d_1be06ce1b670864df8c500dc82b295ae,1,0,a_e7d8c038c18055500148c5915382bd98,a_f0874526b6177ad0f3d9393435b13019,p_cade436fae940eb350758fd810de3ee1,p_3dd478bd944ece2906a0c8e4425f63be,6,1426,13,12,1719,6153,25,7872,17.53155680224404,5520.3366058906031,314.88,0.52000000000000002,0.2183689024390244
r_9b3db8928c55404e67685df586d44881,Direct browsing,d_1be06ce1b670864df8c500dc82b295ae,1,0,a_e7d8c038c18055500148c5915382bd98,a_5607307b9b9a0681912487688d94bd13,p_2d09746f9f7de788eb39c3464b829f3c,p_3dd478bd944ece2906a0c8e4425f63be,6,88168,473,418,69877,449020,891,518897,10.10570728609019,5885.3212049723252,582.37598204264873,0.53086419753086422,0.13466449025529151
r_f52635c35e86c0cc6121204e4ff5d534,Direct browsing,d_1be06ce1b670864df8c500dc82b295ae,1,0,a_e7d8c038c18055500148c5915382bd98,a_5607307b9b9a0681912487688d94bd13,p_4372f7fe56e45139218e80114fcd7478,p_3dd478bd944ece2906a0c8e4425f63be,6,22779,15,16,1853,10477,31,12330,1.3609025857149128,541.28802844725408,397.74193548387098,0.4838709677419355,0.1502838605028386
r_7c95dcbb011d108681de78bcc4c1a156,Direct browsing,d_1be06ce1b670864df8c500dc82b295ae,1,0,a_e7d8c038c18055500148c5915382bd98,a_cf31ba68046233719f1273a3a3789e72,p_64f97a9ac015843e9e2eecd5f48481d2,p_3dd478bd944ece2906a0c8e4425f63be,6,151,6,6,849,327,12,1176,79.47019867549669,7788.0794701986761,98,0.5,0.72193877551020413
r_809669d1c9f456932bfa9aee4246cec7,Direct browsing,d_1be06ce1b670864df8c500dc82b295ae,1,0,a_e7d8c038c18055500148c5915382bd98,a_cf31ba68046233719f1273a3a3789e72,p_44f6203883083e0c0e97344dad468dee,p_3dd478bd944ece2906a0c8e4425f63be,6,318,7,6,901,327,13,1228,40.880503144654085,3861.635220125786,94.461538461538467,0.53846153846153844,0.73371335504885993
r_09140a9d3406d1632574dd4610944d06,Direct browsing,d_1be06ce1b670864df8c500dc82b295ae,1,0,a_e7d8c038c18055500148c5915382bd98,a_328db9e0ba5abab0489af3c8705fbfd1,p_1eaa9ec149d11a66efcc2042e1007424,p_3dd478bd944ece2906a0c8e4425f63be,6,669,14,16,1701,9429,30,11130,44.843049327354258,16636.771300448429,371,0.46666666666666667,0.15283018867924528
r_84a13529aef28ce6d7aa46aa72c8b293,Direct browsing,d_1be06ce1b670864df8c500dc82b295ae,1,0,a_e7d8c038c18055500148c5915382bd98,a_5607307b9b9a0681912487688d94bd13,p_be2b6e9920dc30f7725fd4bd8d23fcba,p_3dd478bd944ece2906a0c8e4425f63be,6,89887,498,423,71387,459773,921,531160,10.24619800416078,5909.1971030293589,576.72095548317043,0.54071661237785018,0.13439829806461329
r_19a2ab8b3aace49fda84a3a16135a06b,Direct browsing,d_1be06ce1b670864df8c500dc82b295ae,1,0,a_e7d8c038c18055500148c5915382bd98,a_5607307b9b9a0681912487688d94bd13,p_019ebdd12cd7c8749ae8fc1227a925ed,p_3dd478bd944ece2906a0c8e4425f63be,6,87673,832,864,88445,478621,1696,567066,19.344610085202969,6467.9661925564315,334.35495283018867,0.49056603773584906,0.15596949914119343
r_b39525bbbd80b4a1e8ab18355a8ba379,Direct browsing,d_1be06ce1b670864df8c500dc82b295ae,1,0,a_e7d8c038c18055500148c5915382bd98,a_a41f118bf7accb0f07be539163fcd21a,p_4cc42e681fb4a2256a0ff6b659ed9231,p_3dd478bd944ece2906a0c8e4425f63be,6,149,36,40,2941,43636,76,46577,510.06711409395973,312597.31543624162,612.85526315789468,0.47368421052631576,0.063142752860854065
r_216705005f8680c3059f768b721ecdaf,Direct browsing,d_1be06ce1b670864df8c500dc82b295ae,1,0,a_e7d8c038c18055500148c5915382bd98,a_a41f118bf7accb0f07be539163fcd21a,p_6fce5eb730019bd31c1cc5ef6eda43e3,p_3dd478bd944ece2906a0c8e4425f63be,6,224,32,32,2957,34643,64,37600,285.71428571428572,167857.14285714284,587.5,0.5,0.078643617021276591
r_d7ea7131d5d0febd9d7b908f4eb982b3,Direct browsing,d_1be06ce1b670864df8c500dc82b295ae,1,0,a_e7d8c038c18055500148c5915382bd98,a_cf31ba68046233719f1273a3a3789e72,p_67ea25a5d1ea9f25653568691ab066c8,p_3dd478bd944ece2906a0c8e4425f63be,6,119,5,5,785,275,10,1060,84.033613445378151,8907.5630252100837,106,0.5,0.74056603773584906
r_7dc2bd199b42c4695eff70e298b407c6,Direct browsing,d_1be06ce1b670864df8c500dc82b295ae,1,0,a_e7d8c038c18055500148c5915382bd98,a_cf31ba68046233719f1273a3a3789e72,p_b557c53fdd35b8381f863c3b6766a135,p_d7195ebfc9c48d4a0beab7870d0eba9c,6,78,11,9,924,7373,20,8297,256.41025641025641,106371.79487179487,414.85000000000002,0.55000000000000004,0.1113655538146318
r_b959a7ee2d8d41e22a1872bbbc03b760,Direct browsing,d_1be06ce1b670864df8c500dc82b295ae,1,0,a_e7d8c038c18055500148c5915382bd98,a_cf31ba68046233719f1273a3a3789e72,p_816419d16c3404f4aaac86f1ae536e8e,p_3dd478bd944ece2906a0c8e4425f63be,6,110,5,6,785,327,11,1112,100,10109.09090909091,101.09090909090909,0.45454545454545453,0.7059352517985612
r_3a13d42319955550bb0231bc40788b93,Direct browsing,d_1be06ce1b670864df8c500dc82b295ae,1,0,a_e7d8c038c18055500148c5915382bd98,a_590d5afbe14ac42339b02c8c871b670f,p_8857cc23f91498b82bd24866cda90425,p_3dd478bd944ece2906a0c8e4425f63be,6,532,23,26,2059,22704,49,24763,92.105263157894726,46546.992481203008,505.36734693877548,0.46938775510204084,0.08314824536607035
r_91d080db343f17585a54117ffe08a03a,Direct browsing,d_1be06ce1b670864df8c500dc82b295ae,1,0,a_e7d8c038c18055500148c5915382bd98,a_973fe280423a7e99823e67b74135e536,p_4d3f042934a73aa5fb74443e8e152ad2,p_3dd478bd944ece2906a0c8e4425f63be,6,333,78,91,4714,111371,169,116085,507.50750750750746,348603.60360360361,686.89349112426032,0.46153846153846156,0.040608175044148681
r_c69b6b8ae997313ba9bc2e3b19ff8958,Direct browsing,d_1be06ce1b670864df8c500dc82b295ae,1,0,a_e7d8c038c18055500148c5915382bd98,a_01c27fc950d2f075d869a4d0acaa48ee,p_ac789d5dda640199ce2f9117d61bac59,p_3dd478bd944ece2906a0c8e4425f63be,6,891,34,34,2955,36462,68,39417,76.318742985409656,44239.057239057242,579.66176470588232,0.5,0.074967653550498517
r_159b31ac1cb0232f5a608d54bcc9fc00,Direct browsing,d_1be06ce1b670864df8c500dc82b295ae,1,0,a_e7d8c038c18055500148c5915382bd98,a_01c27fc950d2f075d869a4d0acaa48ee,p_9243880684d212ef7f9c6ed3e12ad366,p_3dd478bd944ece2906a0c8e4425f63be,6,872,34,38,2930,43404,72,46334,82.568807339449535,53135.321100917434,643.52777777777783,0.47222222222222221,0.063236500194241804
r_d594e3665186701f0f8ad61032091c7e,Direct browsing,d_1be06ce1b670864df8c500dc82b295ae,1,0,a_e7d8c038c18055500148c5915382bd98,a_01c27fc950d2f075d869a4d0acaa48ee,p_bdf9881398f848af52b6f52a59f821e5,p_3dd478bd944ece2906a0c8e4425f63be,6,1056,34,37,2955,43351,71,46306,67.234848484848484,43850.378787878784,652.19718309859149,0.47887323943661969,0.063814624454714294
r_b92e65692735ef73a225ecc231b730c3,Direct browsing,d_1be06ce1b670864df8c500dc82b295ae,1,0,a_e7d8c038c18055500148c5915382bd98,a_01c27fc950d2f075d869a4d0acaa48ee,p_006d3c0e545fb9fa3f7263838bc184ea,p_3dd478bd944ece2906a0c8e4425f63be,6,952,42,37,3354,39212,79,42566,82.983193277310932,44712.184873949584,538.81012658227849,0.53164556962025311,0.078795282619931406
r_099899dc709ec48b82d62e4682ea6f8c,Direct browsing,d_1be06ce1b670864df8c500dc82b295ae,1,0,a_e7d8c038c18055500148c5915382bd98,a_3c49b6ed36e58897b1259f46cbd0a5f8,p_3892dfe937993e73b7f99cbdd30e7640,p_1239ed2e7e41d197d93a326176df63b2,17,0,1,0,30,0,1,30,,,30,1,1
r_03e91054b3a7de39620bd8cf19825af6,Direct browsing,d_1be06ce1b670864df8c500dc82b295ae,1,0,a_e7d8c038c18055500148c5915382bd98,a_cf31ba68046233719f1273a3a3789e72,p_7d3f7af294266efc343d290dfb84a593,p_3dd478bd944ece2906a0c8e4425f63be,6,18020,17,15,1895,7751,32,9646,1.7758046614872365,535.29411764705878,301.4375,0.53125,0.19645448890731909
r_8a9fceb0d1318849d72f1ceb8a514301,Direct browsing,d_1be06ce1b670864df8c500dc82b295ae,1,0,a_e7d8c038c18055500148c5915382bd98,a_3edb2d5d06e63c8641d5d077116d8635,p_d953feaaea8df16e7c847f48cd05413c,p_3dd478bd944ece2906a0c8e4425f63be,6,11239,8,0,480,0,8,480,0.71180710027582517,42.70842601654951,60,1,1
r_399cc94a7b38811663a4f13ada6a8619,Direct browsing,d_1be06ce1b670864df8c500dc82b295ae,1,0,a_e7d8c038c18055500148c5915382bd98,a_7abd1969920b2bb1ac890e0cc5b7a7c6,p_b22c34adf6810aca650ece92619cd6ce,p_3dd478bd944ece2906a0c8e4425f63be,6,1241,10,9,1465,3789,19,5254,15.310233682514101,4233.6825141015306,276.5263157894737,0.52631578947368418,0.27883517320137041
r_0f0030fb761a9b3902fd19aecebf9605,Direct browsing,d_1be06ce1b670864df8c500dc82b295ae,1,0,a_e7d8c038c18055500148c5915382bd98,a_4c67e38b4407a8a6e6e375181ae264c8,p_cb5bf81bfe950b9d569821e6c37e6fcd,p_3dd478bd944ece2906a0c8e4425f63be,6,29449,13,13,1694,7258,26,8952,0.88288227104485717,303.9831573228293,344.30769230769232,0.5,0.18923145665773011
r_354706189e37cefc585c787ffc19eddc,Direct browsing,d_1be06ce1b670864df8c500dc82b295ae,1,0,a_e7d8c038c18055500148c5915382bd98,a_1b7c9db06fc30e75d29b0a7180a4b035,p_749454f6d4ca68d250815d6223e27952,p_3dd478bd944ece2906a0c8e4425f63be,6,5596,11,10,1568,2995,21,4563,3.7526804860614726,815.40385989992853,217.28571428571428,0.52380952380952384,0.34363357440280518
r_6fe44a2aa0d4205c1a6565db118cfe1f,Direct browsing,d_1be06ce1b670864df8c500dc82b295ae,1,0,a_e7d8c038c18055500148c5915382bd98,a_f7236bf52bab5693c5a0bd90b31e7b5d,p_9f7f8868dff60c244ff90dbb8276fc24,p_d7195ebfc9c48d4a0beab7870d0eba9c,6,858,16,15,1026,12448,31,13474,36.130536130536129,15703.962703962705,434.64516129032256,0.5161290322580645,0.076146652812824706
r_8eb163d230c330f44023a1a8da6185f0,Direct browsing,d_1be06ce1b670864df8c500dc82b295ae,1,0,a_e7d8c038c18055500148c5915382bd98,a_cf31ba68046233719f1273a3a3789e72,p_434c7c76323bac533a0734ed480a7aa7,p_3dd478bd944ece2906a0c8e4425f63be,6,18972,13,14,1695,7751,27,9446,1.4231499051233396,497.89162977018759,349.85185185185185,0.48148148148148145,0.17944103324158375
r_5b407849838696f1c1509cf3ac78a69d,Direct browsing,d_1be06ce1b670864df8c500dc82b295ae,1,0,a_e7d8c038c18055500148c5915382bd98,a_f7236bf52bab5693c5a0bd90b31e7b5d,p_53abc6c49a25af7915607e55210efadd,p_d7195ebfc9c48d4a0beab7870d0eba9c,6,637,9,8,736,5770,17,6506,26.687598116169543,10213.500784929356,382.70588235294116,0.52941176470588236,0.11312634491238857
r_dc0398489a5e2c7e9090e0f6b7c093c6,Direct browsing,d_1be06ce1b670864df8c500dc82b295ae,1,0,a_e7d8c038c18055500148c5915382bd98,a_cf31ba68046233719f1273a3a3789e72,p_cac14d54be4a8e696e792d971e659bf8,p_3dd478bd944ece2906a0c8e4425f63be,6,122,6,6,849,327,12,1176,98.360655737704917,9639.3442622950824,98,0.5,0.72193877551020413
r_12d5ffc0c8382780448c7a3862cf70f4,Direct browsing,d_1be06ce1b670864df8c500dc82b295ae,1,0,a_e7d8c038c18055500148c5915382bd98,a_e26ebc8f66dc2a068e15783a09c1a4cb,p_6afa74b398d1a3f3c2fcf258b3f660cf,p_3dd478bd944ece2906a0c8e4425f63be,6,611453,261,259,36797,21168,520,57965,0.85043331212701556,94.798782572004725,111.47115384615384,0.50192307692307692,0.6348141119641163
r_995828ac073a3d6f73da24d0c1ab6afb,Direct browsing,d_1be06ce1b670864df8c500dc82b295ae,1,0,a_e7d8c038c18055500148c5915382bd98,a_c4a45ca912701d85b2c25600e255b375,p_58f5fd84be3f80c209d61fadb6215b3e,p_3dd478bd944ece2906a0c8e4425f63be,6,814,24,22,2704,16804,46,19508,56.511056511056516,23965.601965601967,424.08695652173913,0.52173913043478259,0.13860980110723806
r_c4d1ee8c47145ea8196228e0bb842116,Direct browsing,d_1be06ce1b670864df8c500dc82b295ae,1,0,a_e7d8c038c18055500148c5915382bd98,a_c0f310eeb8553e332a97e6df05bcca6e,p_ca546b4e1adf851e8012070b1643ed44,p_3dd478bd944ece2906a0c8e4425f63be,6,1327,14,12,1752,6993,26,8745,19.593067068575735,6590.0527505651844,336.34615384615387,0.53846153846153844,0.20034305317324186
r_7b2ac6dad706d027713bedfa6133fb60,Direct browsing,d_1be06ce1b670864df8c500dc82b295ae,1,0,a_e7d8c038c18055500148c5915382bd98,a_8bfbb82d799ea23f6427ce5671761f00,p_c0a1d9ba63453cd3a75e81c8a214ae17,p_3dd478bd944ece2906a0c8e4425f63be,6,171,57,68,3544,82998,125,86542,730.9941520467836,506093.56725146197,692.33600000000001,0.45600000000000002,0.040951214439231817
r_a8f5d8aa2a88a40c3b976395c847f4fb,Direct browsing,d_1be06ce1b670864df8c500dc82b295ae,1,0,a_e7d8c038c18055500148c5915382bd98,a_98b83c7d111c6ea391935510a9e862fa,p_fb7ab618b03d9e6c642637f71c34d7b9,p_3dd478bd944ece2906a0c8e4425f63be,6,28635,15,16,1801,9174,31,10975,1.0825912345032302,383.2722193120307,354.03225806451616,0.4838709677419355,0.16410022779043279
r_2eef1ce9b2f736aa3548a77b40f67fae,Direct browsing,d_1be06ce1b670864df8c500dc82b295ae,1,0,a_e7d8c038c18055500148c5915382bd98,a_01c27fc950d2f075d869a4d0acaa48ee,p_c8233b4c919a46639db4d91ba42214b4,p_3dd478bd944ece2906a0c8e4425f63be,6,953,44,39,3434,43042,83,46476,87.093389296956985,48768.100734522559,559.95180722891564,0.53012048192771088,0.0738875978999914
r_47ddba88d454a4986333f0183fd06651,Direct browsing,d_1be06ce1b670864df8c500dc82b295ae,1,0,a_e7d8c038c18055500148c5915382bd98,a_01c27fc950d2f075d869a4d0acaa48ee,p_29befbec67beb25f66df1c3e42ddac45,p_3dd478bd944ece2906a0c8e4425f63be,6,862,35,38,2979,41812,73,44791,84.686774941995367,51961.716937354991,613.57534246575347,0.47945205479452052,0.066508896876604676
r_76f633579f71d2833e8162dafa886bee,Direct browsing,d_1be06ce1b670864df8c500dc82b295ae,1,0,a_e7d8c038c18055500148c5915382bd98,a_01c27fc950d2f075d869a4d0acaa48ee,p_dea586f0bc0bfc4ce64a022c80a7d4ab,p_3dd478bd944ece2906a0c8e4425f63be,6,931,42,37,3347,40808,79,44155,84.85499462943072,47427.497314715358,558.92405063291142,0.53164556962025311,0.075801155022081304
r_ea35a600a4b92e2037f75df434c87c19,Direct browsing,d_1be06ce1b670864df8c500dc82b295ae,1,0,a_e7d8c038c18055500148c5915382bd98,a_01c27fc950d2f075d869a4d0acaa48ee,p_bd03146bcdaea8d8b3d79c1f74b5f3fe,p_3dd478bd944ece2906a0c8e4425f63be,6,935,43,38,3419,41672,81,45091,86.631016042780743,48225.668449197859,556.67901234567898,0.53086419753086422,0.07582444390233084
r_f335b322be8ed6d9c3c5830e6dd499a6,Direct browsing,d_1be06ce1b670864df8c500dc82b295ae,1,0,a_e7d8c038c18055500148c5915382bd98,a_01c27fc950d2f075d869a4d0acaa48ee,p_d4291623ec53c54d05d482f8dfdca71b,p_3dd478bd944ece2906a0c8e4425f63be,6,890,40,35,3263,38159,75,41422,84.269662921348313,46541.573033707864,552.29333333333329,0.53333333333333333,0.078774564241224476
r_f90ac6eef1bfe32dcda8f453cf7a6e1a,Direct browsing,d_1be06ce1b670864df8c500dc82b295ae,1,0,a_e7d8c038c18055500148c5915382bd98,a_d7b8c92508d2ed5587abcccd6cf169d7,p_99906063d279744ac6b153b63c24dd38,p_3dd478bd944ece2906a0c8e4425f63be,6,1753,58,69,3649,83234,127,86883,72.447233314318311,49562.464346834,684.11811023622045,0.45669291338582679,0.041999010163092897
r_6b3550654ae254268a1492efdd15016a,Direct browsing,d_1be06ce1b670864df8c500dc82b295ae,1,0,a_e7d8c038c18055500148c5915382bd98,a_aba7d6b8564eed630e233b8c9c513ccf,p_0e9297924e6b23cca5b3cd2873173185,p_3dd478bd944ece2906a0c8e4425f63be,6,1538,27,34,2251,40180,61,42431,39.661898569570873,27588.426527958385,695.59016393442619,0.44262295081967212,0.053050835474063772
r_b58f54c2089dfc985c04c34974d6e537,Direct browsing,d_1be06ce1b670864df8c500dc82b295ae,1,0,a_e7d8c038c18055500148c5915382bd98,a_cf31ba68046233719f1273a3a3789e72,p_f563022b9b942843030d14b811039daf,p_3dd478bd944ece2906a0c8e4425f63be,6,123,5,5,785,275,10,1060,81.300813008130078,8617.8861788617887,106,0.5,0.74056603773584906
r_a75b16218e8517c59c44050f835a281f,Direct browsing,d_1be06ce1b670864df8c500dc82b295ae,1,0,a_e7d8c038c18055500148c5915382bd98,a_2a802f455d7da83004b20b79d5b3b865,p_31e53641e8057e53b00ba328a8a50311,p_3dd478bd944ece2906a0c8e4425f63be,6,2981,12,10,1621,4163,22,5784,7.3800738007380078,1940.2884937940289,262.90909090909093,0.54545454545454541,0.28025587828492393
r_61a1946fd157a33f748a1eb6ad81b38a,Direct browsing,d_1be06ce1b670864df8c500dc82b295ae,1,0,a_e7d8c038c18055500148c5915382bd98,a_c768cf03bcc8571b20df780f5600a7dd,p_5bdcfdc94b3fdfd951ac094767224493,p_3dd478bd944ece2906a0c8e4425f63be,6,834,14,12,1771,6220,26,7991,31.175059952038371,9581.5347721822545,307.34615384615387,0.53846153846153844,0.22162432736828933
r_47c33c685cae98e8ab0b45e61adbd2a4,Direct browsing,d_1be06ce1b670864df8c500dc82b295ae,1,0,a_e7d8c038c18055500148c5915382bd98,a_cf31ba68046233719f1273a3a3789e72,p_52024ee178015167882bec257e9e2488,p_d7195ebfc9c48d4a0beab7870d0eba9c,6,103,11,9,918,7337,20,8255,194.17475728155341,80145.631067961163,412.75,0.55000000000000004,0.1112053301029679
r_8ab67de74909ac0f60dcca54d1ea190f,Direct browsing,d_1be06ce1b670864df8c500dc82b295ae,1,0,a_e7d8c038c18055500148c5915382bd98,a_07fca202197cf0f74052c7c5a5334fe7,p_910074cbaa9db1485dcda60bcc3cdbdd,p_3dd478bd944ece2906a0c8e4425f63be,6,27382,16,16,1846,9477,32,11323,1.168650938572785,413.5198305456139,353.84375,0.5,0.16303099885189437
r_ee657ed4a7f0b2663a4a45ee9f7844d3,Direct browsing,d_1be06ce1b670864df8c500dc82b295ae,1,0,a_e7d8c038c18055500148c5915382bd98,a_cf31ba68046233719f1273a3a3789e72,p_ecc0c18ca920c6e7296309e4815d382f,p_d7195ebfc9c48d4a0beab7870d0eba9c,6,62,11,9,903,7340,20,8243,322.58064516129031,132951.61290322582,412.14999999999998,0.55000000000000004,0.10954749484411015
r_6f355c726cd88aba55556dd27c1b635b,Direct browsing,d_1be06ce1b670864df8c500dc82b295ae,1,0,a_e7d8c038c18055500148c5915382bd98,a_e6e5851c92b999fc463b13408d93e953,p_913ac22d91c57b0ed191082ee42e310b,p_3dd478bd944ece2906a0c8e4425f63be,6,1280,22,30,2304,28550,52,30854,40.625,24104.6875,593.34615384615381,0.42307692307692307,0.074674272379594217
r_c1412e7d53b62f8a5d655c7ad42bc00a,Direct browsing,d_1be06ce1b670864df8c500dc82b295ae,1,0,a_e7d8c038c18055500148c5915382bd98,a_036691ec3320303e00a8bac2a5f95041,p_574946c5e76ec3543edb0484207d58d6,p_3dd478bd944ece2906a0c8e4425f63be,6,2547,12,8,1668,3389,20,5057,7.8523753435414205,1985.4731056144483,252.84999999999999,0.59999999999999998,0.32983982598378486
r_1fdcee464fe00ce40421dd3c36e36ff9,Direct browsing,d_1be06ce1b670864df8c500dc82b295ae,1,0,a_e7d8c038c18055500148c5915382bd98,a_1a5c00b1cc711b4434f070a20b5f79dd,p_fa2fc3fce243a1e27d02bf4e99594c15,p_3dd478bd944ece2906a0c8e4425f63be,6,11178,8,0,480,0,8,480,0.71569153694757559,42.941492216854535,60,1,1
r_d05cd3a4160a315b46cb7109741017d0,Direct browsing,d_1be06ce1b670864df8c500dc82b295ae,1,0,a_e7d8c038c18055500148c5915382bd98,a_275a7f699820789c39c7f399fcdf45a3,p_6ff6447ca58eb9417f669d8e9f4ef93b,p_3dd478bd944ece2906a0c8e4425f63be,6,5685,10,9,1495,4326,19,5821,3.3421284080914688,1023.9226033421285,306.36842105263156,0.52631578947368418,0.25682872358701253
r_5edbf1531434445f008f9fd73690e748,Direct browsing,d_1be06ce1b670864df8c500dc82b295ae,1,0,a_e7d8c038c18055500148c5915382bd98,a_cf31ba68046233719f1273a3a3789e72,p_e123aa798245550fa9d1dcbdfa25b5a7,p_3dd478bd944ece2906a0c8e4425f63be,6,385,7,6,901,327,13,1228,33.766233766233768,3189.6103896103896,94.461538461538467,0.53846153846153844,0.73371335504885993
r_a9404244404a4d85832573fbdeccd2eb,Direct browsing,d_1be06ce1b670864df8c500dc82b295ae,1,0,a_e7d8c038c18055500148c5915382bd98,a_cf31ba68046233719f1273a3a3789e72,p_6efd6be03b771c55e1c5335cee78f90d,p_3dd478bd944ece2906a0c8e4425f63be,6,27351,12,12,1637,7213,24,8850,0.87748162772841942,323.57135022485465,368.75,0.5,0.18497175141242939
r_35d358f520362cee299e93a27547dc9a,Direct browsing,d_1be06ce1b670864df8c500dc82b295ae,1,0,a_e7d8c038c18055500148c5915382bd98,a_1501eb4c2a63b5d79a31bcb24cb8defa,p_9a2a8824845635905c2a48e06f3a12ed,p_3dd478bd944ece2906a0c8e4425f63be,6,4233,12,9,1545,3609,21,5154,4.9610205527994333,1217.5761871013467,245.42857142857142,0.5714285714285714,0.29976717112922002
r_5a71e72e3910c0b8961dd5189ace1d00,Direct browsing,d_1be06ce1b670864df8c500dc82b295ae,1,0,a_e7d8c038c18055500148c5915382bd98,a_22e55c96c0c1a2b99f49d31c0a910d39,p_83c88e0dfe66259a6ca7766f11a5e9d7,p_3dd478bd944ece2906a0c8e4425f63be,6,18134,10,10,1530,3465,20,4995,1.1029006286533583,275.44943200617627,249.75,0.5,0.30630630630630629
r_580f60669aa45ef29b104e1103ab3fa3,Direct browsing,d_1be06ce1b670864df8c500dc82b295ae,1,0,a_e7d8c038c18055500148c5915382bd98,a_806505022387ebbebdaf5ac01788f4ed,p_0998baf17496ef64f0dd673292f96859,p_d7195ebfc9c48d4a0beab7870d0eba9c,6,29621,6,4,678,527,10,1205,0.33759832551230545,40.68059822423281,120.5,0.59999999999999998,0.56265560165975104
r_51048f0ebe296bcd4c433a7a56913888,Direct browsing,d_1be06ce1b670864df8c500dc82b295ae,1,0,a_e7d8c038c18055500148c5915382bd98,a_2f9327eb55447d1c7a94cf9133886a1b,p_88abe93e08fe3daec5bbace556897a6d,p_3dd478bd944ece2906a0c8e4425f63be,6,296,2,1,100,60,3,160,10.135135135135135,540.54054054054052,53.333333333333336,0.66666666666666663,0.625
r_7c795a5dd02cf6f36c4cb7f500be8e14,Direct browsing,d_1be06ce1b670864df8c500dc82b295ae,1,0,a_e7d8c038c18055500148c5915382bd98,a_71bb75d03a1bc0b49ab7157627fab6b2,p_4ef24dc6b97fef94f2756bd6651c097f,p_3dd478bd944ece2906a0c8e4425f63be,6,19243,13,10,1604,5272,23,6876,1.1952398274697293,357.32474146442866,298.95652173913044,0.56521739130434778,0.23327515997673065
r_c4fe7f4b8d32386eac98b4b05b8bea13,Direct browsing,d_1be06ce1b670864df8c500dc82b295ae,1,0,a_e7d8c038c18055500148c5915382bd98,a_b4904d2c2849417748d5867c915733c9,p_3e9d3c400933b08057e75a689b57e8bc,p_3dd478bd944ece2906a0c8e4425f63be,6,22696,13,15,1687,10520,28,12207,1.2336975678533662,537.84807895664426,435.96428571428572,0.4642857142857143,0.1381993937904481
r_8c21c3a152e923d7fa44481e857480e3,Direct browsing,d_1be06ce1b670864df8c500dc82b295ae,1,0,a_e7d8c038c18055500148c5915382bd98,a_fc951fc807c2a3ca71cb0b467bc50af1,p_293a84155fa62377749b73b1c804a952,p_d7195ebfc9c48d4a0beab7870d0eba9c,6,11184,8,0,480,0,8,480,0.71530758226037205,42.918454935622321,60,1,1
r_5704db52faa10932045f21eb5c52b56b,Direct browsing,d_1be06ce1b670864df8c500dc82b295ae,1,0,a_e7d8c038c18055500148c5915382bd98,a_f7236bf52bab5693c5a0bd90b31e7b5d,p_f3b9631e851e629656bac8ce335d767e,p_d7195ebfc9c48d4a0beab7870d0eba9c,6,1074,16,16,1010,12384,32,13394,29.795158286778396,12471.135940409682,418.5625,0.5,0.075406898611318496
r_44811c0e811afb37458ade3631a251d1,Direct browsing,d_1be06ce1b670864df8c500dc82b295ae,1,0,a_e7d8c038c18055500148c5915382bd98,a_52e332178d9cca20e2c169b46c09cc51,p_36a750dd088743aff4aea02a4bd48037,p_3dd478bd944ece2906a0c8e4425f63be,6,284,31,33,2272,32787,64,35059,225.35211267605635,123447.18309859156,547.796875,0.484375,0.064805042927636267
r_be3d16d8105981261608d943672247a0,Direct browsing,d_1be06ce1b670864df8c500dc82b295ae,1,0,a_e7d8c038c18055500148c5915382bd98,a_01c27fc950d2f075d869a4d0acaa48ee,p_e3f25d9b8f3165e07fe25e4b83a4e517,p_3dd478bd944ece2906a0c8e4425f63be,6,657,43,38,3400,42622,81,46022,123.2876712328767,70048.706240487052,568.17283950617286,0.53086419753086422,0.07387771066011907
r_600432bae13fca9c9625697ad481382a,Direct browsing,d_1be06ce1b670864df8c500dc82b295ae,1,0,a_e7d8c038c18055500148c5915382bd98,a_0bef2f025d1118fbb9dd0d7c7dc3cc83,p_1a86ae61a35b428867890c9119d09f51,p_3dd478bd944ece2906a0c8e4425f63be,6,938,28,30,2780,27954,58,30734,61.833688699360344,32765.458422174841,529.89655172413791,0.48275862068965519,0.090453569336890735
r_f0e6721c790a7e48e167a68570fe1694,Direct browsing,d_1be06ce1b670864df8c500dc82b295ae,1,0,a_e7d8c038c18055500148c5915382bd98,a_5f5e5c84b87fa4aa954e97103781a172,p_4511f2b9105f82025836607d990454fa,p_3dd478bd944ece2906a0c8e4425f63be,6,28903,15,21,1836,15604,36,17440,1.2455454451095043,603.39757118638204,484.44444444444446,0.41666666666666669,0.10527522935779816
r_2f7c689b7ee711bc0914c8b465e5f396,Direct browsing,d_1be06ce1b670864df8c500dc82b295ae,1,0,a_e7d8c038c18055500148c5915382bd98,a_c4a45ca912701d85b2c25600e255b375,p_4ce6d367fc7d6b50290350e4d572f613,p_3dd478bd944ece2906a0c8e4425f63be,6,20931,11,9,1602,4947,20,6549,0.95552051980316277,312.88519420954566,327.44999999999999,0.55000000000000004,0.24461749885478698
r_0bda07945f1bbe93870349b29936237a,Direct browsing,d_1be06ce1b670864df8c500dc82b295ae,1,0,a_e7d8c038c18055500148c5915382bd98,a_cf31ba68046233719f1273a3a3789e72,p_8172623f6022ab6c66178c48f904e4a3,p_d7195ebfc9c48d4a0beab7870d0eba9c,6,59,11,9,924,7355,20,8279,338.98305084745766,140322.03389830509,413.94999999999999,0.55000000000000004,0.1116076820872086
r_b6ecbca8a05378b634bb39ed134da9a2,Direct browsing,d_1be06ce1b670864df8c500dc82b295ae,1,0,a_e7d8c038c18055500148c5915382bd98,a_cf31ba68046233719f1273a3a3789e72,p_7b47c6990337791ee6732ca8c72fe786,p_d7195ebfc9c48d4a0beab7870d0eba9c,6,68,11,9,923,7352,20,8275,294.11764705882354,121691.17647058822,413.75,0.55000000000000004,0.11154078549848942
r_6b77aeee6881e353a95e9e97fd65de87,Direct browsing,d_1be06ce1b670864df8c500dc82b295ae,1,0,a_e7d8c038c18055500148c5915382bd98,a_cf31ba68046233719f1273a3a3789e72,p_04f308bf90ce6e82c1a027da2ab5d1a9,p_3dd478bd944ece2906a0c8e4425f63be,6,167,5,5,785,275,10,1060,59.880239520958078,6347.3053892215567,106,0.5,0.74056603773584906
r_f5c64ecdb75c52b7229b9ed58c5cc6db,Direct browsing,d_1be06ce1b670864df8c500dc82b295ae,1,0,a_e7d8c038c18055500148c5915382bd98,a_cf31ba68046233719f1273a3a3789e72,p_f31870debdb4bd12bb11500e738e86d7,p_3dd478bd944ece2906a0c8e4425f63be,6,16138,12,15,1621,7436,27,9057,1.6730697732060973,561.22196058991199,335.44444444444446,0.44444444444444442,0.17897758639726177
r_a7289f91ba4bb7ae980f76f7c04ac8d0,Direct browsing,d_1be06ce1b670864df8c500dc82b295ae,1,0,a_e7d8c038c18055500148c5915382bd98,a_d0e43c5a75e649db4b94f0edf0fbf466,p_221b630b18b2f7ef4075b11cc8664a39,p_d7195ebfc9c48d4a0beab7870d0eba9c,6,739,6,4,407,401,10,808,13.531799729364005,1093.3694181326116,80.799999999999997,0.59999999999999998,0.50371287128712872
r_a0fef4cf23e1efb7c19bf33c7b67d064,Direct browsing,d_1be06ce1b670864df8c500dc82b295ae,1,0,a_e7d8c038c18055500148c5915382bd98,a_389a11eaaa475815d0a0d03db89071ee,p_15bf329869891cd676f730b093c8996e,p_3dd478bd944ece2906a0c8e4425f63be,6,19277,11,8,1598,3641,19,5239,0.98563054417181095,271.77465373242723,275.73684210526318,0.57894736842105265,0.30502004199274668
r_25fd7389ecc45b3078b3692f04dda8e4,Direct browsing,d_1be06ce1b670864df8c500dc82b295ae,1,0,a_e7d8c038c18055500148c5915382bd98,a_973fe280423a7e99823e67b74135e536,p_a97f091b0c6a9629035d4ad1dc8d7b01,p_3dd478bd944ece2906a0c8e4425f63be,6,321,11,11,1898,3913,22,5811,68.535825545171335,18102.803738317758,264.13636363636363,0.5,0.32662192393736017
r_dc1debb95cda9ddb3dfce8ddd92dd7a4,Direct browsing,d_1be06ce1b670864df8c500dc82b295ae,1,0,a_e7d8c038c18055500148c5915382bd98,a_7c456acde539e879341dface00ed84ba,p_747550ae3875e5fdb56c607ec2a64d60,p_3dd478bd944ece2906a0c8e4425f63be,6,1422,42,44,3058,48905,86,51963,60.478199718706051,36542.194092827005,604.22093023255809,0.48837209302325579,0.058849566037372743
r_c09b6247a0ad3d950f81b84044cdcdce,Direct browsing,d_1be06ce1b670864df8c500dc82b295ae,1,0,a_e7d8c038c18055500148c5915382bd98,a_c09504570fc341f4ea785abdc1d7d4da,p_03411c981bd9a6f8549ab2a1220c36e5,p_3dd478bd944ece2906a0c8e4425f63be,6,703,74,71,5905,81420,145,87325,206.2588904694168,124217.63869132291,602.24137931034488,0.51034482758620692,0.06762095619811051
r_b9532085e5821ee61f98c774dc7b53d4,Direct browsing,d_1be06ce1b670864df8c500dc82b295ae,1,0,a_e7d8c038c18055500148c5915382bd98,a_01c27fc950d2f075d869a4d0acaa48ee,p_092af4b6db79a8815fb5e8cef1619a18,p_3dd478bd944ece2906a0c8e4425f63be,6,852,42,37,3368,39099,79,42467,92.72300469483568,49843.896713615024,537.55696202531647,0.53164556962025311,0.079308639649610282
r_f3c8c7d5064fde9773867bd11deac93f,Direct browsing,d_1be06ce1b670864df8c500dc82b295ae,1,0,a_e7d8c038c18055500148c5915382bd98,a_01c27fc950d2f075d869a4d0acaa48ee,p_938583b0b986ed1e064f69a056a34191,p_3dd478bd944ece2906a0c8e4425f63be,6,972,35,38,2991,43404,73,46395,75.10288065843622,47731.481481481482,635.54794520547944,0.47945205479452052,0.064468153895893957
r_d956498a402a06b9bafbe7674b2cfb5f,Direct browsing,d_1be06ce1b670864df8c500dc82b295ae,1,0,a_e7d8c038c18055500148c5915382bd98,a_01c27fc950d2f075d869a4d0acaa48ee,p_bdb5c0190dd831f4cc9fe50e3d33b9ba,p_3dd478bd944ece2906a0c8e4425f63be,6,1066,34,39,2935,43456,73,46391,68.48030018761726,43518.761726078796,635.49315068493149,0.46575342465753422,0.06326658188010606
r_e3cb4da65395efe695470d89953fd635,Direct browsing,d_1be06ce1b670864df8c500dc82b295ae,1,0,a_e7d8c038c18055500148c5915382bd98,a_01c27fc950d2f075d869a4d0acaa48ee,p_dd621b16ca5292f33fa3de4c8be1ec93,p_3dd478bd944ece2906a0c8e4425f63be,6,907,30,31,2778,32628,61,35406,67.254685777287762,39036.383682469677,580.42622950819668,0.49180327868852458,0.078461277749533972
r_fcceed7b3e97518a11bc08fcecc5ea96,Direct browsing,d_1be06ce1b670864df8c500dc82b295ae,1,0,a_e7d8c038c18055500148c5915382bd98,a_01c27fc950d2f075d869a4d0acaa48ee,p_18227bbd2205cda876b8ee8362dd8859,p_3dd478bd944ece2906a0c8e4425f63be,6,569,30,33,2821,32185,63,35006,110.72056239015818,61521.968365553606,555.65079365079362,0.47619047619047616,0.080586185225389934
r_ae9bf7e00db0d8dfb9c6de90cf4a0919,Direct browsing,d_1be06ce1b670864df8c500dc82b295ae,1,0,a_e7d8c038c18055500148c5915382bd98,a_01c27fc950d2f075d869a4d0acaa48ee,p_ea7feb67237be017d3e9ae071805391b,p_3dd478bd944ece2906a0c8e4425f63be,6,1398,51,45,4645,46779,96,51424,68.669527896995717,36783.977110157371,535.66666666666663,0.53125,0.090327473553204723
r_d66f2e27f07054e4e4336eb96590cc5e,Direct browsing,d_1be06ce1b670864df8c500dc82b295ae,1,0,a_e7d8c038c18055500148c5915382bd98,a_01c27fc950d2f075d869a4d0acaa48ee,p_d26419922bd6b095f306052fff0f358b,p_3dd478bd944ece2906a0c8e4425f63be,6,1031,34,39,2932,42999,73,45931,70.805043646944725,44549.951503394768,629.19178082191786,0.46575342465753422,0.063834882758920991
r_d92a9e5a804c84c480e39a70edf86ab8,Direct browsing,d_1be06ce1b670864df8c500dc82b295ae,1,0,a_e7d8c038c18055500148c5915382bd98,a_c222183a6b437e02581cb8950008afcf,p_56359aca5548099ccba0982ea26e39b6,p_3dd478bd944ece2906a0c8e4425f63be,6,306,2,1,100,60,3,160,9.8039215686274517,522.87581699346401,53.333333333333336,0.66666666666666663,0.625
r_399f2379578edf72c9c877518ef96154,Direct browsing,d_1be06ce1b670864df8c500dc82b295ae,1,0,a_e7d8c038c18055500148c5915382bd98,a_cf31ba68046233719f1273a3a3789e72,p_7f590952b27c9397a20e32934b71cec2,p_3dd478bd944ece2906a0c8e4425f63be,6,139,6,6,849,327,12,1176,86.33093525179855,8460.4316546762584,98,0.5,0.72193877551020413
r_a84370bd46b36895ac3909b189b78959,Direct browsing,d_1be06ce1b670864df8c500dc82b295ae,1,0,a_e7d8c038c18055500148c5915382bd98,a_ecdbdc9574dfec32ca55bb3bda716ed5,p_aaf2bfbcff158ae6aa47e9aef6c09ef2,p_3dd478bd944ece2906a0c8e4425f63be,6,931,16,13,1874,6980,29,8854,31.149301825993554,9510.2040816326517,305.31034482758622,0.55172413793103448,0.21165574881409532
r_d70f343ba0d555ff501f162a0d1e38a4,Direct browsing,d_1be06ce1b670864df8c500dc82b295ae,1,0,a_e7d8c038c18055500148c5915382bd98,a_cf31ba68046233719f1273a3a3789e72,p_27c4968d195745e8187a305163892591,p_3dd478bd944ece2906a0c8e4425f63be,6,355,7,6,901,327,13,1228,36.619718309859159,3459.1549295774648,94.461538461538467,0.53846153846153844,0.73371335504885993
r_e43c114bb953f2998a20a8070fa0b247,Direct browsing,d_1be06ce1b670864df8c500dc82b295ae,1,0,a_e7d8c038c18055500148c5915382bd98,a_275a7f699820789c39c7f399fcdf45a3,p_afe808803e13e90ad631b7456ee1af84,p_3dd478bd944ece2906a0c8e4425f63be,6,5552,10,9,1488,4322,19,5810,3.4221902017291068,1046.4697406340058,305.78947368421052,0.52631578947368418,0.25611015490533562
r_ade496510e7d43724a1ac56dcdaa3f4d,Direct browsing,d_1be06ce1b670864df8c500dc82b295ae,1,0,a_e7d8c038c18055500148c5915382bd98,a_cf31ba68046233719f1273a3a3789e72,p_4ec78d308d1d538dea89dbe5869beff1,p_3dd478bd944ece2906a0c8e4425f63be,6,126,5,5,785,275,10,1060,79.365079365079367,8412.6984126984134,106,0.5,0.74056603773584906
r_f1c73f58f69ac705d6a9395369014492,Direct browsing,d_1be06ce1b670864df8c500dc82b295ae,1,0,a_e7d8c038c18055500148c5915382bd98,a_bab25c91889f4c8bcb46877d67de2eca,p_ccdd3d3ae72facd689b0f34d9c09e8ff,p_d7195ebfc9c48d4a0beab7870d0eba9c,6,5723,6,5,677,646,11,1323,1.9220688450113577,231.17246199545693,120.27272727272727,0.54545454545454541,0.51171579743008311
r_11eb0105fc377c93808bd45a7b105799,Direct browsing,d_1be06ce1b670864df8c500dc82b295ae,1,0,a_e7d8c038c18055500148c5915382bd98,a_370e80b06c7db578fe7397862b1e8235,p_578c7f3dbd974f37311f9435c6d25467,p_d7195ebfc9c48d4a0beab7870d0eba9c,6,984,8,5,758,3011,13,3769,13.211382113821138,3830.2845528455287,289.92307692307691,0.61538461538461542,0.20111435394003715
r_48e9a356fd86c6dab29e1ac81812ebc0,Direct browsing,d_1be06ce1b670864df8c500dc82b295ae,1,0,a_e7d8c038c18055500148c5915382bd98,a_cf31ba68046233719f1273a3a3789e72,p_71c2379eb98a77c5bc4baddd9a9a4a4f,p_3dd478bd944ece2906a0c8e4425f63be,6,136,6,7,849,379,13,1228,95.588235294117638,9029.4117647058811,94.461538461538467,0.46153846153846156,0.69136807817589574
r_384d3adafd57ca563b92fffed886b6a7,Direct browsing,d_1be06ce1b670864df8c500dc82b295ae,1,0,a_e7d8c038c18055500148c5915382bd98,a_14c808e7292b3ab75d4096c3a8e7e996,p_8a38f1a4cff45975139c5790881b3723,p_d7195ebfc9c48d4a0beab7870d0eba9c,6,874,23,21,1408,24403,44,25811,50.34324942791762,29532.03661327231,586.61363636363637,0.52272727272727271,0.054550385494556583
r_41512bdec55484060f6194da2bfcfd81,Direct browsing,d_1be06ce1b670864df8c500dc82b295ae,1,0,a_e7d8c038c18055500148c5915382bd98,a_2f9327eb55447d1c7a94cf9133886a1b,p_ea450cf8f3548138984e241f064a26c2,p_3dd478bd944ece2906a0c8e4425f63be,6,280,2,1,100,60,3,160,10.714285714285714,571.42857142857133,53.333333333333336,0.66666666666666663,0.625
r_af82b8e9b51ca6ce79367105274210e4,Direct browsing,d_1be06ce1b670864df8c500dc82b295ae,1,0,a_e7d8c038c18055500148c5915382bd98,a_6cc8f81611c7e19feb8ed887bfa958ac,p_18b937521787ac3886c3af30b7566a2b,p_3dd478bd944ece2906a0c8e4425f63be,6,11181,8,0,480,0,8,480,0.71549950809408824,42.929970485645292,60,1,1
r_6d3f4f705b463274680d84647f3bca50,Direct browsing,d_1be06ce1b670864df8c500dc82b295ae,1,0,a_e7d8c038c18055500148c5915382bd98,a_01c27fc950d2f075d869a4d0acaa48ee,p_8d9f1c4b8d7426899527789ccdfda7d1,p_3dd478bd944ece2906a0c8e4425f63be,6,820,32,34,2869,37672,66,40541,80.487804878048792,49440.243902439026,614.25757575757575,0.48484848484848486,0.070767864630867511
r_2917fa32aa2768332f0396332a51d95a,Direct browsing,d_1be06ce1b670864df8c500dc82b295ae,1,0,a_e7d8c038c18055500148c5915382bd98,a_5607307b9b9a0681912487688d94bd13,p_d4ddc088a7b8008ea58c130707fc0dcd,p_3dd478bd944ece2906a0c8e4425f63be,6,89236,486,419,69852,462305,905,532157,10.141646868976645,5963.4788650320497,588.01878453038671,0.53701657458563534,0.13126201478135213
r_8cc2204701f4ce9f2c60231eddfb0d0f,Direct browsing,d_1be06ce1b670864df8c500dc82b295ae,1,0,a_e7d8c038c18055500148c5915382bd98,a_cf31ba68046233719f1273a3a3789e72,p_835c00f478ba8f875304a7b394d83d19,p_3dd478bd944ece2906a0c8e4425f63be,6,389,7,6,901,327,13,1228,33.419023136246786,3156.8123393316196,94.461538461538467,0.53846153846153844,0.73371335504885993
r_0057753b9a0913c8af30020e882967a1,Direct browsing,d_1be06ce1b670864df8c500dc82b295ae,1,0,a_e7d8c038c18055500148c5915382bd98,a_01c27fc950d2f075d869a4d0acaa48ee,p_c6de97f1983cf2fcb7ffd38aeee08d81,p_3dd478bd944ece2906a0c8e4425f63be,6,7830,37,43,3958,46531,80,50489,10.217113665389528,6448.1481481481478,631.11249999999995,0.46250000000000002,0.07839331339499693
r_be7014a717ee4bbd5b74dd0112c04872,Direct browsing,d_1be06ce1b670864df8c500dc82b295ae,1,0,a_e7d8c038c18055500148c5915382bd98,a_5607307b9b9a0681912487688d94bd13,p_2cc6804cdde705c950744e7d876a7cb4,p_d7195ebfc9c48d4a0beab7870d0eba9c,6,31623,6,4,686,585,10,1271,0.31622553204945764,40.192265123486067,127.09999999999999,0.59999999999999998,0.53973249409913449
r_e151088a8330aa6835df35b0ca01253e,Direct browsing,d_1be06ce1b670864df8c500dc82b295ae,1,0,a_e7d8c038c18055500148c5915382bd98,a_cf31ba68046233719f1273a3a3789e72,p_5b8521bad0c4fde69a0e588f584d32f5,p_3dd478bd944ece2906a0c8e4425f63be,6,29673,12,13,1625,7287,25,8912,0.84251676608364512,300.34037677349784,356.48000000000002,0.47999999999999998,0.18233842010771992
r_a598a603445661f71b8d88afc96c5960,Direct browsing,d_1be06ce1b670864df8c500dc82b295ae,1,0,a_e7d8c038c18055500148c5915382bd98,a_cf31ba68046233719f1273a3a3789e72,p_f4c3fc5556f2a22f15d2183d4761e793,p_d7195ebfc9c48d4a0beab7870d0eba9c,6,77,12,10,909,7404,22,8313,285.71428571428572,107961.03896103897,377.86363636363637,0.54545454545454541,0.10934680620714543
r_ed2ed61762b5590304f0bb05936ec6d6,Direct browsing,d_1be06ce1b670864df8c500dc82b295ae,1,0,a_e7d8c038c18055500148c5915382bd98,a_cf31ba68046233719f1273a3a3789e72,p_4ce6d367fc7d6b50290350e4d572f613,p_3dd478bd944ece2906a0c8e4425f63be,6,103,6,6,849,327,12,1176,116.50485436893204,11417.475728155341,98,0.5,0.72193877551020413
r_6a1cc74f39359108c5ab9c90e9bf6523,Direct browsing,d_1be06ce1b670864df8c500dc82b295ae,1,0,a_e7d8c038c18055500148c5915382bd98,a_6471fa019dda5e7f84f18489414c89aa,p_8b7cc6798b3311517b730c7853d5f932,p_3dd478bd944ece2906a0c8e4425f63be,6,11294,19,20,2000,16803,39,18803,3.4531609704267749,1664.8663006906322,482.12820512820514,0.48717948717948717,0.10636600542466627
r_c9b3dfa145a8200d65be56a46be05b70,Direct browsing,d_1be06ce1b670864df8c500dc82b295ae,1,0,a_e7d8c038c18055500148c5915382bd98,a_cf31ba68046233719f1273a3a3789e72,p_2776681890194893064506caccae8529,p_d7195ebfc9c48d4a0beab7870d0eba9c,6,152,12,10,953,7422,22,8375,144.73684210526315,55098.68421052632,380.68181818181819,0.54545454545454541,0.1137910447761194
r_0edac3f5de0910d5fb9067cf93cd1fb5,Direct browsing,d_1be06ce1b670864df8c500dc82b295ae,1,0,a_e7d8c038c18055500148c5915382bd98,a_ab9e5c6b29d91d47f9a3e7c586d27967,p_e82629b72da875f68f0d12eb8d65985b,p_3dd478bd944ece2906a0c8e4425f63be,6,547,23,25,2083,22652,48,24735,87.751371115173669,45219.378427787931,515.3125,0.47916666666666669,0.084212654133818482
r_49b9120be49b18de3886d0c016d64b59,Direct browsing,d_1be06ce1b670864df8c500dc82b295ae,1,0,a_e7d8c038c18055500148c5915382bd98,a_c9dd2e66c0fccf0c61a54091bde2dfb2,p_c8becd7fadbb85cdfc27efe3b4e4b52e,p_3dd478bd944ece2906a0c8e4425f63be,6,1197,21,27,2589,24276,48,26865,40.100250626566414,22443.609022556389,559.6875,0.4375,0.096370742601898388
r_5c7dae41542a068ca3778e094ccb21ad,Direct browsing,d_1be06ce1b670864df8c500dc82b295ae,1,0,a_e7d8c038c18055500148c5915382bd98,a_d13759bf2a4ef00c42c4d1edd5e877ba,p_cbed435e028c28f40d740e925220fce6,p_3dd478bd944ece2906a0c8e4425f63be,6,16454,26,23,2835,20341,49,23176,2.9779992706940561,1408.5328795429682,472.9795918367347,0.53061224489795922,0.12232481877804625
r_c2a84fb3fba90085b1126b88f24d89a0,Direct browsing,d_1be06ce1b670864df8c500dc82b295ae,1,0,a_e7d8c038c18055500148c5915382bd98,a_5607307b9b9a0681912487688d94bd13,p_8c2189610b9978b0149fa1c75a359f89,p_d7195ebfc9c48d4a0beab7870d0eba9c,6,25148,6,4,668,583,10,1251,0.39764593605853349,49.745506600922539,125.09999999999999,0.59999999999999998,0.53397282174260596
r_cac4cd13b638edf5a890f23d7dde0d68,Direct browsing,d_1be06ce1b670864df8c500dc82b295ae,1,0,a_e7d8c038c18055500148c5915382bd98,a_0760b1433a7da030f921ffe48170e8e6,p_2beba4a3b83d3fc581bf6c8eab87b706,p_d7195ebfc9c48d4a0beab7870d0eba9c,6,18480,7,5,733,520,12,1253,0.64935064935064934,67.803030303030297,104.41666666666667,0.58333333333333337,0.58499600957701514
r_da21dfedd7e17bb4106006eaa7a1d5db,Direct browsing,d_1be06ce1b670864df8c500dc82b295ae,1,0,a_e7d8c038c18055500148c5915382bd98,a_cf31ba68046233719f1273a3a3789e72,p_efc59bfd5c9a64b4d9c389a712fd9f81,p_d7195ebfc9c48d4a0beab7870d0eba9c,6,105,12,10,900,7407,22,8307,209.52380952380952,79114.28571428571,377.59090909090907,0.54545454545454541,0.10834236186348863
r_9ac2185a71d940fa6135ea4f27173341,Direct browsing,d_1be06ce1b670864df8c500dc82b295ae,1,0,a_e7d8c038c18055500148c5915382bd98,a_cf31ba68046233719f1273a3a3789e72,p_219a8b7b79aa254d3f4fffd5bf669fee,p_d7195ebfc9c48d4a0beab7870d0eba9c,6,99,12,10,954,7395,22,8349,222.2222222222222,84333.333333333328,379.5,0.54545454545454541,0.11426518145885735
r_305f4144348a5c8e34ba1c464f826ae3,Direct browsing,d_1be06ce1b670864df8c500dc82b295ae,1,0,a_e7d8c038c18055500148c5915382bd98,a_01c27fc950d2f075d869a4d0acaa48ee,p_8e2c63e3de868a77dcd62932ef328ee4,p_3dd478bd944ece2906a0c8e4425f63be,6,843,42,38,3353,42939,80,46292,94.899169632265725,54913.404507710562,578.64999999999998,0.52500000000000002,0.072431521645208677
r_2d847bda600faadc9c1819fa01915877,Direct browsing,d_1be06ce1b670864df8c500dc82b295ae,1,0,a_e7d8c038c18055500148c5915382bd98,a_9c3d3f3266e7ea94ddce28cade70ef4b,p_1e879ba9dbc8605b839a19c0db318dee,p_3dd478bd944ece2906a0c8e4425f63be,6,15082,14,14,2088,8556,28,10644,1.8565177032223843,705.74194403925208,380.14285714285717,0.5,0.19616685456595265
r_83cdf493355c4f86b453e4d7a0569879,Direct browsing,d_1be06ce1b670864df8c500dc82b295ae,1,0,a_e7d8c038c18055500148c5915382bd98,a_5607307b9b9a0681912487688d94bd13,p_5516ea4414df47b0d6af578b9b2b4b42,p_3dd478bd944ece2906a0c8e4425f63be,6,129351,599,595,62611,327536,1194,390147,9.2306978685901147,3016.1885103323516,326.7562814070352,0.50167504187604695,0.16048053682329994
r_a848e17f7c24599c5cc0e755f44df78a,Direct browsing,d_1be06ce1b670864df8c500dc82b295ae,1,0,a_e7d8c038c18055500148c5915382bd98,a_d31bb008a89cec58a37df0c94e2fd8c9,p_c9d47b2bd232d89189e5703f6d2c8be8,p_d7195ebfc9c48d4a0beab7870d0eba9c,6,11177,8,0,480,0,8,480,0.71575556947302499,42.9453341683815,60,1,1
r_1bccb711b905b2e702fd8df4cb78f232,Direct browsing,d_1be06ce1b670864df8c500dc82b295ae,1,0,a_e7d8c038c18055500148c5915382bd98,a_cf31ba68046233719f1273a3a3789e72,p_f9b5e28334ff9e8bade963727d5237bb,p_d7195ebfc9c48d4a0beab7870d0eba9c,6,146,11,9,910,7331,20,8241,136.98630136986301,56445.205479452059,412.05000000000001,0.55000000000000004,0.11042349229462443
r_103a539c46b2d2651575694578e886f2,Direct browsing,d_1be06ce1b670864df8c500dc82b295ae,1,0,a_e7d8c038c18055500148c5915382bd98,a_cf31ba68046233719f1273a3a3789e72,p_df7654f8e97fbd5be716cb0c3e6ffa6e,p_3dd478bd944ece2906a0c8e4425f63be,6,183,5,5,785,275,10,1060,54.644808743169399,5792.3497267759567,106,0.5,0.74056603773584906
r_3e02a408a6710d24cb18d7d3485ead5e,Direct browsing,d_1be06ce1b670864df8c500dc82b295ae,1,0,a_e7d8c038c18055500148c5915382bd98,a_e5d316882902b3fdd4912e21a51a4af2,p_7d04d08dd6a975aa62d216fc689d1e07,p_3dd478bd944ece2906a0c8e4425f63be,6,1265,17,25,1699,20833,42,22532,33.201581027667984,17811.857707509884,536.47619047619048,0.40476190476190477,0.07540387005148233
r_73055f6a742bd7b74b23357676b5148b,Direct browsing,d_1be06ce1b670864df8c500dc82b295ae,1,0,a_e7d8c038c18055500148c5915382bd98,a_3c49b6ed36e58897b1259f46cbd0a5f8,p_be324b10d71d80400e671e6b55f72b11,p_1239ed2e7e41d197d93a326176df63b2,17,0,1,0,30,0,1,30,,,30,1,1
r_20b23b668e02062e1d862e79b273c529,Direct browsing,d_1be06ce1b670864df8c500dc82b295ae,1,0,a_e7d8c038c18055500148c5915382bd98,a_90b052ad3bf68a05a3fff3aa114b63c7,p_b22f149955217629ce04b46e96184def,p_3dd478bd944ece2906a0c8e4425f63be,6,291,14,13,1693,4539,27,6232,92.783505154639187,21415.807560137458,230.81481481481481,0.51851851851851849,0.27166238767650835
r_6b345d0ea70fd1b50ac9ae033553fa7d,Direct browsing,d_1be06ce1b670864df8c500dc82b295ae,1,0,a_e7d8c038c18055500148c5915382bd98,a_f5140c53ad1e73addf1fab9260339d58,p_1c0df9f79e2c55cb11cf02f9ec2c57da,p_3dd478bd944ece2906a0c8e4425f63be,6,275,14,14,1733,8113,28,9846,101.81818181818181,35803.63636363636,351.64285714285717,0.5,0.17601056266504164
r_b786740f01c3e4461940be5cfe4c07e8,Direct browsing,d_1be06ce1b670864df8c500dc82b295ae,1,0,a_e7d8c038c18055500148c5915382bd98,a_a8deab562241891a50aac5682455e4aa,p_658c2cef23f15ac941cfb64de6c36456,p_3dd478bd944ece2906a0c8e4425f63be,6,1988,17,14,1931,9080,31,11011,15.593561368209256,5538.7323943661968,355.19354838709677,0.54838709677419351,0.17537008446099356
r_093984e3a479ad9087fce3e6fc583794,Direct browsing,d_1be06ce1b670864df8c500dc82b295ae,1,0,a_e7d8c038c18055500148c5915382bd98,a_5eeaa29b957f7cb88139bd9c55a0aa35,p_36f9af6c7bff4924ce52cb22c7effc74,p_d7195ebfc9c48d4a0beab7870d0eba9c,6,3098,4,0,240,0,4,240,1.2911555842479019,77.469335054874122,60,1,1
r_49bc9bc9634df105a76d39a74bcd4e7e,Direct browsing,d_1be06ce1b670864df8c500dc82b295ae,1,0,a_e7d8c038c18055500148c5915382bd98,a_cf31ba68046233719f1273a3a3789e72,p_f66140e259ca5e25f0d3b75c4869fe1a,p_d7195ebfc9c48d4a0beab7870d0eba9c,6,68,11,9,907,7322,20,8229,294.11764705882354,121014.70588235294,411.44999999999999,0.55000000000000004,0.11021995382184956
r_4b504eed2d9db1e0cc462eeea71f60de,Direct browsing,d_1be06ce1b670864df8c500dc82b295ae,1,0,a_e7d8c038c18055500148c5915382bd98,a_cf31ba68046233719f1273a3a3789e72,p_05ccbc6866ded99a57a2bfcc99e2bc11,p_3dd478bd944ece2906a0c8e4425f63be,6,223,5,6,785,327,11,1112,49.327354260089685,4986.5470852017934,101.09090909090909,0.45454545454545453,0.7059352517985612
r_f471d5ce77ae076b37eae144268cb96d,Direct browsing,d_1be06ce1b670864df8c500dc82b295ae,1,0,a_e7d8c038c18055500148c5915382bd98,a_b1c74cc3374aede0181cb7017200a937,p_ed723db861b9bbfea8d3ac775aa4cc3b,p_d7195ebfc9c48d4a0beab7870d0eba9c,6,857,6,4,407,405,10,812,11.668611435239207,947.4912485414236,81.200000000000003,0.59999999999999998,0.50123152709359609
r_1f08eeee57e49618b59cac6050e97e90,Direct browsing,d_1be06ce1b670864df8c500dc82b295ae,1,0,a_e7d8c038c18055500148c5915382bd98,a_e26ebc8f66dc2a068e15783a09c1a4cb,p_b69d3f04c8467fe0e53facbf59a4a36e,p_3dd478bd944ece2906a0c8e4425f63be,6,1512880,639,637,90787,51104,1276,141891,0.8434244619533604,93.78866797102215,111.19984326018809,0.5007836990595611,0.63983621230381071
r_55f094bd45fa6eefe143383731f51662,Direct browsing,d_1be06ce1b670864df8c500dc82b295ae,1,0,a_e7d8c038c18055500148c5915382bd98,a_69fb0b835452ca85c178bdeaaf11695b,p_be4b44b30a138534f13ce5c0e91d9016,p_3d01955bb66b778c6aa471c3a2911a0a,6,13584,23,26,5318,23922,49,29240,3.6071849234393407,2152.5323910482921,596.73469387755097,0.46938775510204084,0.18187414500683993
r_f4153f1134e1f0de2555c64f5d1c8a7f,Direct browsing,d_1be06ce1b670864df8c500dc82b295ae,1,0,a_e7d8c038c18055500148c5915382bd98,a_f785c9c667c5a3be0e5c3a21bb5efaa4,p_a7822247a450005830c3621b2afc4fcd,p_3dd478bd944ece2906a0c8e4425f63be,6,470,44,48,2952,57147,92,60099,195.74468085106383,127870.21276595745,653.25,0.47826086956521741,0.049118953726351521
r_9e016d1b07e9fbd7c741dc92aab70676,Direct browsing,d_1be06ce1b670864df8c500dc82b295ae,1,0,a_e7d8c038c18055500148c5915382bd98,a_73a706ab3f8ca9c96ffe0ef3fe58425c,p_e47b63597baf87c3f9c74d37b69013a6,p_3dd478bd944ece2906a0c8e4425f63be,6,2135,31,36,2650,35866,67,38516,31.381733021077288,18040.281030444967,574.8656716417911,0.46268656716417911,0.068802575553016929
r_dad5fef1f13297b69941d7f9aa04cbb4,Direct browsing,d_1be06ce1b670864df8c500dc82b295ae,1,0,a_e7d8c038c18055500148c5915382bd98,a_cf31ba68046233719f1273a3a3789e72,p_3167799c5b0f8e56e5318b7e13e0dea9,p_3dd478bd944ece2906a0c8e4425f63be,6,333,7,6,901,327,13,1228,39.039039039039039,3687.6876876876877,94.461538461538467,0.53846153846153844,0.73371335504885993
r_96e12a272769bb0e000e13c01f550424,Direct browsing,d_1be06ce1b670864df8c500dc82b295ae,1,0,a_e7d8c038c18055500148c5915382bd98,a_64b6acc24da268d3b693335189468ce0,p_e4740861046ab68695d713c4ed25fcbf,p_d7195ebfc9c48d4a0beab7870d0eba9c,6,665,5,6,582,1173,11,1755,16.541353383458645,2639.0977443609022,159.54545454545453,0.45454545454545453,0.33162393162393161
r_fd052bc500e86b2223befa556640fc37,Direct browsing,d_1be06ce1b670864df8c500dc82b295ae,1,0,a_e7d8c038c18055500148c5915382bd98,a_07c63542019aa418b5a848b5e44a7937,p_8cf8eb7f8b056966fcb05286a70d5f9d,p_3dd478bd944ece2906a0c8e4425f63be,6,1246,12,10,1588,4020,22,5608,17.656500802568218,4500.8025682182988,254.90909090909091,0.54545454545454541,0.2831669044222539
r_1290218488b05317def03e6402da49f4,Direct browsing,d_1be06ce1b670864df8c500dc82b295ae,1,0,a_e7d8c038c18055500148c5915382bd98,a_01c27fc950d2f075d869a4d0acaa48ee,p_9b9857b1172f9518f9935da8d6019fab,p_3dd478bd944ece2906a0c8e4425f63be,6,914,34,38,2918,42615,72,45533,78.774617067833688,49817.286652078772,632.40277777777783,0.47222222222222221,0.064085388619243192
r_162d83392399c3379f0afdb7f1fd18e7,Direct browsing,d_1be06ce1b670864df8c500dc82b295ae,1,0,a_e7d8c038c18055500148c5915382bd98,a_cf31ba68046233719f1273a3a3789e72,p_610b6ae0b031f355b2bef883f9b91e1d,p_d7195ebfc9c48d4a0beab7870d0eba9c,6,104,12,10,954,7425,22,8379,211.53846153846155,80567.307692307702,380.86363636363637,0.54545454545454541,0.11385606874328678
r_f28a16c1f90d7101b4ee6f4d23bd650c,Direct browsing,d_1be06ce1b670864df8c500dc82b295ae,1,0,a_e7d8c038c18055500148c5915382bd98,a_389a11eaaa475815d0a0d03db89071ee,p_2ab5e59c897136540e72f91340f05ce6,p_3dd478bd944ece2906a0c8e4425f63be,6,5495,10,9,1506,3695,19,5201,3.4576888080072794,946.49681528662416,273.73684210526318,0.52631578947368418,0.28955970005768122
r_f7b7949329f1e0f7a5a9547fe5fe3b3e,Direct browsing,d_1be06ce1b670864df8c500dc82b295ae,1,0,a_e7d8c038c18055500148c5915382bd98,a_8692fcf52fed4bb155bc043f2ae6a9ee,p_59f2f3c966db3063ebe401c59b91a047,p_d7195ebfc9c48d4a0beab7870d0eba9c,6,761,6,4,407,405,10,812,13.140604467805518,1067.017082785808,81.200000000000003,0.59999999999999998,0.50123152709359609
r_75c54e5aa3b43b8c1fe5f14154474952,Direct browsing,d_1be06ce1b670864df8c500dc82b295ae,1,0,a_e7d8c038c18055500148c5915382bd98,a_8692fcf52fed4bb155bc043f2ae6a9ee,p_4006723560ceb334e50a2a1fb57f8f01,p_d7195ebfc9c48d4a0beab7870d0eba9c,6,765,5,4,355,405,9,760,11.76470588235294,993.46405228758169,84.444444444444443,0.55555555555555558,0.46710526315789475
r_e927a637191aef868eb12e7eed483905,Direct browsing,d_1be06ce1b670864df8c500dc82b295ae,1,0,a_e7d8c038c18055500148c5915382bd98,a_f1126bf22cdde3f5bb788d1cba620c62,p_4cd07ab88ebe54eb76662a042d73e039,p_3dd478bd944ece2906a0c8e4425f63be,6,1355,37,42,2684,45887,79,48571,58.302583025830259,35845.756457564574,614.82278481012656,0.46835443037974683,0.055259311111568635
r_7487eb698d6044d7374388de9bc95172,Direct browsing,d_1be06ce1b670864df8c500dc82b295ae,1,0,a_e7d8c038c18055500148c5915382bd98,a_3a2fae57ec6491a5db12d11defda71f8,p_8a5c1846c6cce7d008a36ee43146a1af,p_3dd478bd944ece2906a0c8e4425f63be,6,6901,11,11,1612,6365,22,7977,3.1879437762643095,1155.9194319663818,362.59090909090907,0.5,0.20208098282562367
r_d25837034774adbf63458ba410f3c698,Direct browsing,d_1be06ce1b670864df8c500dc82b295ae,1,0,a_e7d8c038c18055500148c5915382bd98,a_b796ba3e8aff8a1dae0eadae5d0cea3b,p_0524ffb833713f5569af1971b72c5de9,p_3dd478bd944ece2906a0c8e4425f63be,6,26457,14,14,2330,5033,28,7363,1.0583210492497259,278.30063877234755,262.96428571428572,0.5,0.31644710036669838
r_1c15c08faeee7cd6724dcca857a413b5,Direct browsing,d_1be06ce1b670864df8c500dc82b295ae,1,0,a_e7d8c038c18055500148c5915382bd98,a_cf31ba68046233719f1273a3a3789e72,p_8e7aa46bfddb198f78cafc415b6a3a98,p_3dd478bd944ece2906a0c8e4425f63be,6,97,6,6,849,327,12,1176,123.71134020618557,12123.711340206186,98,0.5,0.72193877551020413
r_3790b609058680bbe45de7e63a706319,Direct browsing,d_1be06ce1b670864df8c500dc82b295ae,1,0,a_e7d8c038c18055500148c5915382bd98,a_30c9bb26706b958379e436a6d7458612,p_30cae8deb1ba6f44a0d031c901530a88,p_d7195ebfc9c48d4a0beab7870d0eba9c,6,11224,8,0,480,0,8,480,0.71275837491090521,42.765502494654314,60,1,1
r_3377f2972a6a8e5e5af841075b9fd77e,Direct browsing,d_1be06ce1b670864df8c500dc82b295ae,1,0,a_e7d8c038c18055500148c5915382bd98,a_5607307b9b9a0681912487688d94bd13,p_88cc73fd0dad55db8215ff7fcb4de479,p_3dd478bd944ece2906a0c8e4425f63be,6,42804,134,116,19051,120389,250,139440,5.8405756471357817,3257.6394729464532,557.75999999999999,0.53600000000000003,0.13662507171543317
r_b0df53a76e5d7c3cefaf0f99a550cf0d,Direct browsing,d_1be06ce1b670864df8c500dc82b295ae,1,0,a_e7d8c038c18055500148c5915382bd98,a_c0f310eeb8553e332a97e6df05bcca6e,p_ad9e541918365a98100f1992a196ba13,p_3dd478bd944ece2906a0c8e4425f63be,6,965,16,14,1884,6989,30,8873,31.088082901554404,9194.8186528497408,295.76666666666665,0.53333333333333333,0.21232953905105376
r_e20074b590f07292071e48e08900da4f,Direct browsing,d_1be06ce1b670864df8c500dc82b295ae,1,0,a_69fb0b835452ca85c178bdeaaf11695b,a_e7d8c038c18055500148c5915382bd98,p_3d01955bb66b778c6aa471c3a2911a0a,p_be4b44b30a138534f13ce5c0e91d9016,6,368,3,2,132,128,5,260,13.586956521739131,706.52173913043475,52,0.59999999999999998,0.50769230769230766
r_9ae0dc93733a2a8801bd5bb25468adc9,Direct browsing,d_1be06ce1b670864df8c500dc82b295ae,1,0,a_e7d8c038c18055500148c5915382bd98,a_3c49b6ed36e58897b1259f46cbd0a5f8,p_0ebd5c9c73cb5e512b07b0b3beea34ac,p_1239ed2e7e41d197d93a326176df63b2,17,0,1,0,30,0,1,30,,,30,1,1
r_c062f45fdf56d7fe3668a1db13115d8a,Direct browsing,d_1be06ce1b670864df8c500dc82b295ae,1,0,a_e7d8c038c18055500148c5915382bd98,a_13c4d3b01fa641ed330bf135e79f6a18,p_9b1603df07465ba3270f4c69b20956d0,p_3dd478bd944ece2906a0c8e4425f63be,6,285,55,70,3477,80156,125,83633,438.59649122807019,293449.12280701759,669.06399999999996,0.44,0.041574498104815082
r_a27ead59c532a1537d96056724b10d02,Direct browsing,d_1be06ce1b670864df8c500dc82b295ae,1,0,a_e7d8c038c18055500148c5915382bd98,a_98b83c7d111c6ea391935510a9e862fa,p_e660bc6b63fbf34c571158d2791929bb,p_3dd478bd944ece2906a0c8e4425f63be,6,29239,16,17,1863,9226,33,11089,1.1286295700947364,379.25373644789494,336.030303030303,0.48484848484848486,0.16800432861394174
r_1c93c700bc01ea896988b9ae9b1e8b39,Direct browsing,d_1be06ce1b670864df8c500dc82b295ae,1,0,a_e7d8c038c18055500148c5915382bd98,a_01c27fc950d2f075d869a4d0acaa48ee,p_6673095a0d0314d31be7d276b3fcb6c5,p_3dd478bd944ece2906a0c8e4425f63be,6,1331,46,42,5244,43292,88,48536,66.11570247933885,36465.815176558979,551.5454545454545,0.52272727272727271,0.10804351409263227
r_e03ad4a9b60f13d6988b67c3e01099ed,Direct browsing,d_1be06ce1b670864df8c500dc82b295ae,1,0,a_e7d8c038c18055500148c5915382bd98,a_52184634139fd407f3ba744a6e1132d1,p_ccaaee7665c52011b0de154fa5f8946a,p_3dd478bd944ece2906a0c8e4425f63be,6,277,51,65,3287,76689,116,79976,418.77256317689529,288722.0216606498,689.44827586206895,0.43965517241379309,0.041099829948984694
r_1a23c85cd21106e0b30076b3352558e9,Direct browsing,d_1be06ce1b670864df8c500dc82b295ae,1,0,a_e7d8c038c18055500148c5915382bd98,a_01c27fc950d2f075d869a4d0acaa48ee,p_4091bded9d7a7c97417f9965bc5ed4aa,p_3dd478bd944ece2906a0c8e4425f63be,6,915,29,30,2728,32392,59,35120,64.480874316939889,38382.513661202182,595.25423728813564,0.49152542372881358,0.07767653758542141
r_66676b7fcad9ed63cae3f8ad735a2148,Direct browsing,d_1be06ce1b670864df8c500dc82b295ae,1,0,a_e7d8c038c18055500148c5915382bd98,a_9b3151c587fb9f2302ffe2b703ef3467,p_080f74f01236d95af8cbdb46ad5f0805,p_3dd478bd944ece2906a0c8e4425f63be,6,804,21,25,2413,20024,46,22437,57.2139303482587,27906.716417910447,487.76086956521738,0.45652173913043476,0.10754557204617374
r_bc331026e3f035492a4165689b49ebbc,Direct browsing,d_1be06ce1b670864df8c500dc82b295ae,1,0,a_e7d8c038c18055500148c5915382bd98,a_a687d381e9c879995694edb3127ec230,p_806fd6411c4af6928d240f47a8d53694,p_3dd478bd944ece2906a0c8e4425f63be,6,339,48,57,3587,66321,105,69908,309.73451327433628,206218.28908554572,665.79047619047617,0.45714285714285713,0.05131029352863764
r_d68547d3000e38220a243dbad83a5ed7,Direct browsing,d_1be06ce1b670864df8c500dc82b295ae,1,0,a_e7d8c038c18055500148c5915382bd98,a_01c27fc950d2f075d869a4d0acaa48ee,p_dcb35c990804d8317981b32df51427f9,p_3dd478bd944ece2906a0c8e4425f63be,6,1196,35,41,3859,45275,76,49134,63.545150501672246,41081.939799331107,646.5,0.46052631578947367,0.078540318313184351
r_3eea4e27929883d892a24cfbf39910ce,Direct browsing,d_1be06ce1b670864df8c500dc82b295ae,1,0,a_e7d8c038c18055500148c5915382bd98,a_40f41bf282802553adaf8e7ef1688f63,p_ce111221e580fbf3941996f0b36e9e8d,p_3dd478bd944ece2906a0c8e4425f63be,6,233,53,67,3372,83186,120,86558,515.02145922746774,371493.56223175966,721.31666666666672,0.44166666666666665,0.038956537812796045
r_1c60eab9293a16bc83d5bf4f6a9052be,Direct browsing,d_1be06ce1b670864df8c500dc82b295ae,1,0,a_e7d8c038c18055500148c5915382bd98,a_01c27fc950d2f075d869a4d0acaa48ee,p_0217aad85f9566f9ee9bbb5c11164ea5,p_3dd478bd944ece2906a0c8e4425f63be,6,878,34,38,2958,42971,72,45929,82.004555808656036,52310.933940774485,637.90277777777783,0.47222222222222221,0.064403753619717397
r_5c1302c35a844ee15b2b3c62df7711de,Direct browsing,d_1be06ce1b670864df8c500dc82b295ae,1,0,a_e7d8c038c18055500148c5915382bd98,a_01c27fc950d2f075d869a4d0acaa48ee,p_dbcc0ff587a2a8f3e6e91bade1ab2a64,p_3dd478bd944ece2906a0c8e4425f63be,6,1017,33,37,2916,43010,70,45926,68.829891838741403,45158.308751229109,656.08571428571429,0.47142857142857142,0.06349344597831294
r_d23fb3f43cd3ce9af66b149e0d48d680,Direct browsing,d_1be06ce1b670864df8c500dc82b295ae,1,0,a_e7d8c038c18055500148c5915382bd98,a_01c27fc950d2f075d869a4d0acaa48ee,p_294687621d557db8bfb759cfca700349,p_3dd478bd944ece2906a0c8e4425f63be,6,1075,39,34,3236,37696,73,40932,67.906976744186053,38076.279069767443,560.71232876712327,0.53424657534246578,0.079057949770350827
r_0afde8edd2e5ee058723ff9257cc7a9e,Direct browsing,d_1be06ce1b670864df8c500dc82b295ae,1,0,a_e7d8c038c18055500148c5915382bd98,a_01c27fc950d2f075d869a4d0acaa48ee,p_c2a51580cce3948788791eea14ba8467,p_3dd478bd944ece2906a0c8e4425f63be,6,721,33,37,2908,42442,70,45350,97.087378640776706,62898.75173370319,647.85714285714289,0.47142857142857142,0.064123484013230425
r_0b43e50c38a6c51fbba3ed3f05aea902,Direct browsing,d_1be06ce1b670864df8c500dc82b295ae,1,0,a_e7d8c038c18055500148c5915382bd98,a_01c27fc950d2f075d869a4d0acaa48ee,p_012b92ba2375a637678437a7fddd6afa,p_3dd478bd944ece2906a0c8e4425f63be,6,889,43,38,3414,41671,81,45085,91.113610798650171,50714.28571428571,556.60493827160496,0.53086419753086422,0.075723633137407126
r_83619e999e4b985d566f7acfbc62a328,Direct browsing,d_1be06ce1b670864df8c500dc82b295ae,1,0,a_e7d8c038c18055500148c5915382bd98,a_01c27fc950d2f075d869a4d0acaa48ee,p_017234e1f1d286dbb81bfa529c19e3a5,p_3dd478bd944ece2906a0c8e4425f63be,6,1182,35,39,3819,42984,74,46803,62.605752961082914,39596.446700507615,632.47297297297303,0.47297297297297297,0.081597333504262543
r_739ce243c411d375e38b74b27ccf9b9a,Direct browsing,d_1be06ce1b670864df8c500dc82b295ae,1,0,a_e7d8c038c18055500148c5915382bd98,a_01c27fc950d2f075d869a4d0acaa48ee,p_3caaaa500e37f8e8d6e08637cccdc589,p_3dd478bd944ece2906a0c8e4425f63be,6,1105,36,40,3881,41791,76,45672,68.778280542986423,41332.12669683258,600.9473684210526,0.47368421052631576,0.084975477316517778
r_1178f62bf88959ed9b15c753ec4e5c11,Direct browsing,d_1be06ce1b670864df8c500dc82b295ae,1,0,a_e7d8c038c18055500148c5915382bd98,a_01c27fc950d2f075d869a4d0acaa48ee,p_0b25b34a5e8c1465c5b4e3aa8874a1e9,p_3dd478bd944ece2906a0c8e4425f63be,6,1855,43,38,3442,43403,81,46845,43.665768194070083,25253.369272237196,578.33333333333337,0.53086419753086422,0.073476358202582984
r_6c4c81f95967d1486b88a6b8d8aa4e4a,Direct browsing,d_1be06ce1b670864df8c500dc82b295ae,1,0,a_e7d8c038c18055500148c5915382bd98,a_01c27fc950d2f075d869a4d0acaa48ee,p_76f8ee15f1fcb71391e78e020c8cef8c,p_3dd478bd944ece2906a0c8e4425f63be,6,620,34,38,2959,42510,72,45469,116.12903225806451,73337.096774193546,631.51388888888891,0.47222222222222221,0.065077305416877437
r_935427066ae5a546d17043d11e697978,Direct browsing,d_1be06ce1b670864df8c500dc82b295ae,1,0,a_e7d8c038c18055500148c5915382bd98,a_264573e247d0e3a071e0df69aa8b269c,p_9d57038a169994123bd1af097921eb97,p_3dd478bd944ece2906a0c8e4425f63be,6,604,84,98,5489,117732,182,123221,301.3245033112583,204008.27814569537,677.03846153846155,0.46153846153846156,0.044545978364077553
r_a2fa36350f07c735800b486b8b776e6f,Direct browsing,d_1be06ce1b670864df8c500dc82b295ae,1,0,a_e7d8c038c18055500148c5915382bd98,a_488da37af1bde69b68b0891f2ad66a7d,p_a53d2de8d61ec09116fcdf51adafaaa9,p_3dd478bd944ece2906a0c8e4425f63be,6,2191,27,39,2620,40043,66,42663,30.123231401186676,19471.930625285258,646.40909090909088,0.40909090909090912,0.061411527553149096
r_915b74131a8298d32d04ae6bdc99779b,Direct browsing,d_1be06ce1b670864df8c500dc82b295ae,1,0,a_e7d8c038c18055500148c5915382bd98,a_8427de2fe5a71d85937de29448a05615,p_b8a51925ae8c86833cefa3e4ea0fd784,p_3dd478bd944ece2906a0c8e4425f63be,6,355,72,86,4164,103260,158,107424,445.07042253521126,302602.81690140849,679.89873417721515,0.45569620253164556,0.038762287756925827
r_d9613e4ca9a6c8f7da3dba3e114cee99,Direct browsing,d_1be06ce1b670864df8c500dc82b295ae,1,0,a_e7d8c038c18055500148c5915382bd98,a_7051accb5ca0d7e219640c186047d92b,p_3ee2f33f42f1963b6a6128035b099394,p_3dd478bd944ece2906a0c8e4425f63be,6,303,12,13,1628,6575,25,8203,82.508250825082513,27072.607260726072,328.12,0.47999999999999998,0.19846397659392906
r_5b299f7bd4f79f13deffd6bca2a9559f,Direct browsing,d_1be06ce1b670864df8c500dc82b295ae,1,0,a_e7d8c038c18055500148c5915382bd98,a_0e148281287ecabdb2ab2162a007ff80,p_f8e6d0f390555012e6f68c68b5b8559a,p_3dd478bd944ece2906a0c8e4425f63be,6,15400,17,17,2271,9582,34,11853,2.2077922077922079,769.67532467532465,348.61764705882354,0.5,0.19159706403442167
r_3f6c9e128b7ca0b3f9c5dc06754c57bd,Direct browsing,d_1be06ce1b670864df8c500dc82b295ae,1,0,a_e7d8c038c18055500148c5915382bd98,a_14776bacc000e46efa3b0a6cc5a2b0ed,p_2120e05961e1483d8b56eb668d603054,p_3dd478bd944ece2906a0c8e4425f63be,6,275,51,58,3280,69758,109,73038,396.36363636363632,265592.72727272724,670.0733944954128,0.46788990825688076,0.044908130014512992
r_5724678563361bb7293733b33749f341,Direct browsing,d_1be06ce1b670864df8c500dc82b295ae,1,0,a_e7d8c038c18055500148c5915382bd98,a_2a802f455d7da83004b20b79d5b3b865,p_a14ae1c21b1f64d00933cd168cc11262,p_3dd478bd944ece2906a0c8e4425f63be,6,3064,10,12,1517,4265,22,5782,7.1801566579634466,1887.0757180156659,262.81818181818181,0.45454545454545453,0.26236596333448636
r_9644cea2f96702015cb80e1addf72e4a,Direct browsing,d_1be06ce1b670864df8c500dc82b295ae,1,0,a_e7d8c038c18055500148c5915382bd98,a_cf31ba68046233719f1273a3a3789e72,p_c4a23eeaa6773ab5755b18e394e81b31,p_3dd478bd944ece2906a0c8e4425f63be,6,78,5,5,785,275,10,1060,128.2051282051282,13589.74358974359,106,0.5,0.74056603773584906
r_f9495dc181fb8c2efea3bb6ce1578dd5,Direct browsing,d_1be06ce1b670864df8c500dc82b295ae,1,0,a_e7d8c038c18055500148c5915382bd98,a_cf31ba68046233719f1273a3a3789e72,p_bffb5f42e62bc14e704de8308240a08f,p_3dd478bd944ece2906a0c8e4425f63be,6,159,6,6,849,327,12,1176,75.471698113207552,7396.2264150943392,98,0.5,0.72193877551020413
r_a045c520e24d2759d90bc9ef5ce5a9d6,Direct browsing,d_1be06ce1b670864df8c500dc82b295ae,1,0,a_e7d8c038c18055500148c5915382bd98,a_01c27fc950d2f075d869a4d0acaa48ee,p_173fa47be45489c6c1052717cc793367,p_3dd478bd944ece2906a0c8e4425f63be,6,1179,43,38,3425,42922,81,46347,68.702290076335871,39310.432569974553,572.18518518518522,0.53086419753086422,0.073899065743198045
r_b20b75e08dece4b38fc360bd5b5c62fb,Direct browsing,d_1be06ce1b670864df8c500dc82b295ae,1,0,a_e7d8c038c18055500148c5915382bd98,a_b89bb3545215efef3917806aef565228,p_1544aca6cac48e5b06340d95f8ee6d71,p_3dd478bd944ece2906a0c8e4425f63be,6,430,32,35,2291,35782,67,38073,155.81395348837211,88541.860465116275,568.25373134328356,0.47761194029850745,0.060173876500407113
r_383e15a772819abf15659d515311d73e,Direct browsing,d_1be06ce1b670864df8c500dc82b295ae,1,0,a_e7d8c038c18055500148c5915382bd98,a_5909123435fd969820788e424e5162ac,p_15b15be5ef8bfbdc52f3d4d0f1b3bf59,p_d7195ebfc9c48d4a0beab7870d0eba9c,6,17886,6,4,681,580,10,1261,0.55909650005590972,70.502068657050216,126.09999999999999,0.59999999999999998,0.54004758128469466
r_82e54a4cc91a3bc824f5708c8631b561,Direct browsing,d_1be06ce1b670864df8c500dc82b295ae,1,0,a_e7d8c038c18055500148c5915382bd98,a_11fda3f1d20d11b40efde6cfd8b2982e,p_38723b2792fc574623a107efb37ced50,p_3dd478bd944ece2906a0c8e4425f63be,6,24731,14,12,1718,6984,26,8702,1.0513121183939185,351.86607901014918,334.69230769230768,0.53846153846153844,0.19742587910825099
r_3a15c51bc47fdc4bdbfd08a5c76308c7,Direct browsing,d_1be06ce1b670864df8c500dc82b295ae,1,0,a_e7d8c038c18055500148c5915382bd98,a_973fe280423a7e99823e67b74135e536,p_f51f25411021ea4d06ad05414b90a621,p_3dd478bd944ece2906a0c8e4425f63be,6,738,85,96,5320,116732,181,122052,245.25745257452576,165382.11382113822,674.32044198895028,0.46961325966850831,0.043587978894241798
r_52126e28f08f962ffeea330d3e3f1c41,Direct browsing,d_1be06ce1b670864df8c500dc82b295ae,1,0,a_e7d8c038c18055500148c5915382bd98,a_f7236bf52bab5693c5a0bd90b31e7b5d,p_a6aa751c2587604bd5cc48d1514ecc72,p_d7195ebfc9c48d4a0beab7870d0eba9c,6,900,13,12,908,10212,25,11120,27.777777777777779,12355.555555555555,444.80000000000001,0.52000000000000002,0.081654676258992809
r_ce7387b0d50b71115ed9820251cb1d1e,Direct browsing,d_1be06ce1b670864df8c500dc82b295ae,1,0,a_e7d8c038c18055500148c5915382bd98,a_01c27fc950d2f075d869a4d0acaa48ee,p_b768c0825d49c0c0e4b31f822d778547,p_3dd478bd944ece2906a0c8e4425f63be,6,852,40,36,3272,39118,76,42390,89.201877934272304,49753.521126760563,557.76315789473688,0.52631578947368418,0.077188016041519231
r_60bf503fcb9c90b6841ab16cda910ea3,Direct browsing,d_1be06ce1b670864df8c500dc82b295ae,1,0,a_e7d8c038c18055500148c5915382bd98,a_f6b37649d2c0f8f9d3f85443ee18924c,p_48a77f201322e3463394e45e738a2876,p_3dd478bd944ece2906a0c8e4425f63be,6,29168,15,15,1797,7576,30,9373,1.0285244103126714,321.34530992868901,312.43333333333334,0.5,0.19172090045876453
r_e4ea1362babd052f35f3acd4fd96e5bf,Direct browsing,d_1be06ce1b670864df8c500dc82b295ae,1,0,a_e7d8c038c18055500148c5915382bd98,a_cda1f7ba033b36daff269dd92705a555,p_6592e0725ec178a4c2e3a475b5dc6660,p_3dd478bd944ece2906a0c8e4425f63be,6,19247,16,15,1843,9857,31,11700,1.6106406193172962,607.88694341975372,377.41935483870969,0.5161290322580645,0.15752136752136753
r_98c3130df66b40d9e235b5b47c687e6f,Direct browsing,d_1be06ce1b670864df8c500dc82b295ae,1,0,a_e7d8c038c18055500148c5915382bd98,a_01c27fc950d2f075d869a4d0acaa48ee,p_5aae932b201d953837eaa5fab3c86a1f,p_3dd478bd944ece2906a0c8e4425f63be,6,1268,36,43,3905,47935,79,51840,62.302839116719241,40883.280757097789,656.20253164556959,0.45569620253164556,0.075327932098765427
r_c4c53d1aa8b2261686f77200d8350de4,Direct browsing,d_1be06ce1b670864df8c500dc82b295ae,1,0,a_e7d8c038c18055500148c5915382bd98,a_01c27fc950d2f075d869a4d0acaa48ee,p_ae0dfe7e62c86864612260838a438c38,p_3dd478bd944ece2906a0c8e4425f63be,6,972,34,38,2958,43053,72,46011,74.074074074074076,47336.419753086418,639.04166666666663,0.47222222222222221,0.064288974375692767
r_00bbccd0a3f59b7ccab103e999a5fff1,Direct browsing,d_1be06ce1b670864df8c500dc82b295ae,1,0,a_e7d8c038c18055500148c5915382bd98,a_3dc006cffa3290d53ee78eb61f363d04,p_2e83dff37e47660d845d61b0524bccd6,p_3dd478bd944ece2906a0c8e4425f63be,6,647,40,44,3303,48806,84,52109,129.82998454404947,80539.412673879444,620.34523809523807,0.47619047619047616,0.063386363200214929
r_2a9b95a2ebf1e65b7a3dd18e7a2e03d1,Direct browsing,d_1be06ce1b670864df8c500dc82b295ae,1,0,a_e7d8c038c18055500148c5915382bd98,a_9dacd8cfa32a26d2087e6f94bc374b8c,p_6576938ad89d088bddce6b4711914c2b,p_3dd478bd944ece2906a0c8e4425f63be,6,1354,30,44,2460,48924,74,51384,54.652880354505164,37949.778434268832,694.37837837837833,0.40540540540540543,0.047874824848201776
r_22b0f8aae6ebe738182d6e09494bb28c,Direct browsing,d_1be06ce1b670864df8c500dc82b295ae,1,0,a_e7d8c038c18055500148c5915382bd98,a_a21ae5409cea66480cdc502ca625a703,p_653fe4a081a93b50e5a6540ef6118604,p_3dd478bd944ece2906a0c8e4425f63be,6,350,43,47,2853,55604,90,58457,257.14285714285717,167020,649.52222222222224,0.4777777777777778,0.048805104606805004
r_2cadaab086a693fe1fc95153916427cd,Direct browsing,d_1be06ce1b670864df8c500dc82b295ae,1,0,a_e7d8c038c18055500148c5915382bd98,a_cf31ba68046233719f1273a3a3789e72,p_ccd54271f1da65af53f682d39efaecf4,p_3dd478bd944ece2906a0c8e4425f63be,6,409,7,6,901,327,13,1228,31.784841075794624,3002.4449877750612,94.461538461538467,0.53846153846153844,0.73371335504885993
r_ca160742073e26c88912100ff3d8020e,Direct browsing,d_1be06ce1b670864df8c500dc82b295ae,1,0,a_e7d8c038c18055500148c5915382bd98,a_01c27fc950d2f075d869a4d0acaa48ee,p_f3f29a75d7d1b08060ace0a1ffc6b604,p_3dd478bd944ece2906a0c8e4425f63be,6,839,30,30,2788,32811,60,35599,71.513706793802143,42430.274135876047,593.31666666666672,0.5,0.078316806651872239
r_01e55b9b11e2a71e85a658392d02338a,Direct browsing,d_1be06ce1b670864df8c500dc82b295ae,1,0,a_e7d8c038c18055500148c5915382bd98,a_01c27fc950d2f075d869a4d0acaa48ee,p_5e0141b0814ad62628f1ebc959798291,p_3dd478bd944ece2906a0c8e4425f63be,6,1005,34,37,2966,41614,71,44580,70.646766169154233,44358.208955223883,627.88732394366195,0.47887323943661969,0.066532077164647818
r_10f02a3f24ba43a922550c0212beff7e,Direct browsing,d_1be06ce1b670864df8c500dc82b295ae,1,0,a_e7d8c038c18055500148c5915382bd98,a_0ae2b3dd40445a1befa6a17e5ab96e48,p_93806aa84cf691cc4213d7183525a1fe,p_3dd478bd944ece2906a0c8e4425f63be,6,18050,14,12,1745,5620,26,7365,1.4404432132963989,408.03324099722988,283.26923076923077,0.53846153846153844,0.23693143245078072
r_ad0cf745649369846b8013a0a1452b18,Direct browsing,d_1be06ce1b670864df8c500dc82b295ae,1,0,a_e7d8c038c18055500148c5915382bd98,a_01c27fc950d2f075d869a4d0acaa48ee,p_a12fd36b46ef296f83378baf817509e0,p_3dd478bd944ece2906a0c8e4425f63be,6,1156,35,39,3012,42667,74,45679,64.013840830449837,39514.705882352944,617.28378378378375,0.47297297297297297,0.06593839619956654
r_a134cb8abde70bb9f0d8de778bf41765,Direct browsing,d_1be06ce1b670864df8c500dc82b295ae,1,0,a_e7d8c038c18055500148c5915382bd98,a_01c27fc950d2f075d869a4d0acaa48ee,p_3b0f8ce970398ec225f0648877605dc6,p_3dd478bd944ece2906a0c8e4425f63be,6,991,39,37,3236,40885,76,44121,76.690211907164482,44521.695257315841,580.53947368421052,0.51315789473684215,0.073343759207633558
r_040c526cc827cf5825a7a5d2a8dd4b11,Direct browsing,d_1be06ce1b670864df8c500dc82b295ae,1,0,a_e7d8c038c18055500148c5915382bd98,a_01c27fc950d2f075d869a4d0acaa48ee,p_d18d0eeb006d241656ceac774b5f5b1a,p_3dd478bd944ece2906a0c8e4425f63be,6,901,33,37,2919,42872,70,45791,77.691453940066594,50822.419533851273,654.15714285714284,0.47142857142857142,0.063746150990369288
r_cff579f66e392ae625b87fab2910f24e,Direct browsing,d_1be06ce1b670864df8c500dc82b295ae,1,0,a_e7d8c038c18055500148c5915382bd98,a_4fa66830682c454d1cb1fcdeff2f74ef,p_cfa2bd2e1b717187376d78233af1cd56,p_d7195ebfc9c48d4a0beab7870d0eba9c,6,879,5,5,619,485,10,1104,11.376564277588168,1255.9726962457337,110.40000000000001,0.5,0.56068840579710144
r_715150c6fdfc25e7a86e98d7f428adbb,Direct browsing,d_1be06ce1b670864df8c500dc82b295ae,1,0,a_e7d8c038c18055500148c5915382bd98,a_01c27fc950d2f075d869a4d0acaa48ee,p_0393b218995410b4938b94d2523418ae,p_3dd478bd944ece2906a0c8e4425f63be,6,1064,42,37,3378,40019,79,43397,74.248120300751879,40786.654135338344,549.3291139240506,0.53164556962025311,0.077839481991842749
r_53f347b4b613f0dc6b097fe13cbdbb1a,Direct browsing,d_1be06ce1b670864df8c500dc82b295ae,1,0,a_e7d8c038c18055500148c5915382bd98,a_df462f66e03f019b423df33cd26b708f,p_28126ede8a7ab5183f3b8edc7019804d,p_3dd478bd944ece2906a0c8e4425f63be,6,45663,19,11,2541,4793,30,7334,0.65698705735497021,160.61143595471171,244.46666666666667,0.6333333333333333,0.34646850286337605
r_2c965d970e05f764693fb292f37548dd,Direct browsing,d_1be06ce1b670864df8c500dc82b295ae,1,0,a_e7d8c038c18055500148c5915382bd98,a_01c27fc950d2f075d869a4d0acaa48ee,p_2d09746f9f7de788eb39c3464b829f3c,p_3dd478bd944ece2906a0c8e4425f63be,6,1094,33,37,2913,42577,70,45490,63.985374771480799,41581.352833638026,649.85714285714289,0.47142857142857142,0.06403605187953397
r_1860580174160d5d27e3b289b9858aad,Direct browsing,d_1be06ce1b670864df8c500dc82b295ae,1,0,a_e7d8c038c18055500148c5915382bd98,a_26af0c74890136147b244435e5302b79,p_a5a3fcc0a07e334fd7e1f60af1531a51,p_3dd478bd944ece2906a0c8e4425f63be,6,402,62,75,3737,90275,137,94012,340.79601990049747,233860.69651741293,686.21897810218979,0.45255474452554745,0.039750244649619196
r_beaaecd2d61aa3a7ec1c54f494c9ca23,Direct browsing,d_1be06ce1b670864df8c500dc82b295ae,1,0,a_e7d8c038c18055500148c5915382bd98,a_01c27fc950d2f075d869a4d0acaa48ee,p_184b8a54f38be083b19626db6b4e9e74,p_3dd478bd944ece2906a0c8e4425f63be,6,717,35,37,3823,43363,72,47186,100.41841004184101,65810.320781032075,655.36111111111109,0.4861111111111111,0.081019794006696899
r_e94ad55604659233c7c39c5657c5f4e3,Direct browsing,d_1be06ce1b670864df8c500dc82b295ae,1,0,a_e7d8c038c18055500148c5915382bd98,a_811bb762244b2bd3594b46a66bb96b64,p_38f689e1cf26c280f380cd29d998d974,p_3dd478bd944ece2906a0c8e4425f63be,6,170,14,12,1699,4506,26,6205,152.94117647058823,36500,238.65384615384616,0.53846153846153844,0.27381144238517324
r_a3b3c75e4ee0fe241c73e094acd7c16a,Direct browsing,d_1be06ce1b670864df8c500dc82b295ae,1,0,a_e7d8c038c18055500148c5915382bd98,a_01c27fc950d2f075d869a4d0acaa48ee,p_d62b27442bd09ee1d3000ffec61af794,p_3dd478bd944ece2906a0c8e4425f63be,6,1128,33,38,2906,43403,71,46309,62.943262411347526,41054.078014184401,652.23943661971828,0.46478873239436619,0.062752380746723097
r_5d06a69abfc6de57ea224a45056e470a,Direct browsing,d_1be06ce1b670864df8c500dc82b295ae,1,0,a_e7d8c038c18055500148c5915382bd98,a_01c27fc950d2f075d869a4d0acaa48ee,p_5fcfe40276ca01878733fc56e38d717a,p_3dd478bd944ece2906a0c8e4425f63be,6,1011,32,35,2854,38997,67,41851,66.271018793273996,41395.647873392685,624.64179104477614,0.47761194029850745,0.068194308379728077
r_177070177ed617ca327bffa0fb973069,Direct browsing,d_1be06ce1b670864df8c500dc82b295ae,1,0,a_e7d8c038c18055500148c5915382bd98,a_01c27fc950d2f075d869a4d0acaa48ee,p_d8bb046719f08ace92c5d2c90b5ee387,p_3dd478bd944ece2906a0c8e4425f63be,6,926,43,38,3427,41700,81,45127,87.473002159827203,48733.261339092867,557.12345679012344,0.53086419753086422,0.075941232521550286
r_0c0def53279d7643efcd83e2fcb4b7d4,Direct browsing,d_1be06ce1b670864df8c500dc82b295ae,1,0,a_e7d8c038c18055500148c5915382bd98,a_01c27fc950d2f075d869a4d0acaa48ee,p_d16fa7f9be4406bfc72caf9e5a650345,p_3dd478bd944ece2906a0c8e4425f63be,6,1088,35,38,2994,43403,73,46397,67.095588235294116,42644.301470588231,635.57534246575347,0.47945205479452052,0.064530034269457082
r_917afc80414bbc37a801933d83175f9d,Direct browsing,d_1be06ce1b670864df8c500dc82b295ae,1,0,a_e7d8c038c18055500148c5915382bd98,a_01c27fc950d2f075d869a4d0acaa48ee,p_060d6df09b1fb7bdb2d870fa861a6776,p_3dd478bd944ece2906a0c8e4425f63be,6,879,34,37,2967,42912,71,45879,80.773606370875996,52194.539249146757,646.18309859154931,0.47887323943661969,0.064670110508075584
r_8049dec56f85fb70b406122798ff5923,Direct browsing,d_1be06ce1b670864df8c500dc82b295ae,1,0,a_e7d8c038c18055500148c5915382bd98,a_c9dd2e66c0fccf0c61a54091bde2dfb2,p_e03d2c0eaa03a9d45802e73b62a72341,p_3dd478bd944ece2906a0c8e4425f63be,6,1770,24,30,2725,27662,54,30387,30.508474576271187,17167.796610169491,562.72222222222217,0.44444444444444442,0.089676506400763481
r_36ce9ba156dacf316360828cbb461cce,Direct browsing,d_1be06ce1b670864df8c500dc82b295ae,1,0,a_e7d8c038c18055500148c5915382bd98,a_01c27fc950d2f075d869a4d0acaa48ee,p_18f03a51d36b47da0c595069098feabb,p_3dd478bd944ece2906a0c8e4425f63be,6,988,31,31,2819,32431,62,35250,62.753036437246962,35678.13765182186,568.54838709677415,0.5,0.079971631205673757
r_4f273bd63fb88216b1583da13bd95618,Direct browsing,d_1be06ce1b670864df8c500dc82b295ae,1,0,a_e7d8c038c18055500148c5915382bd98,a_01c27fc950d2f075d869a4d0acaa48ee,p_afbcb57a3beb3818483fc7e82d143050,p_3dd478bd944ece2906a0c8e4425f63be,6,880,43,38,3410,43402,81,46812,92.045454545454547,53195.454545454544,577.92592592592598,0.53086419753086422,0.072844569768435438
r_33b373ce1d408ec8c30643598d2bda7f,Direct browsing,d_1be06ce1b670864df8c500dc82b295ae,1,0,a_e7d8c038c18055500148c5915382bd98,a_366d1be4cd3b7deb5d50675d936d6783,p_d58dd2212aeeabacad19285d657e6c3d,p_3dd478bd944ece2906a0c8e4425f63be,6,366,74,81,4306,99065,155,103371,423.49726775956287,282434.42622950819,666.90967741935481,0.47741935483870968,0.041655783536968784
r_a646c055e124cd1141f7a770b229d568,Direct browsing,d_1be06ce1b670864df8c500dc82b295ae,1,0,a_e7d8c038c18055500148c5915382bd98,a_01c27fc950d2f075d869a4d0acaa48ee,p_28bdf799f76bceb9b72a2534f4beb7d9,p_3dd478bd944ece2906a0c8e4425f63be,6,947,33,37,2922,43350,70,46272,73.917634635691655,48861.668426610348,661.02857142857147,0.47142857142857142,0.063148340248962653
r_99dffa39ba19bba4fa4ae4750ca9a3b0,Direct browsing,d_1be06ce1b670864df8c500dc82b295ae,1,0,a_e7d8c038c18055500148c5915382bd98,a_7bcd6b3f9f968fb5d82495624b1ed1e8,p_5d7acb5637886f80dfd22a1be80e796d,p_3dd478bd944ece2906a0c8e4425f63be,6,20410,24,29,2256,17819,53,20075,2.596766291033807,983.58647721705051,378.77358490566036,0.45283018867924529,0.11237858032378581
r_b699b29019587d4fe37bb5881675051f,Direct browsing,d_1be06ce1b670864df8c500dc82b295ae,1,0,a_e7d8c038c18055500148c5915382bd98,a_dbac07eb64e9244779f9e15394321a20,p_5e54232d5a1bc67c7ea20c61cf64107e,p_3dd478bd944ece2906a0c8e4425f63be,6,15319,21,16,2810,10034,37,12844,2.4153012598733596,838.43592923820086,347.13513513513516,0.56756756756756754,0.21877919651199004
r_5495a7913d63187365aa541ac47f30bd,Direct browsing,d_1be06ce1b670864df8c500dc82b295ae,1,0,a_e7d8c038c18055500148c5915382bd98,a_01c27fc950d2f075d869a4d0acaa48ee,p_62fc307a480a0434349d90a412ebbe55,p_3dd478bd944ece2906a0c8e4425f63be,6,600,35,38,3020,43403,73,46423,121.66666666666667,77371.666666666672,635.93150684931504,0.47945205479452052,0.065053960321392407
r_ff8d9dee7ce1ce3bca5425e6a82a1784,Direct browsing,d_1be06ce1b670864df8c500dc82b295ae,1,0,a_e7d8c038c18055500148c5915382bd98,a_22ef8b27feaffad6a345035dd007558a,p_2fc57508ac3da20c0e7028756d8090b0,p_3dd478bd944ece2906a0c8e4425f63be,6,1633,22,38,2828,39913,60,42741,36.74219228413962,26173.30067360686,712.35000000000002,0.36666666666666664,0.066165976462881068
r_433204b48d46f07fdfc460c5002650e5,Direct browsing,d_1be06ce1b670864df8c500dc82b295ae,1,0,a_e7d8c038c18055500148c5915382bd98,a_01c27fc950d2f075d869a4d0acaa48ee,p_d462a6fff14a5c63a9cb5c22a17e2e65,p_3dd478bd944ece2906a0c8e4425f63be,6,846,43,38,3426,41748,81,45174,95.744680851063833,53397.163120567377,557.7037037037037,0.53086419753086422,0.075840085004648686
r_6463ae4cbaea9b935f9bf8ccdcad241d,Direct browsing,d_1be06ce1b670864df8c500dc82b295ae,1,0,a_e7d8c038c18055500148c5915382bd98,a_73d451d68d284888aac64dd225ad7797,p_611e28e150fb399b8ff7fdf9bf46e307,p_3dd478bd944ece2906a0c8e4425f63be,6,1119,10,9,1425,3958,19,5383,16.979445933869528,4810.5451295799821,283.31578947368422,0.52631578947368418,0.26472227382500463
r_6ebc89c08feca9cc0ddb6ed937173ec3,Direct browsing,d_1be06ce1b670864df8c500dc82b295ae,1,0,a_e7d8c038c18055500148c5915382bd98,a_01c27fc950d2f075d869a4d0acaa48ee,p_9a6e63f91c038962b8d1f0ae7f60bcaa,p_3dd478bd944ece2906a0c8e4425f63be,6,1155,29,31,2956,32555,60,35511,51.948051948051948,30745.454545454544,591.85000000000002,0.48333333333333334,0.083241812396158937
r_06e92de35ef1f7f141c961a474cef0cf,Direct browsing,d_1be06ce1b670864df8c500dc82b295ae,1,0,a_e7d8c038c18055500148c5915382bd98,a_01c27fc950d2f075d869a4d0acaa48ee,p_e35829cba5a4b97c1d7d8a36b6a01493,p_3dd478bd944ece2906a0c8e4425f63be,6,961,34,38,2951,41769,72,44720,74.92195629552549,46534.85952133195,621.11111111111109,0.47222222222222221,0.065988372093023259
r_321d1fdf863359066d61a9d2706c1efb,Direct browsing,d_1be06ce1b670864df8c500dc82b295ae,1,0,a_e7d8c038c18055500148c5915382bd98,a_01c27fc950d2f075d869a4d0acaa48ee,p_1e38d30b9ca239b7d950a34413950ffc,p_3dd478bd944ece2906a0c8e4425f63be,6,959,44,39,3463,43455,83,46918,86.548488008342019,48923.879040667365,565.27710843373495,0.53012048192771088,0.073809625303721385
r_e4f34eb335481d9f2d194ab67df40fa2,Direct browsing,d_1be06ce1b670864df8c500dc82b295ae,1,0,a_e7d8c038c18055500148c5915382bd98,a_5909123435fd969820788e424e5162ac,p_0fb5aaf763ac5d4201209430989bf1e9,p_3dd478bd944ece2906a0c8e4425f63be,6,732,5,5,785,275,10,1060,13.66120218579235,1448.0874316939892,106,0.5,0.74056603773584906
r_8dae86ac2757262e04d23262f50568f0,Direct browsing,d_1be06ce1b670864df8c500dc82b295ae,1,0,a_e7d8c038c18055500148c5915382bd98,a_01c27fc950d2f075d869a4d0acaa48ee,p_c6b3b832d226a78c7925aa8c4f5552d8,p_3dd478bd944ece2906a0c8e4425f63be,6,898,43,38,3423,42954,81,46377,90.200445434298445,51644.766146993315,572.55555555555554,0.53086419753086422,0.073808137654440775
r_cd828e1faab6136deef197e598c52519,Direct browsing,d_1be06ce1b670864df8c500dc82b295ae,1,0,a_e7d8c038c18055500148c5915382bd98,a_15a082f506e5bfe94c47657b615e9fb3,p_aead4d9d34793fdc53346eac5ad27773,p_3dd478bd944ece2906a0c8e4425f63be,6,1000,15,15,2187,7724,30,9911,30,9911,330.36666666666667,0.5,0.22066390878821512
r_774c485e997766de1c1e56ededcbde84,Direct browsing,d_1be06ce1b670864df8c500dc82b295ae,1,0,a_e7d8c038c18055500148c5915382bd98,a_cf31ba68046233719f1273a3a3789e72,p_b9b63ddaf206f7fb344bab3b7c0f6bd9,p_3dd478bd944ece2906a0c8e4425f63be,6,175,5,5,785,275,10,1060,57.142857142857146,6057.1428571428578,106,0.5,0.74056603773584906
r_5b6c59137a4b978ce64c3773aa892bd1,Direct browsing,d_1be06ce1b670864df8c500dc82b295ae,1,0,a_e7d8c038c18055500148c5915382bd98,a_cf31ba68046233719f1273a3a3789e72,p_14d6e2d1d1fe2272b6a7b2c54a423cb5,p_3dd478bd944ece2906a0c8e4425f63be,6,156,5,5,785,275,10,1060,64.102564102564102,6794.8717948717949,106,0.5,0.74056603773584906
r_ed94d87b208caf28e658cd42cfb1180d,Direct browsing,d_1be06ce1b670864df8c500dc82b295ae,1,0,a_e7d8c038c18055500148c5915382bd98,a_e6e5851c92b999fc463b13408d93e953,p_228ad09c0286c94660216a0f8501d67a,p_3dd478bd944ece2906a0c8e4425f63be,6,1394,31,30,2574,28689,61,31263,43.758967001434726,22426.829268292684,512.50819672131149,0.50819672131147542,0.082333749160349301
r_9070e20afcc6c8995604264446992c3b,Direct browsing,d_1be06ce1b670864df8c500dc82b295ae,1,0,a_e7d8c038c18055500148c5915382bd98,a_c768cf03bcc8571b20df780f5600a7dd,p_847a70c9021d7c12e0c182c1a8d70016,p_3dd478bd944ece2906a0c8e4425f63be,6,791,13,12,1685,6316,25,8001,31.605562579013906,10115.044247787609,320.04000000000002,0.52000000000000002,0.21059867516560429
r_3112e6c546fdc14cd18ea6f64e3921b2,Direct browsing,d_1be06ce1b670864df8c500dc82b295ae,1,0,a_e7d8c038c18055500148c5915382bd98,a_01c27fc950d2f075d869a4d0acaa48ee,p_e909324dc6026c325b0f5f7fa21c3452,p_3dd478bd944ece2906a0c8e4425f63be,6,932,43,38,3419,43404,81,46823,86.909871244635184,50239.270386266093,578.06172839506178,0.53086419753086422,0.07301966982038742
r_152e152fa5948f877b6a16f878d74b67,Direct browsing,d_1be06ce1b670864df8c500dc82b295ae,1,0,a_e7d8c038c18055500148c5915382bd98,a_01c27fc950d2f075d869a4d0acaa48ee,p_784ff86b6973bf4b98ba334e6edbecce,p_3dd478bd944ece2906a0c8e4425f63be,6,1299,41,44,4142,47613,85,51755,65.434949961508863,39842.18629715166,608.88235294117646,0.4823529411764706,0.080030914887450483
r_03adb50d7fd3aecd442ae5a67b517cc4,Direct browsing,d_1be06ce1b670864df8c500dc82b295ae,1,0,a_e7d8c038c18055500148c5915382bd98,a_cf31ba68046233719f1273a3a3789e72,p_0b6e95e25bca9442b7cfcbfc68ede476,p_3dd478bd944ece2906a0c8e4425f63be,6,16090,17,16,2285,7815,33,10100,2.0509633312616531,627.71908017402109,306.06060606060606,0.51515151515151514,0.22623762376237624
r_b231b07f32867432d032ea55988fd481,Direct browsing,d_1be06ce1b670864df8c500dc82b295ae,1,0,a_e7d8c038c18055500148c5915382bd98,a_01c27fc950d2f075d869a4d0acaa48ee,p_d45a3b991d08648ae83274ae0d06e438,p_3dd478bd944ece2906a0c8e4425f63be,6,874,44,39,3449,43103,83,46552,94.965675057208244,53263.15789473684,560.86746987951813,0.53012048192771088,0.074089190582574321
r_a14a44b5781955ada12e55a930de91e8,Direct browsing,d_1be06ce1b670864df8c500dc82b295ae,1,0,a_e7d8c038c18055500148c5915382bd98,a_cf31ba68046233719f1273a3a3789e72,p_d4594b117509b4809f278e4a85d1ec55,p_3dd478bd944ece2906a0c8e4425f63be,6,111,6,6,849,327,12,1176,108.10810810810811,10594.594594594595,98,0.5,0.72193877551020413
r_f8894859bb64b4c78e4470d4455c45fd,Direct browsing,d_1be06ce1b670864df8c500dc82b295ae,1,0,a_e7d8c038c18055500148c5915382bd98,a_01c27fc950d2f075d869a4d0acaa48ee,p_6ef877bd4fabd6ed3ad2c0118dd2ec5f,p_3dd478bd944ece2906a0c8e4425f63be,6,936,35,38,3010,41739,73,44749,77.991452991452988,47808.76068376068,613,0.47945205479452052,0.06726407294017743
r_1b802c0bd585058d7034f7c73f4f9d1c,Direct browsing,d_1be06ce1b670864df8c500dc82b295ae,1,0,a_e7d8c038c18055500148c5915382bd98,a_01c27fc950d2f075d869a4d0acaa48ee,p_d3004e5a85a51a72e6d8b6946546af8d,p_3dd478bd944ece2906a0c8e4425f63be,6,908,33,38,2922,43403,71,46325,78.193832599118934,51018.722466960353,652.46478873239437,0.46478873239436619,0.063076092822450081
r_b4547a689f140ca0c26163d92da5d953,Direct browsing,d_1be06ce1b670864df8c500dc82b295ae,1,0,a_e7d8c038c18055500148c5915382bd98,a_cf31ba68046233719f1273a3a3789e72,p_000733232c44f903a6c5976b66dbbc83,p_3dd478bd944ece2906a0c8e4425f63be,6,17280,13,13,1676,7279,26,8955,1.5046296296296295,518.22916666666663,344.42307692307691,0.5,0.18715801228364043
r_dc12a1f9ef9fca619a8be617982e1ab3,Direct browsing,d_1be06ce1b670864df8c500dc82b295ae,1,0,a_e7d8c038c18055500148c5915382bd98,a_01c27fc950d2f075d869a4d0acaa48ee,p_a36f0f98f7170004c8b019165caccd15,p_3dd478bd944ece2906a0c8e4425f63be,6,1062,34,38,2954,41665,72,44619,67.796610169491515,42014.124293785309,619.70833333333337,0.47222222222222221,0.06620497994128062
r_5d596fc0f71e47c44f04036d04919ded,Direct browsing,d_1be06ce1b670864df8c500dc82b295ae,1,0,a_e7d8c038c18055500148c5915382bd98,a_bf0ab415dcc862e22b99e9e397fc5719,p_59cc1e097933f55e7ab025c98f1ccc71,p_3dd478bd944ece2906a0c8e4425f63be,6,1527,24,23,1950,13311,47,15261,30.779305828421744,9994.1060903732814,324.70212765957444,0.51063829787234039,0.12777668566935324
r_9ccc2e4d74c135ea7bf686d9669be56c,Direct browsing,d_1be06ce1b670864df8c500dc82b295ae,1,0,a_e7d8c038c18055500148c5915382bd98,a_c6524ed496a90ff6fb0da6a7fddf74ba,p_0ca5b540bfce8cf2f6bc10f89eb2dbaa,p_3dd478bd944ece2906a0c8e4425f63be,6,25586,16,15,2785,6269,31,9054,1.2116000938012976,353.86539513796612,292.06451612903226,0.5161290322580645,0.30759885133642589
r_cb270a7dab82c46998e6bd11022e9618,Direct browsing,d_1be06ce1b670864df8c500dc82b295ae,1,0,a_e7d8c038c18055500148c5915382bd98,a_e49717e92f181310252df3908be53972,p_b75cc1157b80534812b0e3c56cbff067,p_3dd478bd944ece2906a0c8e4425f63be,6,758,14,12,1737,6980,26,8717,34.300791556728235,11500,335.26923076923077,0.53846153846153844,0.19926580245497305
r_b8810d53702e8647490609aeeb6157bb,Direct browsing,d_1be06ce1b670864df8c500dc82b295ae,1,0,a_e7d8c038c18055500148c5915382bd98,a_cf31ba68046233719f1273a3a3789e72,p_af52b7d213c0c26b3130e963b5cb80cf,p_3dd478bd944ece2906a0c8e4425f63be,6,235,6,7,849,379,13,1228,55.319148936170215,5225.5319148936169,94.461538461538467,0.46153846153846156,0.69136807817589574
r_1c7421c115d5a5ee2e8c135ee836ef1f,Direct browsing,d_1be06ce1b670864df8c500dc82b295ae,1,0,a_e7d8c038c18055500148c5915382bd98,a_01c27fc950d2f075d869a4d0acaa48ee,p_95aa86e8cb13ae75ab1c78bfa0905d4a,p_3dd478bd944ece2906a0c8e4425f63be,6,991,33,37,2918,42891,70,45809,70.635721493440968,46225.025227043392,654.41428571428571,0.47142857142857142,0.063699273068610965
r_15524bc4ad3385e7fc56766fc069bce6,Direct browsing,d_1be06ce1b670864df8c500dc82b295ae,1,0,a_e7d8c038c18055500148c5915382bd98,a_01c27fc950d2f075d869a4d0acaa48ee,p_b6372877b506113436af47846b9b2fdb,p_3dd478bd944ece2906a0c8e4425f63be,6,596,37,34,3147,37217,71,40364,119.1275167785235,67724.832214765105,568.50704225352115,0.52112676056338025,0.077965513824199778
r_93c7dd596d8af4abccc68d3a64d64f2b,Direct browsing,d_1be06ce1b670864df8c500dc82b295ae,1,0,a_e7d8c038c18055500148c5915382bd98,a_cf31ba68046233719f1273a3a3789e72,p_b38adbec3e76689648a052e6730eb69c,p_3dd478bd944ece2906a0c8e4425f63be,6,395,7,6,901,327,13,1228,32.911392405063289,3108.8607594936707,94.461538461538467,0.53846153846153844,0.73371335504885993
r_11c064a48f5c8eea1f628ea26558a3dc,Direct browsing,d_1be06ce1b670864df8c500dc82b295ae,1,0,a_e7d8c038c18055500148c5915382bd98,a_01c27fc950d2f075d869a4d0acaa48ee,p_1cc527cda7ffcf8c50d6491864fec247,p_3dd478bd944ece2906a0c8e4425f63be,6,972,28,31,2731,33684,59,36415,60.699588477366255,37463.991769547327,617.20338983050851,0.47457627118644069,0.074996567348620077
r_eafabbd4bd354fa71a09fba0bd887ad7,Direct browsing,d_1be06ce1b670864df8c500dc82b295ae,1,0,a_e7d8c038c18055500148c5915382bd98,a_a2fbbf3a66c960a9aa303ce2d14eed58,p_9f5e0eb2de91b36050a0264e48a98263,p_3dd478bd944ece2906a0c8e4425f63be,6,1905,17,25,1888,24109,42,25997,22.047244094488189,13646.719160104987,618.97619047619048,0.40476190476190477,0.072623764280493899
r_91681f24c0ed0767911cb126c919a903,Direct browsing,d_1be06ce1b670864df8c500dc82b295ae,1,0,a_e7d8c038c18055500148c5915382bd98,a_cf31ba68046233719f1273a3a3789e72,p_0aa6012027879d8eb0011b4acd5f19f6,p_3dd478bd944ece2906a0c8e4425f63be,6,93,6,5,837,275,11,1112,118.27956989247312,11956.989247311829,101.09090909090909,0.54545454545454541,0.75269784172661869
r_0e75eb90e98d6fa12c5d7b1cd5a9f7e7,Direct browsing,d_1be06ce1b670864df8c500dc82b295ae,1,0,a_e7d8c038c18055500148c5915382bd98,a_07fca202197cf0f74052c7c5a5334fe7,p_8c8e52ac8b86887455d9176e3ea35f5d,p_3dd478bd944ece2906a0c8e4425f63be,6,24475,15,15,1772,8285,30,10057,1.2257405515832482,410.90909090909088,335.23333333333335,0.5,0.17619568459779258
r_57b021615e7a15df973a17d0d4968563,Direct browsing,d_1be06ce1b670864df8c500dc82b295ae,1,0,a_e7d8c038c18055500148c5915382bd98,a_01c27fc950d2f075d869a4d0acaa48ee,p_eb418a5720c670e1a86de8de9d462a9a,p_3dd478bd944ece2906a0c8e4425f63be,6,983,33,37,2913,42562,70,45475,71.210579857578836,46261.444557477109,649.64285714285711,0.47142857142857142,0.064057174271577796
r_ae90f3e968d9a27f4bc3af66385bd98a,Direct browsing,d_1be06ce1b670864df8c500dc82b295ae,1,0,a_e7d8c038c18055500148c5915382bd98,a_5b6714b5a5453fc3a5bf74c787819ef9,p_6854436df041a689f88e5da037a57e70,p_3dd478bd944ece2906a0c8e4425f63be,6,30881,13,14,1685,7302,27,8987,0.87432401800459825,291.0203685113824,332.85185185185185,0.48148148148148145,0.18749304551018137
r_3d761dd4e5d0077ba76714e17bb60926,Direct browsing,d_1be06ce1b670864df8c500dc82b295ae,1,0,a_e7d8c038c18055500148c5915382bd98,a_3edb2d5d06e63c8641d5d077116d8635,p_1fa49e0f485cc6994771c9c25b60488c,p_3dd478bd944ece2906a0c8e4425f63be,6,11191,8,0,480,0,8,480,0.71486015548208381,42.891609328925028,60,1,1
r_aaa542435b8fa86f5fd4b276a1132b22,Direct browsing,d_1be06ce1b670864df8c500dc82b295ae,1,0,a_e7d8c038c18055500148c5915382bd98,a_86f5dea87cc1d8db91ca6d1b22f9aba4,p_7d7701dc28e2969f96465ee0efd48e0d,p_3dd478bd944ece2906a0c8e4425f63be,6,5730,10,10,1490,4366,20,5856,3.490401396160558,1021.9895287958115,292.80000000000001,0.5,0.25443989071038253
r_fd14285650f505430904d7a574842ad3,Direct browsing,d_1be06ce1b670864df8c500dc82b295ae,1,0,a_e7d8c038c18055500148c5915382bd98,a_07fca202197cf0f74052c7c5a5334fe7,p_fe9a69556119149103ea22a041f71a18,p_3dd478bd944ece2906a0c8e4425f63be,6,25469,16,16,1852,9477,32,11329,1.2564293847422356,444.81526561702458,354.03125,0.5,0.16347426957366051
r_519d40f9ac7e4674c478b668ce09835d,Direct browsing,d_1be06ce1b670864df8c500dc82b295ae,1,0,a_e7d8c038c18055500148c5915382bd98,a_cf31ba68046233719f1273a3a3789e72,p_e743ce9d81738d20a63d81747baad369,p_3dd478bd944ece2906a0c8e4425f63be,6,21400,18,17,2319,7815,35,10134,1.6355140186915889,473.55140186915889,289.54285714285714,0.51428571428571423,0.22883362936648904
r_f8f51c6f18408cab709c739f51630981,Direct browsing,d_1be06ce1b670864df8c500dc82b295ae,1,0,a_e7d8c038c18055500148c5915382bd98,a_cf31ba68046233719f1273a3a3789e72,p_4678aa516287d522ba9422e9ca62e740,p_3dd478bd944ece2906a0c8e4425f63be,6,309,12,13,1640,7199,25,8839,80.906148867313917,28605.177993527508,353.56,0.47999999999999998,0.18554135083154202
r_26cf807188699b39f35cd9299afbd1e0,Direct browsing,d_1be06ce1b670864df8c500dc82b295ae,1,0,a_e7d8c038c18055500148c5915382bd98,a_a01bb836e1b3bab55ad815e3753680e1,p_ee995b797fce2ab2205e72d2f9e62111,p_3dd478bd944ece2906a0c8e4425f63be,6,232,2,1,100,60,3,160,12.931034482758619,689.65517241379303,53.333333333333336,0.66666666666666663,0.625
r_a9a93e14d519259d3a3c36246c415b8f,Direct browsing,d_1be06ce1b670864df8c500dc82b295ae,1,0,a_e7d8c038c18055500148c5915382bd98,a_d7b8c92508d2ed5587abcccd6cf169d7,p_ba251351f8597b875676df563eb75ed7,p_3dd478bd944ece2906a0c8e4425f63be,6,32057,12,10,1628,4217,22,5845,0.68627756808185414,182.33147206538354,265.68181818181819,0.54545454545454541,0.27852865697177076
r_a94ba7d754a75fbe9315b3d446f0019b,Direct browsing,d_1be06ce1b670864df8c500dc82b295ae,1,0,a_e7d8c038c18055500148c5915382bd98,a_cf31ba68046233719f1273a3a3789e72,p_5c55e534748bfa41262d6be744018bcf,p_3dd478bd944ece2906a0c8e4425f63be,6,229,14,14,1752,7141,28,8893,122.27074235807859,38834.061135371179,317.60714285714283,0.5,0.19700888339143147
r_e2fd66156ccc0d44c7ddc2bae4f96176,Direct browsing,d_1be06ce1b670864df8c500dc82b295ae,1,0,a_e7d8c038c18055500148c5915382bd98,a_cf31ba68046233719f1273a3a3789e72,p_d1ef7b85cf7a8190c1c02b68d9839874,p_3dd478bd944ece2906a0c8e4425f63be,6,175,6,6,849,327,12,1176,68.571428571428569,6720,98,0.5,0.72193877551020413
r_3139b96d17113966a79847adf5556e6d,Direct browsing,d_1be06ce1b670864df8c500dc82b295ae,1,0,a_e7d8c038c18055500148c5915382bd98,a_5909123435fd969820788e424e5162ac,p_0e9376893d7ab1837bc5b1b7d6faaa65,p_3dd478bd944ece2906a0c8e4425f63be,6,835,5,6,785,327,11,1112,13.173652694610778,1331.7365269461079,101.09090909090909,0.45454545454545453,0.7059352517985612
r_9ee1e23af51ab104aaeed142958e024d,Direct browsing,d_1be06ce1b670864df8c500dc82b295ae,1,0,a_e7d8c038c18055500148c5915382bd98,a_cf31ba68046233719f1273a3a3789e72,p_43848de72ddde3b1793ddd18c50bd4bf,p_3dd478bd944ece2906a0c8e4425f63be,6,173,6,6,849,327,12,1176,69.364161849710982,6797.6878612716764,98,0.5,0.72193877551020413
r_2829597b12af4f2e3235163ce5c4bfc5,Direct browsing,d_1be06ce1b670864df8c500dc82b295ae,1,0,a_e7d8c038c18055500148c5915382bd98,a_af3958956327b132930f2b828dcca28f,p_1d1fbbe85db1a3a94858b64b923af8f4,p_3dd478bd944ece2906a0c8e4425f63be,6,26260,13,13,1665,6292,26,7957,0.99009900990099009,303.00837776085297,306.03846153846155,0.5,0.20924971723011185
r_38309a11ece159596b73494d9d73af71,Direct browsing,d_1be06ce1b670864df8c500dc82b295ae,1,0,a_e7d8c038c18055500148c5915382bd98,a_ecdbdc9574dfec32ca55bb3bda716ed5,p_35f6aaa1cb952409046c1e4836a33418,p_3dd478bd944ece2906a0c8e4425f63be,6,1366,14,12,1742,7036,26,8778,19.033674963396777,6426.0614934114201,337.61538461538464,0.53846153846153844,0.19845067213488266
r_a57d7cbb89728d099e2cebe7253b63fd,Direct browsing,d_1be06ce1b670864df8c500dc82b295ae,1,0,a_e7d8c038c18055500148c5915382bd98,a_8024e57663be7114e5f7afb9dec82837,p_918a1074513a2e20adb72a56a45ec8f8,p_3dd478bd944ece2906a0c8e4425f63be,6,1244,10,9,1415,3950,19,5365,15.27331189710611,4312.7009646302249,282.36842105263156,0.52631578947368418,0.26374650512581549
r_7eddcfc81694158a0189c3af76f1d0af,Direct browsing,d_1be06ce1b670864df8c500dc82b295ae,1,0,a_e7d8c038c18055500148c5915382bd98,a_cf31ba68046233719f1273a3a3789e72,p_5faadd86a238bf7b066d877f10288878,p_d7195ebfc9c48d4a0beab7870d0eba9c,6,103,11,10,915,7392,21,8307,203.88349514563109,80650.485436893214,395.57142857142856,0.52380952380952384,0.11014806789454677
r_6f933edf5f0bddc5730399b5941ed322,Direct browsing,d_1be06ce1b670864df8c500dc82b295ae,1,0,a_e7d8c038c18055500148c5915382bd98,a_f9eae9f2ecbba96e074f6e63603c28a9,p_5ac237988c1d4ab4b26e58dfb9a32b0c,p_3dd478bd944ece2906a0c8e4425f63be,6,393,5,5,785,275,10,1060,25.445292620865139,2697.2010178117048,106,0.5,0.74056603773584906
r_f3e835e4145b6f759f657ed311ffeda1,Direct browsing,d_1be06ce1b670864df8c500dc82b295ae,1,0,a_e7d8c038c18055500148c5915382bd98,a_cf31ba68046233719f1273a3a3789e72,p_5cc45f251cdc128735010f2359c99404,p_3dd478bd944ece2906a0c8e4425f63be,6,108,5,5,785,275,10,1060,92.592592592592595,9814.8148148148157,106,0.5,0.74056603773584906
r_4215f7a12061dce31e7e3497f0ca53bc,Direct browsing,d_1be06ce1b670864df8c500dc82b295ae,1,0,a_e7d8c038c18055500148c5915382bd98,a_cf31ba68046233719f1273a3a3789e72,p_f01c328ce1ec635c5a554de918f0464c,p_3dd478bd944ece2906a0c8e4425f63be,6,250,5,5,785,275,10,1060,40,4240,106,0.5,0.74056603773584906
r_bbc69e9cf6111aa331dd2884f56fa53b,Direct browsing,d_1be06ce1b670864df8c500dc82b295ae,1,0,a_e7d8c038c18055500148c5915382bd98,a_402bb9f675c7f40a17c67a9f0afe95a0,p_2196c6f142635260a3a59f31609ea5ac,p_3dd478bd944ece2906a0c8e4425f63be,6,1003,23,19,2543,15480,42,18023,41.874376869391831,17969.092721834499,429.11904761904759,0.54761904761904767,0.14109748654497031
r_65aca7fe2ce3802b910953169b76702c,Direct browsing,d_1be06ce1b670864df8c500dc82b295ae,1,0,a_e7d8c038c18055500148c5915382bd98,a_d0e43c5a75e649db4b94f0edf0fbf466,p_69960133c2f55aae470cb137fb3bc5f9,p_d7195ebfc9c48d4a0beab7870d0eba9c,6,811,6,4,407,401,10,808,12.330456226880393,996.30086313193578,80.799999999999997,0.59999999999999998,0.50371287128712872
r_a463ceb87f96bc805862df5713ed1dd2,Direct browsing,d_1be06ce1b670864df8c500dc82b295ae,1,0,a_e7d8c038c18055500148c5915382bd98,a_5ad8b343d860b3befc8e57e682692fcb,p_d44c95da883044d3567e6e6102ab03e1,p_3dd478bd944ece2906a0c8e4425f63be,6,821,16,13,1843,7258,29,9101,35.322777101096229,11085.261875761267,313.82758620689657,0.55172413793103448,0.20250521920668058
r_5ceabab15b6a54d05755f559c7a1ea94,Direct browsing,d_1be06ce1b670864df8c500dc82b295ae,1,0,a_e7d8c038c18055500148c5915382bd98,a_f3ce20846bd96a7f5dc8a4f03d82f3ec,p_ee3328197e8deef345b4396512eec65d,p_3dd478bd944ece2906a0c8e4425f63be,6,26718,14,15,1739,7875,29,9614,1.0854105846245976,359.83232277865108,331.51724137931035,0.48275862068965519,0.18088204701477012
r_4f6c0245f71e6b6e34ba8ef746d00a66,Direct browsing,d_1be06ce1b670864df8c500dc82b295ae,1,0,a_e7d8c038c18055500148c5915382bd98,a_7a993f84e5d27a582e05a1c3821c1dfd,p_9152cc883fac03b38b048ef1328de9fa,p_3dd478bd944ece2906a0c8e4425f63be,6,1284,10,9,1530,3749,19,5279,14.797507788161994,4111.3707165109035,277.84210526315792,0.52631578947368418,0.2898276188672097
r_69e3a874be36fcf1a40743f87183d8d9,Direct browsing,d_1be06ce1b670864df8c500dc82b295ae,1,0,a_e7d8c038c18055500148c5915382bd98,a_bab25c91889f4c8bcb46877d67de2eca,p_054713ef58b93e7c89e8670805108f78,p_3dd478bd944ece2906a0c8e4425f63be,6,1315,21,27,2056,24739,48,26795,36.50190114068441,20376.425855513309,558.22916666666663,0.4375,0.076730733345773461
r_cac25a745aeb8fb953a4b3fbe1e0a656,Direct browsing,d_1be06ce1b670864df8c500dc82b295ae,1,0,a_e7d8c038c18055500148c5915382bd98,a_275a7f699820789c39c7f399fcdf45a3,p_36064420095f6143837fd8b5c5ccaadd,p_3dd478bd944ece2906a0c8e4425f63be,6,5634,10,9,1490,4324,19,5814,3.3723819666311678,1031.9488817891374,306,0.52631578947368418,0.25627794977640178
r_c18ab2e3bc2bc050129db5a8f58ab3ab,Direct browsing,d_1be06ce1b670864df8c500dc82b295ae,1,0,a_e7d8c038c18055500148c5915382bd98,a_cf31ba68046233719f1273a3a3789e72,p_d7fc8b1f9faea1bdcf77e87e64f993b9,p_3dd478bd944ece2906a0c8e4425f63be,6,142,6,6,849,327,12,1176,84.507042253521135,8281.6901408450703,98,0.5,0.72193877551020413
r_ecf50644c1b5917291c27f1e394000c5,Direct browsing,d_1be06ce1b670864df8c500dc82b295ae,1,0,a_e7d8c038c18055500148c5915382bd98,a_a17438509a328a313b6fdb3acd2192c9,p_a057001a3d7f769104d367012a66dff2,p_3dd478bd944ece2906a0c8e4425f63be,6,19652,17,17,2284,9153,34,11437,1.7301038062283736,581.97638917158554,336.38235294117646,0.5,0.19970271924455713
r_e28f58b1de67e2a811e8f12c3c6e16f4,Direct browsing,d_1be06ce1b670864df8c500dc82b295ae,1,0,a_e7d8c038c18055500148c5915382bd98,a_be682b1a75d2e165f75201c7970d75c6,p_147ee9c95f3538f0028986b0ad719e7b,p_3dd478bd944ece2906a0c8e4425f63be,6,11200,8,0,480,0,8,480,0.7142857142857143,42.857142857142861,60,1,1
r_fdf579f2d95784326fcf6c527c28eaca,Direct browsing,d_1be06ce1b670864df8c500dc82b295ae,1,0,a_e7d8c038c18055500148c5915382bd98,a_ecdbdc9574dfec32ca55bb3bda716ed5,p_5d52336c08fd33d3560bdb4ca3c21f5b,p_3dd478bd944ece2906a0c8e4425f63be,6,1337,15,13,1828,6501,28,8329,20.94240837696335,6229.6185489902773,297.46428571428572,0.5357142857142857,0.21947412654580381
r_2294b59c0b481a927eb7bd4af54f00ea,Direct browsing,d_1be06ce1b670864df8c500dc82b295ae,1,0,a_e7d8c038c18055500148c5915382bd98,a_cf31ba68046233719f1273a3a3789e72,p_5ddf421d7fe5bb4a2ae3b10eb0353210,p_3dd478bd944ece2906a0c8e4425f63be,6,351,7,6,901,327,13,1228,37.037037037037038,3498.5754985754988,94.461538461538467,0.53846153846153844,0.73371335504885993
r_002cf2bc8787f2686881e87ba3ca717e,Direct browsing,d_1be06ce1b670864df8c500dc82b295ae,1,0,a_e7d8c038c18055500148c5915382bd98,a_f7a22ceb96407882bc784b79ef758488,p_6d183c95b259e39b7b38b432b13dbce8,p_3dd478bd944ece2906a0c8e4425f63be,6,56294,10,1,4039,44,11,4083,0.19540270721568906,72.529932141968956,371.18181818181819,0.90909090909090906,0.98922361009061965
r_5b2ce148eb7ae04bc5064cfbd6d524d7,Direct browsing,d_1be06ce1b670864df8c500dc82b295ae,1,0,a_e7d8c038c18055500148c5915382bd98,a_2ec8aeaf6f94696415324527078381e3,p_dc95df64198f5222ad9ed1ba27fa1a1c,p_3dd478bd944ece2906a0c8e4425f63be,6,885,45,44,3103,46914,89,50017,100.56497175141243,56516.384180790963,561.98876404494376,0.5056179775280899,0.06203890677169762
r_a925304d91ca52a6cfb55b77f2aeec52,Direct browsing,d_1be06ce1b670864df8c500dc82b295ae,1,0,a_e7d8c038c18055500148c5915382bd98,a_c768cf03bcc8571b20df780f5600a7dd,p_49cb56c6d7d5c4e8008d7a22e48a4de3,p_3dd478bd944ece2906a0c8e4425f63be,6,759,14,12,1736,6500,26,8236,34.255599472990774,10851.119894598156,316.76923076923077,0.53846153846153844,0.21078193297717338
r_90e0f954655d22136a74cda4c7529a97,Direct browsing,d_1be06ce1b670864df8c500dc82b295ae,1,0,a_e7d8c038c18055500148c5915382bd98,a_cf31ba68046233719f1273a3a3789e72,p_df14424190a613e06c4bb1ca573dbc70,p_3dd478bd944ece2906a0c8e4425f63be,6,23449,17,16,2279,7731,33,10010,1.4073094801484072,426.88387564501681,303.33333333333331,0.51515151515151514,0.22767232767232767
r_3f455336da1fefc8202f4503df20fd9f,Direct browsing,d_1be06ce1b670864df8c500dc82b295ae,1,0,a_e7d8c038c18055500148c5915382bd98,a_1a5c00b1cc711b4434f070a20b5f79dd,p_f000b2aacb50368e40c06e94b0b28ef7,p_3dd478bd944ece2906a0c8e4425f63be,6,11203,8,0,480,0,8,480,0.71409443898955638,42.845666339373388,60,1,1
r_047643e333e882f07d103bf1a59f609f,Direct browsing,d_1be06ce1b670864df8c500dc82b295ae,1,0,a_e7d8c038c18055500148c5915382bd98,a_bf0ab415dcc862e22b99e9e397fc5719,p_37c5bca9f06729d50f0046780de49cb2,p_3dd478bd944ece2906a0c8e4425f63be,6,1253,24,22,1978,13927,46,15905,36.711891460494819,12693.535514764566,345.76086956521738,0.52173913043478259,0.12436340773341717
r_b7adf23411e45b86f091487e1dcb94e6,Direct browsing,d_1be06ce1b670864df8c500dc82b295ae,1,0,a_e7d8c038c18055500148c5915382bd98,a_a58bdc82a6861be416a4281941746d57,p_d1df00438a3accd87a1e79e4222cd3cc,p_3dd478bd944ece2906a0c8e4425f63be,6,1967,29,41,2417,45328,70,47745,35.587188612099645,24273.004575495677,682.07142857142856,0.41428571428571431,0.050623101895486439
r_e0736bdaaa911c12113c4ae84f22373e,Direct browsing,d_1be06ce1b670864df8c500dc82b295ae,1,0,a_e7d8c038c18055500148c5915382bd98,a_cf31ba68046233719f1273a3a3789e72,p_e06e72277fc821ae14e9d7e8408d2cf1,p_3dd478bd944ece2906a0c8e4425f63be,6,16144,17,16,2255,7709,33,9964,2.0441030723488605,617.19524281466806,301.93939393939394,0.51515151515151514,0.22631473303894017
r_bff237cd9d519eb58d65d57dd9427554,Direct browsing,d_1be06ce1b670864df8c500dc82b295ae,1,0,a_e7d8c038c18055500148c5915382bd98,a_cf31ba68046233719f1273a3a3789e72,p_be16253674cd42066c3624c25d67a039,p_3dd478bd944ece2906a0c8e4425f63be,6,101,6,6,849,327,12,1176,118.8118811881188,11643.564356435643,98,0.5,0.72193877551020413
r_b6ce459b0664b2da8869d1d35cdd5da9,Direct browsing,d_1be06ce1b670864df8c500dc82b295ae,1,0,a_e7d8c038c18055500148c5915382bd98,a_adadad84f4fae658fb16027cd0fc63da,p_8f86fc4a972bfa411ec9c45c8cdbd77d,p_3dd478bd944ece2906a0c8e4425f63be,6,1703,29,35,2507,38291,64,40798,37.580739870816203,23956.547269524366,637.46875,0.453125,0.061449090641698123
r_efbff45e1b5bf4204c9eb50c79c54686,Direct browsing,d_1be06ce1b670864df8c500dc82b295ae,1,0,a_e7d8c038c18055500148c5915382bd98,a_275a7f699820789c39c7f399fcdf45a3,p_bde350d5b7f5ca29bfa5f0f90656cfed,p_3dd478bd944ece2906a0c8e4425f63be,6,5587,10,9,1494,4322,19,5816,3.4007517451226064,1040.9880078754252,306.10526315789474,0.52631578947368418,0.25687757909215958
r_cce35fbfcda0e3fa6f62d4d2efdf0b24,Direct browsing,d_1be06ce1b670864df8c500dc82b295ae,1,0,a_e7d8c038c18055500148c5915382bd98,a_14c808e7292b3ab75d4096c3a8e7e996,p_632c057db785f4dd41f9ea95ed2bdc5c,p_d7195ebfc9c48d4a0beab7870d0eba9c,6,929,16,14,1052,16000,30,17052,32.292787944025832,18355.220667384285,568.39999999999998,0.53333333333333333,0.061693642974431154
r_3ce70d7459d51c01e935c0948a665e9f,Direct browsing,d_1be06ce1b670864df8c500dc82b295ae,1,0,a_e7d8c038c18055500148c5915382bd98,a_27377700edc2f926ee5fe06157f5a647,p_be42a3b158dca98722c7b2c60e93993b,p_d7195ebfc9c48d4a0beab7870d0eba9c,6,540,8,6,705,4095,14,4800,25.925925925925924,8888.8888888888887,342.85714285714283,0.5714285714285714,0.14687500000000001
r_d8cf771699576b662a29ff7333cd5370,Direct browsing,d_1be06ce1b670864df8c500dc82b295ae,1,0,a_e7d8c038c18055500148c5915382bd98,a_f0874526b6177ad0f3d9393435b13019,p_5fd2199e93ff8258233fb4da3df7f641,p_3dd478bd944ece2906a0c8e4425f63be,6,833,13,11,1713,6101,24,7814,28.811524609843939,9380.5522208883558,325.58333333333331,0.54166666666666663,0.21922190939339647
r_3c59b742e9ed3edc9cb89abfec73b94a,Direct browsing,d_1be06ce1b670864df8c500dc82b295ae,1,0,a_e7d8c038c18055500148c5915382bd98,a_dba94684dc93d1da4e2caa511b4237a0,p_cb6d3367b68f7d11afb67f58b4f04d84,p_3dd478bd944ece2906a0c8e4425f63be,6,20597,13,13,1679,7221,26,8900,1.2623197553041705,432.10176239258141,342.30769230769232,0.5,0.18865168539325844
r_c49d5e9d9fa122dc9a9ace4d450a1679,Direct browsing,d_1be06ce1b670864df8c500dc82b295ae,1,0,a_e7d8c038c18055500148c5915382bd98,a_cf31ba68046233719f1273a3a3789e72,p_ed03b10f996663f648bb25996ef1ec0e,p_d7195ebfc9c48d4a0beab7870d0eba9c,6,55,10,9,922,7355,19,8277,345.45454545454544,150490.90909090909,435.63157894736844,0.52631578947368418,0.11139301679352423
r_71d204e092954ba27c25a9a5bd204cc5,Direct browsing,d_1be06ce1b670864df8c500dc82b295ae,1,0,a_e7d8c038c18055500148c5915382bd98,a_cf31ba68046233719f1273a3a3789e72,p_780086708cbcd2ace1c65e44e2df69ec,p_3dd478bd944ece2906a0c8e4425f63be,6,236,5,5,785,275,10,1060,42.372881355932208,4491.5254237288136,106,0.5,0.74056603773584906
r_6659df602489a52de70de8847814cc47,Direct browsing,d_1be06ce1b670864df8c500dc82b295ae,1,0,a_e7d8c038c18055500148c5915382bd98,a_d5c36d69e79efe892d47cf1af2e070fe,p_1cc527cda7ffcf8c50d6491864fec247,p_3dd478bd944ece2906a0c8e4425f63be,6,5281,32,33,2677,23230,65,25907,12.308274947926529,4905.6996780912705,398.56923076923078,0.49230769230769234,0.10333114602231057
r_24e998ceb1ce80b48403c583edf90fcb,Direct browsing,d_1be06ce1b670864df8c500dc82b295ae,1,0,a_e7d8c038c18055500148c5915382bd98,a_1d78c45142cfbfd97903fa4fed1d3c65,p_e155570040a07be220b7e95c3d498ab9,p_3dd478bd944ece2906a0c8e4425f63be,6,20018,11,10,1583,5493,21,7076,1.0490558497352382,353.48186632031172,336.95238095238096,0.52380952380952384,0.22371396269078575
r_3e0a1e8069d799ffc0fb4e8e458161ae,Direct browsing,d_1be06ce1b670864df8c500dc82b295ae,1,0,a_e7d8c038c18055500148c5915382bd98,a_86f5dea87cc1d8db91ca6d1b22f9aba4,p_655b78302e1c76f3f0827ad0357a88da,p_3dd478bd944ece2906a0c8e4425f63be,6,5814,10,9,1489,4326,19,5815,3.2679738562091503,1000.1719986240111,306.05263157894734,0.52631578947368418,0.25606190885640584
r_b695f085fa2c283539692f81620454cd,Direct browsing,d_1be06ce1b670864df8c500dc82b295ae,1,0,a_e7d8c038c18055500148c5915382bd98,a_7d3828a8fbb36b9a0b7353070c0bb225,p_0ae774ebecbfc608020b06d62ad11b01,p_3dd478bd944ece2906a0c8e4425f63be,6,765,38,45,2807,47761,83,50568,108.49673202614379,66101.96078431372,609.25301204819277,0.45783132530120479,0.055509413067552603
r_c1dff4f7c009e7fe42de63e132454b3a,Direct browsing,d_1be06ce1b670864df8c500dc82b295ae,1,0,a_e7d8c038c18055500148c5915382bd98,a_b89bb3545215efef3917806aef565228,p_e276eaa8c9c0138c6d13036259731b94,p_3dd478bd944ece2906a0c8e4425f63be,6,364,24,26,1987,23759,50,25746,137.36263736263737,70730.769230769234,514.91999999999996,0.47999999999999998,0.077177037209663638
r_670d9b40c35863920d76268c573666ba,Direct browsing,d_1be06ce1b670864df8c500dc82b295ae,1,0,a_e7d8c038c18055500148c5915382bd98,a_66920bea34e76a66dfba97e2e5b75cdf,p_f0797224d22ffbcfaa8ca39ee9cbb28f,p_3dd478bd944ece2906a0c8e4425f63be,6,310,72,76,4961,90451,148,95412,477.41935483870969,307780.6451612903,644.67567567567562,0.48648648648648651,0.051995556114534859
r_e90d14209738dee24305169478f50e06,Direct browsing,d_1be06ce1b670864df8c500dc82b295ae,1,0,a_e7d8c038c18055500148c5915382bd98,a_fa0114d2d5663a226d433557f2bca266,p_dcca147fa45634c47202af779d785150,p_3dd478bd944ece2906a0c8e4425f63be,6,532,78,96,4563,51343,174,55906,327.06766917293231,105086.46616541353,321.29885057471262,0.44827586206896552,0.081619146424355166
r_0cb7fefc8dc3c0018d5cfb447423bf98,Direct browsing,d_1be06ce1b670864df8c500dc82b295ae,1,0,a_e7d8c038c18055500148c5915382bd98,a_01c27fc950d2f075d869a4d0acaa48ee,p_8572eb72d534d61c8a505c141f504c46,p_3dd478bd944ece2906a0c8e4425f63be,6,1006,43,38,3407,42631,81,46038,80.516898608349905,45763.419483101388,568.37037037037032,0.53086419753086422,0.074004083583126976
r_0a67aee7916664c83664eb74a8e2c06b,Direct browsing,d_1be06ce1b670864df8c500dc82b295ae,1,0,a_e7d8c038c18055500148c5915382bd98,a_cf31ba68046233719f1273a3a3789e72,p_b84cbd1fd951dd9ba0d8f1e29ceaaf3b,p_3dd478bd944ece2906a0c8e4425f63be,6,128,5,5,785,275,10,1060,78.125,8281.25,106,0.5,0.74056603773584906
r_bc3a978b4b105cff7280b51aa48f8478,Direct browsing,d_1be06ce1b670864df8c500dc82b295ae,1,0,a_e7d8c038c18055500148c5915382bd98,a_cf31ba68046233719f1273a3a3789e72,p_1feb04a1ff0fb145d447a25e643e5456,p_3dd478bd944ece2906a0c8e4425f63be,6,97,5,5,785,275,10,1060,103.09278350515464,10927.835051546392,106,0.5,0.74056603773584906
r_c4b13657d7be2876f0a99707427ce073,Direct browsing,d_1be06ce1b670864df8c500dc82b295ae,1,0,a_e7d8c038c18055500148c5915382bd98,a_01c27fc950d2f075d869a4d0acaa48ee,p_5588ac64b3f8e0e7bbdd55f9f97c02b1,p_3dd478bd944ece2906a0c8e4425f63be,6,1098,44,39,3467,43456,83,46923,75.59198542805099,42734.972677595622,565.3373493975904,0.53012048192771088,0.0738870063721416
r_530e1b7fa373d206c63e2d0153fb8981,Direct browsing,d_1be06ce1b670864df8c500dc82b295ae,1,0,a_e7d8c038c18055500148c5915382bd98,a_fbc7bbb868742c0290638217b8ca4223,p_00de7a2978387132baa5511001b33b77,p_3dd478bd944ece2906a0c8e4425f63be,6,24955,13,13,1688,7249,26,8937,1.0418753756762174,358.12462432378283,343.73076923076923,0.5,0.18887769945171759
r_3930674377624face52ec73a36727c1d,Direct browsing,d_1be06ce1b670864df8c500dc82b295ae,1,0,a_e7d8c038c18055500148c5915382bd98,a_dba94684dc93d1da4e2caa511b4237a0,p_87ab2cd80be6db63bace0d63d9ace2e3,p_3dd478bd944ece2906a0c8e4425f63be,6,30647,13,13,1670,7242,26,8912,0.84837015042255359,290.79518386791528,342.76923076923077,0.5,0.18738779174147216
r_5ce6a300208a297aa2758962da35c8b6,Direct browsing,d_1be06ce1b670864df8c500dc82b295ae,1,0,a_e7d8c038c18055500148c5915382bd98,a_9366b6969db72ef52c2fdd81f23de18b,p_ec526f2603e0559c638e8e057105cc5e,p_3dd478bd944ece2906a0c8e4425f63be,6,469,80,93,4644,114943,173,119587,368.86993603411514,254982.94243070364,691.25433526011557,0.46242774566473988,0.038833652487310494
r_d8921a70d1b34b25aa255d8eef05b0a0,Direct browsing,d_1be06ce1b670864df8c500dc82b295ae,1,0,a_e7d8c038c18055500148c5915382bd98,a_40f41bf282802553adaf8e7ef1688f63,p_7204aca061eff5f849e3cee23ce3ceeb,p_3dd478bd944ece2906a0c8e4425f63be,6,243,53,68,3368,83238,121,86606,497.94238683127571,356403.29218106996,715.75206611570252,0.43801652892561982,0.038888760593954227
r_cff138172e8e7551ff753e4570ededd3,Direct browsing,d_1be06ce1b670864df8c500dc82b295ae,1,0,a_e7d8c038c18055500148c5915382bd98,a_cf31ba68046233719f1273a3a3789e72,p_856d87e9c3a032d8b632e1b713cd57c7,p_3dd478bd944ece2906a0c8e4425f63be,6,203,14,14,1746,7290,28,9036,137.93103448275861,44512.315270935957,322.71428571428572,0.5,0.19322709163346613
r_c180b68d321645c055767d264c7dd0a8,Direct browsing,d_1be06ce1b670864df8c500dc82b295ae,1,0,a_e7d8c038c18055500148c5915382bd98,a_01c27fc950d2f075d869a4d0acaa48ee,p_4568bc474314eff72569b68978a89bf3,p_3dd478bd944ece2906a0c8e4425f63be,6,909,44,39,3467,43456,83,46923,91.309130913091309,51620.462046204622,565.3373493975904,0.53012048192771088,0.0738870063721416
r_350bdf5d5d07a22d29d183600ef3e817,Direct browsing,d_1be06ce1b670864df8c500dc82b295ae,1,0,a_e7d8c038c18055500148c5915382bd98,a_27377700edc2f926ee5fe06157f5a647,p_608a8271ca29a38095690ecdfc3720d2,p_d7195ebfc9c48d4a0beab7870d0eba9c,6,476,8,6,692,4086,14,4778,29.411764705882355,10037.81512605042,341.28571428571428,0.5714285714285714,0.14483047300125576
r_bcb85954d7255d46e0b4152b5a84dea2,Direct browsing,d_1be06ce1b670864df8c500dc82b295ae,1,0,a_e7d8c038c18055500148c5915382bd98,a_065c1e7d4a32d1cdde3f6331a1f8f7e1,p_5ed4e6acaaabfd5cb529a01b5aa0b2cc,p_3dd478bd944ece2906a0c8e4425f63be,6,332,57,70,3828,79823,127,83651,382.53012048192767,251960.84337349396,658.66929133858264,0.44881889763779526,0.045761556944925945
r_c02696fbf837906fd853631a4d6ebbbb,Direct browsing,d_1be06ce1b670864df8c500dc82b295ae,1,0,a_e7d8c038c18055500148c5915382bd98,a_01c27fc950d2f075d869a4d0acaa48ee,p_f076938d5578af3e734e43c9e62e878b,p_3dd478bd944ece2906a0c8e4425f63be,6,782,37,32,3128,33779,69,36907,88.235294117647058,47195.65217391304,534.8840579710145,0.53623188405797106,0.084753569783509897
r_ff0b878b5878d81e8d7a2a93ae09b7c4,Direct browsing,d_1be06ce1b670864df8c500dc82b295ae,1,0,a_e7d8c038c18055500148c5915382bd98,a_cf31ba68046233719f1273a3a3789e72,p_cf07967a2a3f328c2aac67164286e77d,p_3dd478bd944ece2906a0c8e4425f63be,6,115,6,6,849,327,12,1176,104.34782608695652,10226.086956521738,98,0.5,0.72193877551020413
r_578663f847e7d5bd4ea2d8cd8a34b256,Direct browsing,d_1be06ce1b670864df8c500dc82b295ae,1,0,a_e7d8c038c18055500148c5915382bd98,a_01c27fc950d2f075d869a4d0acaa48ee,p_618837b1647d667e8b05998dade64a37,p_3dd478bd944ece2906a0c8e4425f63be,6,982,34,38,2956,43000,72,45956,73.319755600814659,46798.370672097757,638.27777777777783,0.47222222222222221,0.064322395334667937
r_74954a5f23bd7d25cff79e4fe6bb7d00,Direct browsing,d_1be06ce1b670864df8c500dc82b295ae,1,0,a_e7d8c038c18055500148c5915382bd98,a_811bb762244b2bd3594b46a66bb96b64,p_07cb0dd2066b94a25912f6b8aef24611,p_3dd478bd944ece2906a0c8e4425f63be,6,2210,23,35,3302,31044,58,34346,26.244343891402714,15541.176470588236,592.17241379310349,0.39655172413793105,0.09613928841786526
r_0ce5c64cc93e6914c0a190513de19cff,Direct browsing,d_1be06ce1b670864df8c500dc82b295ae,1,0,a_e7d8c038c18055500148c5915382bd98,a_01c27fc950d2f075d869a4d0acaa48ee,p_69978fcbe405f647fa910878ebd7108e,p_3dd478bd944ece2906a0c8e4425f63be,6,850,35,38,2995,42937,73,45932,85.882352941176478,54037.647058823532,629.20547945205476,0.47945205479452052,0.065205085778977614
r_90755c9af0e6107fb5d29a018a6b08d7,Direct browsing,d_1be06ce1b670864df8c500dc82b295ae,1,0,a_e7d8c038c18055500148c5915382bd98,a_5ad8b343d860b3befc8e57e682692fcb,p_23e852402ac2eb13aa3499de7cbb8251,p_3dd478bd944ece2906a0c8e4425f63be,6,906,15,15,1778,7612,30,9390,33.11258278145695,10364.238410596026,313,0.5,0.18935037273695421
r_21af9b675119e97d1a138bb21e58114c,Direct browsing,d_1be06ce1b670864df8c500dc82b295ae,1,0,a_e7d8c038c18055500148c5915382bd98,a_01c27fc950d2f075d869a4d0acaa48ee,p_7ae8a0caec66bc62838ae270f6dee465,p_3dd478bd944ece2906a0c8e4425f63be,6,837,35,38,3011,42969,73,45980,87.216248506571091,54934.289127837517,629.86301369863008,0.47945205479452052,0.065484993475424094
r_d146fc3c05c4286e14326f0f15b8d8e3,Direct browsing,d_1be06ce1b670864df8c500dc82b295ae,1,0,a_e7d8c038c18055500148c5915382bd98,a_1b7c9db06fc30e75d29b0a7180a4b035,p_a7623868812330430db0d5eb61f49e1e,p_3dd478bd944ece2906a0c8e4425f63be,6,5526,12,9,1630,2943,21,4573,3.8002171552660156,827.54252623959462,217.76190476190476,0.5714285714285714,0.35643997375902031
r_d781933be7400b791505b5909026d2a0,Direct browsing,d_1be06ce1b670864df8c500dc82b295ae,1,0,a_e7d8c038c18055500148c5915382bd98,a_01c27fc950d2f075d869a4d0acaa48ee,p_d343a51f76b4666f9a7696dbaafae3e3,p_3dd478bd944ece2906a0c8e4425f63be,6,794,44,39,3463,40527,83,43990,104.53400503778337,55403.022670025188,530,0.53012048192771088,0.07872243691748125
r_7e41f8674078c2357ac5e00cf392d642,Direct browsing,d_1be06ce1b670864df8c500dc82b295ae,1,0,a_e7d8c038c18055500148c5915382bd98,a_01c27fc950d2f075d869a4d0acaa48ee,p_8ec4513ad0259f080f6c72658a718bb4,p_3dd478bd944ece2906a0c8e4425f63be,6,990,34,36,2963,39114,70,42077,70.707070707070713,42502.020202020205,601.10000000000002,0.48571428571428571,0.070418518430496471
r_de35e80b7046dd71550a356c77af7e28,Direct browsing,d_1be06ce1b670864df8c500dc82b295ae,1,0,a_e7d8c038c18055500148c5915382bd98,a_df462f66e03f019b423df33cd26b708f,p_a3e81ea00b114bfbfa8113cbee92bd96,p_3dd478bd944ece2906a0c8e4425f63be,6,62931,23,11,5629,4806,34,10435,0.54027426864343486,165.81652921453656,306.91176470588238,0.67647058823529416,0.53943459511260183
r_b2edb4696778ebb5463498d81e00ffa4,Direct browsing,d_1be06ce1b670864df8c500dc82b295ae,1,0,a_e7d8c038c18055500148c5915382bd98,a_22ef8b27feaffad6a345035dd007558a,p_dc6cde20860879d5c236df7fd36df80c,p_3dd478bd944ece2906a0c8e4425f63be,6,1666,34,41,3996,40401,75,44397,45.018007202881158,26648.859543817529,591.96000000000004,0.45333333333333331,0.090006081491992698
r_31ebfe532cb06cb392b787407babddeb,Direct browsing,d_1be06ce1b670864df8c500dc82b295ae,1,0,a_e7d8c038c18055500148c5915382bd98,a_01c27fc950d2f075d869a4d0acaa48ee,p_66aff43f657c412f711bdfe4bc71a45d,p_3dd478bd944ece2906a0c8e4425f63be,6,1002,42,38,3378,42985,80,46363,79.840319361277452,46270.459081836329,579.53750000000002,0.52500000000000002,0.072859823566205809
r_2ce83a83750db5b86f6d2b00f4a15762,Direct browsing,d_1be06ce1b670864df8c500dc82b295ae,1,0,a_e7d8c038c18055500148c5915382bd98,a_01c27fc950d2f075d869a4d0acaa48ee,p_e6066c2d8a9710cc08edf26188dcf9c8,p_3dd478bd944ece2906a0c8e4425f63be,6,871,31,32,2829,35025,63,37854,72.330654420206656,43460.390355912743,600.85714285714289,0.49206349206349204,0.074734506260897129
r_d2e6515710124d1d5a2ab22c3694eed2,Direct browsing,d_1be06ce1b670864df8c500dc82b295ae,1,0,a_e7d8c038c18055500148c5915382bd98,a_01c27fc950d2f075d869a4d0acaa48ee,p_ac4525f3c42845aa60e0c05cccd181d3,p_3dd478bd944ece2906a0c8e4425f63be,6,895,44,39,3450,42666,83,46116,92.737430167597765,51526.256983240222,555.61445783132535,0.53012048192771088,0.074811345303148577
r_317fe249352a17c558a39ff16b492205,Direct browsing,d_1be06ce1b670864df8c500dc82b295ae,1,0,a_e7d8c038c18055500148c5915382bd98,a_01c27fc950d2f075d869a4d0acaa48ee,p_be23a563e39495c2c33aa1581a417546,p_3dd478bd944ece2906a0c8e4425f63be,6,1096,44,39,4301,42296,83,46597,75.729927007299267,42515.510948905103,561.40963855421683,0.53012048192771088,0.092302079533017153
r_72c9d68f3bdda97893b79b251cfade4f,Direct browsing,d_1be06ce1b670864df8c500dc82b295ae,1,0,a_e7d8c038c18055500148c5915382bd98,a_22e55c96c0c1a2b99f49d31c0a910d39,p_263e942a8c1065c16daa0041ba603e41,p_3dd478bd944ece2906a0c8e4425f63be,6,31336,11,9,1582,3414,20,4996,0.63824355374010722,159.43323972427879,249.80000000000001,0.55000000000000004,0.31665332265812651
r_c6e9a82914af0e8e99dbf20adcc17753,Direct browsing,d_1be06ce1b670864df8c500dc82b295ae,1,0,a_e7d8c038c18055500148c5915382bd98,a_01c27fc950d2f075d869a4d0acaa48ee,p_d8e67c0a714894000e0d173e3a0f348e,p_3dd478bd944ece2906a0c8e4425f63be,6,605,34,37,2980,42437,71,45417,117.35537190082646,75069.421487603307,639.67605633802816,0.47887323943661969,0.065614197326992099
r_26cf7df1b225da3dbf9437b00d596e6e,Direct browsing,d_1be06ce1b670864df8c500dc82b295ae,1,0,a_e7d8c038c18055500148c5915382bd98,a_cf31ba68046233719f1273a3a3789e72,p_3b4498d0409a55cdad17074e8237d3ff,p_3dd478bd944ece2906a0c8e4425f63be,6,133,5,5,785,275,10,1060,75.187969924812023,7969.9248120300745,106,0.5,0.74056603773584906
r_ce78731d35e1932d88e3f9d446a23121,Direct browsing,d_1be06ce1b670864df8c500dc82b295ae,1,0,a_e7d8c038c18055500148c5915382bd98,a_07fca202197cf0f74052c7c5a5334fe7,p_e7229d0c066773350902976754ff3e3a,p_3dd478bd944ece2906a0c8e4425f63be,6,28196,15,16,1784,9477,31,11261,1.0994467300326287,399.38289119023972,363.25806451612902,0.4838709677419355,0.15842287541070954
r_21ebf1864b0abe6248f4ca743277f95a,Direct browsing,d_1be06ce1b670864df8c500dc82b295ae,1,0,a_e7d8c038c18055500148c5915382bd98,a_345166a8721311b1183babb59809d1bd,p_9a16a5409e419d65ad31e6c3e7354b01,p_d7195ebfc9c48d4a0beab7870d0eba9c,6,419,7,5,850,3776,12,4626,28.639618138424822,11040.572792362769,385.5,0.58333333333333337,0.18374405533938609
r_5caf38d5c728d0284211a3037dea9594,Direct browsing,d_1be06ce1b670864df8c500dc82b295ae,1,0,a_e7d8c038c18055500148c5915382bd98,a_3edb2d5d06e63c8641d5d077116d8635,p_e603b8fe58c1295b266bb1a9473bde61,p_3dd478bd944ece2906a0c8e4425f63be,6,11217,8,0,480,0,8,480,0.71320317375412312,42.792190425247391,60,1,1
r_fe1c145c3e1214b76e690530810d2e03,Direct browsing,d_1be06ce1b670864df8c500dc82b295ae,1,0,a_e7d8c038c18055500148c5915382bd98,a_edef9f0bec604adbe7e0a91d222caec6,p_bc46336cac57519f35b558a5534405bc,p_3dd478bd944ece2906a0c8e4425f63be,6,11204,8,0,480,0,8,480,0.71403070332024277,42.841842199214561,60,1,1
r_f786e6de9feaf0d553501d2ce0273917,Direct browsing,d_1be06ce1b670864df8c500dc82b295ae,1,0,a_e7d8c038c18055500148c5915382bd98,a_400278a81787b93932c51ed358d8c9c4,p_833e29de6f053e5b496b705a2b663a00,p_3dd478bd944ece2906a0c8e4425f63be,6,2379,16,16,1838,7176,32,9014,13.451029844472467,3788.986969314838,281.6875,0.5,0.2039050366097182
r_8e55ded137920bfb38a65e5b69f920a6,Direct browsing,d_1be06ce1b670864df8c500dc82b295ae,1,0,a_e7d8c038c18055500148c5915382bd98,a_cf31ba68046233719f1273a3a3789e72,p_3a28ab505e6e2caf96547c333de4be45,p_3dd478bd944ece2906a0c8e4425f63be,6,141,6,6,849,327,12,1176,85.106382978723417,8340.4255319148942,98,0.5,0.72193877551020413
r_785de58a2b52493b283d9655a9bf08b3,Direct browsing,d_1be06ce1b670864df8c500dc82b295ae,1,0,a_e7d8c038c18055500148c5915382bd98,a_941e4a2977b5dfc714d293b68669b58d,p_84b1e3825dbc9ae59cde8b8b9d2ca40b,p_3dd478bd944ece2906a0c8e4425f63be,6,343,12,15,1714,6667,27,8381,78.717201166180757,24434.402332361515,310.40740740740739,0.44444444444444442,0.20451020164658154
r_5edf6ddb8015957ad8be7c68fde86ba3,Direct browsing,d_1be06ce1b670864df8c500dc82b295ae,1,0,a_e7d8c038c18055500148c5915382bd98,a_f3ce20846bd96a7f5dc8a4f03d82f3ec,p_829e9b028bf3c8665602ed1a0654fd52,p_d7195ebfc9c48d4a0beab7870d0eba9c,6,27139,9,7,830,2314,16,3144,0.58955746342901361,115.84804156380117,196.5,0.5625,0.26399491094147581
r_121dc006d35ee96b915c2502d1151fb8,Direct browsing,d_1be06ce1b670864df8c500dc82b295ae,1,0,a_e7d8c038c18055500148c5915382bd98,a_cf31ba68046233719f1273a3a3789e72,p_60eea5abf8c11633b6420bafd708d725,p_3dd478bd944ece2906a0c8e4425f63be,6,129,6,6,849,327,12,1176,93.023255813953483,9116.2790697674409,98,0.5,0.72193877551020413
r_8eef760270b2486381b9ae3372c2afae,Direct browsing,d_1be06ce1b670864df8c500dc82b295ae,1,0,a_e7d8c038c18055500148c5915382bd98,a_55bb2fe55d65eefb10879568fbf182af,p_43dec35c6c79ac6b946520dde1ebcee5,p_3dd478bd944ece2906a0c8e4425f63be,6,11185,8,0,480,0,8,480,0.71524362986142154,42.914617791685288,60,1,1
r_3b3671590eec558e194928ea9b8ef534,Direct browsing,d_1be06ce1b670864df8c500dc82b295ae,1,0,a_e7d8c038c18055500148c5915382bd98,a_01c27fc950d2f075d869a4d0acaa48ee,p_ef1a27937022e1ed102cada60437cdc4,p_3dd478bd944ece2906a0c8e4425f63be,6,1042,44,39,3466,43002,83,46468,79.654510556621872,44595.009596928983,559.85542168674704,0.53012048192771088,0.074588964448652831
r_a16ea6f6277687fcc0a272f486cb64c3,Direct browsing,d_1be06ce1b670864df8c500dc82b295ae,1,0,a_e7d8c038c18055500148c5915382bd98,a_cf31ba68046233719f1273a3a3789e72,p_276a5f47a75321a143541c70681c7b21,p_3dd478bd944ece2906a0c8e4425f63be,6,101,6,6,849,327,12,1176,118.8118811881188,11643.564356435643,98,0.5,0.72193877551020413
r_74a497e4e5d19b42a9e44bf7a33528f7,Direct browsing,d_1be06ce1b670864df8c500dc82b295ae,1,0,a_e7d8c038c18055500148c5915382bd98,a_f7236bf52bab5693c5a0bd90b31e7b5d,p_07351a90f389752a673733c3c7591192,p_d7195ebfc9c48d4a0beab7870d0eba9c,6,955,16,15,1013,11500,31,12513,32.460732984293195,13102.617801047121,403.64516129032256,0.5161290322580645,0.080955805961799729
r_7dbcd13636c02fc7382e433f27c8d565,Direct browsing,d_1be06ce1b670864df8c500dc82b295ae,1,0,a_e7d8c038c18055500148c5915382bd98,a_cf31ba68046233719f1273a3a3789e72,p_e90c2bb10664ee03c7c43e1cafdf6e52,p_3dd478bd944ece2906a0c8e4425f63be,6,163,5,5,785,275,10,1060,61.349693251533743,6503.0674846625761,106,0.5,0.74056603773584906
r_d818c6a87db8bb122872abf8bef5a48c,Direct browsing,d_1be06ce1b670864df8c500dc82b295ae,1,0,a_e7d8c038c18055500148c5915382bd98,a_4c67e38b4407a8a6e6e375181ae264c8,p_54f625607f7382460834c8fed443be9d,p_3dd478bd944ece2906a0c8e4425f63be,6,17271,12,12,1637,7203,24,8840,1.3896126454750737,511.8406577499855,368.33333333333331,0.5,0.18518099547511313
r_7084529353105627d7935ddd3a0b3ec1,Direct browsing,d_1be06ce1b670864df8c500dc82b295ae,1,0,a_e7d8c038c18055500148c5915382bd98,a_cf31ba68046233719f1273a3a3789e72,p_d264305f23bfccbde9c5969c4fc11a42,p_3dd478bd944ece2906a0c8e4425f63be,6,253,13,12,1716,7025,25,8741,98.814229249011859,34549.407114624504,349.63999999999999,0.52000000000000002,0.19631621095984442
r_796f7d4a1be872cc641eb2e8c075776e,Direct browsing,d_1be06ce1b670864df8c500dc82b295ae,1,0,a_e7d8c038c18055500148c5915382bd98,a_cf31ba68046233719f1273a3a3789e72,p_f254ae8ac00cd8b926adffffe04e72a8,p_3dd478bd944ece2906a0c8e4425f63be,6,116,5,5,785,275,10,1060,86.206896551724128,9137.9310344827591,106,0.5,0.74056603773584906
r_e2047bbc68abf1d2f469e78cb8df14ad,Direct browsing,d_1be06ce1b670864df8c500dc82b295ae,1,0,a_e7d8c038c18055500148c5915382bd98,a_cf31ba68046233719f1273a3a3789e72,p_b4da46970052abfb058f9dd09f477f24,p_3dd478bd944ece2906a0c8e4425f63be,6,155,6,6,849,327,12,1176,77.41935483870968,7587.0967741935483,98,0.5,0.72193877551020413
r_cfcc469b9f927c9565648104ff056868,Direct browsing,d_1be06ce1b670864df8c500dc82b295ae,1,0,a_e7d8c038c18055500148c5915382bd98,a_01c27fc950d2f075d869a4d0acaa48ee,p_cade436fae940eb350758fd810de3ee1,p_3dd478bd944ece2906a0c8e4425f63be,6,830,34,38,2953,41673,72,44626,86.746987951807228,53766.265060240963,619.80555555555554,0.47222222222222221,0.066172186617666828
r_af08ae673eb2eea44e17980a95289623,Direct browsing,d_1be06ce1b670864df8c500dc82b295ae,1,0,a_e7d8c038c18055500148c5915382bd98,a_370e80b06c7db578fe7397862b1e8235,p_f49b807755fed5a9e24cf1ef62f87970,p_d7195ebfc9c48d4a0beab7870d0eba9c,6,872,7,4,730,2951,11,3681,12.614678899082568,4221.3302752293575,334.63636363636363,0.63636363636363635,0.19831567508829123
r_e8d4076a33dd9d1ba11f383af4f05faf,Direct browsing,d_1be06ce1b670864df8c500dc82b295ae,1,0,a_e7d8c038c18055500148c5915382bd98,a_f7a22ceb96407882bc784b79ef758488,p_264d396a5412d35de9c449a9508c4772,p_3dd478bd944ece2906a0c8e4425f63be,6,59019,10,1,4039,44,11,4083,0.18638065707653467,69.181111167590103,371.18181818181819,0.90909090909090906,0.98922361009061965
r_bf43a39a916e7edb7134b316c10e5860,Direct browsing,d_1be06ce1b670864df8c500dc82b295ae,1,0,a_e7d8c038c18055500148c5915382bd98,a_ef9dac8e54135f4f7c9d77f866cc23bd,p_350a211ab6d468ba7852eaf4a99591e3,p_3dd478bd944ece2906a0c8e4425f63be,6,2802,12,8,1668,3389,20,5057,7.1377587437544614,1804.7822983583155,252.84999999999999,0.59999999999999998,0.32983982598378486
r_8951a13f5d0d5a26a5956ad1f13566fc,Direct browsing,d_1be06ce1b670864df8c500dc82b295ae,1,0,a_e7d8c038c18055500148c5915382bd98,a_cf31ba68046233719f1273a3a3789e72,p_11130401a7773e394e74b14fe3ec97f1,p_3dd478bd944ece2906a0c8e4425f63be,6,24849,15,13,1808,7587,28,9395,1.1268059076824017,378.0836250955773,335.53571428571428,0.5357142857142857,0.19244278871740286
r_ee186976425a2903b6c98ba7fb857c9a,Direct browsing,d_1be06ce1b670864df8c500dc82b295ae,1,0,a_e7d8c038c18055500148c5915382bd98,a_275a7f699820789c39c7f399fcdf45a3,p_e24e7c1199d888e5b5ca4516a346c09d,p_3dd478bd944ece2906a0c8e4425f63be,6,5691,10,9,1480,4324,19,5804,3.338604814619575,1019.8559128448428,305.4736842105263,0.52631578947368418,0.25499655410062028
r_9f241133923fc75c95fbfcde5d3346e6,Direct browsing,d_1be06ce1b670864df8c500dc82b295ae,1,0,a_e7d8c038c18055500148c5915382bd98,a_5ad8b343d860b3befc8e57e682692fcb,p_a2553246919bba4a6d6edd43bf0210de,p_3dd478bd944ece2906a0c8e4425f63be,6,809,14,13,1773,7162,27,8935,33.374536464771317,11044.499381953028,330.92592592592592,0.51851851851851849,0.19843312814773365
r_a306f612ae95c3f7f5f1e3b573940a16,Direct browsing,d_1be06ce1b670864df8c500dc82b295ae,1,0,a_e7d8c038c18055500148c5915382bd98,a_cf31ba68046233719f1273a3a3789e72,p_4511f2b9105f82025836607d990454fa,p_3dd478bd944ece2906a0c8e4425f63be,6,151,6,5,837,275,11,1112,72.847682119205302,7364.2384105960264,101.09090909090909,0.54545454545454541,0.75269784172661869
r_7620b0815d902cdb44846435268f8682,Direct browsing,d_1be06ce1b670864df8c500dc82b295ae,1,0,a_e7d8c038c18055500148c5915382bd98,a_a75d8bfb6f65bf5da2a0ee9744988660,p_6c7893f27c1e7d1644f169df1229cf1d,p_3dd478bd944ece2906a0c8e4425f63be,6,18478,14,15,1842,7789,29,9631,1.569433921420067,521.21441714471257,332.10344827586209,0.48275862068965519,0.19125739798567126
r_1903807f81304bb8eb04f2fad8baaf01,Direct browsing,d_1be06ce1b670864df8c500dc82b295ae,1,0,a_e7d8c038c18055500148c5915382bd98,a_9625074394f3747d34dc0279a491d942,p_86d034046e9811dad8185ad97d91d787,p_3dd478bd944ece2906a0c8e4425f63be,6,29798,12,11,1636,6118,23,7754,0.77186388348211299,260.21880663131753,337.13043478260869,0.52173913043478259,0.21098787722465825
r_be8586d869236267e355e7d6b1469b25,Direct browsing,d_1be06ce1b670864df8c500dc82b295ae,1,0,a_e7d8c038c18055500148c5915382bd98,a_6e179781c8c6f337cb905de78358ed01,p_622c6c2783eb4b8fd491bab943fe744e,p_3dd478bd944ece2906a0c8e4425f63be,6,1796,40,43,3029,50872,83,53901,46.213808463251667,30011.692650334076,649.40963855421683,0.48192771084337349,0.056195617892061372
r_2150f6ad2ddee307c2d38411e43f505b,Direct browsing,d_1be06ce1b670864df8c500dc82b295ae,1,0,a_e7d8c038c18055500148c5915382bd98,a_edef9f0bec604adbe7e0a91d222caec6,p_0aa6012027879d8eb0011b4acd5f19f6,p_3dd478bd944ece2906a0c8e4425f63be,6,11186,8,0,480,0,8,480,0.71517968889683536,42.910781333810121,60,1,1
r_9f768c581a5aa03629813a31878487f5,Direct browsing,d_1be06ce1b670864df8c500dc82b295ae,1,0,a_e7d8c038c18055500148c5915382bd98,a_b9f3817a72a2f986bffbb82f9a659e3c,p_25967bd8fa7ada845bfa95db6447624a,p_3dd478bd944ece2906a0c8e4425f63be,6,17358,10,10,1511,3812,20,5323,1.1522064754003918,306.65975342781428,266.14999999999998,0.5,0.28386248356190119
r_36a52bf0875f547b31b2fbe04833b225,Direct browsing,d_1be06ce1b670864df8c500dc82b295ae,1,0,a_e7d8c038c18055500148c5915382bd98,a_c768cf03bcc8571b20df780f5600a7dd,p_04fa3a03fc9aa7dc04dc9200ae8bf34c,p_3dd478bd944ece2906a0c8e4425f63be,6,775,13,11,1709,6180,24,7889,30.967741935483868,10179.354838709678,328.70833333333331,0.54166666666666663,0.21663075167955381
r_abb515414f7eb1900425b8975fa4af91,Direct browsing,d_1be06ce1b670864df8c500dc82b295ae,1,0,a_e7d8c038c18055500148c5915382bd98,a_3e9ffb884760e7e211122e722adb4fa3,p_534c98fb9517c9ead88498cfd3f468e0,p_3dd478bd944ece2906a0c8e4425f63be,6,1717,22,24,2183,22684,46,24867,26.790914385556203,14482.818870122306,540.58695652173913,0.47826086956521741,0.087787026983552494
r_e700f118966de2661593e87448ca23e2,Direct browsing,d_1be06ce1b670864df8c500dc82b295ae,1,0,a_e7d8c038c18055500148c5915382bd98,a_cf31ba68046233719f1273a3a3789e72,p_a11acdd6f3b4f310a987752917016e03,p_3dd478bd944ece2906a0c8e4425f63be,6,120,6,6,849,327,12,1176,100,9800,98,0.5,0.72193877551020413
r_5fe880d81711c078c35828bc3f71880f,Direct browsing,d_1be06ce1b670864df8c500dc82b295ae,1,0,a_e7d8c038c18055500148c5915382bd98,a_cf31ba68046233719f1273a3a3789e72,p_b5992c98e0188a7b4d5e3326b6a70653,p_3dd478bd944ece2906a0c8e4425f63be,6,208,13,14,1692,7243,27,8935,129.80769230769232,42956.730769230773,330.92592592592592,0.48148148148148145,0.18936765528819249
r_7d26ed306aa5ee790f689cc36ce6d2c6,Direct browsing,d_1be06ce1b670864df8c500dc82b295ae,1,0,a_e7d8c038c18055500148c5915382bd98,a_cf31ba68046233719f1273a3a3789e72,p_c076c45e9af03fbfeb33058ff0abe27a,p_3dd478bd944ece2906a0c8e4425f63be,6,338,7,6,901,327,13,1228,38.46153846153846,3633.1360946745558,94.461538461538467,0.53846153846153844,0.73371335504885993
r_b981a9d03e943241e00f7eec4ce2e6de,Direct browsing,d_1be06ce1b670864df8c500dc82b295ae,1,0,a_e7d8c038c18055500148c5915382bd98,a_806505022387ebbebdaf5ac01788f4ed,p_1e47e454aaa1b6446cb9e561e098a946,p_d7195ebfc9c48d4a0beab7870d0eba9c,6,27592,6,4,672,527,10,1199,0.36242389098289363,43.454624528848946,119.90000000000001,0.59999999999999998,0.56046705587989987
r_b56617fabf4e6a7915b3af9c8760794e,Direct browsing,d_1be06ce1b670864df8c500dc82b295ae,1,0,a_e7d8c038c18055500148c5915382bd98,a_cf31ba68046233719f1273a3a3789e72,p_9932c96fcd620b9514409b0098c17d04,p_3dd478bd944ece2906a0c8e4425f63be,6,95,6,6,849,327,12,1176,126.31578947368421,12378.947368421052,98,0.5,0.72193877551020413
r_205810ae2074cf6ae42add62dfa6c382,Direct browsing,d_1be06ce1b670864df8c500dc82b295ae,1,0,a_e7d8c038c18055500148c5915382bd98,a_f0874526b6177ad0f3d9393435b13019,p_d266c1fa059015bbba473685c08d69b3,p_d7195ebfc9c48d4a0beab7870d0eba9c,6,597,5,4,620,494,9,1114,15.075376884422111,1865.9966499162481,123.77777777777777,0.55555555555555558,0.55655296229802509
r_a5c55c333b457890a6d9f13fe20e5bc2,Direct browsing,d_1be06ce1b670864df8c500dc82b295ae,1,0,a_e7d8c038c18055500148c5915382bd98,a_cf31ba68046233719f1273a3a3789e72,p_37813422eb702652c788461e870799c0,p_3dd478bd944ece2906a0c8e4425f63be,6,162,13,13,1684,7292,26,8976,160.49382716049382,55407.407407407409,345.23076923076923,0.5,0.1876114081996435
r_45f797bac0ff90f05a4c7037389893f7,Direct browsing,d_1be06ce1b670864df8c500dc82b295ae,1,0,a_e7d8c038c18055500148c5915382bd98,a_3e9ffb884760e7e211122e722adb4fa3,p_a695bc844b09214cf380e3e5e2f8ec21,p_3dd478bd944ece2906a0c8e4425f63be,6,2444,28,25,2968,22788,53,25756,21.685761047463174,10538.461538461539,485.96226415094338,0.52830188679245282,0.11523528498214008
r_b05de2550a8088c3d127019218308f67,Direct browsing,d_1be06ce1b670864df8c500dc82b295ae,1,0,a_e7d8c038c18055500148c5915382bd98,a_af61548c134554569d82d764a7b9a444,p_d9f428943b025920113729b3e4e6e091,p_3dd478bd944ece2906a0c8e4425f63be,6,1547,10,13,1975,4211,23,6186,14.86748545572075,3998.7071751777635,268.95652173913044,0.43478260869565216,0.31926931781441964
r_c0c762bb7df3a3fdd13e2ca5457e4fee,Direct browsing,d_1be06ce1b670864df8c500dc82b295ae,1,0,a_e7d8c038c18055500148c5915382bd98,a_91c9405d3d68a4e061da05aa91c48621,p_446702de33e5c1555375d573a16d861f,p_3dd478bd944ece2906a0c8e4425f63be,6,743,13,11,1668,6599,24,8267,32.301480484522209,11126.514131897711,344.45833333333331,0.54166666666666663,0.20176605782024917
r_a31762525cb4acdd27882dd94a806aa2,Direct browsing,d_1be06ce1b670864df8c500dc82b295ae,1,0,a_e7d8c038c18055500148c5915382bd98,a_2f9327eb55447d1c7a94cf9133886a1b,p_aaee16d067ff9f7a3a1ce57eb303a7ee,p_3dd478bd944ece2906a0c8e4425f63be,6,310,2,1,100,60,3,160,9.67741935483871,516.12903225806451,53.333333333333336,0.66666666666666663,0.625
r_63f42245c82d841ca7956350b8a35031,Direct browsing,d_1be06ce1b670864df8c500dc82b295ae,1,0,a_e7d8c038c18055500148c5915382bd98,a_01c27fc950d2f075d869a4d0acaa48ee,p_676b00a0261e3444ffda102d5b47d198,p_3dd478bd944ece2906a0c8e4425f63be,6,963,34,37,2968,41617,71,44585,73.727933541017649,46298.026998961577,627.95774647887322,0.47887323943661969,0.066569474038353713
r_35c2aadb4d2bb0ba10e9255a8cd00373,Direct browsing,d_1be06ce1b670864df8c500dc82b295ae,1,0,a_e7d8c038c18055500148c5915382bd98,a_5bcc03ed7043073ab975608127017c7b,p_f407ba72bd53e8ebf8ed2e220993cd2e,p_3dd478bd944ece2906a0c8e4425f63be,6,27784,12,10,1619,5171,22,6790,0.79182263173049239,244.38525770227471,308.63636363636363,0.54545454545454541,0.23843888070692196
r_08c561b90572bedc4c87f0bc0bdea7c8,Direct browsing,d_1be06ce1b670864df8c500dc82b295ae,1,0,a_e7d8c038c18055500148c5915382bd98,a_14776bacc000e46efa3b0a6cc5a2b0ed,p_884c80abb642962dd5c460403c873138,p_3dd478bd944ece2906a0c8e4425f63be,6,912,53,59,3534,69983,112,73517,122.80701754385964,80610.745614035084,656.40178571428567,0.4732142857142857,0.048070514302814317
r_234b160ef0c108d0e2d21607d69a3895,Direct browsing,d_1be06ce1b670864df8c500dc82b295ae,1,0,a_e7d8c038c18055500148c5915382bd98,a_b6a85a942136ec0a53ad5e8e708bf77c,p_61e5391fb2d2e889f3a136a8b67a32c3,p_3dd478bd944ece2906a0c8e4425f63be,6,1387,10,9,1422,4033,19,5455,13.698630136986301,3932.9488103821195,287.10526315789474,0.52631578947368418,0.26067827681026579
r_a4d4db2bbfccacd98141dc6233c09248,Direct browsing,d_1be06ce1b670864df8c500dc82b295ae,1,0,a_e7d8c038c18055500148c5915382bd98,a_9f738af0fea539efd1249ec6b1c4a590,p_c9c2b679e7ce241247c8cd9e38147ed6,p_3dd478bd944ece2906a0c8e4425f63be,6,459,50,65,3304,76452,115,79756,250.54466230936819,173760.34858387799,693.53043478260872,0.43478260869565216,0.041426350368624305
r_5ec7ec4be33d4a02cf4f88ae6b58a7d2,Direct browsing,d_1be06ce1b670864df8c500dc82b295ae,1,0,a_e7d8c038c18055500148c5915382bd98,a_f7236bf52bab5693c5a0bd90b31e7b5d,p_967759a78c90d0b7192da4867f06afed,p_d7195ebfc9c48d4a0beab7870d0eba9c,6,1024,12,11,857,7976,23,8833,22.4609375,8625.9765625,384.04347826086956,0.52173913043478259,0.097022529152043471
r_107de9d98a710be0f996b87eec94ecfe,Direct browsing,d_1be06ce1b670864df8c500dc82b295ae,1,0,a_e7d8c038c18055500148c5915382bd98,a_e9c192da5b492e2e228a72bd51cb8f40,p_ce5970149b4f338f1d8b311d5ffd320e,p_3dd478bd944ece2906a0c8e4425f63be,6,237,2,1,100,60,3,160,12.658227848101266,675.10548523206751,53.333333333333336,0.66666666666666663,0.625
r_4c64bec46b830cdf33ce33dc35ae1022,Direct browsing,d_1be06ce1b670864df8c500dc82b295ae,1,0,a_e7d8c038c18055500148c5915382bd98,a_cf31ba68046233719f1273a3a3789e72,p_323968dc753b4f9635b5b1f09ecf4ac9,p_3dd478bd944ece2906a0c8e4425f63be,6,24474,12,12,1620,7208,24,8828,0.98063250796763912,360.70932418076325,367.83333333333331,0.5,0.18350702310829181
r_a1af065e5417b48d6571c207614282b4,Direct browsing,d_1be06ce1b670864df8c500dc82b295ae,1,0,a_e7d8c038c18055500148c5915382bd98,a_a17438509a328a313b6fdb3acd2192c9,p_df0e9e5ad273c96c5a341fe52aae1d7f,p_3dd478bd944ece2906a0c8e4425f63be,6,23974,17,16,2284,9101,33,11385,1.3764911987986985,474.88946358555103,345,0.51515151515151514,0.20061484409310495
r_7858280b59c55e557317797ecd5b0088,Direct browsing,d_1be06ce1b670864df8c500dc82b295ae,1,0,a_e7d8c038c18055500148c5915382bd98,a_cf31ba68046233719f1273a3a3789e72,p_ac0fca63e7c11733de0bd49ba46298a7,p_3dd478bd944ece2906a0c8e4425f63be,6,17938,12,13,1647,6979,25,8626,1.3936893745122088,480.8785817816925,345.04000000000002,0.47999999999999998,0.19093438441919777
r_e7f91accbf6a37d9054de418dd50b0e1,Direct browsing,d_1be06ce1b670864df8c500dc82b295ae,1,0,a_e7d8c038c18055500148c5915382bd98,a_fe619011b422704f5c52186cb8b19ef8,p_1ed8a4b643658d4d9eb5ddb0961bcf99,p_d7195ebfc9c48d4a0beab7870d0eba9c,6,535,8,6,686,4026,14,4712,26.168224299065418,8807.4766355140182,336.57142857142856,0.5714285714285714,0.14558573853989815
r_1a9aa3d40dec37f0bf44105238f5d53f,Direct browsing,d_1be06ce1b670864df8c500dc82b295ae,1,0,a_e7d8c038c18055500148c5915382bd98,a_cf31ba68046233719f1273a3a3789e72,p_1d594bb73c68231b576db1c59afb61b9,p_3dd478bd944ece2906a0c8e4425f63be,6,148,6,6,849,327,12,1176,81.081081081081081,7945.9459459459467,98,0.5,0.72193877551020413
r_f8eaf0386145dee15f737b960e27bccd,Direct browsing,d_1be06ce1b670864df8c500dc82b295ae,1,0,a_e7d8c038c18055500148c5915382bd98,a_5909123435fd969820788e424e5162ac,p_f2e7a1c957d282435b0dc5013bd97fda,p_3dd478bd944ece2906a0c8e4425f63be,6,716,6,5,837,275,11,1112,15.363128491620113,1553.0726256983241,101.09090909090909,0.54545454545454541,0.75269784172661869
r_2b9464add77c885c4fb31c2683292386,Direct browsing,d_1be06ce1b670864df8c500dc82b295ae,1,0,a_e7d8c038c18055500148c5915382bd98,a_b6a85a942136ec0a53ad5e8e708bf77c,p_e7554bebead63c8d15f8bf3deac5a2b6,p_3dd478bd944ece2906a0c8e4425f63be,6,733,10,9,1472,4304,19,5776,25.920873124147342,7879.945429740791,304,0.52631578947368418,0.25484764542936289
r_7d9eaf13b0ec03b59446d2f9f9e97c62,Direct browsing,d_1be06ce1b670864df8c500dc82b295ae,1,0,a_e7d8c038c18055500148c5915382bd98,a_01c27fc950d2f075d869a4d0acaa48ee,p_dcb35c990804d8317981b32df51427f9,p_3dd478bd944ece2906a0c8e4425f63be,6,665,30,30,2796,32811,60,35607,90.225563909774436,53544.360902255634,593.45000000000005,0.5,0.07852388575280142
r_33d6bba7cac18f2e767ad68a6f2b47da,Direct browsing,d_1be06ce1b670864df8c500dc82b295ae,1,0,a_e7d8c038c18055500148c5915382bd98,a_27377700edc2f926ee5fe06157f5a647,p_c434dcedea237317fa5c878e9c0eadaf,p_d7195ebfc9c48d4a0beab7870d0eba9c,6,738,9,7,745,4151,16,4896,21.680216802168022,6634.1463414634145,306,0.5625,0.15216503267973855
r_4967bd61a95eaa6529407119c11144bd,Direct browsing,d_1be06ce1b670864df8c500dc82b295ae,1,0,a_e7d8c038c18055500148c5915382bd98,a_cf31ba68046233719f1273a3a3789e72,p_e231b2e3c289bedd2d4893004b342283,p_3dd478bd944ece2906a0c8e4425f63be,6,125,6,6,849,327,12,1176,96,9408,98,0.5,0.72193877551020413
r_3adef1ebf6ba7b0084e3ec0ce98c98c4,Direct browsing,d_1be06ce1b670864df8c500dc82b295ae,1,0,a_e7d8c038c18055500148c5915382bd98,a_01c27fc950d2f075d869a4d0acaa48ee,p_f395cc174164f5fa85b3d497e1f92d99,p_3dd478bd944ece2906a0c8e4425f63be,6,533,34,38,2960,42511,72,45471,135.08442776735458,85311.44465290806,631.54166666666663,0.47222222222222221,0.065096435090497243
r_58c1937c4797f1f79c96b0784300163c,Direct browsing,d_1be06ce1b670864df8c500dc82b295ae,1,0,a_e7d8c038c18055500148c5915382bd98,a_01c27fc950d2f075d869a4d0acaa48ee,p_147832a7b84a26e8d706824547642f84,p_3dd478bd944ece2906a0c8e4425f63be,6,765,34,39,2960,43454,73,46414,95.424836601307192,60671.895424836599,635.80821917808214,0.46575342465753422,0.063773861334942047
r_b9962c1209beade3d6e3a97ff045ab09,Direct browsing,d_1be06ce1b670864df8c500dc82b295ae,1,0,a_e7d8c038c18055500148c5915382bd98,a_01c27fc950d2f075d869a4d0acaa48ee,p_65c45678521ff0921d3853f6fcac588c,p_3dd478bd944ece2906a0c8e4425f63be,6,950,36,39,3042,43454,75,46496,78.94736842105263,48943.157894736847,619.94666666666672,0.47999999999999998,0.065424982794218864
r_4888393cf1efbfaa3dae5895db10af75,Direct browsing,d_1be06ce1b670864df8c500dc82b295ae,1,0,a_e7d8c038c18055500148c5915382bd98,a_6e179781c8c6f337cb905de78358ed01,p_1df5ce39fc97bd294fcd2e8ea6d89e24,p_3dd478bd944ece2906a0c8e4425f63be,6,2431,39,47,2894,50146,86,53040,35.376388317564789,21818.181818181816,616.74418604651157,0.45348837209302323,0.054562594268476622
r_56c4dfe8a43e11a5a3b17477a386b53c,Direct browsing,d_1be06ce1b670864df8c500dc82b295ae,1,0,a_e7d8c038c18055500148c5915382bd98,a_01c27fc950d2f075d869a4d0acaa48ee,p_75522d5013dc33cdbdfd8ba05c0c035c,p_3dd478bd944ece2906a0c8e4425f63be,6,954,32,34,2860,38107,66,40967,69.182389937106919,42942.348008385743,620.71212121212125,0.48484848484848486,0.069812287939072917
r_8e9c60a994e4f38617920cef7e090180,Direct browsing,d_1be06ce1b670864df8c500dc82b295ae,1,0,a_e7d8c038c18055500148c5915382bd98,a_8427de2fe5a71d85937de29448a05615,p_55d0464b85b41f12a9b8702d6e186695,p_3dd478bd944ece2906a0c8e4425f63be,6,322,72,84,4148,102180,156,106328,484.47204968944101,330211.18012422358,681.58974358974353,0.46153846153846156,0.039011361071401698
r_9598d19f3aa77400bbb93475a09a332d,Direct browsing,d_1be06ce1b670864df8c500dc82b295ae,1,0,a_e7d8c038c18055500148c5915382bd98,a_01c27fc950d2f075d869a4d0acaa48ee,p_35dbf1f67da6d5210113450a4d0ba2d3,p_3dd478bd944ece2906a0c8e4425f63be,6,846,35,38,2988,43006,73,45994,86.288416075650119,54366.43026004728,630.05479452054794,0.47945205479452052,0.064964995434187073
r_a09c64cdb683ce02b80cdcf660ad7644,Direct browsing,d_1be06ce1b670864df8c500dc82b295ae,1,0,a_e7d8c038c18055500148c5915382bd98,a_cf31ba68046233719f1273a3a3789e72,p_7fcfd95bd6f30d04569bc5faa0682bb8,p_d7195ebfc9c48d4a0beab7870d0eba9c,6,112,12,10,945,7398,22,8343,196.42857142857142,74491.07142857142,379.22727272727275,0.54545454545454541,0.11326860841423948
r_f7d971c2f994892a6004d788e16fde77,Direct browsing,d_1be06ce1b670864df8c500dc82b295ae,1,0,a_e7d8c038c18055500148c5915382bd98,a_01c27fc950d2f075d869a4d0acaa48ee,p_d27436d2f35605e1d807ca24f59d3776,p_3dd478bd944ece2906a0c8e4425f63be,6,898,43,39,3394,43455,82,46849,91.314031180400889,52170.378619153671,571.32926829268297,0.52439024390243905,0.072445516446455638
r_286114d0af7eeb58910c6c706ca629e7,Direct browsing,d_1be06ce1b670864df8c500dc82b295ae,1,0,a_e7d8c038c18055500148c5915382bd98,a_941e4a2977b5dfc714d293b68669b58d,p_7c349501b896bc0dc8969adaae23c7fc,p_3dd478bd944ece2906a0c8e4425f63be,6,662,80,94,4579,115458,174,120037,262.83987915407852,181324.77341389726,689.86781609195407,0.45977011494252873,0.038146571473795576
r_6b73e607dae1d5d3b3edad747430366e,Direct browsing,d_1be06ce1b670864df8c500dc82b295ae,1,0,a_e7d8c038c18055500148c5915382bd98,a_01c27fc950d2f075d869a4d0acaa48ee,p_e730cd71038d9ff66c181d85bd30ba97,p_3dd478bd944ece2906a0c8e4425f63be,6,924,34,38,2984,41686,72,44670,77.922077922077918,48344.155844155845,620.41666666666663,0.47222222222222221,0.06680098500111932
r_c87fc6d1d2f3bdb5fdf035b04adcb74d,Direct browsing,d_1be06ce1b670864df8c500dc82b295ae,1,0,a_e7d8c038c18055500148c5915382bd98,a_7051accb5ca0d7e219640c186047d92b,p_d343a51f76b4666f9a7696dbaafae3e3,p_3dd478bd944ece2906a0c8e4425f63be,6,618,51,54,3299,63770,105,67069,169.90291262135923,108525.88996763754,638.75238095238092,0.48571428571428571,0.049188149517660915
r_3b59b029d09511f84310f92ed5132a0c,Direct browsing,d_1be06ce1b670864df8c500dc82b295ae,1,0,a_e7d8c038c18055500148c5915382bd98,a_5ad8b343d860b3befc8e57e682692fcb,p_0b7be1e3b0bba94aebb75c96e6a14e4a,p_3dd478bd944ece2906a0c8e4425f63be,6,781,14,14,1770,7464,28,9234,35.851472471190782,11823.303457106274,329.78571428571428,0.5,0.19168291098115658
r_f7b1a6f6632f02692dbcb86b9a8f9aac,Direct browsing,d_1be06ce1b670864df8c500dc82b295ae,1,0,a_e7d8c038c18055500148c5915382bd98,a_bce918cd46c4052c2c38606fc61d0a11,p_c368e5bc38088edca9f402904770ff16,p_3dd478bd944ece2906a0c8e4425f63be,6,499,55,65,3859,74787,120,78646,240.4809619238477,157607.21442885773,655.38333333333333,0.45833333333333331,0.049067975485085062
r_b185208e85c0fd9175c6609fb4c13ee5,Direct browsing,d_1be06ce1b670864df8c500dc82b295ae,1,0,a_e7d8c038c18055500148c5915382bd98,a_6613e355a108853dc8013615fa2b5d2c,p_1ec619208f71b2a4a54ad2a1921febe5,p_3dd478bd944ece2906a0c8e4425f63be,6,1505,56,61,4018,70047,117,74065,77.740863787375417,49212.624584717611,633.03418803418799,0.47863247863247865,0.054249645581583746
r_7784b34f78d4af0d1256ef56a67d94a7,Direct browsing,d_1be06ce1b670864df8c500dc82b295ae,1,0,a_e7d8c038c18055500148c5915382bd98,a_01c27fc950d2f075d869a4d0acaa48ee,p_a2c6154535c5be5769477837bc2cd798,p_3dd478bd944ece2906a0c8e4425f63be,6,643,35,38,3006,42494,73,45500,113.5303265940902,70762.052877138412,623.28767123287673,0.47945205479452052,0.06606593406593407
r_315ed9dc17c99fc86e51b9f28e8c7871,Direct browsing,d_1be06ce1b670864df8c500dc82b295ae,1,0,a_e7d8c038c18055500148c5915382bd98,a_01c27fc950d2f075d869a4d0acaa48ee,p_5315c6d594c0868df1c9fba6b61c1be3,p_3dd478bd944ece2906a0c8e4425f63be,6,614,45,44,3528,50517,89,54045,144.95114006514657,88021.172638436488,607.24719101123594,0.5056179775280899,0.065278934221482093
r_6ca23aa8cade3c23589d13c6a94aab84,Direct browsing,d_1be06ce1b670864df8c500dc82b295ae,1,0,a_e7d8c038c18055500148c5915382bd98,a_9b3151c587fb9f2302ffe2b703ef3467,p_0fde97c8918a446bdf17fc833eef981f,p_3dd478bd944ece2906a0c8e4425f63be,6,975,45,44,3409,43666,89,47075,91.282051282051285,48282.051282051281,528.93258426966293,0.5056179775280899,0.072416356877323423
r_1ac49be7fd4ee4f7ae34c629a5f393cd,Direct browsing,d_1be06ce1b670864df8c500dc82b295ae,1,0,a_e7d8c038c18055500148c5915382bd98,a_01c27fc950d2f075d869a4d0acaa48ee,p_ac670eb28ce1cc3a0074faaf0277f822,p_3dd478bd944ece2906a0c8e4425f63be,6,1899,36,43,3882,46231,79,50113,41.600842548709849,26389.152185360716,634.34177215189868,0.45569620253164556,0.077464929259872695
r_82e1e355b5067873659f9a98b275e0af,Direct browsing,d_1be06ce1b670864df8c500dc82b295ae,1,0,a_e7d8c038c18055500148c5915382bd98,a_fbc7bbb868742c0290638217b8ca4223,p_03cc3aada1ce1fd8cc72dedd6c561bc9,p_3dd478bd944ece2906a0c8e4425f63be,6,19077,13,12,1683,7163,25,8846,1.3104785867798918,463.69974314619697,353.83999999999997,0.52000000000000002,0.19025548270404702
r_27c4fe83ab6de70a4499ee3f8ebd20c4,Direct browsing,d_1be06ce1b670864df8c500dc82b295ae,1,0,a_e7d8c038c18055500148c5915382bd98,a_01c27fc950d2f075d869a4d0acaa48ee,p_090bb524d9b41baf029f2f33ca3c36aa,p_3dd478bd944ece2906a0c8e4425f63be,6,994,31,32,2817,35044,63,37861,63.380281690140848,38089.537223340041,600.96825396825398,0.49206349206349204,0.074403739996302259
r_10f583b83b8131ecf9f5528900fd459e,Direct browsing,d_1be06ce1b670864df8c500dc82b295ae,1,0,a_e7d8c038c18055500148c5915382bd98,a_c222183a6b437e02581cb8950008afcf,p_595878b142b6e1d19d1375a06930cd35,p_3dd478bd944ece2906a0c8e4425f63be,6,278,2,1,100,60,3,160,10.791366906474819,575.53956834532369,53.333333333333336,0.66666666666666663,0.625
r_bb0b1ce18eefddfbd1e9d28fd6df5171,Direct browsing,d_1be06ce1b670864df8c500dc82b295ae,1,0,a_e7d8c038c18055500148c5915382bd98,a_cf31ba68046233719f1273a3a3789e72,p_3e9dc956a1303d5a271feb12c704309a,p_3dd478bd944ece2906a0c8e4425f63be,6,15585,13,14,1678,7330,27,9008,1.7324350336862366,577.99165864613406,333.62962962962962,0.48148148148148145,0.18627886323268206
r_32012011989faff22f01c32180568cc8,Direct browsing,d_1be06ce1b670864df8c500dc82b295ae,1,0,a_e7d8c038c18055500148c5915382bd98,a_86698ed8ae94b93b7885c94735130642,p_ecf6af9803a52daf2902f5cbbfa66ea2,p_3dd478bd944ece2906a0c8e4425f63be,6,416,39,50,3321,55313,89,58634,213.94230769230771,140947.1153846154,658.8089887640449,0.43820224719101125,0.056639492444656686
r_16bc8c3af5be2e27b83ec6e679d6da94,Direct browsing,d_1be06ce1b670864df8c500dc82b295ae,1,0,a_e7d8c038c18055500148c5915382bd98,a_01c27fc950d2f075d869a4d0acaa48ee,p_aaa9ac802750a90bfb729031da61e374,p_3dd478bd944ece2906a0c8e4425f63be,6,904,35,39,2988,43049,74,46037,81.858407079646014,50925.884955752212,622.12162162162167,0.47297297297297297,0.0649043160935769
r_100f6c1b090f510eaa609466847e00e5,Direct browsing,d_1be06ce1b670864df8c500dc82b295ae,1,0,a_e7d8c038c18055500148c5915382bd98,a_01c27fc950d2f075d869a4d0acaa48ee,p_92bf75e4a36ac5e48e5baaffe230fc0a,p_3dd478bd944ece2906a0c8e4425f63be,6,1025,43,38,3431,42629,81,46060,79.024390243902445,44936.585365853665,568.64197530864203,0.53086419753086422,0.074489795918367352
r_f4426dae7de87c4da1c3786032b1e5ba,Direct browsing,d_1be06ce1b670864df8c500dc82b295ae,1,0,a_e7d8c038c18055500148c5915382bd98,a_01c27fc950d2f075d869a4d0acaa48ee,p_3c7997ff0b7fcd1eb307e1d85422dfef,p_3dd478bd944ece2906a0c8e4425f63be,6,934,35,38,3002,40565,73,43567,78.158458244111344,46645.610278372587,596.80821917808214,0.47945205479452052,0.068905364151766249
r_58b2d89fea9534253cc03330f7e55e44,Direct browsing,d_1be06ce1b670864df8c500dc82b295ae,1,0,a_e7d8c038c18055500148c5915382bd98,a_01c27fc950d2f075d869a4d0acaa48ee,p_227210e4e8ec875a7bdd522491df2d11,p_3dd478bd944ece2906a0c8e4425f63be,6,940,32,35,2880,36432,67,39312,71.276595744680861,41821.276595744683,586.74626865671644,0.47761194029850745,0.073260073260073263
r_b564d17fc6a2ea6eba9a6489470b19d9,Direct browsing,d_1be06ce1b670864df8c500dc82b295ae,1,0,a_e7d8c038c18055500148c5915382bd98,a_01c27fc950d2f075d869a4d0acaa48ee,p_e90c2bb10664ee03c7c43e1cafdf6e52,p_3dd478bd944ece2906a0c8e4425f63be,6,797,43,38,3442,43402,81,46844,101.63111668757841,58775.407779171888,578.32098765432102,0.53086419753086422,0.073477926735547774
r_7ab15d96fe0dbc377df87dba96aac7f1,Direct browsing,d_1be06ce1b670864df8c500dc82b295ae,1,0,a_e7d8c038c18055500148c5915382bd98,a_8ba7889c1d6abb1451eb38e621612ae5,p_8034d00c030468f50a419a615b91e1b5,p_3dd478bd944ece2906a0c8e4425f63be,6,3111,13,8,1726,3390,21,5116,6.7502410800385722,1644.4873031179684,243.61904761904762,0.61904761904761907,0.33737294761532449
r_fdcbda199d85ab8e3d8473fa091a0eef,Direct browsing,d_1be06ce1b670864df8c500dc82b295ae,1,0,a_e7d8c038c18055500148c5915382bd98,a_01c27fc950d2f075d869a4d0acaa48ee,p_afe228960b285c73d53215e7e8143228,p_3dd478bd944ece2906a0c8e4425f63be,6,1055,35,38,2988,43402,73,46390,69.194312796208536,43971.563981042658,635.47945205479448,0.47945205479452052,0.06441043328303514
r_362f2e6e832077a0d08632c6c0114d84,Direct browsing,d_1be06ce1b670864df8c500dc82b295ae,1,0,a_e7d8c038c18055500148c5915382bd98,a_01c27fc950d2f075d869a4d0acaa48ee,p_ca23e67347f1f7ec51feebcaa53276d8,p_3dd478bd944ece2906a0c8e4425f63be,6,1031,43,38,3422,41686,81,45108,78.564500484966061,43751.697381183323,556.88888888888891,0.53086419753086422,0.075862374745056305
r_2c53e5f62e393262e55cff22f5101007,Direct browsing,d_1be06ce1b670864df8c500dc82b295ae,1,0,a_e7d8c038c18055500148c5915382bd98,a_8137a47fa99bc66b79cbbe7465556c5a,p_f4b59911f28385abdda5360c8186faa6,p_3dd478bd944ece2906a0c8e4425f63be,6,12824,12,9,1633,3138,21,4771,1.6375545851528384,372.03680598877105,227.1904761904762,0.5714285714285714,0.34227625235799625
r_f9bdd7424598b80ed586cd650a76478a,Direct browsing,d_1be06ce1b670864df8c500dc82b295ae,1,0,a_e7d8c038c18055500148c5915382bd98,a_01c27fc950d2f075d869a4d0acaa48ee,p_23eb95b05e22b894fe5d0fafe9e01c38,p_3dd478bd944ece2906a0c8e4425f63be,6,958,44,39,3461,42667,83,46128,86.638830897703556,48150.313152400835,555.75903614457832,0.53012048192771088,0.075030350329517867
r_f547871713a699acd62bc508c2aa2f43,Direct browsing,d_1be06ce1b670864df8c500dc82b295ae,1,0,a_e7d8c038c18055500148c5915382bd98,a_01c27fc950d2f075d869a4d0acaa48ee,p_05bfc601268c2e51e9f2a0c1ffdd88ef,p_3dd478bd944ece2906a0c8e4425f63be,6,953,35,38,3020,41679,73,44699,76.600209863588674,46903.462749213017,612.31506849315065,0.47945205479452052,0.067563032730038705
r_420b13e8011fb002af03730d4d1d9f8e,Direct browsing,d_1be06ce1b670864df8c500dc82b295ae,1,0,a_e7d8c038c18055500148c5915382bd98,a_01c27fc950d2f075d869a4d0acaa48ee,p_fe3147ae2261fd4986e2f5b5ef1b414c,p_3dd478bd944ece2906a0c8e4425f63be,6,1008,44,39,3466,43455,83,46921,82.341269841269835,46548.611111111109,565.31325301204822,0.53012048192771088,0.073868843375034632
r_0c1ee1b3138345ef7e1c2cde2710e2c8,Direct browsing,d_1be06ce1b670864df8c500dc82b295ae,1,0,a_e7d8c038c18055500148c5915382bd98,a_cf31ba68046233719f1273a3a3789e72,p_4003019959052cd6aacf129a4c8ce57c,p_3dd478bd944ece2906a0c8e4425f63be,6,22767,13,14,1684,7318,27,9002,1.1859269996046911,395.39684631264549,333.40740740740739,0.48148148148148145,0.18706954010219951
r_ab0e90ed5308ffb82ee177d41c23f8e5,Direct browsing,d_1be06ce1b670864df8c500dc82b295ae,1,0,a_e7d8c038c18055500148c5915382bd98,a_c4f4cd73be1577d1c257791f36812adf,p_36ae1d0dbfa0483ae775431f536e89f1,p_3dd478bd944ece2906a0c8e4425f63be,6,26847,15,21,1818,18213,36,20031,1.3409319477036539,746.11688456810816,556.41666666666663,0.41666666666666669,0.09075932304927363
r_4109a0d0f7f04f6dd4beb19e22482a64,Direct browsing,d_1be06ce1b670864df8c500dc82b295ae,1,0,a_e7d8c038c18055500148c5915382bd98,a_bab25c91889f4c8bcb46877d67de2eca,p_75f515193b3eec1add7a217aa5212710,p_3dd478bd944ece2906a0c8e4425f63be,6,6090,13,10,1672,3709,23,5381,3.7766830870279149,883.57963875205257,233.95652173913044,0.56521739130434778,0.31072291395651364
r_ebcd74fd25b5001ba1561b5451f6ba63,Direct browsing,d_1be06ce1b670864df8c500dc82b295ae,1,0,a_e7d8c038c18055500148c5915382bd98,a_01c27fc950d2f075d869a4d0acaa48ee,p_dc6a1b0b006485fd901e078a9122774b,p_3dd478bd944ece2906a0c8e4425f63be,6,804,33,37,2902,40409,70,43311,87.06467661691542,53869.402985074623,618.7285714285714,0.47142857142857142,0.067003763478100248
r_1699f3e9cd071b519c16e137f02cf979,Direct browsing,d_1be06ce1b670864df8c500dc82b295ae,1,0,a_e7d8c038c18055500148c5915382bd98,a_aba7d6b8564eed630e233b8c9c513ccf,p_98d60f6b5a34a599187fbab59c8dde15,p_3dd478bd944ece2906a0c8e4425f63be,6,1293,31,34,2465,40226,65,42691,50.270688321732408,33017.014694508893,656.78461538461534,0.47692307692307695,0.057740507366892319
r_309a28e8156d44320c71c56b4d7d4180,Direct browsing,d_1be06ce1b670864df8c500dc82b295ae,1,0,a_e7d8c038c18055500148c5915382bd98,a_be00401e0e78740d9387db5e9017c442,p_e0d9cd7be18488d553e522e5c18065ea,p_3dd478bd944ece2906a0c8e4425f63be,6,2104,29,33,3142,34854,62,37996,29.467680608365018,18058.935361216729,612.83870967741939,0.46774193548387094,0.082692915043688808
r_be022f5da2d71ce3c20d7911f126729e,Direct browsing,d_1be06ce1b670864df8c500dc82b295ae,1,0,a_e7d8c038c18055500148c5915382bd98,a_01c27fc950d2f075d869a4d0acaa48ee,p_18c43f306f3763f22c536fff1d563d98,p_3dd478bd944ece2906a0c8e4425f63be,6,1063,34,38,2954,41187,72,44141,67.732831608654749,41524.929444967078,613.06944444444446,0.47222222222222221,0.066921909335991486
r_fb97e6989944fa1e9d1eba3b5f46bb0c,Direct browsing,d_1be06ce1b670864df8c500dc82b295ae,1,0,a_e7d8c038c18055500148c5915382bd98,a_01c27fc950d2f075d869a4d0acaa48ee,p_33e3d62773e7700f97635ea4f130921b,p_3dd478bd944ece2906a0c8e4425f63be,6,845,32,36,2870,40755,68,43625,80.473372781065095,51627.218934911245,641.54411764705878,0.47058823529411764,0.065787965616045843
r_808012f8ae4519ca3b09e4dbfe7cc143,Direct browsing,d_1be06ce1b670864df8c500dc82b295ae,1,0,a_e7d8c038c18055500148c5915382bd98,a_370e80b06c7db578fe7397862b1e8235,p_3670fb61ffd9aa65613f97ee1de3e897,p_d7195ebfc9c48d4a0beab7870d0eba9c,6,673,7,4,730,2965,11,3695,16.344725111441306,5490.3417533432385,335.90909090909093,0.63636363636363635,0.19756427604871449
r_f3ae161c4f641234f328f7cb97b6437e,Direct browsing,d_1be06ce1b670864df8c500dc82b295ae,1,0,a_e7d8c038c18055500148c5915382bd98,a_5bcd4f2e91fc8879ae4d9d42f5ebc793,p_be5a882a548e9286fe5545c76ede4886,p_d7195ebfc9c48d4a0beab7870d0eba9c,6,1142,16,14,1066,16000,30,17066,26.269702276707534,14943.957968476359,568.86666666666667,0.53333333333333333,0.062463377475682647
r_b4e8d846951e53ac2b764d453310692e,Direct browsing,d_1be06ce1b670864df8c500dc82b295ae,1,0,a_e7d8c038c18055500148c5915382bd98,a_53f8ed11ff1eac74574a236729cf0b4f,p_c3830d17541c2da8e26ad419020dde10,p_3dd478bd944ece2906a0c8e4425f63be,6,4281,9,10,1440,4084,19,5524,4.4382153702405986,1290.3527213267928,290.73684210526318,0.47368421052631576,0.26068066618392471
r_fd7f56c590ac67d12b5755542aaa0933,Direct browsing,d_1be06ce1b670864df8c500dc82b295ae,1,0,a_e7d8c038c18055500148c5915382bd98,a_01c27fc950d2f075d869a4d0acaa48ee,p_bdd8ebb908afd6046a36100f8035bbe4,p_3dd478bd944ece2906a0c8e4425f63be,6,950,34,38,2951,43003,72,45954,75.789473684210535,48372.631578947374,638.25,0.47222222222222221,0.064216390303346832
r_78c16a25ebb5aee5b406526a90e19a11,Direct browsing,d_1be06ce1b670864df8c500dc82b295ae,1,0,a_e7d8c038c18055500148c5915382bd98,a_cf31ba68046233719f1273a3a3789e72,p_8b4a91393776b9cea2c10becdc22c5f2,p_3dd478bd944ece2906a0c8e4425f63be,6,18477,12,12,1618,7255,24,8873,1.298912161065108,480.21865021377931,369.70833333333331,0.5,0.18235095232728502
r_43c729fc4932acd0d05a90a2ea073088,Direct browsing,d_1be06ce1b670864df8c500dc82b295ae,1,0,a_e7d8c038c18055500148c5915382bd98,a_cf31ba68046233719f1273a3a3789e72,p_ee246c3bffe2c86d1df20d37d60890ad,p_3dd478bd944ece2906a0c8e4425f63be,6,130,6,6,849,327,12,1176,92.307692307692307,9046.1538461538457,98,0.5,0.72193877551020413
r_5dc633bba9dc5e058951275e88b8ab2f,Direct browsing,d_1be06ce1b670864df8c500dc82b295ae,1,0,a_e7d8c038c18055500148c5915382bd98,a_c768cf03bcc8571b20df780f5600a7dd,p_e47b63597baf87c3f9c74d37b69013a6,p_3dd478bd944ece2906a0c8e4425f63be,6,810,15,13,1782,6971,28,8753,34.567901234567898,10806.172839506173,312.60714285714283,0.5357142857142857,0.20358734148292015
r_6b5052f8629a09222b6a335850533f9d,Direct browsing,d_1be06ce1b670864df8c500dc82b295ae,1,0,a_e7d8c038c18055500148c5915382bd98,a_d7b8c92508d2ed5587abcccd6cf169d7,p_321a2b731cc9a9217853b5be5f78cbd8,p_3dd478bd944ece2906a0c8e4425f63be,6,1756,65,71,3977,85882,136,89859,77.448747152619589,51172.551252847377,660.72794117647061,0.47794117647058826,0.04425822677750698
r_a3bd317c424de29dfcb4ddefb5bc16ba,Direct browsing,d_1be06ce1b670864df8c500dc82b295ae,1,0,a_e7d8c038c18055500148c5915382bd98,a_32b729defcd5e81bdb87edc8f6cc7511,p_7e6bc8fca86d816c55aa15a384a811b2,p_3dd478bd944ece2906a0c8e4425f63be,6,2114,24,39,2799,40523,63,43322,29.80132450331126,20492.904446546832,687.65079365079362,0.38095238095238093,0.064609205484511337
r_70c5eb8f5407af3017a9f18588086f59,Direct browsing,d_1be06ce1b670864df8c500dc82b295ae,1,0,a_e7d8c038c18055500148c5915382bd98,a_a17438509a328a313b6fdb3acd2192c9,p_e1a265389272b1f86c6f84ed39326135,p_3dd478bd944ece2906a0c8e4425f63be,6,19287,13,12,2058,5538,25,7596,1.2962098823041428,393.84041063929072,303.83999999999997,0.52000000000000002,0.27093206951026855
r_590583cc604af3b372af407e60667d99,Direct browsing,d_1be06ce1b670864df8c500dc82b295ae,1,0,a_e7d8c038c18055500148c5915382bd98,a_cf31ba68046233719f1273a3a3789e72,p_e85257ffebeecae806546f9be60f5a11,p_3dd478bd944ece2906a0c8e4425f63be,6,28171,15,16,1825,7331,31,9156,1.1004224202193746,325.01508643640625,295.35483870967744,0.4838709677419355,0.19932284840541722
r_f68c29fa0b1e48e8643bc23f4f0e14a2,Direct browsing,d_1be06ce1b670864df8c500dc82b295ae,1,0,a_e7d8c038c18055500148c5915382bd98,a_cda1f7ba033b36daff269dd92705a555,p_b75c00605c45458dfad65e5a05d926d1,p_3dd478bd944ece2906a0c8e4425f63be,6,26311,14,17,1739,10003,31,11742,1.178214435027175,446.27722245448672,378.77419354838707,0.45161290322580644,0.14810083461079884
r_f8dc9177226fb0ac012a5dd5c485c715,Direct browsing,d_1be06ce1b670864df8c500dc82b295ae,1,0,a_e7d8c038c18055500148c5915382bd98,a_5607307b9b9a0681912487688d94bd13,p_2c0ac00fc2bcf48a88bdc285017486f6,p_3dd478bd944ece2906a0c8e4425f63be,6,27212,22,25,2158,10987,47,13145,1.7271791856533882,483.05894458327208,279.68085106382978,0.46808510638297873,0.16416888550779765
r_43cab13a070b9ecb86986f83371adca5,Direct browsing,d_1be06ce1b670864df8c500dc82b295ae,1,0,a_69fb0b835452ca85c178bdeaaf11695b,a_e7d8c038c18055500148c5915382bd98,p_3d01955bb66b778c6aa471c3a2911a0a,p_4eb675cf4c45a07e195cd96fc976bc6c,6,563097,112,112,38520,33720,224,72240,0.39780002379696572,128.29050767452145,322.5,0.5,0.53322259136212624
r_c5b3da5586fd32ed55abad79c1977336,Direct browsing,d_1be06ce1b670864df8c500dc82b295ae,1,0,a_71394ec0ae14eb2d17f693263a2fab11,a_e7d8c038c18055500148c5915382bd98,p_e8fa32c526b9b4cdc16418a4dc18e34a,p_06f00d190df4ce57fa81234fd777e551,6,567250,98,98,31360,31360,196,62720,0.34552666372851476,110.56853239312473,320,0.5,0.5
r_22c91762a8a95f1a8149ad65e21319de,Direct browsing,d_1be06ce1b670864df8c500dc82b295ae,1,0,a_e7d8c038c18055500148c5915382bd98,a_9f738af0fea539efd1249ec6b1c4a590,p_3c556edb0b025243a1edb09b3ff8b2ca,p_3dd478bd944ece2906a0c8e4425f63be,6,348,45,49,2929,55703,94,58632,270.11494252873564,168482.75862068968,623.74468085106378,0.47872340425531917,0.049955655614681405
r_9fd214f0d477cd260e45e70094e13c79,Direct browsing,d_1be06ce1b670864df8c500dc82b295ae,1,0,a_e7d8c038c18055500148c5915382bd98,a_efacd1001abfe73e24de1e19abab3285,p_5ac075af081421f2e353b6e209e3f7db,p_3dd478bd944ece2906a0c8e4425f63be,6,299,11,12,1568,3965,23,5533,76.92307692307692,18505.016722408029,240.56521739130434,0.47826086956521741,0.28339056569672871
r_a7495304cbc2277282836c06f6d1a05f,Direct browsing,d_1be06ce1b670864df8c500dc82b295ae,1,0,a_e7d8c038c18055500148c5915382bd98,a_5223cb1e65ccaaf2674401458aae2f32,p_1aa7c4c9c2b1fefbcdc3b8691942f2b7,p_3dd478bd944ece2906a0c8e4425f63be,6,1908,15,32,1961,33390,47,35351,24.633123689727466,18527.777777777777,752.14893617021278,0.31914893617021278,0.055472263868065967
r_1295c8a93f96828a37e602f0349cf10f,Direct browsing,d_1be06ce1b670864df8c500dc82b295ae,1,0,a_e7d8c038c18055500148c5915382bd98,a_be00401e0e78740d9387db5e9017c442,p_25d1aafd2d8a50c8b981f531687fe8bc,p_3dd478bd944ece2906a0c8e4425f63be,6,1734,28,32,3144,34801,60,37945,34.602076124567475,21882.929642445215,632.41666666666663,0.46666666666666667,0.082856766372381083
r_1d0810958769c08f58b5815ddffcb8d6,Direct browsing,d_1be06ce1b670864df8c500dc82b295ae,1,0,a_e7d8c038c18055500148c5915382bd98,a_01c27fc950d2f075d869a4d0acaa48ee,p_3a9ea76feb009b791c9e59612300f27d,p_3dd478bd944ece2906a0c8e4425f63be,6,908,33,36,2922,40323,69,43245,75.991189427312776,47626.651982378855,626.73913043478262,0.47826086956521741,0.067568505029483181
r_41469522d9c090b035b06a4ae05f308e,Direct browsing,d_1be06ce1b670864df8c500dc82b295ae,1,0,a_e7d8c038c18055500148c5915382bd98,a_01c27fc950d2f075d869a4d0acaa48ee,p_2ab5e59c897136540e72f91340f05ce6,p_3dd478bd944ece2906a0c8e4425f63be,6,725,25,29,2618,31930,54,34548,74.482758620689651,47652.413793103449,639.77777777777783,0.46296296296296297,0.075778626838022459
r_db3f0151d8cfbede218c0f027836f599,Direct browsing,d_1be06ce1b670864df8c500dc82b295ae,1,0,a_e7d8c038c18055500148c5915382bd98,a_4c67e38b4407a8a6e6e375181ae264c8,p_3e19dd90f6109a67000a34bbc658551c,p_3dd478bd944ece2906a0c8e4425f63be,6,18702,12,12,1623,7196,24,8819,1.283285210137953,471.55384450860868,367.45833333333331,0.5,0.18403447102846127
r_b4b22ccb302a1b70ffbf26c82d281fd2,Direct browsing,d_1be06ce1b670864df8c500dc82b295ae,1,0,a_e7d8c038c18055500148c5915382bd98,a_c6524ed496a90ff6fb0da6a7fddf74ba,p_20f2252d95d675535bc7d9698895440e,p_3dd478bd944ece2906a0c8e4425f63be,6,29888,15,13,2709,6090,28,8799,0.93683083511777299,294.39908993576017,314.25,0.5357142857142857,0.30787589498806683
r_bb9c4fa41c39bc97d9aca1d53f4a4519,Direct browsing,d_1be06ce1b670864df8c500dc82b295ae,1,0,a_e7d8c038c18055500148c5915382bd98,a_8888e819d3794d45a798b8a0a9dd2393,p_832049baf3f47f3004f80ec81274cd1c,p_3dd478bd944ece2906a0c8e4425f63be,6,489,42,49,2935,52433,91,55368,186.09406952965236,113226.99386503067,608.43956043956041,0.46153846153846156,0.053008958243028467
r_c3207c0efa0f0a32a06439f2f4bf9411,Direct browsing,d_1be06ce1b670864df8c500dc82b295ae,1,0,a_e7d8c038c18055500148c5915382bd98,a_01c27fc950d2f075d869a4d0acaa48ee,p_c50d35baced68fde034d40844fafc7b9,p_3dd478bd944ece2906a0c8e4425f63be,6,1025,36,39,3049,41889,75,44938,73.170731707317074,43841.951219512201,599.17333333333329,0.47999999999999998,0.067849036450220307
r_7afbbe260d4af8a8fbc8459b8278915d,Direct browsing,d_1be06ce1b670864df8c500dc82b295ae,1,0,a_e7d8c038c18055500148c5915382bd98,a_01c27fc950d2f075d869a4d0acaa48ee,p_f7b95905e0247ae5c31601cd929ad77f,p_3dd478bd944ece2906a0c8e4425f63be,6,860,24,25,2582,25761,49,28343,56.97674418604651,32956.976744186046,578.42857142857144,0.48979591836734693,0.091098331157605059
r_47ae2528abcd5129e631d7823401f223,Direct browsing,d_1be06ce1b670864df8c500dc82b295ae,1,0,a_e7d8c038c18055500148c5915382bd98,a_7d3828a8fbb36b9a0b7353070c0bb225,p_8f986b47f66a9c316268af3beaf25264,p_3dd478bd944ece2906a0c8e4425f63be,6,1022,41,45,2763,47783,86,50546,84.148727984344418,49457.925636007829,587.74418604651157,0.47674418604651164,0.054663079175404583
r_af46942cc9c92ddc8f6d74a87c49957e,Direct browsing,d_1be06ce1b670864df8c500dc82b295ae,1,0,a_e7d8c038c18055500148c5915382bd98,a_cf31ba68046233719f1273a3a3789e72,p_bbdf9be25a76ae93356be23cf1da777c,p_3dd478bd944ece2906a0c8e4425f63be,6,111,6,6,849,327,12,1176,108.10810810810811,10594.594594594595,98,0.5,0.72193877551020413
r_04864e4a83529d63da20d92954b530bb,Direct browsing,d_1be06ce1b670864df8c500dc82b295ae,1,0,a_e7d8c038c18055500148c5915382bd98,a_01c27fc950d2f075d869a4d0acaa48ee,p_50e7b127d40339e2c173a5de16657a51,p_3dd478bd944ece2906a0c8e4425f63be,6,583,40,35,3278,38158,75,41436,128.6449399656947,71073.756432246999,552.48000000000002,0.53333333333333333,0.079109952698136879
r_c4f4553edc591ee802f092f30c8df792,Direct browsing,d_1be06ce1b670864df8c500dc82b295ae,1,0,a_e7d8c038c18055500148c5915382bd98,a_01c27fc950d2f075d869a4d0acaa48ee,p_9b59169e91520f45fcc08d83027bdb27,p_3dd478bd944ece2906a0c8e4425f63be,6,1063,36,34,3116,36433,70,39549,65.851364063969896,37205.079962370648,564.98571428571427,0.51428571428571423,0.078788338516776663
r_6159715fc48e91d2bf2f222fea78caf0,Direct browsing,d_1be06ce1b670864df8c500dc82b295ae,1,0,a_e7d8c038c18055500148c5915382bd98,a_01c27fc950d2f075d869a4d0acaa48ee,p_ecd1b359d0d92164b1ce975eafb28341,p_3dd478bd944ece2906a0c8e4425f63be,6,852,31,32,2833,35459,63,38292,73.943661971830991,44943.661971830988,607.80952380952385,0.49206349206349204,0.073984122009819284
r_380006790363a25c4c1c5d923e1d89f0,Direct browsing,d_1be06ce1b670864df8c500dc82b295ae,1,0,a_e7d8c038c18055500148c5915382bd98,a_01c27fc950d2f075d869a4d0acaa48ee,p_ebdc9861f93c80d44216386fe1022203,p_3dd478bd944ece2906a0c8e4425f63be,6,1045,37,33,3132,35070,70,38202,66.985645933014354,36556.937799043066,545.74285714285713,0.52857142857142858,0.081985236375058904
r_93428173e43dc09d2b4e0f124baa6c4d,Direct browsing,d_1be06ce1b670864df8c500dc82b295ae,1,0,a_e7d8c038c18055500148c5915382bd98,a_c9dd2e66c0fccf0c61a54091bde2dfb2,p_99dad3ec626edad8820c315aac2fed85,p_3dd478bd944ece2906a0c8e4425f63be,6,1910,20,27,2551,23194,47,25745,24.607329842931939,13479.057591623037,547.76595744680856,0.42553191489361702,0.099087201398329772
r_e587aa6ebe32cac53cb0192801bd9da3,Direct browsing,d_1be06ce1b670864df8c500dc82b295ae,1,0,a_e7d8c038c18055500148c5915382bd98,a_cf31ba68046233719f1273a3a3789e72,p_e05c50b801e335134a4210e083a18180,p_3dd478bd944ece2906a0c8e4425f63be,6,156,5,5,785,275,10,1060,64.102564102564102,6794.8717948717949,106,0.5,0.74056603773584906
r_d7575ccdf6c3086198b824ce39d12630,Direct browsing,d_1be06ce1b670864df8c500dc82b295ae,1,0,a_e7d8c038c18055500148c5915382bd98,a_c9dd2e66c0fccf0c61a54091bde2dfb2,p_c491a53d885ec8fbedb03d7f1a25065a,p_3dd478bd944ece2906a0c8e4425f63be,6,2120,20,26,2009,23142,46,25151,21.69811320754717,11863.679245283018,546.76086956521738,0.43478260869565216,0.079877539660450872
r_fae9bb26c0f457ad8326fd979dbc5f6b,Direct browsing,d_1be06ce1b670864df8c500dc82b295ae,1,0,a_e7d8c038c18055500148c5915382bd98,a_22ef8b27feaffad6a345035dd007558a,p_a5547aeeb77a714de6c88ebdce72245a,p_3dd478bd944ece2906a0c8e4425f63be,6,22555,13,11,1759,5122,24,6881,1.0640656173797385,305.0764797162492,286.70833333333331,0.54166666666666663,0.25563144891730855
r_532f71bbb21c9c2dcd2e2e2bea1233fc,Direct browsing,d_1be06ce1b670864df8c500dc82b295ae,1,0,a_e7d8c038c18055500148c5915382bd98,a_e26ebc8f66dc2a068e15783a09c1a4cb,p_1d32af29c1b06d7cca886b099b60d75b,p_3dd478bd944ece2906a0c8e4425f63be,6,565943,238,238,33967,18157,476,52124,0.84107410110205449,92.101147995469518,109.50420168067227,0.5,0.65165758575704091
r_bec022e42a707fbce0c95192a0515dc1,Direct browsing,d_1be06ce1b670864df8c500dc82b295ae,1,0,a_e7d8c038c18055500148c5915382bd98,a_cf31ba68046233719f1273a3a3789e72,p_fd53b7c26ec4d4a6494a2c88be942ab4,p_3dd478bd944ece2906a0c8e4425f63be,6,113,6,6,849,327,12,1176,106.19469026548673,10407.079646017699,98,0.5,0.72193877551020413
r_ee009ab753a1161a63ce393f37f39655,Direct browsing,d_1be06ce1b670864df8c500dc82b295ae,1,0,a_e7d8c038c18055500148c5915382bd98,a_01c27fc950d2f075d869a4d0acaa48ee,p_1370c5535ae17bbd54da55eea0e27b06,p_3dd478bd944ece2906a0c8e4425f63be,6,901,43,38,3421,42949,81,46370,89.900110987791336,51465.038845726966,572.46913580246917,0.53086419753086422,0.073776148371792111
r_0488878b11d2b6cf81771b89fc948452,Direct browsing,d_1be06ce1b670864df8c500dc82b295ae,1,0,a_e7d8c038c18055500148c5915382bd98,a_01c27fc950d2f075d869a4d0acaa48ee,p_df7117e848f63df888ddd95f29028f0e,p_3dd478bd944ece2906a0c8e4425f63be,6,873,43,38,3440,41667,81,45107,92.783505154639172,51668.957617411223,556.87654320987656,0.53086419753086422,0.076263107721639661
r_20ca9bd0525f6384413806e4db9d9d3a,Direct browsing,d_1be06ce1b670864df8c500dc82b295ae,1,0,a_e7d8c038c18055500148c5915382bd98,a_cf31ba68046233719f1273a3a3789e72,p_06de1b657b94d17bded69575f8bf2c5a,p_3dd478bd944ece2906a0c8e4425f63be,6,19639,12,15,1633,8241,27,9874,1.3748154183003209,502.77509038138402,365.7037037037037,0.44444444444444442,0.165383836337857
r_a03986dd968b9afabe46809d502bfb73,Direct browsing,d_1be06ce1b670864df8c500dc82b295ae,1,0,a_e7d8c038c18055500148c5915382bd98,a_01c27fc950d2f075d869a4d0acaa48ee,p_bde71135df39bc3139a4340e2fdd2a76,p_3dd478bd944ece2906a0c8e4425f63be,6,911,34,38,2943,41681,72,44624,79.034028540065862,48983.534577387487,619.77777777777783,0.47222222222222221,0.065951057726783793
r_14ce514e07c1151837285fb3a14a54f0,Direct browsing,d_1be06ce1b670864df8c500dc82b295ae,1,0,a_e7d8c038c18055500148c5915382bd98,a_01c27fc950d2f075d869a4d0acaa48ee,p_11a0ebddf50abb83f44e9ec05f4e425c,p_3dd478bd944ece2906a0c8e4425f63be,6,1192,32,33,3787,32952,65,36739,54.530201342281885,30821.308724832215,565.21538461538466,0.49230769230769234,0.10307847246794959
r_239b99ae958a931872dfdf0e0aede2c5,Direct browsing,d_1be06ce1b670864df8c500dc82b295ae,1,0,a_e7d8c038c18055500148c5915382bd98,a_01c27fc950d2f075d869a4d0acaa48ee,p_dee9add87704ef32818dc4a72c90dee9,p_3dd478bd944ece2906a0c8e4425f63be,6,985,36,31,3078,32864,67,35942,68.020304568527919,36489.340101522845,536.44776119402979,0.53731343283582089,0.085637972288687331
r_07675d970865e0dc732f92a413324fd7,Direct browsing,d_1be06ce1b670864df8c500dc82b295ae,1,0,a_e7d8c038c18055500148c5915382bd98,a_e9c192da5b492e2e228a72bd51cb8f40,p_e7443b05882156f32124b1cb0f6b1445,p_3dd478bd944ece2906a0c8e4425f63be,6,1441,29,44,2428,48913,73,51341,50.65926439972241,35628.730048577374,703.30136986301375,0.39726027397260272,0.047291638261818043
r_70bf9811064886d65f4f17727314b6d2,Direct browsing,d_1be06ce1b670864df8c500dc82b295ae,1,0,a_e7d8c038c18055500148c5915382bd98,a_15a082f506e5bfe94c47657b615e9fb3,p_2562ad248366dc8fb235ebf5a63640de,p_3dd478bd944ece2906a0c8e4425f63be,6,931,13,12,1694,7717,25,9411,26.85284640171858,10108.485499462942,376.44,0.52000000000000002,0.18000212517267028
r_118903dddeb0a9d5a3f5996def45c459,Direct browsing,d_1be06ce1b670864df8c500dc82b295ae,1,0,a_e7d8c038c18055500148c5915382bd98,a_3c49b6ed36e58897b1259f46cbd0a5f8,p_8cea0b53d96ec08134cb066fa5fc15b7,p_1239ed2e7e41d197d93a326176df63b2,17,0,1,0,30,0,1,30,,,30,1,1
r_06de85b72fb593d72c51fcd4ddf12bf4,Direct browsing,d_1be06ce1b670864df8c500dc82b295ae,1,0,a_e7d8c038c18055500148c5915382bd98,a_01c27fc950d2f075d869a4d0acaa48ee,p_4194325095198aa39aaf39bb54c36061,p_3dd478bd944ece2906a0c8e4425f63be,6,1089,34,39,2939,42994,73,45933,67.033976124885214,42179.063360881541,629.21917808219177,0.46575342465753422,0.063984499161822653
r_7ba97cb7fade9c827c3f0312dc354897,Direct browsing,d_1be06ce1b670864df8c500dc82b295ae,1,0,a_e7d8c038c18055500148c5915382bd98,a_328db9e0ba5abab0489af3c8705fbfd1,p_cbe87375caa9afb91024470413f54cda,p_3dd478bd944ece2906a0c8e4425f63be,6,581,22,25,2079,21304,47,23383,80.895008605851984,40246.127366609297,497.51063829787233,0.46808510638297873,0.088910747123978964
r_94b3e0cfd7e48083e5d8c034d2752923,Direct browsing,d_1be06ce1b670864df8c500dc82b295ae,1,0,a_e7d8c038c18055500148c5915382bd98,a_01c27fc950d2f075d869a4d0acaa48ee,p_40840b610a7192c2600eeac54c0797ab,p_3dd478bd944ece2906a0c8e4425f63be,6,943,45,41,3081,45067,86,48148,91.19830328738071,51058.324496288442,559.8604651162791,0.52325581395348841,0.06399019689291352
r_32ec88557025637ab9b8fb5f7010f5fe,Direct browsing,d_1be06ce1b670864df8c500dc82b295ae,1,0,a_e7d8c038c18055500148c5915382bd98,a_cf31ba68046233719f1273a3a3789e72,p_e0a74186acc599d2a774bc0fc3c8e6c1,p_3dd478bd944ece2906a0c8e4425f63be,6,110,6,6,849,327,12,1176,109.09090909090909,10690.90909090909,98,0.5,0.72193877551020413
r_db782c92787106eefb4bcf5d1836a153,Direct browsing,d_1be06ce1b670864df8c500dc82b295ae,1,0,a_e7d8c038c18055500148c5915382bd98,a_d2536dbfa96d54320c0d5c2ab0cfde08,p_ba2b56307f4da15a5354977738b522bb,p_3dd478bd944ece2906a0c8e4425f63be,6,19039,15,14,1811,9070,29,10881,1.5231892431325174,571.51110877672147,375.20689655172413,0.51724137931034486,0.16643690837239225
r_54dc7e67144ad454637e8a7239ab322a,Direct browsing,d_1be06ce1b670864df8c500dc82b295ae,1,0,a_e7d8c038c18055500148c5915382bd98,a_cf31ba68046233719f1273a3a3789e72,p_b283a55195ddfb481dd007c9362d9b91,p_3dd478bd944ece2906a0c8e4425f63be,6,236,5,5,785,275,10,1060,42.372881355932208,4491.5254237288136,106,0.5,0.74056603773584906
r_733302faf8d060eeae2db76963539050,Direct browsing,d_1be06ce1b670864df8c500dc82b295ae,1,0,a_e7d8c038c18055500148c5915382bd98,a_01c27fc950d2f075d869a4d0acaa48ee,p_971a21e7719850a53b942f838e1900ab,p_3dd478bd944ece2906a0c8e4425f63be,6,998,34,38,2970,42999,72,45969,72.144288577154313,46061.122244488979,638.45833333333337,0.47222222222222221,0.064608758076094758
r_088ea9d106d32abd7453d88c49d5dad4,Direct browsing,d_1be06ce1b670864df8c500dc82b295ae,1,0,a_e7d8c038c18055500148c5915382bd98,a_01c27fc950d2f075d869a4d0acaa48ee,p_f7a48910399413cc160ad5abad8459eb,p_3dd478bd944ece2906a0c8e4425f63be,6,1062,34,39,2952,43456,73,46408,68.738229755178907,43698.681732580037,635.72602739726028,0.46575342465753422,0.063609722461644549
r_4c4944e87ba5be72603c0bf6274b6704,Direct browsing,d_1be06ce1b670864df8c500dc82b295ae,1,0,a_e7d8c038c18055500148c5915382bd98,a_eba08b057066a102ae74dcaf2ae49070,p_64d18f2d54536526c9e67e977bfb9a20,p_3dd478bd944ece2906a0c8e4425f63be,6,235,2,1,100,60,3,160,12.765957446808512,680.85106382978722,53.333333333333336,0.66666666666666663,0.625
r_8912324e14699d9fe9e8cc0ba7204959,Direct browsing,d_1be06ce1b670864df8c500dc82b295ae,1,0,a_e7d8c038c18055500148c5915382bd98,a_01c27fc950d2f075d869a4d0acaa48ee,p_9839531181b90529e21ea1fb8d584f02,p_3dd478bd944ece2906a0c8e4425f63be,6,1042,34,37,2961,43350,71,46311,68.138195777351243,44444.337811900194,652.26760563380287,0.47887323943661969,0.063937293515579446
r_98e5faf1028b7b6ddad1728412af06d8,Direct browsing,d_1be06ce1b670864df8c500dc82b295ae,1,0,a_e7d8c038c18055500148c5915382bd98,a_811bb762244b2bd3594b46a66bb96b64,p_bfe1f63484be3692f95bd95174a53b2a,p_3dd478bd944ece2906a0c8e4425f63be,6,1442,25,33,2603,31000,58,33603,40.221914008321775,23303.051317614427,579.36206896551721,0.43103448275862066,0.077463321727226739
r_13ff748c14f1d488b65586e212cc71cc,Direct browsing,d_1be06ce1b670864df8c500dc82b295ae,1,0,a_e7d8c038c18055500148c5915382bd98,a_cf31ba68046233719f1273a3a3789e72,p_e432ff561d1d216d50be7facffee0424,p_3dd478bd944ece2906a0c8e4425f63be,6,129,6,6,849,327,12,1176,93.023255813953483,9116.2790697674409,98,0.5,0.72193877551020413
r_d11b600f30d6ec3dcc5466086cb9ea37,Direct browsing,d_1be06ce1b670864df8c500dc82b295ae,1,0,a_e7d8c038c18055500148c5915382bd98,a_a01bb836e1b3bab55ad815e3753680e1,p_f3810bb308359a00b9991c243918bb58,p_3dd478bd944ece2906a0c8e4425f63be,6,3827,10,9,1492,4030,19,5522,4.9647243271492032,1442.9056702377841,290.63157894736844,0.52631578947368418,0.27019195943498731
r_3d7a25f41197fcab0da27ffceeabc3db,Direct browsing,d_1be06ce1b670864df8c500dc82b295ae,1,0,a_e7d8c038c18055500148c5915382bd98,a_01c27fc950d2f075d869a4d0acaa48ee,p_d36fdac0d6ccd979b795dd02f6ac255a,p_3dd478bd944ece2906a0c8e4425f63be,6,977,44,39,3466,41842,83,45308,84.953940634595696,46374.616171954964,545.8795180722891,0.53012048192771088,0.076498631588240482
r_43cfedefe5698aa8f1ae30b17bbeb377,Direct browsing,d_1be06ce1b670864df8c500dc82b295ae,1,0,a_e7d8c038c18055500148c5915382bd98,a_01c27fc950d2f075d869a4d0acaa48ee,p_2ac1bda5d5388ad14a5c42e88fa9464e,p_3dd478bd944ece2906a0c8e4425f63be,6,846,34,39,2937,43454,73,46391,86.288416075650119,54835.697399527191,635.49315068493149,0.46575342465753422,0.063309693690586533
r_032b6bb410647119e72b7e1454802967,Direct browsing,d_1be06ce1b670864df8c500dc82b295ae,1,0,a_e7d8c038c18055500148c5915382bd98,a_f7236bf52bab5693c5a0bd90b31e7b5d,p_09b694ec21e4f9d4fe7eab6f45a4adc3,p_d7195ebfc9c48d4a0beab7870d0eba9c,6,893,16,15,1012,12328,31,13340,34.714445688689807,14938.409854423291,430.32258064516128,0.5161290322580645,0.07586206896551724
r_3f6cfb7381a0b5f53458ea690a93cbc6,Direct browsing,d_1be06ce1b670864df8c500dc82b295ae,1,0,a_e7d8c038c18055500148c5915382bd98,a_cf31ba68046233719f1273a3a3789e72,p_134d668bf71723c9263b4e0caee4016a,p_3dd478bd944ece2906a0c8e4425f63be,6,104,6,6,849,327,12,1176,115.38461538461539,11307.692307692309,98,0.5,0.72193877551020413
r_63049fad41bf05d9d918b247a6c41c21,Direct browsing,d_1be06ce1b670864df8c500dc82b295ae,1,0,a_e7d8c038c18055500148c5915382bd98,a_01c27fc950d2f075d869a4d0acaa48ee,p_11130401a7773e394e74b14fe3ec97f1,p_3dd478bd944ece2906a0c8e4425f63be,6,975,44,39,3472,43455,83,46927,85.128205128205124,48130.256410256414,565.38554216867465,0.53012048192771088,0.073987256803119739
r_816dbaecfe807f3aa38c2d5b30f0a4b9,Direct browsing,d_1be06ce1b670864df8c500dc82b295ae,1,0,a_e7d8c038c18055500148c5915382bd98,a_01c27fc950d2f075d869a4d0acaa48ee,p_9cfccd0b2f355acd7c45f6f972035ceb,p_3dd478bd944ece2906a0c8e4425f63be,6,1017,40,35,3282,38160,75,41442,73.74631268436579,40749.262536873161,552.55999999999995,0.53333333333333333,0.07919501954538874
r_b4bb807570c03926b3baa68db54ae84e,Direct browsing,d_1be06ce1b670864df8c500dc82b295ae,1,0,a_e7d8c038c18055500148c5915382bd98,a_5223cb1e65ccaaf2674401458aae2f32,p_55d0464b85b41f12a9b8702d6e186695,p_3dd478bd944ece2906a0c8e4425f63be,6,1972,16,32,1903,33711,48,35614,24.340770791075052,18059.837728194725,741.95833333333337,0.33333333333333331,0.053434042792160387
r_cccc9adffcfbaf971252e3cd296266c0,Direct browsing,d_1be06ce1b670864df8c500dc82b295ae,1,0,a_e7d8c038c18055500148c5915382bd98,a_01c27fc950d2f075d869a4d0acaa48ee,p_4e4fbace6a56697f10975fa8c4e18e16,p_3dd478bd944ece2906a0c8e4425f63be,6,938,34,38,2952,43403,72,46355,76.759061833688705,49418.976545842219,643.81944444444446,0.47222222222222221,0.063682450652572539
r_20675ea86119153898afd555b408c7e2,Direct browsing,d_1be06ce1b670864df8c500dc82b295ae,1,0,a_e7d8c038c18055500148c5915382bd98,a_01c27fc950d2f075d869a4d0acaa48ee,p_fa92634d0270e37715c4bbb30fa50c19,p_3dd478bd944ece2906a0c8e4425f63be,6,815,34,38,2946,43404,72,46350,88.343558282208591,56871.165644171786,643.75,0.47222222222222221,0.063559870550161809
r_615336cce4d4af31199cf4d3cd713fcd,Direct browsing,d_1be06ce1b670864df8c500dc82b295ae,1,0,a_e7d8c038c18055500148c5915382bd98,a_5b6714b5a5453fc3a5bf74c787819ef9,p_a90d832d9dd9b85e07898ce33b6f0dab,p_3dd478bd944ece2906a0c8e4425f63be,6,31078,12,14,1621,7317,26,8938,0.83660467211532275,287.59894459102901,343.76923076923077,0.46153846153846156,0.18136048332960394
r_eb2159dec11c4da2ab628b6c2d36d290,Direct browsing,d_1be06ce1b670864df8c500dc82b295ae,1,0,a_e7d8c038c18055500148c5915382bd98,a_5b6714b5a5453fc3a5bf74c787819ef9,p_23e2e31f284975b2eee499e6efab0848,p_3dd478bd944ece2906a0c8e4425f63be,6,199,2,1,100,60,3,160,15.075376884422109,804.02010050251249,53.333333333333336,0.66666666666666663,0.625
r_d5f74f6e4d87e004862d70d12fe38e30,Direct browsing,d_1be06ce1b670864df8c500dc82b295ae,1,0,a_e7d8c038c18055500148c5915382bd98,a_01c27fc950d2f075d869a4d0acaa48ee,p_98b97e9fe412c88536d167fe7ea02d27,p_3dd478bd944ece2906a0c8e4425f63be,6,888,34,38,2951,43403,72,46354,81.081081081081081,52200.450450450451,643.80555555555554,0.47222222222222221,0.063662251369892564
r_9bf671b4ff0aee94b230f8f0a6968d48,Direct browsing,d_1be06ce1b670864df8c500dc82b295ae,1,0,a_e7d8c038c18055500148c5915382bd98,a_d7b8c92508d2ed5587abcccd6cf169d7,p_342818870ced21c6601fdc5e81d52b86,p_3dd478bd944ece2906a0c8e4425f63be,6,17590,12,11,1618,4269,23,5887,1.3075611142694712,334.67879476975554,255.95652173913044,0.52173913043478259,0.27484287412943775
r_6b717c966bb7f90321acbac16f93d85c,Direct browsing,d_1be06ce1b670864df8c500dc82b295ae,1,0,a_e7d8c038c18055500148c5915382bd98,a_01c27fc950d2f075d869a4d0acaa48ee,p_b43f0a611b4f1c89dd4d73dc06c1ebdc,p_3dd478bd944ece2906a0c8e4425f63be,6,539,34,38,2960,43402,72,46362,133.58070500927644,86014.842300556586,643.91666666666663,0.47222222222222221,0.063845390621629777
r_17fca7b9eaccdc0e7c7eef70be1ea8c4,Direct browsing,d_1be06ce1b670864df8c500dc82b295ae,1,0,a_e7d8c038c18055500148c5915382bd98,a_01c27fc950d2f075d869a4d0acaa48ee,p_e446b0660f7d530c61b105cbda4d9671,p_3dd478bd944ece2906a0c8e4425f63be,6,880,43,38,3426,41747,81,45173,92.045454545454547,51332.954545454544,557.69135802469134,0.53086419753086422,0.075841763885506827
r_921d4af277f7e1af43435f5657cf513b,Direct browsing,d_1be06ce1b670864df8c500dc82b295ae,1,0,a_e7d8c038c18055500148c5915382bd98,a_d7b8c92508d2ed5587abcccd6cf169d7,p_95aa86e8cb13ae75ab1c78bfa0905d4a,p_3dd478bd944ece2906a0c8e4425f63be,6,1983,40,49,2929,58026,89,60955,44.881492687846695,30738.779626828036,684.88764044943821,0.449438202247191,0.04805184152243458
r_278b50e885e70129acd2411a2ea01da4,Direct browsing,d_1be06ce1b670864df8c500dc82b295ae,1,0,a_e7d8c038c18055500148c5915382bd98,a_3c49b6ed36e58897b1259f46cbd0a5f8,p_2260f2a0d3aff936ea34fc8b3580f9fb,p_1239ed2e7e41d197d93a326176df63b2,17,0,1,0,30,0,1,30,,,30,1,1
r_edf0ab06a6ca55be99b246a732d5757f,Direct browsing,d_1be06ce1b670864df8c500dc82b295ae,1,0,a_e7d8c038c18055500148c5915382bd98,a_f7236bf52bab5693c5a0bd90b31e7b5d,p_5c108e0ef2e910a778f57cacce00ee50,p_d7195ebfc9c48d4a0beab7870d0eba9c,6,905,12,12,863,8684,24,9547,26.519337016574585,10549.171270718232,397.79166666666669,0.5,0.090394888446632446
r_7987568dc73bb7e99a1eb424cbaab83c,Direct browsing,d_1be06ce1b670864df8c500dc82b295ae,1,0,a_e7d8c038c18055500148c5915382bd98,a_cf31ba68046233719f1273a3a3789e72,p_74941bd1da97f4c63bef15a62184b50f,p_3dd478bd944ece2906a0c8e4425f63be,6,214,5,5,785,275,10,1060,46.728971962616825,4953.2710280373831,106,0.5,0.74056603773584906
r_c42867aa4e17222a0ab8e454d422bd5f,Direct browsing,d_1be06ce1b670864df8c500dc82b295ae,1,0,a_e7d8c038c18055500148c5915382bd98,a_e49717e92f181310252df3908be53972,p_a3a4929c006459113d488d40bb183991,p_3dd478bd944ece2906a0c8e4425f63be,6,857,14,12,1761,6884,26,8645,30.338389731621938,10087.514585764295,332.5,0.53846153846153844,0.20370156159629843
r_36498e49d2a8a7d33dbede2dbdacb5e4,Direct browsing,d_1be06ce1b670864df8c500dc82b295ae,1,0,a_e7d8c038c18055500148c5915382bd98,a_687e278757c627a7b6e770b7b530cc13,p_a0af7b50d3a35d6f47a473c8b6e0e73f,p_3dd478bd944ece2906a0c8e4425f63be,6,1342,11,10,1455,6020,21,7475,15.648286140089418,5570.0447093889716,355.95238095238096,0.52380952380952384,0.19464882943143813
r_f7fb449d296ea3356097182524e5416e,Direct browsing,d_1be06ce1b670864df8c500dc82b295ae,1,0,a_e7d8c038c18055500148c5915382bd98,a_07fca202197cf0f74052c7c5a5334fe7,p_dd72d03e99dcdd27301f89502562ecc4,p_3dd478bd944ece2906a0c8e4425f63be,6,28033,16,17,1846,9529,33,11375,1.1771840331038419,405.77176898655154,344.69696969696969,0.48484848484848486,0.16228571428571428
r_2d9218ad70a1290777027caefe8c1297,Direct browsing,d_1be06ce1b670864df8c500dc82b295ae,1,0,a_e7d8c038c18055500148c5915382bd98,a_5909123435fd969820788e424e5162ac,p_e3acaa5b2966e626724457346446d4ba,p_3dd478bd944ece2906a0c8e4425f63be,6,778,6,5,849,275,11,1124,14.138817480719794,1444.7300771208227,102.18181818181819,0.54545454545454541,0.75533807829181498
r_a65f6fb45666e2935d39ea25d9c3a84d,Direct browsing,d_1be06ce1b670864df8c500dc82b295ae,1,0,a_e7d8c038c18055500148c5915382bd98,a_7bcd6b3f9f968fb5d82495624b1ed1e8,p_115a492a147bfb27ba630a36f43c6224,p_3dd478bd944ece2906a0c8e4425f63be,6,22622,29,29,2587,17657,58,20244,2.5638758730439397,894.88108920519846,349.0344827586207,0.5,0.12779095040505828
r_dc1c7a512384e8a2f90da69cee55bfb6,Direct browsing,d_1be06ce1b670864df8c500dc82b295ae,1,0,a_e7d8c038c18055500148c5915382bd98,a_cf31ba68046233719f1273a3a3789e72,p_ec6df0a3b0737b00b494ac9fe01921a5,p_3dd478bd944ece2906a0c8e4425f63be,6,172,6,6,849,327,12,1176,69.767441860465127,6837.209302325582,98,0.5,0.72193877551020413
r_748d934d315a31a8063b12d4dc2d3d4f,Direct browsing,d_1be06ce1b670864df8c500dc82b295ae,1,0,a_e7d8c038c18055500148c5915382bd98,a_cf31ba68046233719f1273a3a3789e72,p_2f2582077e07a9c0347bdab75d6acc01,p_3dd478bd944ece2906a0c8e4425f63be,6,27042,12,12,1632,7216,24,8848,0.88750832039050365,327.19473411729899,368.66666666666669,0.5,0.18444846292947559
r_96ceb00ec2ad3471b7adfe235446f028,Direct browsing,d_1be06ce1b670864df8c500dc82b295ae,1,0,a_e7d8c038c18055500148c5915382bd98,a_a17438509a328a313b6fdb3acd2192c9,p_cee542fa0cc85d5f622c9e4c6ba52a92,p_3dd478bd944ece2906a0c8e4425f63be,6,23839,13,12,2078,5538,25,7616,1.0487017072863796,319.47648810772267,304.63999999999999,0.52000000000000002,0.27284663865546216
r_12daef7a04628547ec3c8596dceb4211,Direct browsing,d_1be06ce1b670864df8c500dc82b295ae,1,0,a_e7d8c038c18055500148c5915382bd98,a_5909123435fd969820788e424e5162ac,p_e188a326a167b905d105cbb9118865a6,p_d7195ebfc9c48d4a0beab7870d0eba9c,6,22701,6,5,675,632,11,1307,0.48456015153517468,57.574556186952115,118.81818181818181,0.54545454545454541,0.51644988523335889
r_c3d2135dc1b8b76d09b7925aa1e2f18f,Direct browsing,d_1be06ce1b670864df8c500dc82b295ae,1,0,a_e7d8c038c18055500148c5915382bd98,a_f26b8b23d2d6191a80de5aaf95f1f88e,p_c67e9bf7d216942f45e20d23d75cc3be,p_3dd478bd944ece2906a0c8e4425f63be,6,5335,22,29,1897,22754,51,24651,9.5595126522961582,4620.6185567010307,483.35294117647061,0.43137254901960786,0.076954281773558883
r_3143082fc80733f64c552cc583bb1905,Direct browsing,d_1be06ce1b670864df8c500dc82b295ae,1,0,a_e7d8c038c18055500148c5915382bd98,a_cf31ba68046233719f1273a3a3789e72,p_d90cf16507f4bb1a7629230eb8f5a8e5,p_d7195ebfc9c48d4a0beab7870d0eba9c,6,100,11,9,912,7337,20,8249,200,82490,412.44999999999999,0.55000000000000004,0.11055885561886289
r_44f7c813abc54b514d98f725bb591980,Direct browsing,d_1be06ce1b670864df8c500dc82b295ae,1,0,a_e7d8c038c18055500148c5915382bd98,a_8137a47fa99bc66b79cbbe7465556c5a,p_3c19433541b369a2c6c22c0e1a15d9ce,p_3dd478bd944ece2906a0c8e4425f63be,6,11851,11,10,1575,3178,21,4753,1.7720023626698167,401.06320141760187,226.33333333333334,0.52380952380952384,0.33136966126656847
r_50a69bab8ba717b5164fd6bd39ce0c8c,Direct browsing,d_1be06ce1b670864df8c500dc82b295ae,1,0,a_e7d8c038c18055500148c5915382bd98,a_5909123435fd969820788e424e5162ac,p_51586ba14a993d65467a2f1e5b87fa4c,p_3dd478bd944ece2906a0c8e4425f63be,6,675,5,5,785,275,10,1060,14.814814814814813,1570.3703703703702,106,0.5,0.74056603773584906
r_6e721cab479c99c7ac63e45e2a4d4e3a,Direct browsing,d_1be06ce1b670864df8c500dc82b295ae,1,0,a_e7d8c038c18055500148c5915382bd98,a_bf0ab415dcc862e22b99e9e397fc5719,p_8c454b3b38166d7cb5f846cc26ad05ac,p_3dd478bd944ece2906a0c8e4425f63be,6,1147,24,22,1966,12554,46,14520,40.104620749782036,12659.110723626853,315.6521739130435,0.52173913043478259,0.13539944903581266
r_5b6a46c59587971306e3e0be071bcce9,Direct browsing,d_1be06ce1b670864df8c500dc82b295ae,1,0,a_e7d8c038c18055500148c5915382bd98,a_cf31ba68046233719f1273a3a3789e72,p_e1be73f92f292648f27f72e62ffffada,p_d7195ebfc9c48d4a0beab7870d0eba9c,6,176,11,9,919,7340,20,8259,113.63636363636364,46926.136363636368,412.94999999999999,0.55000000000000004,0.11127255115631432
r_0db1300ad1e01ac4a8d47816536586a7,Direct browsing,d_1be06ce1b670864df8c500dc82b295ae,1,0,a_e7d8c038c18055500148c5915382bd98,a_cf31ba68046233719f1273a3a3789e72,p_ab0061662728b51f1069a57ca7cab00c,p_3dd478bd944ece2906a0c8e4425f63be,6,153,13,12,1678,7168,25,8846,163.39869281045753,57816.993464052292,353.83999999999997,0.52000000000000002,0.18969025548270405
r_b9c07349ea348d64286328be54e5f85e,Direct browsing,d_1be06ce1b670864df8c500dc82b295ae,1,0,a_e7d8c038c18055500148c5915382bd98,a_e6e5851c92b999fc463b13408d93e953,p_b10222d513b85cfb6f1c70240018905f,p_3dd478bd944ece2906a0c8e4425f63be,6,1258,25,30,2450,28480,55,30930,43.72019077901431,24586.645468998409,562.36363636363637,0.45454545454545453,0.079211121888134492
r_52f7b1cb3d8425d87be0e78fdf0c1a42,Direct browsing,d_1be06ce1b670864df8c500dc82b295ae,1,0,a_e7d8c038c18055500148c5915382bd98,a_6bcb98b1cc31bb4f44e1e0ba052f8463,p_411f6a4c9479a9652bee12a647b4aced,p_3dd478bd944ece2906a0c8e4425f63be,6,1333,10,9,1465,3748,19,5213,14.253563390847713,3910.7276819204803,274.36842105263156,0.52631578947368418,0.28102819873393442
r_a67c36c5148247a1e8a532b10f623672,Direct browsing,d_1be06ce1b670864df8c500dc82b295ae,1,0,a_e7d8c038c18055500148c5915382bd98,a_275a7f699820789c39c7f399fcdf45a3,p_5fb4933da99ed37b50c7692f559cd916,p_3dd478bd944ece2906a0c8e4425f63be,6,5594,10,9,1494,4322,19,5816,3.3964962459778332,1039.6853771898461,306.10526315789474,0.52631578947368418,0.25687757909215958
r_1547cb6ba3f750a4c262502e8368da82,Direct browsing,d_1be06ce1b670864df8c500dc82b295ae,1,0,a_e7d8c038c18055500148c5915382bd98,a_f9eae9f2ecbba96e074f6e63603c28a9,p_3b9351684253113b1f7a2f66494e630b,p_3dd478bd944ece2906a0c8e4425f63be,6,407,5,5,785,275,10,1060,24.570024570024572,2604.4226044226048,106,0.5,0.74056603773584906
r_6263bd1cfe0effab0c0de6c05a2b7bf6,Direct browsing,d_1be06ce1b670864df8c500dc82b295ae,1,0,a_e7d8c038c18055500148c5915382bd98,a_d7ca9fca8bbd2726b1a5f17b2e251f95,p_d4a3ff5747c348b8b43e7b38fb308eaf,p_3dd478bd944ece2906a0c8e4425f63be,6,5411,10,10,1496,4379,20,5875,3.6961744594344856,1085.7512474588802,293.75,0.5,0.25463829787234044
r_73e4240826112446ca7314a600ada9e5,Direct browsing,d_1be06ce1b670864df8c500dc82b295ae,1,0,a_e7d8c038c18055500148c5915382bd98,a_ecdbdc9574dfec32ca55bb3bda716ed5,p_cbd3912e73a937bf5c3893240154d88a,p_d7195ebfc9c48d4a0beab7870d0eba9c,6,501,5,4,631,499,9,1130,17.964071856287426,2255.489021956088,125.55555555555556,0.55555555555555558,0.55840707964601766
r_18831ee221445d0dd17fb12e98d64309,Direct browsing,d_1be06ce1b670864df8c500dc82b295ae,1,0,a_e7d8c038c18055500148c5915382bd98,a_2bbcb5061bfe143429ff4a5829249e68,p_655e50578bd4650a62ce6c6d142e7b43,p_3dd478bd944ece2906a0c8e4425f63be,6,740,18,20,1969,15290,38,17259,51.351351351351354,23322.972972972973,454.18421052631578,0.47368421052631576,0.11408540471637986
r_0e662d0e8e323aff1689b14c0d8920bb,Direct browsing,d_1be06ce1b670864df8c500dc82b295ae,1,0,a_e7d8c038c18055500148c5915382bd98,a_cf31ba68046233719f1273a3a3789e72,p_2dc43de9600a647b1d33303e74d91e59,p_3dd478bd944ece2906a0c8e4425f63be,6,441,7,6,901,327,13,1228,29.478458049886623,2784.580498866213,94.461538461538467,0.53846153846153844,0.73371335504885993
r_fe582e7037e1a18baebed7325d878ea3,Direct browsing,d_1be06ce1b670864df8c500dc82b295ae,1,0,a_e7d8c038c18055500148c5915382bd98,a_cf31ba68046233719f1273a3a3789e72,p_bcb1627792a4b92baf96f1e8a58ea4de,p_3dd478bd944ece2906a0c8e4425f63be,6,91,6,6,849,327,12,1176,131.86813186813188,12923.076923076924,98,0.5,0.72193877551020413
r_89ed66f51aa3e220201de0f727ec0f53,Direct browsing,d_1be06ce1b670864df8c500dc82b295ae,1,0,a_e7d8c038c18055500148c5915382bd98,a_5bcc03ed7043073ab975608127017c7b,p_3231262c4c6a451847df8e4d8f7a0031,p_3dd478bd944ece2906a0c8e4425f63be,6,856,9,8,1439,5083,17,6522,19.859813084112151,7619.1588785046733,383.64705882352939,0.52941176470588236,0.22063784115302054
r_deb1b0a0b7129d5103697c9490e38785,Direct browsing,d_1be06ce1b670864df8c500dc82b295ae,1,0,a_e7d8c038c18055500148c5915382bd98,a_cf31ba68046233719f1273a3a3789e72,p_04767b7cc8afd9869fd3583d5bb5bb89,p_3dd478bd944ece2906a0c8e4425f63be,6,22359,13,15,2067,7395,28,9462,1.2522921418668096,423.18529451227693,337.92857142857144,0.4642857142857143,0.21845275840202916
r_867b72b2fb7d82d1222e7ebacaeed613,Direct browsing,d_1be06ce1b670864df8c500dc82b295ae,1,0,a_e7d8c038c18055500148c5915382bd98,a_f7236bf52bab5693c5a0bd90b31e7b5d,p_b82d4d6e4757ab2abc0a545e5e8582c8,p_d7195ebfc9c48d4a0beab7870d0eba9c,6,663,10,9,782,6245,19,7027,28.657616892911008,10598.793363499246,369.84210526315792,0.52631578947368418,0.11128504340401309
r_f0e7b728fdcc27c184b36a97f1e86c2b,Direct browsing,d_1be06ce1b670864df8c500dc82b295ae,1,0,a_e7d8c038c18055500148c5915382bd98,a_3ef46a6629f4b144cb17f2129509f75d,p_14df89430fe6531d90874ccfd9a06a25,p_3dd478bd944ece2906a0c8e4425f63be,6,14601,47,49,2993,25120,96,28113,6.5748921306759804,1925.4160673926442,292.84375,0.48958333333333331,0.10646320207733077
r_32bf544e9a5e2986c68a7268c8ba7483,Direct browsing,d_1be06ce1b670864df8c500dc82b295ae,1,0,a_e7d8c038c18055500148c5915382bd98,a_fe619011b422704f5c52186cb8b19ef8,p_89809893881504f898ab4237324dc385,p_d7195ebfc9c48d4a0beab7870d0eba9c,6,562,8,6,686,4075,14,4761,24.911032028469748,8471.5302491103193,340.07142857142856,0.5714285714285714,0.1440873766015543
r_2772cb943b828079c86424917ebe0338,Direct browsing,d_1be06ce1b670864df8c500dc82b295ae,1,0,a_e7d8c038c18055500148c5915382bd98,a_8024e57663be7114e5f7afb9dec82837,p_0f9ba6a954d9dedc3758c7eefcb19fbc,p_3dd478bd944ece2906a0c8e4425f63be,6,1015,10,10,1465,4355,20,5820,19.704433497536947,5733.9901477832518,291,0.5,0.25171821305841924
r_9893f306973edad291214c5ff12bd837,Direct browsing,d_1be06ce1b670864df8c500dc82b295ae,1,0,a_e7d8c038c18055500148c5915382bd98,a_adadad84f4fae658fb16027cd0fc63da,p_a602cf9716c16d3d4341447814914347,p_3dd478bd944ece2906a0c8e4425f63be,6,1822,27,36,2453,38311,63,40764,34.577387486278816,22373.216245883643,647.04761904761904,0.42857142857142855,0.060175645177117064
r_7fdd673e90ef7322377cec034afd9a9e,Direct browsing,d_1be06ce1b670864df8c500dc82b295ae,1,0,a_e7d8c038c18055500148c5915382bd98,a_22e55c96c0c1a2b99f49d31c0a910d39,p_2e320e8a0411f3365d99fe7e43bb8a96,p_3dd478bd944ece2906a0c8e4425f63be,6,21472,10,9,1524,3414,19,4938,0.88487332339791347,229.97391952309982,259.89473684210526,0.52631578947368418,0.30862697448359661
r_ad5076429f90009316fe8073453507a0,Direct browsing,d_1be06ce1b670864df8c500dc82b295ae,1,0,a_e7d8c038c18055500148c5915382bd98,a_14c808e7292b3ab75d4096c3a8e7e996,p_ba9753afef3a9adb35908e0a3444db86,p_d7195ebfc9c48d4a0beab7870d0eba9c,6,887,16,14,1052,16000,30,17052,33.82187147688839,19224.351747463359,568.39999999999998,0.53333333333333333,0.061693642974431154
r_d52e5f2253f4280cada9189d01b00a95,Direct browsing,d_1be06ce1b670864df8c500dc82b295ae,1,0,a_e7d8c038c18055500148c5915382bd98,a_c4f4cd73be1577d1c257791f36812adf,p_37bf80e1e7ba59c510c12dfdec4a6de4,p_3dd478bd944ece2906a0c8e4425f63be,6,17393,16,21,1928,17871,37,19799,2.1272925889725749,1138.331512677514,535.10810810810813,0.43243243243243246,0.097378655487650886
r_fe1959a6c11a4845b6212ede460e8748,Direct browsing,d_1be06ce1b670864df8c500dc82b295ae,1,0,a_e7d8c038c18055500148c5915382bd98,a_a58bdc82a6861be416a4281941746d57,p_a53ef24a5618f65d0c4a46a1cd965870,p_3dd478bd944ece2906a0c8e4425f63be,6,1873,29,41,2457,45344,70,47801,37.373198077949816,25521.089161772557,682.87142857142862,0.41428571428571431,0.051400598313842805
r_43154b58b6d7c0fbe60040daea39e618,Direct browsing,d_1be06ce1b670864df8c500dc82b295ae,1,0,a_e7d8c038c18055500148c5915382bd98,a_aba7d6b8564eed630e233b8c9c513ccf,p_fa92040c336363dbece3d5ce312cc450,p_3dd478bd944ece2906a0c8e4425f63be,6,1810,28,35,2426,40195,63,42621,34.806629834254146,23547.513812154695,676.52380952380952,0.44444444444444442,0.056920297505924311
r_cbd404db8c92370998abd942d40f6979,Direct browsing,d_1be06ce1b670864df8c500dc82b295ae,1,0,a_e7d8c038c18055500148c5915382bd98,a_73d451d68d284888aac64dd225ad7797,p_0e0758c17e41f5a95e5651a144188b05,p_3dd478bd944ece2906a0c8e4425f63be,6,1095,10,9,1459,4317,19,5776,17.351598173515981,5274.8858447488583,304,0.52631578947368418,0.25259695290858725
r_feaafc12922cc84e189dae27afda6259,Direct browsing,d_1be06ce1b670864df8c500dc82b295ae,1,0,a_e7d8c038c18055500148c5915382bd98,a_cf31ba68046233719f1273a3a3789e72,p_b5860b96080e33c1a1bc2e7994bed914,p_3dd478bd944ece2906a0c8e4425f63be,6,128,5,5,785,275,10,1060,78.125,8281.25,106,0.5,0.74056603773584906
r_937ef90e5978082fed7cd366920a7327,Direct browsing,d_1be06ce1b670864df8c500dc82b295ae,1,0,a_e7d8c038c18055500148c5915382bd98,a_19712890f1d06e3082d52db1d00b2d80,p_bae8e1d176fa18e7a35bfc832d318cfc,p_3dd478bd944ece2906a0c8e4425f63be,6,3466,56,60,4703,66952,116,71655,33.467974610502019,20673.687247547605,617.7155172413793,0.48275862068965519,0.065633940408903774
r_9dcbc1f7e21077a24b137f3428eca9dd,Direct browsing,d_1be06ce1b670864df8c500dc82b295ae,1,0,a_e7d8c038c18055500148c5915382bd98,a_c768cf03bcc8571b20df780f5600a7dd,p_280d62cbbcd05d25bf5a376c2987dbbf,p_3dd478bd944ece2906a0c8e4425f63be,6,1179,15,12,1822,6404,27,8226,22.900763358778626,6977.0992366412211,304.66666666666669,0.55555555555555558,0.22149282761974229
r_727da5d4c1ebe1f5c1d2034829c73847,Direct browsing,d_1be06ce1b670864df8c500dc82b295ae,1,0,a_e7d8c038c18055500148c5915382bd98,a_7c456acde539e879341dface00ed84ba,p_8ec446628dd57eb48424ff0eaf2cd568,p_3dd478bd944ece2906a0c8e4425f63be,6,1412,35,43,2740,48736,78,51476,55.240793201133151,36456.090651558079,659.9487179487179,0.44871794871794873,0.053228689097832002
r_fe68b63dc020ade1b76e53b88d5280d1,Direct browsing,d_1be06ce1b670864df8c500dc82b295ae,1,0,a_e7d8c038c18055500148c5915382bd98,a_01c27fc950d2f075d869a4d0acaa48ee,p_3fdaa10f6dffc229ed00326f3b62d82f,p_3dd478bd944ece2906a0c8e4425f63be,6,945,34,38,2942,43065,72,46007,76.19047619047619,48684.65608465609,638.98611111111109,0.47222222222222221,0.06394679070576216
r_1972b2ed57e815d61ce4c29b105a606f,Direct browsing,d_1be06ce1b670864df8c500dc82b295ae,1,0,a_e7d8c038c18055500148c5915382bd98,a_01c27fc950d2f075d869a4d0acaa48ee,p_d917c65830b692f5bcf9415fd0b52e7a,p_3dd478bd944ece2906a0c8e4425f63be,6,943,36,31,3098,32468,67,35566,71.049840933191945,37715.800636267231,530.83582089552237,0.53731343283582089,0.087105662711578477
r_ae7e61494a9d725123ec5c51f58ccbd6,Direct browsing,d_1be06ce1b670864df8c500dc82b295ae,1,0,a_e7d8c038c18055500148c5915382bd98,a_01c27fc950d2f075d869a4d0acaa48ee,p_7b0ac749c19bffa5f52aaf7ff8033607,p_3dd478bd944ece2906a0c8e4425f63be,6,853,39,34,3244,38107,73,41351,85.580304806565067,48477.139507620166,566.45205479452056,0.53424657534246578,0.078450339774128797
r_1db7a28062bbf1f55171733a37764e2d,Direct browsing,d_1be06ce1b670864df8c500dc82b295ae,1,0,a_e7d8c038c18055500148c5915382bd98,a_5909123435fd969820788e424e5162ac,p_cf562b4aba9de965477d76a1c9fe401c,p_3dd478bd944ece2906a0c8e4425f63be,6,666,5,5,785,275,10,1060,15.015015015015015,1591.5915915915914,106,0.5,0.74056603773584906
r_ead37802eb5dde75c7fe5fd1dad0a662,Direct browsing,d_1be06ce1b670864df8c500dc82b295ae,1,0,a_e7d8c038c18055500148c5915382bd98,a_01c27fc950d2f075d869a4d0acaa48ee,p_7c33a1b94da3882a439fc871bc2baf2b,p_3dd478bd944ece2906a0c8e4425f63be,6,907,43,38,3418,43040,81,46458,89.305402425578833,51221.609702315327,573.55555555555554,0.53086419753086422,0.073571828318050717
r_e503386fede168eaa5822c11f97b36f7,Direct browsing,d_1be06ce1b670864df8c500dc82b295ae,1,0,a_e7d8c038c18055500148c5915382bd98,a_3ef46a6629f4b144cb17f2129509f75d,p_c3b1a56d3b4c4eedaa8c4c9b31fbaca6,p_3dd478bd944ece2906a0c8e4425f63be,6,14416,46,49,2953,25120,95,28073,6.5899001109877915,1947.350166481687,295.50526315789472,0.48421052631578948,0.10519004025219962
r_bb4f694905e2e888920872442b26eeb1,Direct browsing,d_1be06ce1b670864df8c500dc82b295ae,1,0,a_e7d8c038c18055500148c5915382bd98,a_cf31ba68046233719f1273a3a3789e72,p_352dd1822617e5db8742783040157287,p_3dd478bd944ece2906a0c8e4425f63be,6,159,5,6,785,327,11,1112,69.182389937106919,6993.7106918238997,101.09090909090909,0.45454545454545453,0.7059352517985612
r_62e9282bb40c370e18b31702bb4acbda,Direct browsing,d_1be06ce1b670864df8c500dc82b295ae,1,0,a_e7d8c038c18055500148c5915382bd98,a_1a5c00b1cc711b4434f070a20b5f79dd,p_3e7d67bc47b21a492a3c9a1c3ba33754,p_3dd478bd944ece2906a0c8e4425f63be,6,11237,8,0,480,0,8,480,0.71193379015751534,42.716027409450923,60,1,1
r_8a1fa8eb388511fe696f3e61b51957d2,Direct browsing,d_1be06ce1b670864df8c500dc82b295ae,1,0,a_e7d8c038c18055500148c5915382bd98,a_cf31ba68046233719f1273a3a3789e72,p_5a8aa24b1d9419924ad46bcef523ce90,p_3dd478bd944ece2906a0c8e4425f63be,6,83,6,6,849,327,12,1176,144.57831325301203,14168.674698795179,98,0.5,0.72193877551020413
r_869be134355956d2194f66c2d32f6bd6,Direct browsing,d_1be06ce1b670864df8c500dc82b295ae,1,0,a_e7d8c038c18055500148c5915382bd98,a_275a7f699820789c39c7f399fcdf45a3,p_7976738565da3427f96369952b87bd3f,p_3dd478bd944ece2906a0c8e4425f63be,6,5648,10,9,1474,4314,19,5788,3.3640226628895187,1024.787535410765,304.63157894736844,0.52631578947368418,0.25466482377332411
r_6a2c5c178fbbcffb46c4bb1145050859,Direct browsing,d_1be06ce1b670864df8c500dc82b295ae,1,0,a_e7d8c038c18055500148c5915382bd98,a_370e80b06c7db578fe7397862b1e8235,p_ad6fd139f6dfd1931dc2f6f7225dcbea,p_d7195ebfc9c48d4a0beab7870d0eba9c,6,5925,5,4,620,310,9,930,1.518987341772152,156.96202531645571,103.33333333333333,0.55555555555555558,0.66666666666666663
r_52347373f598550dd75a7837d8c4154c,Direct browsing,d_1be06ce1b670864df8c500dc82b295ae,1,0,a_e7d8c038c18055500148c5915382bd98,a_36fe1ae1347811ce796bbbabce65b93b,p_3284923f8573f80d7bea7d95bebd8167,p_d7195ebfc9c48d4a0beab7870d0eba9c,6,470,7,5,2790,2016,12,4806,25.531914893617024,10225.531914893618,400.5,0.58333333333333337,0.58052434456928836
r_dc222293345ecfd1bf79d35917f9b6f7,Direct browsing,d_1be06ce1b670864df8c500dc82b295ae,1,0,a_e7d8c038c18055500148c5915382bd98,a_8ba7889c1d6abb1451eb38e621612ae5,p_f62b32c43e14f9fd1a9ea578957fb3ad,p_3dd478bd944ece2906a0c8e4425f63be,6,283,2,1,100,60,3,160,10.600706713780919,565.37102473498237,53.333333333333336,0.66666666666666663,0.625
r_8e376be6984133fb24ffab601a5f69d7,Direct browsing,d_1be06ce1b670864df8c500dc82b295ae,1,0,a_e7d8c038c18055500148c5915382bd98,a_cf31ba68046233719f1273a3a3789e72,p_2f357e60ced17e8a18861efd3e633071,p_3dd478bd944ece2906a0c8e4425f63be,6,106,6,5,837,275,11,1112,103.77358490566039,10490.566037735849,101.09090909090909,0.54545454545454541,0.75269784172661869
r_4422c67149b9c23b2cbb4622472e1c76,Direct browsing,d_1be06ce1b670864df8c500dc82b295ae,1,0,a_e7d8c038c18055500148c5915382bd98,a_1e3c1f9e2d4ee9fc67d6ba63d7f1fea7,p_5ae338b385f31649436d2f1f7401a218,p_3dd478bd944ece2906a0c8e4425f63be,6,1865,22,29,2084,28202,51,30286,27.345844504021446,16239.142091152815,593.84313725490199,0.43137254901960786,0.068810671597437756
r_4b4ba0ce2fa445f836d747d4d837f840,Direct browsing,d_1be06ce1b670864df8c500dc82b295ae,1,0,a_e7d8c038c18055500148c5915382bd98,a_cf31ba68046233719f1273a3a3789e72,p_5c36d33ca0181074c2297ac74575c877,p_d7195ebfc9c48d4a0beab7870d0eba9c,6,118,11,10,962,7407,21,8369,177.96610169491527,70923.728813559326,398.52380952380952,0.52380952380952384,0.1149480224638547
r_b3d34540bd759b121fa720e4cffb3194,Direct browsing,d_1be06ce1b670864df8c500dc82b295ae,1,0,a_e7d8c038c18055500148c5915382bd98,a_cf31ba68046233719f1273a3a3789e72,p_58259ddd0e9912ffec2cacd687197917,p_3dd478bd944ece2906a0c8e4425f63be,6,133,5,5,785,275,10,1060,75.187969924812023,7969.9248120300745,106,0.5,0.74056603773584906
r_7983a320dcef6d8e08a280efbd24d87d,Direct browsing,d_1be06ce1b670864df8c500dc82b295ae,1,0,a_e7d8c038c18055500148c5915382bd98,a_bab25c91889f4c8bcb46877d67de2eca,p_82bdca55e0ad837ff5f4ab510bee34bb,p_d7195ebfc9c48d4a0beab7870d0eba9c,6,5687,5,4,613,405,9,1018,1.5825567082820466,179.00474767012483,113.11111111111111,0.55555555555555558,0.60216110019646363
r_2c996767699a86f2ac61b569d005d0bf,Direct browsing,d_1be06ce1b670864df8c500dc82b295ae,1,0,a_e7d8c038c18055500148c5915382bd98,a_cf31ba68046233719f1273a3a3789e72,p_8a383c52020e29ee3356123f678698e8,p_3dd478bd944ece2906a0c8e4425f63be,6,211,5,5,785,275,10,1060,47.393364928909953,5023.6966824644551,106,0.5,0.74056603773584906
r_5932409b98031d7b7cd3acfff3201cae,Direct browsing,d_1be06ce1b670864df8c500dc82b295ae,1,0,a_e7d8c038c18055500148c5915382bd98,a_85b109edf675c025cdab4434a8fed9e4,p_ce14bbdc0a649fba274cb7d66203e89c,p_3dd478bd944ece2906a0c8e4425f63be,6,2519,69,75,4095,90339,144,94434,57.165541881699085,37488.685986502576,655.79166666666663,0.47916666666666669,0.043363619035516866
r_ea7c389395c555264bc73d5cd011808d,Direct browsing,d_1be06ce1b670864df8c500dc82b295ae,1,0,a_e7d8c038c18055500148c5915382bd98,a_cf31ba68046233719f1273a3a3789e72,p_1471120a23ef19c04fb5a6dd6e5e3903,p_3dd478bd944ece2906a0c8e4425f63be,6,15560,16,15,2235,7660,31,9895,1.9922879177377892,635.92544987146528,319.19354838709677,0.5161290322580645,0.22587165234967155
r_e5ac79fb5f831e73c26a3fea29c549cb,Direct browsing,d_1be06ce1b670864df8c500dc82b295ae,1,0,a_e7d8c038c18055500148c5915382bd98,a_f0874526b6177ad0f3d9393435b13019,p_b40787a517990ae4ab2bd47c9cb1cd52,p_d7195ebfc9c48d4a0beab7870d0eba9c,6,530,5,4,644,398,9,1042,16.981132075471699,1966.0377358490566,115.77777777777777,0.55555555555555558,0.61804222648752394
r_4b547a61ddfa6ed0cafc519b8caaf200,Direct browsing,d_1be06ce1b670864df8c500dc82b295ae,1,0,a_e7d8c038c18055500148c5915382bd98,a_4fa66830682c454d1cb1fcdeff2f74ef,p_f62206b5ca61003d59110fc0f9d77ad1,p_d7195ebfc9c48d4a0beab7870d0eba9c,6,807,6,5,643,508,11,1151,13.630731102850062,1426.2701363073108,104.63636363636364,0.54545454545454541,0.5586446568201564
r_b2d02107a3e40168c1b81ec05ce40237,Direct browsing,d_1be06ce1b670864df8c500dc82b295ae,1,0,a_e7d8c038c18055500148c5915382bd98,a_f7236bf52bab5693c5a0bd90b31e7b5d,p_93288998ddbdac2be9b1e87c6a71e925,p_d7195ebfc9c48d4a0beab7870d0eba9c,6,1233,14,13,948,10261,27,11209,21.897810218978101,9090.8353609083533,415.14814814814815,0.51851851851851849,0.084574895173521278
r_acf598a430cb2a94d47afada5de53f53,Direct browsing,d_1be06ce1b670864df8c500dc82b295ae,1,0,a_e7d8c038c18055500148c5915382bd98,a_5bcd4f2e91fc8879ae4d9d42f5ebc793,p_067def6e63fc5e8e8a1b547961b4249a,p_d7195ebfc9c48d4a0beab7870d0eba9c,6,873,23,21,1390,24892,44,26282,50.400916380297822,30105.383734249714,597.31818181818187,0.52272727272727271,0.052887908073966976
r_bc4c2504f404e86c2818c920374115ad,Direct browsing,d_1be06ce1b670864df8c500dc82b295ae,1,0,a_e7d8c038c18055500148c5915382bd98,a_9625074394f3747d34dc0279a491d942,p_d6b5cac1303e4a984ad9d88e81d33d24,p_3dd478bd944ece2906a0c8e4425f63be,6,23372,11,11,1578,6118,22,7696,0.94129727879513947,329.28290261851788,349.81818181818181,0.5,0.20504158004158005
r_dcf30944501118ef722a32a71aa533a7,Direct browsing,d_1be06ce1b670864df8c500dc82b295ae,1,0,a_e7d8c038c18055500148c5915382bd98,a_370e80b06c7db578fe7397862b1e8235,p_e95bd886c2ad854465f65332fd2afeea,p_d7195ebfc9c48d4a0beab7870d0eba9c,6,671,7,4,730,2970,11,3700,16.393442622950818,5514.1579731743659,336.36363636363637,0.63636363636363635,0.19729729729729731
r_636c55e14d4780a9dcd674eca8d0cc89,Direct browsing,d_1be06ce1b670864df8c500dc82b295ae,1,0,a_e7d8c038c18055500148c5915382bd98,a_f0874526b6177ad0f3d9393435b13019,p_12e4e23784cdeda3df408d9e0e526a43,p_3dd478bd944ece2906a0c8e4425f63be,6,869,14,14,1755,6287,28,8042,32.220943613348673,9254.3153049482171,287.21428571428572,0.5,0.21822929619497639
r_ace94028ac6873a1e3a3080b6c50e47e,Direct browsing,d_1be06ce1b670864df8c500dc82b295ae,1,0,a_e7d8c038c18055500148c5915382bd98,a_86f5dea87cc1d8db91ca6d1b22f9aba4,p_1e501ea99f763d67e22b9dfef7a5c4d5,p_3dd478bd944ece2906a0c8e4425f63be,6,174,2,1,100,60,3,160,17.241379310344829,919.54022988505756,53.333333333333336,0.66666666666666663,0.625
r_cccce082cef86462173d034d58f7a244,Direct browsing,d_1be06ce1b670864df8c500dc82b295ae,1,0,a_e7d8c038c18055500148c5915382bd98,a_1e8f14e3081c8bc46a8633f8d4387ee0,p_ce8360d3c510c0530473450bff391d89,p_d7195ebfc9c48d4a0beab7870d0eba9c,6,698,7,4,761,2980,11,3741,15.759312320916907,5359.598853868195,340.09090909090907,0.63636363636363635,0.20342154504143278
r_fd9b03fbb5361d5830b01652ab641a44,Direct browsing,d_1be06ce1b670864df8c500dc82b295ae,1,0,a_e7d8c038c18055500148c5915382bd98,a_cf31ba68046233719f1273a3a3789e72,p_41450e00123dbd7d3810e9b88746f4e2,p_3dd478bd944ece2906a0c8e4425f63be,6,111,6,6,849,327,12,1176,108.10810810810811,10594.594594594595,98,0.5,0.72193877551020413
r_87834bb34f960ed5762830f36ddb5f2e,Direct browsing,d_1be06ce1b670864df8c500dc82b295ae,1,0,a_e7d8c038c18055500148c5915382bd98,a_2f9327eb55447d1c7a94cf9133886a1b,p_b9c61b5de4881c8856b0c4389efaf012,p_3dd478bd944ece2906a0c8e4425f63be,6,955,10,8,1582,5390,18,6972,18.848167539267017,7300.5235602094244,387.33333333333331,0.55555555555555558,0.22690763052208834
r_75d12e4344a2b79443da2b388d47a415,Direct browsing,d_1be06ce1b670864df8c500dc82b295ae,1,0,a_e7d8c038c18055500148c5915382bd98,a_6e179781c8c6f337cb905de78358ed01,p_47a768dd7b961e8db046bf7565ec0465,p_3dd478bd944ece2906a0c8e4425f63be,6,1085,9,9,1439,5108,18,6547,16.589861751152075,6034.1013824884794,363.72222222222223,0.5,0.21979532610355887
r_3c111e48b162e5f43791296cfb1004e9,Direct browsing,d_1be06ce1b670864df8c500dc82b295ae,1,0,a_e7d8c038c18055500148c5915382bd98,a_8441c3c1d2d77d2febf358202998b59d,p_c0935a2b3fce2e62bd354d7a9d7353da,p_3dd478bd944ece2906a0c8e4425f63be,6,1246,39,37,2857,38867,76,41724,60.995184590690208,33486.356340288927,549,0.51315789473684215,0.068473780078611823
r_74f95e26cc1b660ef9e709b0d0a91b78,Direct browsing,d_1be06ce1b670864df8c500dc82b295ae,1,0,a_e7d8c038c18055500148c5915382bd98,a_cf31ba68046233719f1273a3a3789e72,p_43b199d8c72101276cef7af2d48f952b,p_3dd478bd944ece2906a0c8e4425f63be,6,183,5,5,785,275,10,1060,54.644808743169399,5792.3497267759567,106,0.5,0.74056603773584906
r_2f80bd3f0132e687a0a97274f0f92a17,Direct browsing,d_1be06ce1b670864df8c500dc82b295ae,1,0,a_e7d8c038c18055500148c5915382bd98,a_90d0f6925e19072530a0a802462d1482,p_36f48da9815ab2fe489d0213be3e771e,p_3dd478bd944ece2906a0c8e4425f63be,6,1609,35,40,2445,31191,75,33636,46.612802983219389,20904.909881914231,448.48000000000002,0.46666666666666667,0.072689975026757045
r_44d52ce7024b90362214bc95105d690c,Direct browsing,d_1be06ce1b670864df8c500dc82b295ae,1,0,a_e7d8c038c18055500148c5915382bd98,a_c8ceb5fca1acedd1241a60295484942b,p_e24e16a7e59655add5fd44d871cf3326,p_d7195ebfc9c48d4a0beab7870d0eba9c,6,558,8,7,689,4105,15,4794,26.881720430107524,8591.3978494623643,319.60000000000002,0.53333333333333333,0.14372131831455986
r_e23c9bc4ef88ab2cea1927ee7ff626b5,Direct browsing,d_1be06ce1b670864df8c500dc82b295ae,1,0,a_e7d8c038c18055500148c5915382bd98,a_d6b55f58c7119b9688291638bba1a8ac,p_717c2c417d22d23e32d8532867284d68,p_3dd478bd944ece2906a0c8e4425f63be,6,320,84,103,4839,128938,187,133777,584.375,418053.125,715.38502673796791,0.44919786096256686,0.036172137213422335
r_07c1dac3a603c0f803251e5241bb7aff,Direct browsing,d_1be06ce1b670864df8c500dc82b295ae,1,0,a_e7d8c038c18055500148c5915382bd98,a_6613e355a108853dc8013615fa2b5d2c,p_2ccef8ff87e987f3df9cd5393555d6b6,p_3dd478bd944ece2906a0c8e4425f63be,6,637,46,52,4252,60590,98,64842,153.84615384615384,101792.7786499215,661.65306122448976,0.46938775510204084,0.065574781777243143
r_e4c057cf18d21dd22e13515ae6baf6a9,Direct browsing,d_1be06ce1b670864df8c500dc82b295ae,1,0,a_e7d8c038c18055500148c5915382bd98,a_22ef8b27feaffad6a345035dd007558a,p_e17186819e2d0d724d6a2a7c4005fc21,p_3dd478bd944ece2906a0c8e4425f63be,6,29394,11,10,1649,5070,21,6719,0.7144315166360482,228.58406477512418,319.95238095238096,0.52380952380952384,0.24542342610507517
r_e8e26b312154c87371e4c5fb766bf6c6,Direct browsing,d_1be06ce1b670864df8c500dc82b295ae,1,0,a_e7d8c038c18055500148c5915382bd98,a_01c27fc950d2f075d869a4d0acaa48ee,p_3651c5bfece38d0c77fab23b8727ad39,p_3dd478bd944ece2906a0c8e4425f63be,6,881,34,37,2963,41745,71,44708,80.590238365493761,50746.87854710556,629.69014084507046,0.47887323943661969,0.066274492260892909
r_0ef918723c35a80f4f1392f8b93861e4,Direct browsing,d_1be06ce1b670864df8c500dc82b295ae,1,0,a_e7d8c038c18055500148c5915382bd98,a_bab25c91889f4c8bcb46877d67de2eca,p_832049baf3f47f3004f80ec81274cd1c,p_d7195ebfc9c48d4a0beab7870d0eba9c,6,5753,6,5,677,646,11,1323,1.9120458891013383,229.9669737528246,120.27272727272727,0.54545454545454541,0.51171579743008311
r_c17624790feec3d22acf304830f162f9,Direct browsing,d_1be06ce1b670864df8c500dc82b295ae,1,0,a_e7d8c038c18055500148c5915382bd98,a_328db9e0ba5abab0489af3c8705fbfd1,p_9d759813e92435511bea16157fe6ddbc,p_3dd478bd944ece2906a0c8e4425f63be,6,580,23,25,2091,21303,48,23394,82.758620689655174,40334.482758620696,487.375,0.47916666666666669,0.089381892793023845
r_fa16a29ddae3a6ee3e35c0fdff21d94f,Direct browsing,d_1be06ce1b670864df8c500dc82b295ae,1,0,a_e7d8c038c18055500148c5915382bd98,a_fbc7bbb868742c0290638217b8ca4223,p_4719c225ce72606d67e11aed2d7bbc54,p_3dd478bd944ece2906a0c8e4425f63be,6,29742,13,12,1694,7184,25,8878,0.84056216797794359,298.50043709232733,355.12,0.52000000000000002,0.19080874070736653
r_15fbafc3a5d446403e697e8b4b173888,Direct browsing,d_1be06ce1b670864df8c500dc82b295ae,1,0,a_e7d8c038c18055500148c5915382bd98,a_c9dd2e66c0fccf0c61a54091bde2dfb2,p_87089e1e0217a2825b1ae84dc7232c5c,p_3dd478bd944ece2906a0c8e4425f63be,6,2177,25,30,2771,27662,55,30433,25.264124942581535,13979.329352319706,553.32727272727277,0.45454545454545453,0.091052475930733082
r_842c966995e21a927a29d53ccbbc65b4,Direct browsing,d_1be06ce1b670864df8c500dc82b295ae,1,0,a_e7d8c038c18055500148c5915382bd98,a_a75d8bfb6f65bf5da2a0ee9744988660,p_9e405c9e2ef16283a27262e07de1ab33,p_d7195ebfc9c48d4a0beab7870d0eba9c,6,18430,9,7,899,2230,16,3129,0.86814975583288123,169.77753662506782,195.5625,0.5625,0.28731224033237457
r_3110673e5418f7d4e684c79dc1c539c2,Direct browsing,d_1be06ce1b670864df8c500dc82b295ae,1,0,a_e7d8c038c18055500148c5915382bd98,a_bab25c91889f4c8bcb46877d67de2eca,p_071f4bb403056be658809de498245f07,p_3dd478bd944ece2906a0c8e4425f63be,6,6131,19,16,1996,4327,35,6323,5.7086935247104877,1031.3162616212689,180.65714285714284,0.54285714285714282,0.31567294006009805
r_634756e14a177f464decebeb660e0eff,Direct browsing,d_1be06ce1b670864df8c500dc82b295ae,1,0,a_e7d8c038c18055500148c5915382bd98,a_cf31ba68046233719f1273a3a3789e72,p_399bc14ea4e816ff319aa36c295d9ef1,p_3dd478bd944ece2906a0c8e4425f63be,6,152,6,6,849,327,12,1176,78.94736842105263,7736.8421052631584,98,0.5,0.72193877551020413
r_d304cf429f3f1e238469b465e70b6511,Direct browsing,d_1be06ce1b670864df8c500dc82b295ae,1,0,a_e7d8c038c18055500148c5915382bd98,a_15c7c2a0997e2c7190a6feab14d09645,p_8873bee32b98f6f41a4f29f14383c7c3,p_3dd478bd944ece2906a0c8e4425f63be,6,267,2,1,100,60,3,160,11.235955056179774,599.25093632958794,53.333333333333336,0.66666666666666663,0.625
r_1910a6af5efa3ddccdf76aad3d43eca7,Direct browsing,d_1be06ce1b670864df8c500dc82b295ae,1,0,a_e7d8c038c18055500148c5915382bd98,a_bf0ab415dcc862e22b99e9e397fc5719,p_168250d152e03578d61551f9014d13fa,p_3dd478bd944ece2906a0c8e4425f63be,6,1148,23,22,1928,13372,45,15300,39.19860627177701,13327.526132404182,340,0.51111111111111107,0.12601307189542485
r_bcb706bee91fd3a62088ed0c98882c34,Direct browsing,d_1be06ce1b670864df8c500dc82b295ae,1,0,a_e7d8c038c18055500148c5915382bd98,a_16343f02edaae9125d10a7beac9401a5,p_f8c1ddb4f509f01fad0a6d59a733790e,p_3dd478bd944ece2906a0c8e4425f63be,6,22049,12,13,1615,7206,25,8821,1.1338382693092657,400.06349494308131,352.83999999999997,0.47999999999999998,0.18308581793447454
r_a0b222f865ab3aa244048818db47cfa1,Direct browsing,d_1be06ce1b670864df8c500dc82b295ae,1,0,a_e7d8c038c18055500148c5915382bd98,a_806505022387ebbebdaf5ac01788f4ed,p_47bad3d561b3a61654f1b9329322bbdc,p_d7195ebfc9c48d4a0beab7870d0eba9c,6,26698,6,4,662,527,10,1189,0.37455989212675106,44.535171173870701,118.90000000000001,0.59999999999999998,0.55677039529015981
r_c3f020d6fbeb89b27697fe5d4387cb5b,Direct browsing,d_1be06ce1b670864df8c500dc82b295ae,1,0,a_e7d8c038c18055500148c5915382bd98,a_7a993f84e5d27a582e05a1c3821c1dfd,p_df6833c22bfdc3bcfa65c5dfda730894,p_3dd478bd944ece2906a0c8e4425f63be,6,1524,10,12,1524,3904,22,5428,14.435695538057743,3561.6797900262468,246.72727272727272,0.45454545454545453,0.28076639646278556
r_ff945465080cc5172a0cdfcaab11aa3e,Direct browsing,d_1be06ce1b670864df8c500dc82b295ae,1,0,a_e7d8c038c18055500148c5915382bd98,a_af3958956327b132930f2b828dcca28f,p_325507e8286dd11884b3add15d000596,p_3dd478bd944ece2906a0c8e4425f63be,6,30185,13,12,1832,5891,25,7723,0.82822594003644201,255.85555739605766,308.92000000000002,0.52000000000000002,0.23721351806292892
r_c0014cb58079cc604a6ccc3223e64feb,Direct browsing,d_1be06ce1b670864df8c500dc82b295ae,1,0,a_e7d8c038c18055500148c5915382bd98,a_cf31ba68046233719f1273a3a3789e72,p_4f9e1b778bcaf54ce6772df9095cec99,p_3dd478bd944ece2906a0c8e4425f63be,6,103,5,5,785,275,10,1060,97.087378640776706,10291.26213592233,106,0.5,0.74056603773584906
r_05c690771ddfa7908563f67c12914bb9,Direct browsing,d_1be06ce1b670864df8c500dc82b295ae,1,0,a_e7d8c038c18055500148c5915382bd98,a_cf31ba68046233719f1273a3a3789e72,p_23266bd1fe1134cbaa2b7060e758557d,p_3dd478bd944ece2906a0c8e4425f63be,6,223,17,13,1900,7599,30,9499,134.52914798206277,42596.412556053809,316.63333333333333,0.56666666666666665,0.20002105484787872
r_3d21582905d18aab42c63a7fcf2c865b,Direct browsing,d_1be06ce1b670864df8c500dc82b295ae,1,0,a_e7d8c038c18055500148c5915382bd98,a_f7236bf52bab5693c5a0bd90b31e7b5d,p_cb1a25fc29d63b925501e3ca06309eae,p_d7195ebfc9c48d4a0beab7870d0eba9c,6,882,16,15,1020,12448,31,13468,35.147392290249435,15269.84126984127,434.45161290322579,0.5161290322580645,0.075735075735075735
r_8e34cc3ee18313814b565de5c7ed7cdb,Direct browsing,d_1be06ce1b670864df8c500dc82b295ae,1,0,a_e7d8c038c18055500148c5915382bd98,a_973fe280423a7e99823e67b74135e536,p_82b228bcfaa6641494a398f4adf66b78,p_3dd478bd944ece2906a0c8e4425f63be,6,458,81,94,5563,114085,175,119648,382.09606986899564,261240.17467248908,683.70285714285717,0.46285714285714286,0.046494717838994386
r_41e404fc1411f79c9044a84f013f1614,Direct browsing,d_1be06ce1b670864df8c500dc82b295ae,1,0,a_e7d8c038c18055500148c5915382bd98,a_cf31ba68046233719f1273a3a3789e72,p_7e5190daf86f6a4657d284b385f1d39b,p_3dd478bd944ece2906a0c8e4425f63be,6,155,6,6,849,327,12,1176,77.41935483870968,7587.0967741935483,98,0.5,0.72193877551020413
r_9cade5b5e7137e97fd739e06040aa90f,Direct browsing,d_1be06ce1b670864df8c500dc82b295ae,1,0,a_e7d8c038c18055500148c5915382bd98,a_ecdbdc9574dfec32ca55bb3bda716ed5,p_c77779e360ea162829b1944b52f2b52a,p_3dd478bd944ece2906a0c8e4425f63be,6,778,14,13,1760,6980,27,8740,34.704370179948583,11233.933161953728,323.7037037037037,0.51851851851851849,0.20137299771167047
r_a81bdde41415b323567268f804c0eab5,Direct browsing,d_1be06ce1b670864df8c500dc82b295ae,1,0,a_e7d8c038c18055500148c5915382bd98,a_425af4dd2cdbbcf4f5c15216d46ceb00,p_571a295d8259637d758e2f9e63e1ab49,p_3dd478bd944ece2906a0c8e4425f63be,6,19188,12,14,1641,7524,26,9165,1.3550135501355014,477.64227642276427,352.5,0.46153846153846156,0.17905073649754502
r_e1b0ac89f187b4bf8654091f98fc8150,Direct browsing,d_1be06ce1b670864df8c500dc82b295ae,1,0,a_e7d8c038c18055500148c5915382bd98,a_01c27fc950d2f075d869a4d0acaa48ee,p_8e8d29dcc30ebe11d6585f22ec4a711f,p_3dd478bd944ece2906a0c8e4425f63be,6,973,34,38,2944,42962,72,45906,73.997944501541625,47179.856115107912,637.58333333333337,0.47222222222222221,0.064131050407354159
r_237321122d0b3cb1dcce539467b9dd71,Direct browsing,d_1be06ce1b670864df8c500dc82b295ae,1,0,a_e7d8c038c18055500148c5915382bd98,a_01c27fc950d2f075d869a4d0acaa48ee,p_dc2798c4eeb75cc73122ef5eb291189f,p_3dd478bd944ece2906a0c8e4425f63be,6,902,34,38,2955,43403,72,46358,79.822616407982252,51394.678492239465,643.86111111111109,0.47222222222222221,0.063743043271927174
r_c25e6c3c90b56b8cbc1133ba9fdd430f,Direct browsing,d_1be06ce1b670864df8c500dc82b295ae,1,0,a_e7d8c038c18055500148c5915382bd98,a_01c27fc950d2f075d869a4d0acaa48ee,p_ceec2246b581cdb54d7125e51d9eb18e,p_3dd478bd944ece2906a0c8e4425f63be,6,613,32,28,2974,30163,60,33137,97.879282218597069,54057.09624796085,552.2833333333333,0.53333333333333333,0.089748619368077973
r_7a30c7c8510d1c05e4f4fdc77682cffc,Direct browsing,d_1be06ce1b670864df8c500dc82b295ae,1,0,a_e7d8c038c18055500148c5915382bd98,a_01c27fc950d2f075d869a4d0acaa48ee,p_90fbd10a7409efc380cc946f11c5a5bd,p_3dd478bd944ece2906a0c8e4425f63be,6,952,44,39,3450,41729,83,45179,87.184873949579838,47456.932773109249,544.32530120481931,0.53012048192771088,0.076362911972376546
r_ad3bd4369d131bce67748c19b18d9196,Direct browsing,d_1be06ce1b670864df8c500dc82b295ae,1,0,a_e7d8c038c18055500148c5915382bd98,a_55e2c9fd118fbf000b98fbad5ef7c9a3,p_2d3a65015008927ec3965caad4b9819f,p_3dd478bd944ece2906a0c8e4425f63be,6,345,50,63,4398,74432,113,78830,327.536231884058,228492.75362318842,697.61061946902657,0.44247787610619471,0.05579094253456806
r_5cd6afa9c9fdd76c0c9ab1490634eb46,Direct browsing,d_1be06ce1b670864df8c500dc82b295ae,1,0,a_e7d8c038c18055500148c5915382bd98,a_cf31ba68046233719f1273a3a3789e72,p_24379fbb837b1cb02f34ec824836411a,p_3dd478bd944ece2906a0c8e4425f63be,6,170,5,5,785,275,10,1060,58.823529411764703,6235.2941176470586,106,0.5,0.74056603773584906
r_56e6872f41ec6549e4f3ee38e61e34da,Direct browsing,d_1be06ce1b670864df8c500dc82b295ae,1,0,a_e7d8c038c18055500148c5915382bd98,a_be682b1a75d2e165f75201c7970d75c6,p_dfa98ebf75b284b18ea408ab0a13bb8c,p_3dd478bd944ece2906a0c8e4425f63be,6,11190,8,0,480,0,8,480,0.71492403932082216,42.89544235924933,60,1,1
r_4e9870a561378d278ebe6738d4a866af,Direct browsing,d_1be06ce1b670864df8c500dc82b295ae,1,0,a_e7d8c038c18055500148c5915382bd98,a_1983095d11e89e525b49e0a33539e233,p_ab47b85ddf5018a270062ceee3eb4161,p_3dd478bd944ece2906a0c8e4425f63be,6,1277,20,19,1964,14603,39,16567,30.540328895849651,12973.37509788567,424.79487179487177,0.51282051282051277,0.1185489225568902
r_4014e6f66839a6686f5419e29d048f78,Direct browsing,d_1be06ce1b670864df8c500dc82b295ae,1,0,a_e7d8c038c18055500148c5915382bd98,a_01c27fc950d2f075d869a4d0acaa48ee,p_1673c7a1b07b3b63aa684c564a5d20cc,p_3dd478bd944ece2906a0c8e4425f63be,6,1172,36,43,3905,45032,79,48937,67.406143344709903,41755.119453924919,619.45569620253161,0.45569620253164556,0.079796473016327113
r_330cd299e3b2294be067a677f2cdf41c,Direct browsing,d_1be06ce1b670864df8c500dc82b295ae,1,0,a_e7d8c038c18055500148c5915382bd98,a_6e179781c8c6f337cb905de78358ed01,p_619ba2726555b2d7ea4eb33f51c76d5b,p_3dd478bd944ece2906a0c8e4425f63be,6,27004,13,11,1671,5228,24,6899,0.88875722115242184,255.48066953043991,287.45833333333331,0.54166666666666663,0.24220901579939122
r_4cbdf607b1d50553380865de2fb1ba21,Direct browsing,d_1be06ce1b670864df8c500dc82b295ae,1,0,a_e7d8c038c18055500148c5915382bd98,a_01c27fc950d2f075d869a4d0acaa48ee,p_fdcf26955796a45dfb0968e47d517766,p_3dd478bd944ece2906a0c8e4425f63be,6,910,34,37,2976,43351,71,46327,78.021978021978015,50908.791208791205,652.49295774647885,0.47887323943661969,0.064238996697390291
r_fbac25d44eb278c0d582c1e545c1b2d6,Direct browsing,d_1be06ce1b670864df8c500dc82b295ae,1,0,a_e7d8c038c18055500148c5915382bd98,a_01c27fc950d2f075d869a4d0acaa48ee,p_678634382e051fd29ffd367a99080894,p_3dd478bd944ece2906a0c8e4425f63be,6,523,42,38,3371,43402,80,46773,152.96367112810708,89432.122370936893,584.66250000000002,0.52500000000000002,0.072071494238128836
r_cddd17265fa5f5c568ac97856c600b07,Direct browsing,d_1be06ce1b670864df8c500dc82b295ae,1,0,a_e7d8c038c18055500148c5915382bd98,a_01c27fc950d2f075d869a4d0acaa48ee,p_7ea7bf6bac9a0655576a05943d6aefdd,p_3dd478bd944ece2906a0c8e4425f63be,6,876,29,31,2751,35408,60,38159,68.493150684931507,43560.502283105023,635.98333333333335,0.48333333333333334,0.072093084200319721
r_81398d9a7e39eb08526a8de2be5781f8,Direct browsing,d_1be06ce1b670864df8c500dc82b295ae,1,0,a_e7d8c038c18055500148c5915382bd98,a_af61548c134554569d82d764a7b9a444,p_485f4c20806fc3d94b224a1bb438e868,p_3dd478bd944ece2906a0c8e4425f63be,6,1806,10,13,1925,4371,23,6296,12.735326688815061,3486.157253599114,273.73913043478262,0.43478260869565216,0.30574968233799238
r_950f05aa3638f3175fa1830ae91b3c31,Direct browsing,d_1be06ce1b670864df8c500dc82b295ae,1,0,a_e7d8c038c18055500148c5915382bd98,a_85b109edf675c025cdab4434a8fed9e4,p_8033b2d1ba91185904c09986643bc8ca,p_3dd478bd944ece2906a0c8e4425f63be,6,2632,55,61,3585,73075,116,76660,44.072948328267472,29126.139817629177,660.86206896551721,0.47413793103448276,0.046764936081398381
r_02ee1f521868451ce03d157c45915b74,Direct browsing,d_1be06ce1b670864df8c500dc82b295ae,1,0,a_e7d8c038c18055500148c5915382bd98,a_4c67e38b4407a8a6e6e375181ae264c8,p_6c1a2e521738430e9be4d9c2b3063b7d,p_3dd478bd944ece2906a0c8e4425f63be,6,26933,12,13,1627,7214,25,8841,0.92822930976868523,328.25901310659788,353.63999999999999,0.47999999999999998,0.18402895600045244
r_5629ddf3a5b5d993c79065347914283f,Direct browsing,d_1be06ce1b670864df8c500dc82b295ae,1,0,a_e7d8c038c18055500148c5915382bd98,a_27377700edc2f926ee5fe06157f5a647,p_b75cc1157b80534812b0e3c56cbff067,p_d7195ebfc9c48d4a0beab7870d0eba9c,6,622,8,6,702,4094,14,4796,22.508038585209004,7710.6109324758845,342.57142857142856,0.5714285714285714,0.146371976647206
r_e403ac547cf09d3e6505385e3373a56c,Direct browsing,d_1be06ce1b670864df8c500dc82b295ae,1,0,a_e7d8c038c18055500148c5915382bd98,a_3f9ee1ffc6278210c68d911dfc230c29,p_d6011f7d20021557ee8e0ff53903fa18,p_3dd478bd944ece2906a0c8e4425f63be,6,283,11,11,1898,3919,22,5817,77.738515901060083,20554.770318021205,264.40909090909093,0.5,0.32628502664603748
r_1934cd3fddd37f748a70df7627c64c12,Direct browsing,d_1be06ce1b670864df8c500dc82b295ae,1,0,a_e7d8c038c18055500148c5915382bd98,a_cf31ba68046233719f1273a3a3789e72,p_946fe8e11d9d6ebb122bb8746d50d1e7,p_3dd478bd944ece2906a0c8e4425f63be,6,100,6,6,849,327,12,1176,120,11760,98,0.5,0.72193877551020413
r_6f5711dcb72d21c746aa42c038ccca6e,Direct browsing,d_1be06ce1b670864df8c500dc82b295ae,1,0,a_e7d8c038c18055500148c5915382bd98,a_11fda3f1d20d11b40efde6cfd8b2982e,p_5707d5609cb3ea9842045522c09128ca,p_3dd478bd944ece2906a0c8e4425f63be,6,15798,14,14,1855,7085,28,8940,1.7723762501582478,565.89441701481201,319.28571428571428,0.5,0.20749440715883669
r_7eef6b4ed1adc62c3adb4fbf9cf15686,Direct browsing,d_1be06ce1b670864df8c500dc82b295ae,1,0,a_e7d8c038c18055500148c5915382bd98,a_0dfb6cd9c71188ca286232aa560a8d57,p_fa34a3b08229bb3413f226a7ce177d91,p_3dd478bd944ece2906a0c8e4425f63be,6,322,79,92,4429,111509,171,115938,531.05590062111798,360055.90062111802,678,0.46198830409356723,0.038201452500474395
r_edf5ce744050b1f09596d8a7ea5fa69b,Direct browsing,d_1be06ce1b670864df8c500dc82b295ae,1,0,a_e7d8c038c18055500148c5915382bd98,a_fbc7bbb868742c0290638217b8ca4223,p_08f3c6dcfbec89e46d7094890cfa99ab,p_3dd478bd944ece2906a0c8e4425f63be,6,16903,13,12,1670,7187,25,8857,1.4790273915872922,523.98982429154592,354.27999999999997,0.52000000000000002,0.18855142824884272
r_43740a1994d4f777a32aca5085535dda,Direct browsing,d_1be06ce1b670864df8c500dc82b295ae,1,0,a_e7d8c038c18055500148c5915382bd98,a_cf31ba68046233719f1273a3a3789e72,p_c3ee218a389a475b725976b5c5267363,p_3dd478bd944ece2906a0c8e4425f63be,6,29155,10,10,1570,550,20,2120,0.68598868118676037,72.714800205796607,106,0.5,0.74056603773584906
r_802a499e81676dd43174a5eab68e42dc,Direct browsing,d_1be06ce1b670864df8c500dc82b295ae,1,0,a_e7d8c038c18055500148c5915382bd98,a_267e142e96d934bef8f877602163a933,p_3ed9e9c217bcc8fea5cb21439875fec2,p_3dd478bd944ece2906a0c8e4425f63be,6,25196,14,12,1761,5618,26,7379,1.0319098269566598,292.86394665819972,283.80769230769232,0.53846153846153844,0.23865022360753491
r_dc7afc48576f046190949ecb413afd11,Direct browsing,d_1be06ce1b670864df8c500dc82b295ae,1,0,a_e7d8c038c18055500148c5915382bd98,a_ecdbdc9574dfec32ca55bb3bda716ed5,p_ab90fd7ed5eae638fda7515f44c6f93b,p_d7195ebfc9c48d4a0beab7870d0eba9c,6,511,6,4,711,403,10,1114,19.569471624266143,2180.0391389432484,111.40000000000001,0.59999999999999998,0.63824057450628369
r_739ced55d2c9df781472951b4a82c8bc,Direct browsing,d_1be06ce1b670864df8c500dc82b295ae,1,0,a_e7d8c038c18055500148c5915382bd98,a_91c9405d3d68a4e061da05aa91c48621,p_8a5c1846c6cce7d008a36ee43146a1af,p_3dd478bd944ece2906a0c8e4425f63be,6,754,13,11,1702,6503,24,8205,31.830238726790451,10881.962864721485,341.875,0.54166666666666663,0.20743449116392443
r_9017289a3996d7aa7156328751fd847c,Direct browsing,d_1be06ce1b670864df8c500dc82b295ae,1,0,a_e7d8c038c18055500148c5915382bd98,a_f7236bf52bab5693c5a0bd90b31e7b5d,p_fc40dbe189d886b6bf52ddf30afdd4c3,p_d7195ebfc9c48d4a0beab7870d0eba9c,6,855,10,10,770,5919,20,6689,23.391812865497077,7823.3918128654968,334.44999999999999,0.5,0.11511436687098221
r_0325fcb306817aa4ea2a26dc5fb9dd15,Direct browsing,d_1be06ce1b670864df8c500dc82b295ae,1,0,a_e7d8c038c18055500148c5915382bd98,a_01c27fc950d2f075d869a4d0acaa48ee,p_99c5504ebb9fa8c90a7c128160140f31,p_3dd478bd944ece2906a0c8e4425f63be,6,4649,43,38,3412,41683,81,45095,17.423101742310173,9699.9354699935466,556.72839506172841,0.53086419753086422,0.075662490298259236
r_c4e1fb558f50fd33222395c27f0310cc,Direct browsing,d_1be06ce1b670864df8c500dc82b295ae,1,0,a_e7d8c038c18055500148c5915382bd98,a_01c27fc950d2f075d869a4d0acaa48ee,p_f000b2aacb50368e40c06e94b0b28ef7,p_3dd478bd944ece2906a0c8e4425f63be,6,1108,34,38,2962,42981,72,45943,64.981949458483754,41464.801444043318,638.09722222222217,0.47222222222222221,0.064471192564699742
r_97715fb445e4b77ef37ee61b958c7aa1,Direct browsing,d_1be06ce1b670864df8c500dc82b295ae,1,0,a_e7d8c038c18055500148c5915382bd98,a_01c27fc950d2f075d869a4d0acaa48ee,p_038ea7912ca90b6f1d4d66a0ec2f5a17,p_3dd478bd944ece2906a0c8e4425f63be,6,592,44,39,3461,42560,83,46021,140.20270270270271,77738.17567567568,554.46987951807228,0.53012048192771088,0.075204797809695578
r_a58cc561cf04ddeb37c785dc98b0c8b7,Direct browsing,d_1be06ce1b670864df8c500dc82b295ae,1,0,a_e7d8c038c18055500148c5915382bd98,a_bab25c91889f4c8bcb46877d67de2eca,p_c633724c100d8ff38ccbd00d32ef18f1,p_3dd478bd944ece2906a0c8e4425f63be,6,1339,22,25,2142,24580,47,26722,35.100821508588503,19956.684092606421,568.55319148936167,0.46808510638297873,0.080158670758176787
r_7f3edea836f12a317acbc24c5aa9348d,Direct browsing,d_1be06ce1b670864df8c500dc82b295ae,1,0,a_e7d8c038c18055500148c5915382bd98,a_b9f3817a72a2f986bffbb82f9a659e3c,p_8bf9883e8cc95d8084810bc4f4770713,p_3dd478bd944ece2906a0c8e4425f63be,6,979,9,7,1451,3655,16,5106,16.343207354443308,5215.5260469867217,319.125,0.5625,0.28417547982765373
r_2f053f0178755a54d80775eb0fb7e471,Direct browsing,d_1be06ce1b670864df8c500dc82b295ae,1,0,a_e7d8c038c18055500148c5915382bd98,a_2ec8aeaf6f94696415324527078381e3,p_9c456c12a1bbcd983c85637b7ac81696,p_3dd478bd944ece2906a0c8e4425f63be,6,1235,44,43,3146,46743,87,49889,70.445344129554655,40395.951417004042,573.43678160919535,0.50574712643678166,0.063059993184870405
r_0872e99c867a32103224b4c991227693,Direct browsing,d_1be06ce1b670864df8c500dc82b295ae,1,0,a_e7d8c038c18055500148c5915382bd98,a_55bb2fe55d65eefb10879568fbf182af,p_843bc6da42e8369ff54a9520c52f5e10,p_3dd478bd944ece2906a0c8e4425f63be,6,11230,8,0,480,0,8,480,0.7123775601068566,42.742653606411395,60,1,1
r_a77d43eaaf0dd0e659fe3bad0c9fb3c9,Direct browsing,d_1be06ce1b670864df8c500dc82b295ae,1,0,a_e7d8c038c18055500148c5915382bd98,a_90d0f6925e19072530a0a802462d1482,p_6c010e8be4ccc878c5ba0796e8335eaf,p_3dd478bd944ece2906a0c8e4425f63be,6,1736,35,41,2479,31188,76,33667,43.778801843317972,19393.433179723503,442.98684210526318,0.46052631578947367,0.073632934327382896
r_bf5544ce8329f1884946dc80cde43fb8,Direct browsing,d_1be06ce1b670864df8c500dc82b295ae,1,0,a_e7d8c038c18055500148c5915382bd98,a_d0e43c5a75e649db4b94f0edf0fbf466,p_10640349360e8b2a45d0a7c6bad682a4,p_d7195ebfc9c48d4a0beab7870d0eba9c,6,865,6,4,407,401,10,808,11.560693641618498,934.10404624277453,80.799999999999997,0.59999999999999998,0.50371287128712872
r_01967c6024f5e52c873ddae127765f61,Direct browsing,d_1be06ce1b670864df8c500dc82b295ae,1,0,a_e7d8c038c18055500148c5915382bd98,a_400278a81787b93932c51ed358d8c9c4,p_8270bf74d8d7ad36d343930f2e2060cd,p_3dd478bd944ece2906a0c8e4425f63be,6,760,15,13,1810,6912,28,8722,36.842105263157897,11476.315789473683,311.5,0.5357142857142857,0.20752121073148361
r_af492e984695558d98d8fe0abc7919fa,Direct browsing,d_1be06ce1b670864df8c500dc82b295ae,1,0,a_e7d8c038c18055500148c5915382bd98,a_cf31ba68046233719f1273a3a3789e72,p_c256180bb10ce84ba88abc012e956831,p_3dd478bd944ece2906a0c8e4425f63be,6,336,7,6,901,327,13,1228,38.69047619047619,3654.7619047619046,94.461538461538467,0.53846153846153844,0.73371335504885993
r_57b4bd3c1033ebfae0dc9a4be2615a32,Direct browsing,d_1be06ce1b670864df8c500dc82b295ae,1,0,a_e7d8c038c18055500148c5915382bd98,a_cf31ba68046233719f1273a3a3789e72,p_4ea9a3a80ce648ca285897de19545399,p_3dd478bd944ece2906a0c8e4425f63be,6,245,5,5,785,275,10,1060,40.816326530612244,4326.5306122448983,106,0.5,0.74056603773584906
r_203e2b08a57719dc5fef6a95efe3dbd4,Direct browsing,d_1be06ce1b670864df8c500dc82b295ae,1,0,a_e7d8c038c18055500148c5915382bd98,a_2a802f455d7da83004b20b79d5b3b865,p_37ea36fb405dedf77d555c8d228cc508,p_3dd478bd944ece2906a0c8e4425f63be,6,3143,13,11,1689,4214,24,5903,7.6360165447025139,1878.1419026407891,245.95833333333334,0.54166666666666663,0.28612569879722177
r_b34f2b2cbe48b9b2a4df88b4e671f83c,Direct browsing,d_1be06ce1b670864df8c500dc82b295ae,1,0,a_e7d8c038c18055500148c5915382bd98,a_ecdbdc9574dfec32ca55bb3bda716ed5,p_37bf80e1e7ba59c510c12dfdec4a6de4,p_3dd478bd944ece2906a0c8e4425f63be,6,809,14,13,1770,6501,27,8271,33.374536464771317,10223.733003708281,306.33333333333331,0.51851851851851849,0.21400072542618789
r_56c19d7ca1a45382d9e3e1143c759629,Direct browsing,d_1be06ce1b670864df8c500dc82b295ae,1,0,a_e7d8c038c18055500148c5915382bd98,a_9dacd8cfa32a26d2087e6f94bc374b8c,p_834e2e1869d5c7495674da7fd691719f,p_3dd478bd944ece2906a0c8e4425f63be,6,1399,28,44,2346,48924,72,51270,51.465332380271619,36647.605432451754,712.08333333333337,0.3888888888888889,0.045757753071971913
r_aefea23316f7007ecd763d9dc7a1a066,Direct browsing,d_1be06ce1b670864df8c500dc82b295ae,1,0,a_e7d8c038c18055500148c5915382bd98,a_8441c3c1d2d77d2febf358202998b59d,p_bac03fdf66fabb65c6e5c3c8dc082afa,p_3dd478bd944ece2906a0c8e4425f63be,6,1196,39,36,2992,38700,75,41692,62.709030100334452,34859.531772575254,555.89333333333332,0.52000000000000002,0.071764367264703061
r_ab2d0283348d0f04bdab636dc9dd3ab2,Direct browsing,d_1be06ce1b670864df8c500dc82b295ae,1,0,a_e7d8c038c18055500148c5915382bd98,a_cf31ba68046233719f1273a3a3789e72,p_e6066c2d8a9710cc08edf26188dcf9c8,p_3dd478bd944ece2906a0c8e4425f63be,6,128,6,6,849,327,12,1176,93.75,9187.5,98,0.5,0.72193877551020413
r_4871d30ffff32b8482901af00075fe99,Direct browsing,d_1be06ce1b670864df8c500dc82b295ae,1,0,a_e7d8c038c18055500148c5915382bd98,a_cf31ba68046233719f1273a3a3789e72,p_66c1cd5c9b07867211d54cb66831e128,p_3dd478bd944ece2906a0c8e4425f63be,6,161,5,5,785,275,10,1060,62.111801242236027,6583.8509316770187,106,0.5,0.74056603773584906
r_05e059d2ab0cdd4be117165864567be7,Direct browsing,d_1be06ce1b670864df8c500dc82b295ae,1,0,a_e7d8c038c18055500148c5915382bd98,a_1b7c9db06fc30e75d29b0a7180a4b035,p_b3bb60231b0c9a8e8bc30f796346663d,p_3dd478bd944ece2906a0c8e4425f63be,6,5583,11,10,1568,2983,21,4551,3.7614185921547554,815.15314347125195,216.71428571428572,0.52380952380952384,0.34453966161283234
r_88d104452c5ad58358b5828da39513aa,Direct browsing,d_1be06ce1b670864df8c500dc82b295ae,1,0,a_e7d8c038c18055500148c5915382bd98,a_5607307b9b9a0681912487688d94bd13,p_a710aa461b6ef65c2f110f7da144847c,p_3dd478bd944ece2906a0c8e4425f63be,6,32266,15,17,1846,10424,32,12270,0.99175602801710783,380.27645199280977,383.4375,0.46875,0.1504482477587612
r_12a451df1bfb80549ebf850510121704,Direct browsing,d_1be06ce1b670864df8c500dc82b295ae,1,0,a_e7d8c038c18055500148c5915382bd98,a_d7ca9fca8bbd2726b1a5f17b2e251f95,p_e352907421aca871f8d6120cb7a66e12,p_3dd478bd944ece2906a0c8e4425f63be,6,5448,10,10,1502,4379,20,5881,3.6710719530102787,1079.4787077826725,294.05000000000001,0.5,0.25539874171059346
r_7ee11528c47d8078e9742ca1603151e2,Direct browsing,d_1be06ce1b670864df8c500dc82b295ae,1,0,a_e7d8c038c18055500148c5915382bd98,a_cf31ba68046233719f1273a3a3789e72,p_688473e14972a5dedca39715b0b00c27,p_3dd478bd944ece2906a0c8e4425f63be,6,109,6,6,849,327,12,1176,110.09174311926606,10788.990825688074,98,0.5,0.72193877551020413
r_e4ca048c21a9b7f99ddf9c44c44194a4,Direct browsing,d_1be06ce1b670864df8c500dc82b295ae,1,0,a_e7d8c038c18055500148c5915382bd98,a_cf31ba68046233719f1273a3a3789e72,p_0ccfb33cf9b53d55c32c4fe22c8ae814,p_3dd478bd944ece2906a0c8e4425f63be,6,355,7,6,901,327,13,1228,36.619718309859159,3459.1549295774648,94.461538461538467,0.53846153846153844,0.73371335504885993
r_f160d12c9196ca202ab54af49ed2f3be,Direct browsing,d_1be06ce1b670864df8c500dc82b295ae,1,0,a_e7d8c038c18055500148c5915382bd98,a_cf31ba68046233719f1273a3a3789e72,p_f3e8535c476b02200c68953750d2ba8b,p_3dd478bd944ece2906a0c8e4425f63be,6,129,5,5,785,275,10,1060,77.519379844961236,8217.0542635658912,106,0.5,0.74056603773584906
r_0300e47421fff993ee48b4972ff56b2b,Direct browsing,d_1be06ce1b670864df8c500dc82b295ae,1,0,a_e7d8c038c18055500148c5915382bd98,a_1983095d11e89e525b49e0a33539e233,p_72f871b490cf4a9078975d99d6900a63,p_3dd478bd944ece2906a0c8e4425f63be,6,1269,22,21,2074,14707,43,16781,33.8849487785658,13223.798266351459,390.25581395348837,0.51162790697674421,0.12359215779750909
r_5c192abd8733a677ed523c6bd2098318,Direct browsing,d_1be06ce1b670864df8c500dc82b295ae,1,0,a_e7d8c038c18055500148c5915382bd98,a_cf31ba68046233719f1273a3a3789e72,p_9af6102a237b83920c8fa2533ebbafff,p_3dd478bd944ece2906a0c8e4425f63be,6,143,6,6,849,327,12,1176,83.91608391608392,8223.7762237762236,98,0.5,0.72193877551020413
r_7619017627126d74b32e5aa3c06f1fdd,Direct browsing,d_1be06ce1b670864df8c500dc82b295ae,1,0,a_e7d8c038c18055500148c5915382bd98,a_1d78c45142cfbfd97903fa4fed1d3c65,p_5b7fe5a3269815f51c9c4f65d15b44c1,p_3dd478bd944ece2906a0c8e4425f63be,6,321,2,1,100,60,3,160,9.3457943925233646,498.44236760124608,53.333333333333336,0.66666666666666663,0.625
r_afe8865a03c04159584df03afc75b4c8,Direct browsing,d_1be06ce1b670864df8c500dc82b295ae,1,0,a_e7d8c038c18055500148c5915382bd98,a_c768cf03bcc8571b20df780f5600a7dd,p_730469a82964667765e214364a1e9544,p_3dd478bd944ece2906a0c8e4425f63be,6,739,14,12,1780,6835,26,8615,35.182679296346414,11657.645466847091,331.34615384615387,0.53846153846153844,0.20661636680208939
r_9e8bcb06201f4b4dc06aefdcb8ee4bb3,Direct browsing,d_1be06ce1b670864df8c500dc82b295ae,1,0,a_e7d8c038c18055500148c5915382bd98,a_275a7f699820789c39c7f399fcdf45a3,p_be074c9b028edeec138e034238a14843,p_3dd478bd944ece2906a0c8e4425f63be,6,5555,10,9,1479,4326,19,5805,3.4203420342034203,1045.004500450045,305.5263157894737,0.52631578947368418,0.25478036175710594
r_8061e28993c0abd3d48960571eea1480,Direct browsing,d_1be06ce1b670864df8c500dc82b295ae,1,0,a_e7d8c038c18055500148c5915382bd98,a_02f831aede7c449398a57bbe01ec5679,p_426f8aadebb7666be056e32676dfc27e,p_3dd478bd944ece2906a0c8e4425f63be,6,730,55,60,4241,67418,115,71659,157.53424657534248,98163.013698630137,623.12173913043478,0.47826086956521741,0.059183075398763586
r_5841200bca81ab8fb0785ff25d3526f9,Direct browsing,d_1be06ce1b670864df8c500dc82b295ae,1,0,a_e7d8c038c18055500148c5915382bd98,a_3f9ee1ffc6278210c68d911dfc230c29,p_cce6edf86304be453d53bed7f6444958,p_3dd478bd944ece2906a0c8e4425f63be,6,477,11,13,1562,4023,24,5585,50.314465408805034,11708.595387840671,232.70833333333334,0.45833333333333331,0.27967770814682186
r_f1e22226f0b30ecf64d0c0a764f85ddd,Direct browsing,d_1be06ce1b670864df8c500dc82b295ae,1,0,a_e7d8c038c18055500148c5915382bd98,a_bce918cd46c4052c2c38606fc61d0a11,p_5dfc3bc89b2536341c62b17ee8599db8,p_3dd478bd944ece2906a0c8e4425f63be,6,387,64,66,3956,75411,130,79367,335.91731266149873,205082.68733850127,610.51538461538462,0.49230769230769234,0.049844393765670868
r_d2b840b60b95aed6a93dbb31942830c4,Direct browsing,d_1be06ce1b670864df8c500dc82b295ae,1,0,a_e7d8c038c18055500148c5915382bd98,a_a21ae5409cea66480cdc502ca625a703,p_9cd276a294dce91437b425817f2d6fdb,p_3dd478bd944ece2906a0c8e4425f63be,6,286,42,46,2825,55448,88,58273,307.69230769230774,203751.74825174827,662.19318181818187,0.47727272727272729,0.048478712268117313
r_3644cf4fc5292a93f3cdacfa2eca45e6,Direct browsing,d_1be06ce1b670864df8c500dc82b295ae,1,0,a_e7d8c038c18055500148c5915382bd98,a_166c540ed6c7f262b60e24ee832e4eb3,p_f0ad91bc3c7058a0bd48fffc09e6971a,p_3dd478bd944ece2906a0c8e4425f63be,6,472,71,83,4130,102224,154,106354,326.27118644067798,225326.27118644069,690.61038961038957,0.46103896103896103,0.03883257799424563
r_4f209ff2e4db56631f84d1e0d0159a54,Direct browsing,d_1be06ce1b670864df8c500dc82b295ae,1,0,a_e7d8c038c18055500148c5915382bd98,a_e9c192da5b492e2e228a72bd51cb8f40,p_fe318d72f86fab2ec33562057ed9843e,p_3dd478bd944ece2906a0c8e4425f63be,6,1412,42,44,3004,48819,86,51823,60.906515580736546,36701.841359773374,602.59302325581393,0.48837209302325579,0.057966539953302587
r_888bd9c1b0b7180969a5a1326e616801,Direct browsing,d_1be06ce1b670864df8c500dc82b295ae,1,0,a_e7d8c038c18055500148c5915382bd98,a_cf31ba68046233719f1273a3a3789e72,p_2fe9207644a5d2e135ab25d2b28a58bf,p_3dd478bd944ece2906a0c8e4425f63be,6,406,7,6,901,327,13,1228,32.019704433497537,3024.6305418719212,94.461538461538467,0.53846153846153844,0.73371335504885993
r_40b4e7dbdf564aa12e4b4fb69ea8b312,Direct browsing,d_1be06ce1b670864df8c500dc82b295ae,1,0,a_e7d8c038c18055500148c5915382bd98,a_b2edc8161115ebfb809b2bc64301631a,p_f787b579738dc61a589c431f9a26528f,p_3dd478bd944ece2906a0c8e4425f63be,6,336,82,96,4698,116830,178,121528,529.7619047619047,361690.47619047615,682.74157303370782,0.4606741573033708,0.038657757882957014
r_ee78592b5551e5803f08401d1bed61ce,Direct browsing,d_1be06ce1b670864df8c500dc82b295ae,1,0,a_e7d8c038c18055500148c5915382bd98,a_a21ae5409cea66480cdc502ca625a703,p_bdc5a8b8d99ab34f0541f582a11770c9,p_3dd478bd944ece2906a0c8e4425f63be,6,238,52,54,3221,62740,106,65961,445.37815126050424,277147.0588235294,622.27358490566041,0.49056603773584906,0.048831885508103273
r_fc6253257cc0a5d666e52fdad99b15f0,Direct browsing,d_1be06ce1b670864df8c500dc82b295ae,1,0,a_e7d8c038c18055500148c5915382bd98,a_cda1f7ba033b36daff269dd92705a555,p_84d4c4e9adc2f81c3d81a0b81fe07d19,p_3dd478bd944ece2906a0c8e4425f63be,6,21486,14,16,1739,9949,30,11688,1.3962580284836636,543.98212789723539,389.60000000000002,0.46666666666666667,0.14878507871321012
r_c6e0fbcf16cafdedd68e7b76988da282,Direct browsing,d_1be06ce1b670864df8c500dc82b295ae,1,0,a_e7d8c038c18055500148c5915382bd98,a_229bf505ba2e790bb096242740676070,p_dc4ab9c170ca5cb292bd98241a932a13,p_3dd478bd944ece2906a0c8e4425f63be,6,927,21,24,2057,19956,45,22013,48.543689320388346,23746.494066882417,489.17777777777781,0.46666666666666667,0.093444782628446826
r_c5e5b32c0f61a967d2e141c5ab9332a5,Direct browsing,d_1be06ce1b670864df8c500dc82b295ae,1,0,a_e7d8c038c18055500148c5915382bd98,a_973fe280423a7e99823e67b74135e536,p_2e82eca21f6faae5abe071822280f367,p_3dd478bd944ece2906a0c8e4425f63be,6,299,76,91,4377,111370,167,115747,558.52842809364552,387113.71237458196,693.09580838323359,0.45508982035928142,0.037815234952093789
r_923c715daf04489e47c24f7c83b595d1,Direct browsing,d_1be06ce1b670864df8c500dc82b295ae,1,0,a_e7d8c038c18055500148c5915382bd98,a_58d51897b7ce8601bb54dcabd6fc1a10,p_e59d9677a26ef7ef5ebe087f3c217ea0,p_3dd478bd944ece2906a0c8e4425f63be,6,284,12,13,1628,6604,25,8232,88.028169014084511,28985.915492957749,329.27999999999997,0.47999999999999998,0.19776482021379982
r_6e256a78887eb2f48af50d06a8e8b281,Direct browsing,d_1be06ce1b670864df8c500dc82b295ae,1,0,a_e7d8c038c18055500148c5915382bd98,a_77b61cdb5558b44fc1a22c36b5e71326,p_5d05f31ad38e52e6ad562dad94bf1193,p_3dd478bd944ece2906a0c8e4425f63be,6,19500,13,12,1610,5337,25,6947,1.2820512820512822,356.25641025641028,277.88,0.52000000000000002,0.23175471426515043
r_d427d231dd7c3f85f155e90056666c2c,Direct browsing,d_1be06ce1b670864df8c500dc82b295ae,1,0,a_e7d8c038c18055500148c5915382bd98,a_275a7f699820789c39c7f399fcdf45a3,p_727406ebec648b55eb0fb7d7a716c036,p_3dd478bd944ece2906a0c8e4425f63be,6,5585,10,9,1472,4311,19,5783,3.4019695613249779,1035.4521038495971,304.36842105263156,0.52631578947368418,0.25453916652256614
r_c275808437ae22582ef2e5904b10e11f,Direct browsing,d_1be06ce1b670864df8c500dc82b295ae,1,0,a_e7d8c038c18055500148c5915382bd98,a_c768cf03bcc8571b20df780f5600a7dd,p_3cd995125194b252735998fdbb6fdad3,p_3dd478bd944ece2906a0c8e4425f63be,6,834,16,13,1840,7036,29,8876,34.772182254196643,10642.685851318945,306.06896551724139,0.55172413793103448,0.20730058584948174
r_3a7670fe98197fa318b1d181272a563d,Direct browsing,d_1be06ce1b670864df8c500dc82b295ae,1,0,a_e7d8c038c18055500148c5915382bd98,a_cf31ba68046233719f1273a3a3789e72,p_8dd91053b1e693b40ff5ca9a81916098,p_3dd478bd944ece2906a0c8e4425f63be,6,15287,13,13,1685,7860,26,9545,1.7007915222084122,624.38673382612672,367.11538461538464,0.5,0.17653221581980094
r_9449ca5093a5cbbdd9319b2a0bede9ee,Direct browsing,d_1be06ce1b670864df8c500dc82b295ae,1,0,a_e7d8c038c18055500148c5915382bd98,a_1501eb4c2a63b5d79a31bcb24cb8defa,p_0830eaab2be97e6d474b92f4629bd7c6,p_3dd478bd944ece2906a0c8e4425f63be,6,3708,12,9,1555,3608,21,5163,5.6634304207119737,1392.3948220064724,245.85714285714286,0.5714285714285714,0.30118148363354641
r_3db7284c6c4859de97166d4542c968a7,Direct browsing,d_1be06ce1b670864df8c500dc82b295ae,1,0,a_e7d8c038c18055500148c5915382bd98,a_8a1bf602a2968f6273c99387feb7e65d,p_fe318d72f86fab2ec33562057ed9843e,p_3dd478bd944ece2906a0c8e4425f63be,6,11236,8,0,480,0,8,480,0.71199715201139191,42.719829120683514,60,1,1
r_31be3e5acf4a6a9deb2b462bc4e452e8,Direct browsing,d_1be06ce1b670864df8c500dc82b295ae,1,0,a_e7d8c038c18055500148c5915382bd98,a_2c626b0cb20f5735d0f38de6f3d66500,p_f85a22bc16062053f017f01ee9e746e4,p_3dd478bd944ece2906a0c8e4425f63be,6,785,17,15,1893,7556,32,9449,40.764331210191081,12036.942675159235,295.28125,0.53125,0.20033866017567997
r_af076f6111e8ab4112e2714dac510c7d,Direct browsing,d_1be06ce1b670864df8c500dc82b295ae,1,0,a_e7d8c038c18055500148c5915382bd98,a_cf31ba68046233719f1273a3a3789e72,p_f97304823460ed9d87c09109d3724238,p_d7195ebfc9c48d4a0beab7870d0eba9c,6,172,13,11,984,7591,24,8575,139.53488372093025,49854.651162790702,357.29166666666669,0.54166666666666663,0.11475218658892128
r_ab1a8598114887498c554d07e12e2eb1,Direct browsing,d_1be06ce1b670864df8c500dc82b295ae,1,0,a_e7d8c038c18055500148c5915382bd98,a_cf31ba68046233719f1273a3a3789e72,p_e54592b46ba8e61ca221abba75bb73d9,p_3dd478bd944ece2906a0c8e4425f63be,6,233,17,15,2263,7572,32,9835,137.33905579399141,42210.30042918455,307.34375,0.53125,0.23009659379766143
r_e57e7c828c7c4df6ca0838d88c7767ad,Direct browsing,d_1be06ce1b670864df8c500dc82b295ae,1,0,a_e7d8c038c18055500148c5915382bd98,a_6385ce18b93a1e21a15880642387e419,p_b5bad38af1ee538dc3e0fa7e916515d1,p_d7195ebfc9c48d4a0beab7870d0eba9c,6,471,7,5,850,3776,12,4626,25.477707006369428,9821.6560509554147,385.5,0.58333333333333337,0.18374405533938609
r_94679c7a1f1f2c6393aecb6a800936f8,Direct browsing,d_1be06ce1b670864df8c500dc82b295ae,1,0,a_e7d8c038c18055500148c5915382bd98,a_cf31ba68046233719f1273a3a3789e72,p_b3519776f63a3d893eca7d5c0225b004,p_3dd478bd944ece2906a0c8e4425f63be,6,130,6,6,849,327,12,1176,92.307692307692307,9046.1538461538457,98,0.5,0.72193877551020413
r_b5674a1ade08461cbb1025249be9c086,Direct browsing,d_1be06ce1b670864df8c500dc82b295ae,1,0,a_e7d8c038c18055500148c5915382bd98,a_51fd137456b71140825d720d149df0e1,p_26eddb3e8507f845d5bb8b6b952e42e7,p_3dd478bd944ece2906a0c8e4425f63be,6,27509,16,16,2191,7720,32,9911,1.1632556617834162,360.2820894979825,309.71875,0.5,0.22106750075673495
r_188a2a30453fd08639df258c3bff4655,Direct browsing,d_1be06ce1b670864df8c500dc82b295ae,1,0,a_e7d8c038c18055500148c5915382bd98,a_14776bacc000e46efa3b0a6cc5a2b0ed,p_79d98934f6bbad796c4fef6c9f27460e,p_3dd478bd944ece2906a0c8e4425f63be,6,271,59,74,4011,85866,133,89877,490.77490774907744,331649.44649446494,675.76691729323306,0.44360902255639095,0.044627657798991957
r_65078b2b1bf85dc5aa8cc9d77db3b0ed,Direct browsing,d_1be06ce1b670864df8c500dc82b295ae,1,0,a_e7d8c038c18055500148c5915382bd98,a_b89bb3545215efef3917806aef565228,p_dbceffc31da3ab4af0273bf9be306bd1,p_3dd478bd944ece2906a0c8e4425f63be,6,285,26,29,2067,27839,55,29906,192.98245614035091,104933.33333333334,543.74545454545455,0.47272727272727272,0.06911656523774494
r_0a71c420cc8657e76e01a4e48b03f505,Direct browsing,d_1be06ce1b670864df8c500dc82b295ae,1,0,a_e7d8c038c18055500148c5915382bd98,a_7b774d44da988a9745ebab481fef3bcd,p_d9bd8b892342cb09431da47b32c766a1,p_3dd478bd944ece2906a0c8e4425f63be,6,979,54,59,3283,69191,113,72474,115.42390194075587,74028.600612870272,641.36283185840705,0.47787610619469029,0.045299003780666168
r_4411b50a08002d7296ae78307ebb09c6,Direct browsing,d_1be06ce1b670864df8c500dc82b295ae,1,0,a_e7d8c038c18055500148c5915382bd98,a_366d1be4cd3b7deb5d50675d936d6783,p_f4d3bb73ac098a0f2ad8450a5c9ea05e,p_3dd478bd944ece2906a0c8e4425f63be,6,345,58,68,3638,81913,126,85551,365.21739130434787,247973.91304347827,678.97619047619048,0.46031746031746029,0.042524342205234301
r_b42d38e54e0952cd5b750a7a30be9422,Direct browsing,d_1be06ce1b670864df8c500dc82b295ae,1,0,a_e7d8c038c18055500148c5915382bd98,a_6613e355a108853dc8013615fa2b5d2c,p_2516793a8999d973f854cb4bc6ee4380,p_3dd478bd944ece2906a0c8e4425f63be,6,911,51,56,4196,62165,107,66361,117.45334796926454,72844.127332601536,620.19626168224295,0.47663551401869159,0.063229909133376533
r_f8844fe60fe3be727629a193c766bca2,Direct browsing,d_1be06ce1b670864df8c500dc82b295ae,1,0,a_e7d8c038c18055500148c5915382bd98,a_fa0114d2d5663a226d433557f2bca266,p_35c7981762efb80d74077d2391dc22de,p_3dd478bd944ece2906a0c8e4425f63be,6,474,78,96,4579,51398,174,55977,367.08860759493672,118094.93670886077,321.70689655172413,0.44827586206896552,0.081801454168676416
r_da58e9f1043c1143c2178f85676ade0d,Direct browsing,d_1be06ce1b670864df8c500dc82b295ae,1,0,a_e7d8c038c18055500148c5915382bd98,a_bf0ab415dcc862e22b99e9e397fc5719,p_b10b1a7d2e16de12047e8985bd07a1c7,p_3dd478bd944ece2906a0c8e4425f63be,6,1349,24,22,1971,14438,46,16409,34.099332839140104,12163.825055596739,356.71739130434781,0.52173913043478259,0.12011700895849839
r_236903b8158036528b4c55f8019070aa,Direct browsing,d_1be06ce1b670864df8c500dc82b295ae,1,0,a_e7d8c038c18055500148c5915382bd98,a_6cc8f81611c7e19feb8ed887bfa958ac,p_92bf75e4a36ac5e48e5baaffe230fc0a,p_3dd478bd944ece2906a0c8e4425f63be,6,11179,8,0,480,0,8,480,0.71562751587798545,42.937650952679128,60,1,1
r_c23d81da4e1847b8dea47c93d722c333,Direct browsing,d_1be06ce1b670864df8c500dc82b295ae,1,0,a_e7d8c038c18055500148c5915382bd98,a_13c20668053e311fea86e4c89f3bd2c3,p_946d80669c2db17f600340cfbc7c556f,p_3dd478bd944ece2906a0c8e4425f63be,6,347,65,69,3763,80625,134,84388,386.16714697406343,243193.08357348706,629.7611940298508,0.48507462686567165,0.044591648101625823
r_96466880bdedb2b7b9394ae2f5b64ee4,Direct browsing,d_1be06ce1b670864df8c500dc82b295ae,1,0,a_e7d8c038c18055500148c5915382bd98,a_cf31ba68046233719f1273a3a3789e72,p_c8370882d17ec010af58df2c95a58f9d,p_3dd478bd944ece2906a0c8e4425f63be,6,136,5,5,785,275,10,1060,73.529411764705884,7794.1176470588234,106,0.5,0.74056603773584906
r_5650b91539aa2ee5ff93a81a3182ca8a,Direct browsing,d_1be06ce1b670864df8c500dc82b295ae,1,0,a_e7d8c038c18055500148c5915382bd98,a_cf31ba68046233719f1273a3a3789e72,p_06f5d6301f515edada35153f36abde29,p_3dd478bd944ece2906a0c8e4425f63be,6,187,13,14,1677,7290,27,8967,144.38502673796791,47951.871657754011,332.11111111111109,0.48148148148148145,0.1870190699230512
r_d1e153ebb57cbe92d999afdcbc200071,Direct browsing,d_1be06ce1b670864df8c500dc82b295ae,1,0,a_e7d8c038c18055500148c5915382bd98,a_bc2d816f23fd9382349f2f0b694d3c49,p_751b914d343cf815f351bdf8606749f0,p_3dd478bd944ece2906a0c8e4425f63be,6,21866,18,19,3125,10597,37,13722,1.6921247599012166,627.54962041525653,370.86486486486484,0.48648648648648651,0.22773648156245446
r_a4c1119fc504fc337567e6ab890def0e,Direct browsing,d_1be06ce1b670864df8c500dc82b295ae,1,0,a_e7d8c038c18055500148c5915382bd98,a_2f9327eb55447d1c7a94cf9133886a1b,p_7d3f7af294266efc343d290dfb84a593,p_3dd478bd944ece2906a0c8e4425f63be,6,308,2,1,100,60,3,160,9.7402597402597397,519.48051948051943,53.333333333333336,0.66666666666666663,0.625
r_b1a854e72120b7ba0f20c91a25fbe847,Direct browsing,d_1be06ce1b670864df8c500dc82b295ae,1,0,a_e7d8c038c18055500148c5915382bd98,a_c4a45ca912701d85b2c25600e255b375,p_2e84ec96e3aa1d3c546230f8c4435279,p_3dd478bd944ece2906a0c8e4425f63be,6,809,20,20,2422,16499,40,18921,49.44375772558714,23388.133498145857,473.02499999999998,0.5,0.12800591934887162
r_c579fae2f99eb12ee25cc02b17db2438,Direct browsing,d_1be06ce1b670864df8c500dc82b295ae,1,0,a_e7d8c038c18055500148c5915382bd98,a_f7236bf52bab5693c5a0bd90b31e7b5d,p_e7866329579f8e2a0ff450bac40f85fa,p_d7195ebfc9c48d4a0beab7870d0eba9c,6,855,16,15,1022,12314,31,13336,36.257309941520468,15597.66081871345,430.19354838709677,0.5161290322580645,0.076634673065386918
r_0599b6e404383867b2727b0df8c75a36,Direct browsing,d_1be06ce1b670864df8c500dc82b295ae,1,0,a_e7d8c038c18055500148c5915382bd98,a_bdae5b7bbb836612ddd64ab47c326090,p_0f33bc871e85cda3d324b437b286eb89,p_3dd478bd944ece2906a0c8e4425f63be,6,23927,12,13,1626,9032,25,10658,1.0448447360722197,445.43820788230869,426.31999999999999,0.47999999999999998,0.15256145618314881
r_35788b49bd4db7ba5dcc3d950f7d54e0,Direct browsing,d_1be06ce1b670864df8c500dc82b295ae,1,0,a_e7d8c038c18055500148c5915382bd98,a_cf31ba68046233719f1273a3a3789e72,p_7c026af7a26dff225c5f602a4c0856ef,p_3dd478bd944ece2906a0c8e4425f63be,6,159,6,6,849,327,12,1176,75.471698113207552,7396.2264150943392,98,0.5,0.72193877551020413
r_0db2a7e87193fc81d36647043c18f314,Direct browsing,d_1be06ce1b670864df8c500dc82b295ae,1,0,a_e7d8c038c18055500148c5915382bd98,a_93870c80d1d2b28e031a463cf8cd8a81,p_d8cfc6c048bdddb96037fd015f522724,p_3dd478bd944ece2906a0c8e4425f63be,6,395,11,10,1908,3879,21,5787,53.164556962025316,14650.632911392404,275.57142857142856,0.52380952380952384,0.3297045101088647
r_29dc5c8285b8a1cacf6f6dbc0d7c0d1d,Direct browsing,d_1be06ce1b670864df8c500dc82b295ae,1,0,a_e7d8c038c18055500148c5915382bd98,a_369b6a93c0655b80d03e9f482dd3c418,p_6e821903e15588b637b620d0c410a1fc,p_3dd478bd944ece2906a0c8e4425f63be,6,381,52,65,3418,76512,117,79930,307.08661417322833,209790.02624671915,683.16239316239319,0.44444444444444442,0.042762417114975602
r_9b666fff6d3f8912959a78a693da5f71,Direct browsing,d_1be06ce1b670864df8c500dc82b295ae,1,0,a_e7d8c038c18055500148c5915382bd98,a_fc951fc807c2a3ca71cb0b467bc50af1,p_3de2cbafd961886c6c183f12a264413a,p_d7195ebfc9c48d4a0beab7870d0eba9c,6,11233,8,0,480,0,8,480,0.71218730526128371,42.731238315677018,60,1,1
r_9f0c4edc7b507db95e5bb41ddc995d49,Direct browsing,d_1be06ce1b670864df8c500dc82b295ae,1,0,a_e7d8c038c18055500148c5915382bd98,a_5ac62d76fcb4e35f30b05f8bd37953d9,p_afa609481f4d5d51f79c1624efaa048f,p_3dd478bd944ece2906a0c8e4425f63be,6,8830,28,42,2430,46967,70,49397,7.9275198187995466,5594.2242355605886,705.67142857142858,0.40000000000000002,0.049193270846407677
r_ee4738d0593d08880079ccb683413f97,Direct browsing,d_1be06ce1b670864df8c500dc82b295ae,1,0,a_e7d8c038c18055500148c5915382bd98,a_cf31ba68046233719f1273a3a3789e72,p_54c4d7c26fb758ecc10dd314ba2fc36c,p_3dd478bd944ece2906a0c8e4425f63be,6,15855,16,15,2229,7682,31,9911,1.95521917376222,625.10249132765682,319.70967741935482,0.5161290322580645,0.22490162445767328
r_050ca95714d26d406b08470418791d47,Direct browsing,d_1be06ce1b670864df8c500dc82b295ae,1,0,a_e7d8c038c18055500148c5915382bd98,a_01c27fc950d2f075d869a4d0acaa48ee,p_062208baff307c361cb84005a6ab7422,p_3dd478bd944ece2906a0c8e4425f63be,6,818,36,43,2617,51204,79,53821,96.577017114914426,65795.843520782393,681.27848101265818,0.45569620253164556,0.048624142992512213
r_fb585b37e9f9bafd1b6229dfc4154a0f,Direct browsing,d_1be06ce1b670864df8c500dc82b295ae,1,0,a_e7d8c038c18055500148c5915382bd98,a_8ceac1ca69262b7b829edddf7b86faf6,p_47e82ec110eb4c9c6ab4c78361787abb,p_d7195ebfc9c48d4a0beab7870d0eba9c,6,1209,7,5,721,3208,12,3929,9.9255583126550864,3249.793217535153,327.41666666666669,0.58333333333333337,0.1835072537541359
r_66d6d24c688efc9553697a743676e0e7,Direct browsing,d_1be06ce1b670864df8c500dc82b295ae,1,0,a_e7d8c038c18055500148c5915382bd98,a_3c49b6ed36e58897b1259f46cbd0a5f8,p_917f10d5a2889a0c5ed8670133772978,p_1239ed2e7e41d197d93a326176df63b2,17,0,1,0,30,0,1,30,,,30,1,1
r_f4d404336e93f3f7f7215240a1444a84,Direct browsing,d_1be06ce1b670864df8c500dc82b295ae,1,0,a_e7d8c038c18055500148c5915382bd98,a_cf31ba68046233719f1273a3a3789e72,p_42ff980f83d8c623fa8cff02d481ce64,p_3dd478bd944ece2906a0c8e4425f63be,6,216,5,5,785,275,10,1060,46.296296296296298,4907.4074074074078,106,0.5,0.74056603773584906
r_07e770897ebe90b4f75a55a2746b4b79,Direct browsing,d_1be06ce1b670864df8c500dc82b295ae,1,0,a_e7d8c038c18055500148c5915382bd98,a_8dcddb16df392fd9272a078edf01e1b0,p_beb64b905151562fcfbf7dcdf232229c,p_3dd478bd944ece2906a0c8e4425f63be,6,19822,14,13,1826,6625,27,8451,1.3621228937544143,426.34446574513169,313,0.51851851851851849,0.21606910424801798
r_e5bcfcdee9a5b5c9bf3c1d0dfdcba874,Direct browsing,d_1be06ce1b670864df8c500dc82b295ae,1,0,a_e7d8c038c18055500148c5915382bd98,a_cf31ba68046233719f1273a3a3789e72,p_b8bb9b17b40bd67322b10a52ed1781ac,p_3dd478bd944ece2906a0c8e4425f63be,6,537,7,6,901,327,13,1228,24.208566108007446,2286.7783985102419,94.461538461538467,0.53846153846153844,0.73371335504885993
r_4b625bb1b07b96ec75e9deb6f4557894,Direct browsing,d_1be06ce1b670864df8c500dc82b295ae,1,0,a_e7d8c038c18055500148c5915382bd98,a_5180ef3376e0ee803d21fe3980a808a4,p_b78c76e47cc88bae5eee56b5ac61b102,p_3dd478bd944ece2906a0c8e4425f63be,6,1647,21,23,2009,21324,44,23333,26.715239829993926,14166.970248937461,530.2954545454545,0.47727272727272729,0.086101230017571681
r_f3e49c63c5ce20a67a67d67e3851190b,Direct browsing,d_1be06ce1b670864df8c500dc82b295ae,1,0,a_e7d8c038c18055500148c5915382bd98,a_cf31ba68046233719f1273a3a3789e72,p_96253510dd774d8c9d93f27d32d1a9fb,p_3dd478bd944ece2906a0c8e4425f63be,6,28955,13,13,1674,7271,26,8945,0.89794508720428257,308.92764634778104,344.03846153846155,0.5,0.18714365567356064
r_5b7bc6351bcd4a5d3c6a4ddb740b8a55,Direct browsing,d_1be06ce1b670864df8c500dc82b295ae,1,0,a_e7d8c038c18055500148c5915382bd98,a_c32cf9917ab25ae63b0968cf28d8efd0,p_7b9dc61988134decfadc840644520da8,p_3dd478bd944ece2906a0c8e4425f63be,6,1340,18,17,1858,10224,35,12082,26.119402985074625,9016.4179104477607,345.19999999999999,0.51428571428571423,0.15378248634332065
r_be339a50cfe969ac3bc33c082fc8055d,Direct browsing,d_1be06ce1b670864df8c500dc82b295ae,1,0,a_e7d8c038c18055500148c5915382bd98,a_7a993f84e5d27a582e05a1c3821c1dfd,p_3204e3d0d32e20a27f2905c746064264,p_3dd478bd944ece2906a0c8e4425f63be,6,1338,10,10,1530,3789,20,5319,14.947683109118087,3975.336322869955,265.94999999999999,0.5,0.28764805414551609
r_bc2e772ae0ffd3b13e5c4480ce894ccc,Direct browsing,d_1be06ce1b670864df8c500dc82b295ae,1,0,a_e7d8c038c18055500148c5915382bd98,a_5607307b9b9a0681912487688d94bd13,p_55eb04578faae1274736a19ef8702212,p_3dd478bd944ece2906a0c8e4425f63be,6,72160,273,240,39714,249891,513,289605,7.1092017738359203,4013.3730598669626,564.53216374269005,0.53216374269005851,0.13713161029678356
r_a032f288dc356f3cf66d35c93f530f8e,Direct browsing,d_1be06ce1b670864df8c500dc82b295ae,1,0,a_e7d8c038c18055500148c5915382bd98,a_5ff1649e4e721224a3632c0c2debd333,p_1ba73b3e00743bf0f749d0ac85750958,p_3dd478bd944ece2906a0c8e4425f63be,6,784,27,28,2719,27702,55,30421,70.15306122448979,38802.295918367345,553.10909090909092,0.49090909090909091,0.089379047368594061
r_a84284ea0ea77ec0be0112591803dfc3,Direct browsing,d_1be06ce1b670864df8c500dc82b295ae,1,0,a_e7d8c038c18055500148c5915382bd98,a_cf31ba68046233719f1273a3a3789e72,p_cef3ef965ad33dc0cac3baecc5cbfdc8,p_3dd478bd944ece2906a0c8e4425f63be,6,178,5,5,785,275,10,1060,56.17977528089888,5955.0561797752816,106,0.5,0.74056603773584906
r_e20b5d74b6d55bf0282c691b100b4213,Direct browsing,d_1be06ce1b670864df8c500dc82b295ae,1,0,a_e7d8c038c18055500148c5915382bd98,a_6229fe05861eacd30a61bfa58ae74d80,p_f2310f57ec38fa006b737b7d6e1315b7,p_d7195ebfc9c48d4a0beab7870d0eba9c,6,774,8,6,703,4054,14,4757,18.087855297157621,6145.9948320413432,339.78571428571428,0.5714285714285714,0.14778221568215261
r_716616ba20e7e5585aea92b22cd4016b,Direct browsing,d_1be06ce1b670864df8c500dc82b295ae,1,0,a_e7d8c038c18055500148c5915382bd98,a_cf31ba68046233719f1273a3a3789e72,p_8ccf431f867384c235d0249143fb149a,p_3dd478bd944ece2906a0c8e4425f63be,6,17962,12,12,1628,7240,24,8868,1.3361541031065582,493.70894109787332,369.5,0.5,0.18358141632837166
r_397e298955e1b35f97dab47f2d9e1be5,Direct browsing,d_1be06ce1b670864df8c500dc82b295ae,1,0,a_e7d8c038c18055500148c5915382bd98,a_26c5a920a7892a255ba4f79debae35b7,p_9d01ec6078b0e0c593e028c263d79cea,p_3dd478bd944ece2906a0c8e4425f63be,6,20082,15,14,2149,3537,29,5686,1.4440792749726121,283.13912956876806,196.06896551724137,0.51724137931034486,0.37794583186774533
r_5cf1419e762d397505f20f7f9a824cd2,Direct browsing,d_1be06ce1b670864df8c500dc82b295ae,1,0,a_e7d8c038c18055500148c5915382bd98,a_cf31ba68046233719f1273a3a3789e72,p_53f1cb9331ee2bd2289e0df8d67b0d9e,p_3dd478bd944ece2906a0c8e4425f63be,6,130,6,6,849,327,12,1176,92.307692307692307,9046.1538461538457,98,0.5,0.72193877551020413
r_333b0874b091ab1d9014eb971ecb181f,Direct browsing,d_1be06ce1b670864df8c500dc82b295ae,1,0,a_e7d8c038c18055500148c5915382bd98,a_5607307b9b9a0681912487688d94bd13,p_99be1b3baa12ae1f54a4aec3ec87ce9a,p_3dd478bd944ece2906a0c8e4425f63be,6,28027,20,20,2492,15451,40,17943,1.4271952046241123,640.20408891426121,448.57499999999999,0.5,0.13888424455219306
r_71c4682888685c204c57d20142d40842,Direct browsing,d_1be06ce1b670864df8c500dc82b295ae,1,0,a_e7d8c038c18055500148c5915382bd98,a_cf31ba68046233719f1273a3a3789e72,p_5132fe62129acb15a94500e6b3a2ec0a,p_3dd478bd944ece2906a0c8e4425f63be,6,130,6,6,849,327,12,1176,92.307692307692307,9046.1538461538457,98,0.5,0.72193877551020413
r_695b980f8b14c59bd6a65056f713ba59,Direct browsing,d_1be06ce1b670864df8c500dc82b295ae,1,0,a_e7d8c038c18055500148c5915382bd98,a_cf31ba68046233719f1273a3a3789e72,p_c44da70d62f42fdce238e9766800b268,p_3dd478bd944ece2906a0c8e4425f63be,6,222,13,13,1683,7236,26,8919,117.11711711711712,40175.675675675673,343.03846153846155,0.5,0.18869828456104945
r_c522d642080ae30a2f000e0d97266a61,Direct browsing,d_1be06ce1b670864df8c500dc82b295ae,1,0,a_e7d8c038c18055500148c5915382bd98,a_51fd137456b71140825d720d149df0e1,p_75f182dfa8dc3a3b7c32d23956204350,p_3dd478bd944ece2906a0c8e4425f63be,6,15654,14,13,1865,7033,27,8898,1.7247987734764278,568.41701801456497,329.55555555555554,0.51851851851851849,0.20959766239604405
r_bd037602293d480caad0d71cee02f5d0,Direct browsing,d_1be06ce1b670864df8c500dc82b295ae,1,0,a_e7d8c038c18055500148c5915382bd98,a_cf31ba68046233719f1273a3a3789e72,p_012d5c465fa019166cbaaf21c9648ff0,p_3dd478bd944ece2906a0c8e4425f63be,6,201,6,6,849,327,12,1176,59.701492537313428,5850.746268656716,98,0.5,0.72193877551020413
r_e10558f20a5d20e6f9d09c6d08a996ee,Direct browsing,d_1be06ce1b670864df8c500dc82b295ae,1,0,a_e7d8c038c18055500148c5915382bd98,a_01c27fc950d2f075d869a4d0acaa48ee,p_a97f091b0c6a9629035d4ad1dc8d7b01,p_3dd478bd944ece2906a0c8e4425f63be,6,1248,39,42,4044,47882,81,51926,64.90384615384616,41607.371794871797,641.06172839506178,0.48148148148148145,0.077880060085506297
r_4b401358ba2de9e71392a400571ed7c6,Direct browsing,d_1be06ce1b670864df8c500dc82b295ae,1,0,a_e7d8c038c18055500148c5915382bd98,a_cf31ba68046233719f1273a3a3789e72,p_f919bd772607a37de134e46959245ab3,p_3dd478bd944ece2906a0c8e4425f63be,6,123,5,5,785,275,10,1060,81.300813008130078,8617.8861788617887,106,0.5,0.74056603773584906
r_f0194a9dd1a1afd2e21a3161617529ff,Direct browsing,d_1be06ce1b670864df8c500dc82b295ae,1,0,a_e7d8c038c18055500148c5915382bd98,a_14776bacc000e46efa3b0a6cc5a2b0ed,p_56e9fe010574630e45db7bf40a32143b,p_3dd478bd944ece2906a0c8e4425f63be,6,373,49,64,3539,75040,113,78579,302.9490616621984,210667.56032171581,695.38938053097343,0.4336283185840708,0.04503747820664554
r_e0f0edf9c25ab63b29732aac64f0f1a9,Direct browsing,d_1be06ce1b670864df8c500dc82b295ae,1,0,a_e7d8c038c18055500148c5915382bd98,a_01c27fc950d2f075d869a4d0acaa48ee,p_742757e5b414f2538d162050b4b52dfe,p_3dd478bd944ece2906a0c8e4425f63be,6,838,43,38,3422,42973,81,46395,96.658711217183779,55363.961813842485,572.77777777777783,0.53086419753086422,0.07375794805474728
r_b49e02b1d5617e7f2e35bd27d86a63df,Direct browsing,d_1be06ce1b670864df8c500dc82b295ae,1,0,a_e7d8c038c18055500148c5915382bd98,a_290b725f5fbb2fcfc21bf34dfeec4008,p_f1cc92e6bee9709a16173aa59328ba67,p_3dd478bd944ece2906a0c8e4425f63be,6,24585,17,15,2326,10939,32,13265,1.3016066707341876,539.55664022778114,414.53125,0.53125,0.1753486618921975
r_97d7a4cc943b809772b3a1ebe9bb8089,Direct browsing,d_1be06ce1b670864df8c500dc82b295ae,1,0,a_e7d8c038c18055500148c5915382bd98,a_2883a543a175f01177f4c1cf45c83b3e,p_9b08cac604c1fae8b82011ba89dbe5ca,p_3dd478bd944ece2906a0c8e4425f63be,6,668,44,52,4503,57117,96,61620,143.7125748502994,92245.508982035928,641.875,0.45833333333333331,0.073076923076923081
r_3ac790bffc37c2e179066032e755fe5d,Direct browsing,d_1be06ce1b670864df8c500dc82b295ae,1,0,a_e7d8c038c18055500148c5915382bd98,a_edd6576eb7fac6d03632432b37ddd3fd,p_c5ac95db67f3c5ce16e0a08f61cc6705,p_3dd478bd944ece2906a0c8e4425f63be,6,29762,12,10,1623,4070,22,5693,0.73919763456756937,191.28418789059876,258.77272727272725,0.54545454545454541,0.28508694888459513
r_350248252add99350bd4881b286e35a8,Direct browsing,d_1be06ce1b670864df8c500dc82b295ae,1,0,a_e7d8c038c18055500148c5915382bd98,a_cf31ba68046233719f1273a3a3789e72,p_84eb6404cafb9ae09b06316d74a4ee8e,p_3dd478bd944ece2906a0c8e4425f63be,6,114,5,5,785,275,10,1060,87.719298245614027,9298.2456140350878,106,0.5,0.74056603773584906
r_e452a5294b144071739452c782392eb0,Direct browsing,d_1be06ce1b670864df8c500dc82b295ae,1,0,a_e7d8c038c18055500148c5915382bd98,a_4cd376ccdac1f811a963094e7ea0112a,p_98d60f6b5a34a599187fbab59c8dde15,p_d7195ebfc9c48d4a0beab7870d0eba9c,6,731,5,5,627,969,10,1596,13.679890560875513,2183.310533515732,159.59999999999999,0.5,0.39285714285714285
r_7d142835c528228ce6fd0a43c5a4f9e5,Direct browsing,d_1be06ce1b670864df8c500dc82b295ae,1,0,a_e7d8c038c18055500148c5915382bd98,a_576aa7b45afa07b39b269cbc072ee5de,p_ab666450d0faa3a352ad48b29016487d,p_3dd478bd944ece2906a0c8e4425f63be,6,200,40,55,2840,67298,95,70138,475,350690,738.29473684210529,0.42105263157894735,0.040491602269810946
r_452a915419a7023f9d2837d2ed205a1b,Direct browsing,d_1be06ce1b670864df8c500dc82b295ae,1,0,a_e7d8c038c18055500148c5915382bd98,a_8a1bf602a2968f6273c99387feb7e65d,p_5fdb14d6d4053b2e799fcecc26d8839a,p_3dd478bd944ece2906a0c8e4425f63be,6,11179,8,0,480,0,8,480,0.71562751587798545,42.937650952679128,60,1,1
r_babd88abe34abff54ca04914e5c4e122,Direct browsing,d_1be06ce1b670864df8c500dc82b295ae,1,0,a_e7d8c038c18055500148c5915382bd98,a_af30395c2198eede462ef6ed4bcef96c,p_a75fce4e428563cdfe7ca6f5e79d20a4,p_3dd478bd944ece2906a0c8e4425f63be,6,1460,13,11,1718,6655,24,8373,16.438356164383563,5734.9315068493152,348.875,0.54166666666666663,0.20518332736175804
r_2e21d31da2ade6e5d4051ec344a4e2c6,Direct browsing,d_1be06ce1b670864df8c500dc82b295ae,1,0,a_e7d8c038c18055500148c5915382bd98,a_e9c192da5b492e2e228a72bd51cb8f40,p_719fe21c5bf387ea23024c2c39637fda,p_3dd478bd944ece2906a0c8e4425f63be,6,1478,34,43,2798,48767,77,51565,52.097428958051424,34888.362652232747,669.67532467532465,0.44155844155844154,0.054261611558227479
r_50257b9c8c088898435f8cf190394ad0,Direct browsing,d_1be06ce1b670864df8c500dc82b295ae,1,0,a_e7d8c038c18055500148c5915382bd98,a_fea4b88ca10252a3551446195c073ff1,p_361862b13e331fbd80c2373a6f4376f5,p_3dd478bd944ece2906a0c8e4425f63be,6,2473,24,29,2322,28448,53,30770,21.431459765467046,12442.377678932471,580.56603773584902,0.45283018867924529,0.075463113422164441
r_d28204e271c33155392b97ce2bf96006,Direct browsing,d_1be06ce1b670864df8c500dc82b295ae,1,0,a_e7d8c038c18055500148c5915382bd98,a_e9964c8b61809e485e5488780523a468,p_bb3dbe2659c461cd747f7e657d8f59ed,p_3dd478bd944ece2906a0c8e4425f63be,6,48131,16,20,2292,11297,36,13589,0.74795869605867316,282.33363113170304,377.47222222222223,0.44444444444444442,0.16866583265876811
r_b563a5a29a72c38fa8bf6661f55abf52,Direct browsing,d_1be06ce1b670864df8c500dc82b295ae,1,0,a_e7d8c038c18055500148c5915382bd98,a_faa1be8e2dab08a9507d1b236e5c6bf1,p_6cc6ffb6de7f0356da38e69f0069000e,p_3dd478bd944ece2906a0c8e4425f63be,6,1080,15,20,2263,11256,35,13519,32.407407407407405,12517.592592592591,386.25714285714287,0.42857142857142855,0.16739403802056366
r_2abb4b60af8030319a6b0deb955f6d13,Direct browsing,d_1be06ce1b670864df8c500dc82b295ae,1,0,a_e7d8c038c18055500148c5915382bd98,a_cf31ba68046233719f1273a3a3789e72,p_e57ff9a9c3b6a5b3e1a62d5f2ad35463,p_3dd478bd944ece2906a0c8e4425f63be,6,26140,13,13,1701,7863,26,9564,0.99464422341239478,365.87605202754401,367.84615384615387,0.5,0.17785445420326224
r_d4666e8a3b666d70bf37146ae64032bb,Direct browsing,d_1be06ce1b670864df8c500dc82b295ae,1,0,a_e7d8c038c18055500148c5915382bd98,a_3cf6c0226429954d4ea6a692d8058d11,p_ed313a398671c5c02ef07eb7dac6c3d1,p_3dd478bd944ece2906a0c8e4425f63be,6,564,14,18,1697,9835,32,11532,56.737588652482273,20446.808510638301,360.375,0.4375,0.14715574054804023
r_719660c8b168b87d2c06f134183769d9,Direct browsing,d_1be06ce1b670864df8c500dc82b295ae,1,0,a_e7d8c038c18055500148c5915382bd98,a_9c6aa07bc62a11dec03f482d53110b23,p_be537fb8c83787d11464874e38835fea,p_3dd478bd944ece2906a0c8e4425f63be,6,75617,20,7,5573,4598,27,10171,0.35706256529616354,134.50679080101034,376.7037037037037,0.7407407407407407,0.54793039032543511
r_d4c1bb0af344db7e7e8719600945f9f6,Direct browsing,d_1be06ce1b670864df8c500dc82b295ae,1,0,a_e7d8c038c18055500148c5915382bd98,a_9b3151c587fb9f2302ffe2b703ef3467,p_f3b9631e851e629656bac8ce335d767e,p_3dd478bd944ece2906a0c8e4425f63be,6,976,20,23,2313,19283,43,21596,44.057377049180332,22127.049180327871,502.23255813953489,0.46511627906976744,0.10710316725319503
r_605dfab53ad5da2ea6c9a354d78fb0cc,Direct browsing,d_1be06ce1b670864df8c500dc82b295ae,1,0,a_e7d8c038c18055500148c5915382bd98,a_cf31ba68046233719f1273a3a3789e72,p_6ad5698331976ecfbe72d6524197ba01,p_3dd478bd944ece2906a0c8e4425f63be,6,115,5,6,785,327,11,1112,95.65217391304347,9669.565217391304,101.09090909090909,0.45454545454545453,0.7059352517985612
r_cfbf301c8d031b82d309207628e9f20a,Direct browsing,d_1be06ce1b670864df8c500dc82b295ae,1,0,a_e7d8c038c18055500148c5915382bd98,a_8888e819d3794d45a798b8a0a9dd2393,p_f76a67cf20311f03f29a07d5cba53f6e,p_3dd478bd944ece2906a0c8e4425f63be,6,577,24,32,2203,32714,56,34917,97.053726169844026,60514.731369150788,623.51785714285711,0.42857142857142855,0.063092476444138956
r_6da2a93e9f48cc38d1cde3c4d77e05dc,Direct browsing,d_1be06ce1b670864df8c500dc82b295ae,1,0,a_e7d8c038c18055500148c5915382bd98,a_2fbdd1332d34f8204d9324e5d119b7c8,p_b155522b7c5d25030b9b6888a76274da,p_3dd478bd944ece2906a0c8e4425f63be,6,45413,14,14,2137,5912,28,8049,0.61656353907471428,177.23999735758485,287.46428571428572,0.5,0.2654988197291589
r_b5b0f18b7a37774f85580a0b887e964e,Direct browsing,d_1be06ce1b670864df8c500dc82b295ae,1,0,a_e7d8c038c18055500148c5915382bd98,a_8dcddb16df392fd9272a078edf01e1b0,p_07870a36328dd038f0519b30f890982f,p_3dd478bd944ece2906a0c8e4425f63be,6,25652,12,13,1956,6607,25,8563,0.97458287852798997,333.8141275534071,342.51999999999998,0.47999999999999998,0.22842461754058158
r_518e0c7e1529e963110a4e292675c0da,Direct browsing,d_1be06ce1b670864df8c500dc82b295ae,1,0,a_e7d8c038c18055500148c5915382bd98,a_6b8fda46f9e2125156a6aae20aa010f0,p_5728a237169e209e7c505c6cfcfbc716,p_3dd478bd944ece2906a0c8e4425f63be,6,9447,15,15,1787,6830,30,8617,3.1756113051762469,912.14142055679065,287.23333333333335,0.5,0.20738075896483696
r_2935354a162761a5411471db1d9c3afe,Direct browsing,d_1be06ce1b670864df8c500dc82b295ae,1,0,a_e7d8c038c18055500148c5915382bd98,a_d0e43c5a75e649db4b94f0edf0fbf466,p_7abfce6502aa1913e9c5b581da794897,p_d7195ebfc9c48d4a0beab7870d0eba9c,6,730,6,4,407,401,10,808,13.698630136986301,1106.8493150684931,80.799999999999997,0.59999999999999998,0.50371287128712872
r_50df443c001ed43b68171af68274b104,Direct browsing,d_1be06ce1b670864df8c500dc82b295ae,1,0,a_e7d8c038c18055500148c5915382bd98,a_aaae0583eb1d0566ad5ee41d0a7ebe30,p_f8d9c5f5334ac5fc58633e1f5f1c95ee,p_3dd478bd944ece2906a0c8e4425f63be,6,1225,15,18,1762,9654,33,11416,26.938775510204081,9319.1836734693879,345.93939393939394,0.45454545454545453,0.1543447792571829
r_2e8e62d21ee4db2dac466e412c299ac7,Direct browsing,d_1be06ce1b670864df8c500dc82b295ae,1,0,a_e7d8c038c18055500148c5915382bd98,a_b57936916017fc66949b6e661c963d3a,p_61fa1821d61a59d6173c0fa0c36276e9,p_3dd478bd944ece2906a0c8e4425f63be,6,494,21,20,1988,16274,41,18262,82.995951417004051,36967.611336032387,445.41463414634148,0.51219512195121952,0.10885992771876027
r_9a6dd9095a6d684a1bde1071312ca950,Direct browsing,d_1be06ce1b670864df8c500dc82b295ae,1,0,a_e7d8c038c18055500148c5915382bd98,a_bc2d816f23fd9382349f2f0b694d3c49,p_a31a800fbff0fa6fa9c48835f42cb2a2,p_3dd478bd944ece2906a0c8e4425f63be,6,1988,20,21,4027,10874,41,14901,20.623742454728369,7495.4728370221328,363.4390243902439,0.48780487804878048,0.27025031877055233
r_5e7e8273d894dc27428d6e01dc1a95f0,Direct browsing,d_1be06ce1b670864df8c500dc82b295ae,1,0,a_e7d8c038c18055500148c5915382bd98,a_01c27fc950d2f075d869a4d0acaa48ee,p_2101139f3fbc50655c6e5ffb0973752b,p_3dd478bd944ece2906a0c8e4425f63be,6,891,44,39,3448,43120,83,46568,93.153759820426487,52264.870931537596,561.06024096385545,0.53012048192771088,0.074042260779934713
r_be59c4218ac61b76eb9928ae0531cd61,Direct browsing,d_1be06ce1b670864df8c500dc82b295ae,1,0,a_e7d8c038c18055500148c5915382bd98,a_0e148281287ecabdb2ab2162a007ff80,p_5887e309616eaf089fcd62b785e74bf9,p_3dd478bd944ece2906a0c8e4425f63be,6,21649,15,16,1921,9515,31,11436,1.4319368100143193,528.24610836528245,368.90322580645159,0.4838709677419355,0.16797831409583772
r_7c97f3358545d674ed876bd0c6bba009,Direct browsing,d_1be06ce1b670864df8c500dc82b295ae,1,0,a_e7d8c038c18055500148c5915382bd98,a_b89bb3545215efef3917806aef565228,p_82d7ad95bf0a8746f78eb5d97eb424f7,p_3dd478bd944ece2906a0c8e4425f63be,6,349,25,26,2021,22583,51,24604,146.13180515759313,70498.567335243555,482.43137254901961,0.49019607843137253,0.082141115265810444
r_cf01f7710b7d2279ff0e2895696aa062,Direct browsing,d_1be06ce1b670864df8c500dc82b295ae,1,0,a_e7d8c038c18055500148c5915382bd98,a_cf31ba68046233719f1273a3a3789e72,p_42eead2a184cb41a6f6fe0cfb9e3be08,p_3dd478bd944ece2906a0c8e4425f63be,6,76,5,5,785,275,10,1060,131.57894736842107,13947.368421052632,106,0.5,0.74056603773584906
r_6ecfcbad7996f4a10d96c50b0d7283ef,Direct browsing,d_1be06ce1b670864df8c500dc82b295ae,1,0,a_e7d8c038c18055500148c5915382bd98,a_cf31ba68046233719f1273a3a3789e72,p_b6fcc73d14d5377045e4098c0d1fbe81,p_3dd478bd944ece2906a0c8e4425f63be,6,22476,17,15,2273,8271,32,10544,1.423740879159993,469.12261968321769,329.5,0.53125,0.21557283763277693
r_7076d11698e15ea67b60d758ba975ec7,Direct browsing,d_1be06ce1b670864df8c500dc82b295ae,1,0,a_e7d8c038c18055500148c5915382bd98,a_c32cf9917ab25ae63b0968cf28d8efd0,p_5f86e7fcbf7cd756ddc5113dc861d0ac,p_3dd478bd944ece2906a0c8e4425f63be,6,1237,16,16,1772,10173,32,11945,25.869037995149554,9656.4268391269197,373.28125,0.5,0.14834658853076602
r_12ec92ccc15d2fc8b62fa224115bd7af,Direct browsing,d_1be06ce1b670864df8c500dc82b295ae,1,0,a_e7d8c038c18055500148c5915382bd98,a_bf0ab415dcc862e22b99e9e397fc5719,p_96fa854455f1b69f9d6897505ee27c5d,p_3dd478bd944ece2906a0c8e4425f63be,6,1137,17,17,1680,9214,34,10894,29.903254177660511,9581.3544415127526,320.41176470588238,0.5,0.1542133284376721
r_7e219dcfa2a69bcbd53221bc30fe367d,Direct browsing,d_1be06ce1b670864df8c500dc82b295ae,1,0,a_e7d8c038c18055500148c5915382bd98,a_cf31ba68046233719f1273a3a3789e72,p_46928980c56a6306a07742ba910213c9,p_3dd478bd944ece2906a0c8e4425f63be,6,18960,12,13,1634,7260,25,8894,1.3185654008438819,469.09282700421937,355.75999999999999,0.47999999999999998,0.18371936136721384
r_6922fb9f32b695f6375065567119ac35,Direct browsing,d_1be06ce1b670864df8c500dc82b295ae,1,0,a_e7d8c038c18055500148c5915382bd98,a_fc951fc807c2a3ca71cb0b467bc50af1,p_2fbafc0e34ca53740193bc29325a2543,p_d7195ebfc9c48d4a0beab7870d0eba9c,6,11225,8,0,480,0,8,480,0.71269487750556793,42.761692650334076,60,1,1
r_56a1db6adda8b94f9bb6d52e4de95e3a,Direct browsing,d_1be06ce1b670864df8c500dc82b295ae,1,0,a_e7d8c038c18055500148c5915382bd98,a_04f9063f8dbf9957ddc1ff51ca3d55be,p_cb522176e88ba4e518c74b904c89a6ae,p_d7195ebfc9c48d4a0beab7870d0eba9c,6,649,10,8,891,6281,18,7172,27.734976887519259,11050.847457627118,398.44444444444446,0.55555555555555558,0.12423312883435583
r_08d40be1f0cadd3b64b7f22b090b91d5,Direct browsing,d_1be06ce1b670864df8c500dc82b295ae,1,0,a_e7d8c038c18055500148c5915382bd98,a_7762a4f3c12c17b8c99b3307a5c945ee,p_11633f4d33bd5f874170edc88d865636,p_3dd478bd944ece2906a0c8e4425f63be,6,358,72,85,4148,102325,157,106473,438.54748603351959,297410.61452513968,678.171974522293,0.45859872611464969,0.038958233542776104
r_5e9e787117aff6fa091dcd45ba45db4f,Direct browsing,d_1be06ce1b670864df8c500dc82b295ae,1,0,a_e7d8c038c18055500148c5915382bd98,a_cf31ba68046233719f1273a3a3789e72,p_434c985ddd1b23bc9c4e01423ef575dc,p_3dd478bd944ece2906a0c8e4425f63be,6,149,6,6,849,327,12,1176,80.53691275167786,7892.6174496644298,98,0.5,0.72193877551020413
r_a94bdea118513a962b8bbbe9bbb17633,Direct browsing,d_1be06ce1b670864df8c500dc82b295ae,1,0,a_e7d8c038c18055500148c5915382bd98,a_d8e8712503f435094c50b5e0e6c5217f,p_b5c121afcbac0534b3520638a711e61e,p_3dd478bd944ece2906a0c8e4425f63be,6,16978,19,27,2503,17574,46,20077,2.7093886205677933,1182.5303333725997,436.45652173913044,0.41304347826086957,0.12467002042137769
r_0c39eecf914d45e1e682b351e0bb1432,Direct browsing,d_1be06ce1b670864df8c500dc82b295ae,1,0,a_e7d8c038c18055500148c5915382bd98,a_cef9cb3fc1726aed6d5fa7d7fa086082,p_63a0a6b57682325bc9e5e98c3e733ac2,p_3dd478bd944ece2906a0c8e4425f63be,6,363,52,54,3350,63040,106,66390,292.01101928374658,182892.56198347107,626.32075471698113,0.49056603773584906,0.050459406537129083
r_1e9c2db01f0d407cfbed0f8d05efcd72,Direct browsing,d_1be06ce1b670864df8c500dc82b295ae,1,0,a_e7d8c038c18055500148c5915382bd98,a_86f5dea87cc1d8db91ca6d1b22f9aba4,p_29eb70834a1ddf4573c3fb608306f49d,p_3dd478bd944ece2906a0c8e4425f63be,6,5721,10,10,1472,4363,20,5835,3.4958923265163433,1019.9265862611431,291.75,0.5,0.25227077977720652
r_89f3120785f5212b03ffac4426869dfb,Direct browsing,d_1be06ce1b670864df8c500dc82b295ae,1,0,a_e7d8c038c18055500148c5915382bd98,a_3dc006cffa3290d53ee78eb61f363d04,p_07edde7a426e3f8bb0437a645272544c,p_3dd478bd944ece2906a0c8e4425f63be,6,367,49,51,3266,58838,100,62104,272.47956403269757,169220.70844686648,621.03999999999996,0.48999999999999999,0.052589205204173643
r_d986963fc08d1dab7515e55f495895a2,Direct browsing,d_1be06ce1b670864df8c500dc82b295ae,1,0,a_e7d8c038c18055500148c5915382bd98,a_cf31ba68046233719f1273a3a3789e72,p_2adc3eb3fa36a0f2dbed8b4687f70dc0,p_3dd478bd944ece2906a0c8e4425f63be,6,188,6,5,837,275,11,1112,58.51063829787234,5914.8936170212764,101.09090909090909,0.54545454545454541,0.75269784172661869
r_e1a1233e07103f4b03963a64f8ddfffa,Direct browsing,d_1be06ce1b670864df8c500dc82b295ae,1,0,a_e7d8c038c18055500148c5915382bd98,a_6229fe05861eacd30a61bfa58ae74d80,p_15ef1d30a6459cdbbd83361207e4aa94,p_d7195ebfc9c48d4a0beab7870d0eba9c,6,495,8,6,709,4073,14,4782,28.282828282828284,9660.6060606060601,341.57142857142856,0.5714285714285714,0.14826432455039731
r_c746b59ae709211f77569b7fb0ff79f4,Direct browsing,d_1be06ce1b670864df8c500dc82b295ae,1,0,a_e7d8c038c18055500148c5915382bd98,a_be682b1a75d2e165f75201c7970d75c6,p_38dcdbec45d00deed4be1b8ee25513e0,p_3dd478bd944ece2906a0c8e4425f63be,6,11185,8,0,480,0,8,480,0.71524362986142154,42.914617791685288,60,1,1
r_906dc033c9bb2ebb8d56191e8c6ae3d3,Direct browsing,d_1be06ce1b670864df8c500dc82b295ae,1,0,a_e7d8c038c18055500148c5915382bd98,a_cf31ba68046233719f1273a3a3789e72,p_d04d6233147b39755580cf48f731c3f1,p_3dd478bd944ece2906a0c8e4425f63be,6,22534,13,13,1677,7243,26,8920,1.1538120173959352,395.84627673737464,343.07692307692309,0.5,0.18800448430493275
r_6dd05962fcf8e9cf4198f70165243e07,Direct browsing,d_1be06ce1b670864df8c500dc82b295ae,1,0,a_e7d8c038c18055500148c5915382bd98,a_3c49b6ed36e58897b1259f46cbd0a5f8,p_c6e93f920b46a6cf86e7993d2405c1f9,p_1239ed2e7e41d197d93a326176df63b2,17,0,1,0,30,0,1,30,,,30,1,1
r_04f85d5388030a186c0a3ecee6d12401,Direct browsing,d_1be06ce1b670864df8c500dc82b295ae,1,0,a_e7d8c038c18055500148c5915382bd98,a_cf31ba68046233719f1273a3a3789e72,p_b8bcff80145b34a04c000407e0d25684,p_d7195ebfc9c48d4a0beab7870d0eba9c,6,102,11,9,908,7355,20,8263,196.07843137254903,81009.803921568629,413.14999999999998,0.55000000000000004,0.10988745007866392
r_e308d34340a28dd5c3668d7bed7fa593,Direct browsing,d_1be06ce1b670864df8c500dc82b295ae,1,0,a_e7d8c038c18055500148c5915382bd98,a_01c27fc950d2f075d869a4d0acaa48ee,p_d0dbb83e92e23484bec8bf9b3df645bd,p_3dd478bd944ece2906a0c8e4425f63be,6,644,34,38,2943,43403,72,46346,111.80124223602485,71965.838509316774,643.69444444444446,0.47222222222222221,0.063500625728218185
r_fd9c08926ea2fc6500feec54819a1203,Direct browsing,d_1be06ce1b670864df8c500dc82b295ae,1,0,a_e7d8c038c18055500148c5915382bd98,a_9e159c3325383594aa888bad6bc27a88,p_f2e8d4aa937b484771dc272fe735cf11,p_3dd478bd944ece2906a0c8e4425f63be,6,17484,14,16,1877,9408,30,11285,1.7158544955387782,645.44726607183702,376.16666666666669,0.46666666666666667,0.16632698272042534
r_984c7c7794819ded11356c14be7a9ba9,Direct browsing,d_1be06ce1b670864df8c500dc82b295ae,1,0,a_e7d8c038c18055500148c5915382bd98,a_48f73194721a6f0ff1b4710af47d350e,p_3e9c55801491b039b2fdc5b2302d2b2a,p_3dd478bd944ece2906a0c8e4425f63be,6,332,58,74,4257,89809,132,94066,397.59036144578312,283331.32530120481,712.62121212121212,0.43939393939393939,0.045255458933089535
r_271146f0e7a37527b6071259b4d3647d,Direct browsing,d_1be06ce1b670864df8c500dc82b295ae,1,0,a_e7d8c038c18055500148c5915382bd98,a_0e148281287ecabdb2ab2162a007ff80,p_17e08ffd72483d38d48843071337486f,p_3dd478bd944ece2906a0c8e4425f63be,6,16274,16,15,1826,9466,31,11292,1.9048789480152388,693.86751874155095,364.25806451612902,0.5161290322580645,0.16170740347148424
r_5f598b5015eda955fddaf7d23c2076b4,Direct browsing,d_1be06ce1b670864df8c500dc82b295ae,1,0,a_e7d8c038c18055500148c5915382bd98,a_2fbdd1332d34f8204d9324e5d119b7c8,p_5620ed9d93dd36fe86c63d79d7b639c1,p_3dd478bd944ece2906a0c8e4425f63be,6,1417,22,19,2541,12165,41,14706,28.934368383909668,10378.263937896965,358.6829268292683,0.53658536585365857,0.17278661770705833
r_c8f0efeff14eca8df22a139fa5711696,Direct browsing,d_1be06ce1b670864df8c500dc82b295ae,1,0,a_e7d8c038c18055500148c5915382bd98,a_be682b1a75d2e165f75201c7970d75c6,p_3d7e735b16b9993e5ca8b22edc00edb6,p_3dd478bd944ece2906a0c8e4425f63be,6,11210,8,0,480,0,8,480,0.71364852809991075,42.818911685994642,60,1,1
r_a0a208f72b7cea5618846a3249f6eedf,Direct browsing,d_1be06ce1b670864df8c500dc82b295ae,1,0,a_e7d8c038c18055500148c5915382bd98,a_cf31ba68046233719f1273a3a3789e72,p_fca8f5aaf90996619ffed547ca86d75b,p_3dd478bd944ece2906a0c8e4425f63be,6,207,12,14,1641,7401,26,9042,125.60386473429952,43681.159420289856,347.76923076923077,0.46153846153846156,0.18148639681486398
r_39e91bb7e35bb6c7def117bacec4be5c,Direct browsing,d_1be06ce1b670864df8c500dc82b295ae,1,0,a_e7d8c038c18055500148c5915382bd98,a_cf31ba68046233719f1273a3a3789e72,p_17995b6b5273bdf0f19b9b2e61e4c676,p_d7195ebfc9c48d4a0beab7870d0eba9c,6,163,11,9,916,7331,20,8247,122.69938650306749,50595.092024539874,412.35000000000002,0.55000000000000004,0.11107069237298411
r_26993b464ce8b5e87a72f8fd8dcd089b,Direct browsing,d_1be06ce1b670864df8c500dc82b295ae,1,0,a_e7d8c038c18055500148c5915382bd98,a_52e332178d9cca20e2c169b46c09cc51,p_263e942a8c1065c16daa0041ba603e41,p_3dd478bd944ece2906a0c8e4425f63be,6,357,32,33,2312,32668,65,34980,182.07282913165267,97983.193277310929,538.15384615384619,0.49230769230769234,0.066094911377930249
r_1adca3d65a22c524a29c1c69368c61cf,Direct browsing,d_1be06ce1b670864df8c500dc82b295ae,1,0,a_e7d8c038c18055500148c5915382bd98,a_7b50e9cfc842e44dfe894fd01374fb1e,p_fb0fcce1b4b18782335c271cce6a8c05,p_3dd478bd944ece2906a0c8e4425f63be,6,570,20,20,1967,21422,40,23389,70.175438596491233,41033.333333333336,584.72500000000002,0.5,0.08409936294839454
r_177a2261366c828abda8d8bfb5994c7b,Direct browsing,d_1be06ce1b670864df8c500dc82b295ae,1,0,a_e7d8c038c18055500148c5915382bd98,a_ab9e5c6b29d91d47f9a3e7c586d27967,p_35f9c62449d12d29b6a088088671c2e0,p_3dd478bd944ece2906a0c8e4425f63be,6,548,15,16,1743,9732,31,11475,56.569343065693424,20939.781021897808,370.16129032258067,0.4838709677419355,0.15189542483660132
r_565525effd40009d181e899c22c7c11e,Direct browsing,d_1be06ce1b670864df8c500dc82b295ae,1,0,a_e7d8c038c18055500148c5915382bd98,a_1501eb4c2a63b5d79a31bcb24cb8defa,p_afcb8be3440c965607d9e3dc5f87eeef,p_3dd478bd944ece2906a0c8e4425f63be,6,3641,11,9,1505,3609,20,5114,5.4929964295523206,1404.5591870365283,255.69999999999999,0.55000000000000004,0.29429018380915134
r_8328291be70116b9e407cbe6de1321e0,Direct browsing,d_1be06ce1b670864df8c500dc82b295ae,1,0,a_e7d8c038c18055500148c5915382bd98,a_cf31ba68046233719f1273a3a3789e72,p_b337af9cabb2729476009112b53b4ba3,p_3dd478bd944ece2906a0c8e4425f63be,6,165,13,14,1690,7215,27,8905,163.63636363636363,53969.696969696968,329.81481481481484,0.48148148148148145,0.18978102189781021
r_b749f3969bb792069a4865851be40419,Direct browsing,d_1be06ce1b670864df8c500dc82b295ae,1,0,a_e7d8c038c18055500148c5915382bd98,a_af30395c2198eede462ef6ed4bcef96c,p_41bbb9fe5227b85c3658476d154902d1,p_d7195ebfc9c48d4a0beab7870d0eba9c,6,536,5,4,659,397,9,1056,16.791044776119403,1970.1492537313432,117.33333333333333,0.55555555555555558,0.62405303030303028
r_69b596fad0c4a7eaba7af7b96367d5e2,Direct browsing,d_1be06ce1b670864df8c500dc82b295ae,1,0,a_e7d8c038c18055500148c5915382bd98,a_267e142e96d934bef8f877602163a933,p_d85f841ef9377edb9fcbfd13332faad4,p_3dd478bd944ece2906a0c8e4425f63be,6,23714,14,12,1771,5619,26,7390,1.0963987517921903,311.63026060554949,284.23076923076923,0.53846153846153844,0.23964817320703655
r_0e6c136e42f4046429d5bc62c919b933,Direct browsing,d_1be06ce1b670864df8c500dc82b295ae,1,0,a_e7d8c038c18055500148c5915382bd98,a_cf31ba68046233719f1273a3a3789e72,p_940db3b32d6185b0abc3cb0a9e4540f3,p_3dd478bd944ece2906a0c8e4425f63be,6,15309,12,12,1622,7215,24,8837,1.5677052714089752,577.24214514337973,368.20833333333331,0.5,0.18354645241597828
r_929e418366b7e3a938600bb8421bf2f0,Direct browsing,d_1be06ce1b670864df8c500dc82b295ae,1,0,a_e7d8c038c18055500148c5915382bd98,a_cf31ba68046233719f1273a3a3789e72,p_3954aaf0ba6287383add9c4bfec97c54,p_d7195ebfc9c48d4a0beab7870d0eba9c,6,131,11,9,896,7355,20,8251,152.67175572519082,62984.732824427476,412.55000000000001,0.55000000000000004,0.108592897830566
r_bbff821fbe28d61199d0ad03e87338f1,Direct browsing,d_1be06ce1b670864df8c500dc82b295ae,1,0,a_e7d8c038c18055500148c5915382bd98,a_5ac62d76fcb4e35f30b05f8bd37953d9,p_829b10c9fef11efc9c57196d41a098cd,p_3dd478bd944ece2906a0c8e4425f63be,6,9406,33,43,2772,46932,76,49704,8.0799489687433557,5284.2866255581539,654,0.43421052631578949,0.055770159343312413
r_b1670125f41931197a833ce5eed3a0ec,Direct browsing,d_1be06ce1b670864df8c500dc82b295ae,1,0,a_e7d8c038c18055500148c5915382bd98,a_3cf6c0226429954d4ea6a692d8058d11,p_38f3ae6fd890a9c0f252042fcd1de839,p_3dd478bd944ece2906a0c8e4425f63be,6,25091,12,16,1621,9429,28,11050,1.1159379857319358,440.39695508349604,394.64285714285717,0.42857142857142855,0.14669683257918553
r_403acfa33585cafef5f07a2842d2f169,Direct browsing,d_1be06ce1b670864df8c500dc82b295ae,1,0,a_e7d8c038c18055500148c5915382bd98,a_cf31ba68046233719f1273a3a3789e72,p_87a7f9be3e6142165e0ab43c867e5e46,p_3dd478bd944ece2906a0c8e4425f63be,6,25018,12,12,1638,7247,24,8885,0.95930929730593972,355.1442961068031,370.20833333333331,0.5,0.18435565559932471
r_38f686990a0e2e6e5f761b9d3f1510b9,Direct browsing,d_1be06ce1b670864df8c500dc82b295ae,1,0,a_e7d8c038c18055500148c5915382bd98,a_01c27fc950d2f075d869a4d0acaa48ee,p_287fbced2cc889fb9dbffe1a8836ddba,p_3dd478bd944ece2906a0c8e4425f63be,6,765,35,39,2999,42683,74,45682,96.732026143790847,59715.032679738564,617.32432432432438,0.47297297297297297,0.065649489952278803
r_51a65b196cbf1f083df774fd6f81e7fc,Direct browsing,d_1be06ce1b670864df8c500dc82b295ae,1,0,a_e7d8c038c18055500148c5915382bd98,a_6b8fda46f9e2125156a6aae20aa010f0,p_0dac4cd45e96b5e4da420af04978b406,p_3dd478bd944ece2906a0c8e4425f63be,6,9427,16,15,1857,6830,31,8687,3.2884268590219583,921.50206852657266,280.22580645161293,0.5161290322580645,0.21376769886036606
r_70a2bd00a3833c28383ae22d20364002,Direct browsing,d_1be06ce1b670864df8c500dc82b295ae,1,0,a_e7d8c038c18055500148c5915382bd98,a_8dcddb16df392fd9272a078edf01e1b0,p_b159dc1f0b73b197313d96857e032727,p_3dd478bd944ece2906a0c8e4425f63be,6,25395,12,13,1964,6625,25,8589,0.98444575703878723,338.2161842882457,343.56,0.47999999999999998,0.22866457096285947
r_fe0a5b4aa9ff11e3604c21ad4f778a9a,Direct browsing,d_1be06ce1b670864df8c500dc82b295ae,1,0,a_e7d8c038c18055500148c5915382bd98,a_5607307b9b9a0681912487688d94bd13,p_224a95fa068632148d6634fa0558bfce,p_3dd478bd944ece2906a0c8e4425f63be,6,27146,15,16,1845,10535,31,12380,1.1419730347012451,456.05245708391658,399.35483870967744,0.4838709677419355,0.14903069466882068
r_f6f6c714a2d6b3f7d106688e104f5da1,Direct browsing,d_1be06ce1b670864df8c500dc82b295ae,1,0,a_e7d8c038c18055500148c5915382bd98,a_edd6576eb7fac6d03632432b37ddd3fd,p_15ef1d30a6459cdbbd83361207e4aa94,p_3dd478bd944ece2906a0c8e4425f63be,6,18541,12,10,1639,4069,22,5708,1.1865595167466696,307.85826007227223,259.45454545454544,0.54545454545454541,0.28714085494043445
r_19036f21050b10be0c456329f138b6f0,Direct browsing,d_1be06ce1b670864df8c500dc82b295ae,1,0,a_e7d8c038c18055500148c5915382bd98,a_01c27fc950d2f075d869a4d0acaa48ee,p_ba34ad3c0f8b02ce1269f6eb9629d383,p_3dd478bd944ece2906a0c8e4425f63be,6,1233,39,42,4076,47106,81,51182,65.693430656934297,41510.137875101376,631.87654320987656,0.48148148148148145,0.079637372513774368
r_ce48d1150889160874cfcaadc748ad8e,Direct browsing,d_1be06ce1b670864df8c500dc82b295ae,1,0,a_e7d8c038c18055500148c5915382bd98,a_cf31ba68046233719f1273a3a3789e72,p_9be6bcaf51ccc74f4c8699bd0c96468f,p_3dd478bd944ece2906a0c8e4425f63be,6,107,6,6,849,327,12,1176,112.14953271028038,10990.654205607478,98,0.5,0.72193877551020413
r_bd468a3dba856fb1ad2a24c839fed4f8,Direct browsing,d_1be06ce1b670864df8c500dc82b295ae,1,0,a_e7d8c038c18055500148c5915382bd98,a_1d78c45142cfbfd97903fa4fed1d3c65,p_59f25d9c92ecf8c84f7b7fd32f68ac8f,p_3dd478bd944ece2906a0c8e4425f63be,6,21378,14,17,1742,10630,31,12372,1.4500888764150062,578.72579287117594,399.09677419354841,0.45161290322580644,0.14080181053992888
r_dacba39daa42456899d1e9277ed25ce5,Direct browsing,d_1be06ce1b670864df8c500dc82b295ae,1,0,a_e7d8c038c18055500148c5915382bd98,a_c768cf03bcc8571b20df780f5600a7dd,p_e099d2321290c1b20ad3ce601d40f507,p_3dd478bd944ece2906a0c8e4425f63be,6,888,14,12,1770,6900,26,8670,29.27927927927928,9763.5135135135133,333.46153846153845,0.53846153846153844,0.20415224913494809
r_22cde3c44c7f770f575f8c991937cbfb,Direct browsing,d_1be06ce1b670864df8c500dc82b295ae,1,0,a_69fb0b835452ca85c178bdeaaf11695b,a_e7d8c038c18055500148c5915382bd98,p_3d01955bb66b778c6aa471c3a2911a0a,p_4eb675cf4c45a07e195cd96fc976bc6c,6,501428,98,99,32968,30388,197,63356,0.39287794060164172,126.35114114090159,321.60406091370561,0.49746192893401014,0.52036113390996908
r_84fd8e0f61a529e02a5c60351d83d32c,Direct browsing,d_1be06ce1b670864df8c500dc82b295ae,1,0,a_e7d8c038c18055500148c5915382bd98,a_cf31ba68046233719f1273a3a3789e72,p_d0edab9b2a41d34692ac02726dc6710c,p_3dd478bd944ece2906a0c8e4425f63be,6,134,5,5,785,275,10,1060,74.626865671641781,7910.4477611940292,106,0.5,0.74056603773584906
r_f2acee78d2d438cd358943bca389ff61,Direct browsing,d_1be06ce1b670864df8c500dc82b295ae,1,0,a_e7d8c038c18055500148c5915382bd98,a_9c6aa07bc62a11dec03f482d53110b23,p_041597bd786a15e7352fa270e6e9f7b8,p_3dd478bd944ece2906a0c8e4425f63be,6,63578,19,8,5421,4650,27,10071,0.42467520211393878,158.40385038849917,373,0.70370370370370372,0.53827822460530239
r_b7df29dabb8e5b3852f8539f07df0205,Direct browsing,d_1be06ce1b670864df8c500dc82b295ae,1,0,a_e7d8c038c18055500148c5915382bd98,a_c2c69444cae17c46f956c9c02b25f35e,p_19352ea81a3b0fd5fe6cc9c8e6d5571e,p_3dd478bd944ece2906a0c8e4425f63be,6,26,2,1,100,60,3,160,115.38461538461539,6153.8461538461543,53.333333333333336,0.66666666666666663,0.625
r_9399d9777c343b33cbcf8c4d3fdaa3d7,Direct browsing,d_1be06ce1b670864df8c500dc82b295ae,1,0,a_e7d8c038c18055500148c5915382bd98,a_9917e4791d11c7285abb43902f6dad9f,p_ebf6e43d6c05f00acbc524b666f1a1bd,p_3dd478bd944ece2906a0c8e4425f63be,6,261,68,68,4159,79937,136,84096,521.07279693486589,322206.89655172412,618.35294117647061,0.5,0.04945538432267884
r_939ce18877842dad54fdd3c211e54013,Direct browsing,d_1be06ce1b670864df8c500dc82b295ae,1,0,a_e7d8c038c18055500148c5915382bd98,a_40f41bf282802553adaf8e7ef1688f63,p_ed6b9a5333a094e25355455dffa68302,p_3dd478bd944ece2906a0c8e4425f63be,6,264,52,57,3296,68674,109,71970,412.87878787878788,272613.63636363635,660.27522935779814,0.47706422018348627,0.045796859802695565
r_f96e8bdc54674c7da66dc59793be72e9,Direct browsing,d_1be06ce1b670864df8c500dc82b295ae,1,0,a_e7d8c038c18055500148c5915382bd98,a_cf31ba68046233719f1273a3a3789e72,p_2a4ed3d64b3a41540ce0121f8e4c596a,p_3dd478bd944ece2906a0c8e4425f63be,6,209,5,5,785,275,10,1060,47.846889952153113,5071.7703349282301,106,0.5,0.74056603773584906
r_2a2765e83442181632bf1a4e9b4954d7,Direct browsing,d_1be06ce1b670864df8c500dc82b295ae,1,0,a_e7d8c038c18055500148c5915382bd98,a_54e031908a0e24327e35bc58a5cc1913,p_a267eb1c9ff32364ba3c65013b629563,p_3dd478bd944ece2906a0c8e4425f63be,6,19832,13,12,1677,5532,25,7209,1.2605889471561114,363.50342880193625,288.36000000000001,0.52000000000000002,0.23262588431127756
r_0fdd01cc2af9227fb5b5865b81b97542,Direct browsing,d_1be06ce1b670864df8c500dc82b295ae,1,0,a_e7d8c038c18055500148c5915382bd98,a_22e55c96c0c1a2b99f49d31c0a910d39,p_f5685398c8e26a9b3d853a6fb5226a77,p_3dd478bd944ece2906a0c8e4425f63be,6,21979,10,8,1530,3363,18,4893,0.81896355612175264,222.62159333909642,271.83333333333331,0.55555555555555558,0.31269160024524834
r_b945af87be27bc22ae99361f09d84643,Direct browsing,d_1be06ce1b670864df8c500dc82b295ae,1,0,a_e7d8c038c18055500148c5915382bd98,a_8dcddb16df392fd9272a078edf01e1b0,p_8bb52e4355515049903f1191bbf6b1a6,p_3dd478bd944ece2906a0c8e4425f63be,6,20177,12,13,1656,6615,25,8271,1.2390345442830946,409.92218863061902,330.83999999999997,0.47999999999999998,0.20021762785636563
r_46ec83bc0aaa4f9c945718e9dd0ef286,Direct browsing,d_1be06ce1b670864df8c500dc82b295ae,1,0,a_e7d8c038c18055500148c5915382bd98,a_cf31ba68046233719f1273a3a3789e72,p_712c37372f197d9e69790dfe2616f05a,p_3dd478bd944ece2906a0c8e4425f63be,6,177,5,5,785,275,10,1060,56.497175141242941,5988.7005649717521,106,0.5,0.74056603773584906
r_890e10aebcdcd9d60d83a241218b01ce,Direct browsing,d_1be06ce1b670864df8c500dc82b295ae,1,0,a_e7d8c038c18055500148c5915382bd98,a_2e7620d8dbfe6191a042000477037d8a,p_5d9aebfadca60fc7062ec7e4fcc78683,p_3dd478bd944ece2906a0c8e4425f63be,6,11208,8,0,480,0,8,480,0.7137758743754461,42.826552462526763,60,1,1
r_68a26b5b314a75b99a5c7d8bddd134f6,Direct browsing,d_1be06ce1b670864df8c500dc82b295ae,1,0,a_71394ec0ae14eb2d17f693263a2fab11,a_e7d8c038c18055500148c5915382bd98,p_e8fa32c526b9b4cdc16418a4dc18e34a,p_06f00d190df4ce57fa81234fd777e551,6,489571,94,94,30628,29544,188,60172,0.38400967377561168,122.90760686396865,320.06382978723406,0.5,0.50900751179950809
r_7c7572f6418b47eb5fb93f827b365bbf,Direct browsing,d_1be06ce1b670864df8c500dc82b295ae,1,0,a_e7d8c038c18055500148c5915382bd98,a_26af0c74890136147b244435e5302b79,p_ed6683d4c84b439f70a8848d2c2f091b,p_3dd478bd944ece2906a0c8e4425f63be,6,329,79,92,4429,111502,171,115931,519.756838905775,352373.86018237082,677.95906432748541,0.46198830409356723,0.038203759132587486
r_026f7bf43c7d9d0b6a49cf00ce1030aa,Direct browsing,d_1be06ce1b670864df8c500dc82b295ae,1,0,a_e7d8c038c18055500148c5915382bd98,a_cf31ba68046233719f1273a3a3789e72,p_861c45eea8c9791addf8017c033e6bd0,p_3dd478bd944ece2906a0c8e4425f63be,6,134,6,5,837,275,11,1112,82.089552238805965,8298.5074626865662,101.09090909090909,0.54545454545454541,0.75269784172661869
r_42129796ea756b5da82238dd1fc47419,Direct browsing,d_1be06ce1b670864df8c500dc82b295ae,1,0,a_e7d8c038c18055500148c5915382bd98,a_cf31ba68046233719f1273a3a3789e72,p_4517e8cb6c4ba1667dd9df25a95427ae,p_3dd478bd944ece2906a0c8e4425f63be,6,213,5,5,785,275,10,1060,46.948356807511736,4976.525821596244,106,0.5,0.74056603773584906
r_68d9cf7284591660040d15d6f2d6ab9d,Direct browsing,d_1be06ce1b670864df8c500dc82b295ae,1,0,a_e7d8c038c18055500148c5915382bd98,a_590d5afbe14ac42339b02c8c871b670f,p_5c659e547455b9c0260619382d1095a2,p_3dd478bd944ece2906a0c8e4425f63be,6,18968,12,12,1625,4738,24,6363,1.2652889076339098,335.45972163644035,265.125,0.5,0.25538268112525536
r_63703b4e6258cd81abb8190173d58452,Direct browsing,d_1be06ce1b670864df8c500dc82b295ae,1,0,a_e7d8c038c18055500148c5915382bd98,a_cf31ba68046233719f1273a3a3789e72,p_8a37d325f86a018b9855dba20102e45b,p_3dd478bd944ece2906a0c8e4425f63be,6,207,6,6,849,327,12,1176,57.971014492753625,5681.159420289855,98,0.5,0.72193877551020413
r_199674ea63e44dde63f44c9aeda62a2e,Direct browsing,d_1be06ce1b670864df8c500dc82b295ae,1,0,a_e7d8c038c18055500148c5915382bd98,a_a687d381e9c879995694edb3127ec230,p_994991919b6350346cce49a9108359fe,p_3dd478bd944ece2906a0c8e4425f63be,6,489,52,62,3727,71338,114,75065,233.12883435582822,153507.15746421268,658.46491228070181,0.45614035087719296,0.049650303070672086
r_f3ab15ed25874e9d7a46b4dc8d954e98,Direct browsing,d_1be06ce1b670864df8c500dc82b295ae,1,0,a_e7d8c038c18055500148c5915382bd98,a_bf0ab415dcc862e22b99e9e397fc5719,p_1fe2428ce24b9c52fbb94dfc849c3023,p_3dd478bd944ece2906a0c8e4425f63be,6,1128,24,22,1971,14434,46,16405,40.780141843971634,14543.439716312057,356.63043478260869,0.52173913043478259,0.12014629686071319
r_c0f7dbf4331298340729f6026f755c20,Direct browsing,d_1be06ce1b670864df8c500dc82b295ae,1,0,a_e7d8c038c18055500148c5915382bd98,a_b4904d2c2849417748d5867c915733c9,p_b2661edf01aeaca6bb70a53c5c173f57,p_3dd478bd944ece2906a0c8e4425f63be,6,26231,13,14,1687,10469,27,12156,1.0293164576264724,463.42114292249624,450.22222222222223,0.48148148148148145,0.13877920368542285
r_0e508a368e7565b0a40c9117dea3d7f1,Direct browsing,d_1be06ce1b670864df8c500dc82b295ae,1,0,a_e7d8c038c18055500148c5915382bd98,a_bf0ab415dcc862e22b99e9e397fc5719,p_3535a2b881f964ee83728ff1e755fe43,p_3dd478bd944ece2906a0c8e4425f63be,6,1226,23,22,1920,13202,45,15122,36.704730831973897,12334.42088091354,336.04444444444442,0.51111111111111107,0.12696733236344399
r_5f6cefdebb442f4dd4b84eb6df1a65e0,Direct browsing,d_1be06ce1b670864df8c500dc82b295ae,1,0,a_e7d8c038c18055500148c5915382bd98,a_7b50e9cfc842e44dfe894fd01374fb1e,p_b86de7063fe6540beadc9076a9d743f9,p_3dd478bd944ece2906a0c8e4425f63be,6,398,25,21,2249,22321,46,24570,115.57788944723617,61733.668341708537,534.13043478260875,0.54347826086956519,0.091534391534391538
r_7cb5698d9fd2caaab505f71d3347ab83,Direct browsing,d_1be06ce1b670864df8c500dc82b295ae,1,0,a_e7d8c038c18055500148c5915382bd98,a_cf31ba68046233719f1273a3a3789e72,p_b3519776f63a3d893eca7d5c0225b004,p_3dd478bd944ece2906a0c8e4425f63be,6,20691,12,13,1683,7327,25,9010,1.2082547967715433,435.45502875646417,360.39999999999998,0.47999999999999998,0.18679245283018867
r_f61e452052238a278aed58bf2ad0d7b4,Direct browsing,d_1be06ce1b670864df8c500dc82b295ae,1,0,a_e7d8c038c18055500148c5915382bd98,a_e26ebc8f66dc2a068e15783a09c1a4cb,p_1d32af29c1b06d7cca886b099b60d75b,p_3dd478bd944ece2906a0c8e4425f63be,6,266042,117,116,16532,10519,233,27051,0.8758015651664024,101.6794340743191,116.09871244635193,0.50214592274678116,0.61114191711951504
r_5d1da1e84717ad7533dc1a9d969c3fed,Direct browsing,d_1be06ce1b670864df8c500dc82b295ae,1,0,a_e7d8c038c18055500148c5915382bd98,a_5f5e5c84b87fa4aa954e97103781a172,p_d159aa6b2a6f08374845aca972a488d5,p_3dd478bd944ece2906a0c8e4425f63be,6,26638,15,19,1774,15585,34,17359,1.2763721000075079,651.66303776559801,510.55882352941177,0.44117647058823528,0.10219482689094994
r_0afd728926f9b6dffbdce7a692be1f4c,Direct browsing,d_1be06ce1b670864df8c500dc82b295ae,1,0,a_e7d8c038c18055500148c5915382bd98,a_b414782502fd711c1595605caef96e2e,p_f5ba31d999d96ee28f0fc2a78d88c0fc,p_3dd478bd944ece2906a0c8e4425f63be,6,467,68,84,3966,101755,152,105721,325.48179871520341,226383.29764453959,695.53289473684208,0.44736842105263158,0.037513833580840136
r_609f81d9b6ad48b66a14716a266832df,Direct browsing,d_1be06ce1b670864df8c500dc82b295ae,1,0,a_e7d8c038c18055500148c5915382bd98,a_26af0c74890136147b244435e5302b79,p_dc8b5b5bde184b470792d00185b1d9b3,p_3dd478bd944ece2906a0c8e4425f63be,6,321,79,91,4429,111458,170,115887,529.59501557632393,361018.69158878503,681.6882352941177,0.46470588235294119,0.038218264343714135
r_ccfa5b4c786e827056ba3dc70ad06ea0,Direct browsing,d_1be06ce1b670864df8c500dc82b295ae,1,0,a_e7d8c038c18055500148c5915382bd98,a_7a993f84e5d27a582e05a1c3821c1dfd,p_ba5574f65bcdbc92ae8c483ec2ef3805,p_3dd478bd944ece2906a0c8e4425f63be,6,1473,10,10,1514,3790,20,5304,13.577732518669382,3600.8146639511201,265.19999999999999,0.5,0.28544494720965308
r_600852107a05278d477ada2621fb596f,Direct browsing,d_1be06ce1b670864df8c500dc82b295ae,1,0,a_e7d8c038c18055500148c5915382bd98,a_cf31ba68046233719f1273a3a3789e72,p_f7825309e921b70c6c089bf0a2f8efdf,p_3dd478bd944ece2906a0c8e4425f63be,6,327,7,6,901,327,13,1228,39.755351681957187,3755.3516819571864,94.461538461538467,0.53846153846153844,0.73371335504885993
r_87972f6b06f7c84e209d13edfe60dc74,Direct browsing,d_1be06ce1b670864df8c500dc82b295ae,1,0,a_e7d8c038c18055500148c5915382bd98,a_cf31ba68046233719f1273a3a3789e72,p_cfe70c08f916cc4405cf7f2e0e5f9b9d,p_3dd478bd944ece2906a0c8e4425f63be,6,333,7,6,901,327,13,1228,39.039039039039039,3687.6876876876877,94.461538461538467,0.53846153846153844,0.73371335504885993
r_eeef3ace6e511b9274b1c1e37467929c,Direct browsing,d_1be06ce1b670864df8c500dc82b295ae,1,0,a_e7d8c038c18055500148c5915382bd98,a_04f9063f8dbf9957ddc1ff51ca3d55be,p_6398f97a4a996f3b63b9d3a5ef4621aa,p_d7195ebfc9c48d4a0beab7870d0eba9c,6,706,10,8,881,6281,18,7162,25.495750708215297,10144.475920679888,397.88888888888891,0.55555555555555558,0.12301033230941077
r_94c8557cd941da3a735d9a5913c25f64,Direct browsing,d_1be06ce1b670864df8c500dc82b295ae,1,0,a_e7d8c038c18055500148c5915382bd98,a_cf31ba68046233719f1273a3a3789e72,p_aeba68576ef944844e267276e8fe75bb,p_3dd478bd944ece2906a0c8e4425f63be,6,187,5,5,785,275,10,1060,53.475935828877006,5668.4491978609622,106,0.5,0.74056603773584906
r_92d8b572330a4d28d9c955e739dfa267,Direct browsing,d_1be06ce1b670864df8c500dc82b295ae,1,0,a_e7d8c038c18055500148c5915382bd98,a_c4a45ca912701d85b2c25600e255b375,p_e82da3208f7230b924c50879fc2fc6be,p_3dd478bd944ece2906a0c8e4425f63be,6,899,25,23,3151,17586,48,20737,53.392658509454947,23066.740823136817,432.02083333333331,0.52083333333333337,0.15195061966533249
r_2993e99d7a0059b676f7cf6cb781d43b,Direct browsing,d_1be06ce1b670864df8c500dc82b295ae,1,0,a_e7d8c038c18055500148c5915382bd98,a_c0f310eeb8553e332a97e6df05bcca6e,p_2ca815be24382e6cb827ed7d32f7054e,p_3dd478bd944ece2906a0c8e4425f63be,6,1282,13,12,1688,6224,25,7912,19.500780031201248,6171.6068642745704,316.48000000000002,0.52000000000000002,0.21334681496461072
r_bee66de268cc3a7aa0fbc08d0d183180,Direct browsing,d_1be06ce1b670864df8c500dc82b295ae,1,0,a_e7d8c038c18055500148c5915382bd98,a_f7236bf52bab5693c5a0bd90b31e7b5d,p_38940fb624b9b1dd66933cf5ec94ae42,p_d7195ebfc9c48d4a0beab7870d0eba9c,6,977,16,15,1026,12356,31,13382,31.72978505629478,13697.031729785056,431.67741935483872,0.5161290322580645,0.076670153938125846
r_947f2f0fb5ef471f3050062cf2901832,Direct browsing,d_1be06ce1b670864df8c500dc82b295ae,1,0,a_e7d8c038c18055500148c5915382bd98,a_5607307b9b9a0681912487688d94bd13,p_d41cd213e6a165c016093ece80d5cbae,p_3dd478bd944ece2906a0c8e4425f63be,6,51692,504,488,52636,269132,992,321768,19.190590420181074,6224.7156233072819,324.36290322580646,0.50806451612903225,0.16358370005718406
r_5ff3a943bb185b43cadf6685ab4b073f,Direct browsing,d_1be06ce1b670864df8c500dc82b295ae,1,0,a_e7d8c038c18055500148c5915382bd98,a_af30395c2198eede462ef6ed4bcef96c,p_ad4b2b21127438bd15149bb49a70127b,p_3dd478bd944ece2906a0c8e4425f63be,6,1281,13,11,1718,6655,24,8373,18.735362997658079,6536.299765807963,348.875,0.54166666666666663,0.20518332736175804
r_2a862daae564c3cdd662fd5414b6490c,Direct browsing,d_1be06ce1b670864df8c500dc82b295ae,1,0,a_e7d8c038c18055500148c5915382bd98,a_cda1f7ba033b36daff269dd92705a555,p_ec6df0a3b0737b00b494ac9fe01921a5,p_3dd478bd944ece2906a0c8e4425f63be,6,24867,16,15,1843,9862,31,11705,1.2466320826798567,470.70414605702337,377.58064516129031,0.5161290322580645,0.15745407945322512
r_08e3f027a3105e813b4d376cb9f9335d,Direct browsing,d_1be06ce1b670864df8c500dc82b295ae,1,0,a_e7d8c038c18055500148c5915382bd98,a_01c27fc950d2f075d869a4d0acaa48ee,p_763d3469e429197ab2565ec63e4fdee7,p_3dd478bd944ece2906a0c8e4425f63be,6,1199,32,36,2874,41596,68,44470,56.713928273561301,37089.241034195162,653.97058823529414,0.47058823529411764,0.064627838992579262
r_81352cde99ba4242c82efb4b6a55da2d,Direct browsing,d_1be06ce1b670864df8c500dc82b295ae,1,0,a_e7d8c038c18055500148c5915382bd98,a_4cd376ccdac1f811a963094e7ea0112a,p_e191d467469ba2e9b33e39255dd90f37,p_d7195ebfc9c48d4a0beab7870d0eba9c,6,996,5,5,577,700,10,1277,10.040160642570282,1282.128514056225,127.7,0.5,0.45184025058731403
r_63cd8674a6dc779df6e99406e17a7df9,Direct browsing,d_1be06ce1b670864df8c500dc82b295ae,1,0,a_e7d8c038c18055500148c5915382bd98,a_fea4b88ca10252a3551446195c073ff1,p_6abe1c0149e7d29eacaa408c6d0afb60,p_3dd478bd944ece2906a0c8e4425f63be,6,2164,25,28,2337,28438,53,30775,24.491682070240294,14221.349353049907,580.66037735849056,0.47169811320754718,0.075938261575954513
r_2c87d34f79d0ec10433f0aa991774872,Direct browsing,d_1be06ce1b670864df8c500dc82b295ae,1,0,a_e7d8c038c18055500148c5915382bd98,a_cf31ba68046233719f1273a3a3789e72,p_15874ee9aa2a99c677d27939435ad930,p_d7195ebfc9c48d4a0beab7870d0eba9c,6,63,11,9,952,7487,20,8439,317.46031746031747,133952.38095238095,421.94999999999999,0.55000000000000004,0.11280957459414623
r_e9315ad7d565875eebe05bd6af867027,Direct browsing,d_1be06ce1b670864df8c500dc82b295ae,1,0,a_e7d8c038c18055500148c5915382bd98,a_290b725f5fbb2fcfc21bf34dfeec4008,p_23defae98e8ac935e1e3e207a5dd4f88,p_3dd478bd944ece2906a0c8e4425f63be,6,17801,17,15,2326,10939,32,13265,1.7976518173136342,745.18285489579239,414.53125,0.53125,0.1753486618921975
r_1f6037d92e49ce9a29a3e78911f82ea8,Direct browsing,d_1be06ce1b670864df8c500dc82b295ae,1,0,a_e7d8c038c18055500148c5915382bd98,a_c4a45ca912701d85b2c25600e255b375,p_5c66f5552b7754406e04ef278f8ea62b,p_3dd478bd944ece2906a0c8e4425f63be,6,16854,11,9,1586,4947,20,6533,1.1866619200189867,387.62311617420198,326.64999999999998,0.55000000000000004,0.24276748813714985
r_ea73468e1c111cf885486a08ea8ce17b,Direct browsing,d_1be06ce1b670864df8c500dc82b295ae,1,0,a_e7d8c038c18055500148c5915382bd98,a_af30395c2198eede462ef6ed4bcef96c,p_53ecc353dbf74fb2fcd3be3212dbc799,p_d7195ebfc9c48d4a0beab7870d0eba9c,6,599,5,4,625,493,9,1118,15.025041736227045,1866.4440734557597,124.22222222222223,0.55555555555555558,0.55903398926654746
r_5f42835c38595cee1730b00a4626fa64,Direct browsing,d_1be06ce1b670864df8c500dc82b295ae,1,0,a_e7d8c038c18055500148c5915382bd98,a_cebf848edd54165c3153b4743b1949a4,p_f459bdad69a39fb8a06151a771f8a506,p_3dd478bd944ece2906a0c8e4425f63be,6,12024,11,12,1586,6020,23,7606,1.9128409846972723,632.56819693945442,330.69565217391306,0.47826086956521741,0.20851958979752827
r_8502ba6348d1293e3ea569858613162e,Direct browsing,d_1be06ce1b670864df8c500dc82b295ae,1,0,a_e7d8c038c18055500148c5915382bd98,a_5607307b9b9a0681912487688d94bd13,p_267dbe6770955cbc88331ac8759766f7,p_3dd478bd944ece2906a0c8e4425f63be,6,19612,20,25,2095,11003,45,13098,2.2945135631246178,667.85641444013879,291.06666666666666,0.44444444444444442,0.15994808367689722
r_1c2561aeb0c28cd1593a0093a9ed4d55,Direct browsing,d_1be06ce1b670864df8c500dc82b295ae,1,0,a_e7d8c038c18055500148c5915382bd98,a_2e7620d8dbfe6191a042000477037d8a,p_f0b13fab937633ffd5c2f0e5f670e415,p_3dd478bd944ece2906a0c8e4425f63be,6,11176,8,0,480,0,8,480,0.71581961345740874,42.949176807444523,60,1,1
r_24a15d6f3e08f9b4088333aa5b1b9a47,Direct browsing,d_1be06ce1b670864df8c500dc82b295ae,1,0,a_e7d8c038c18055500148c5915382bd98,a_cf31ba68046233719f1273a3a3789e72,p_5cfce73c879c102e3fdb612c1f0b7be8,p_3dd478bd944ece2906a0c8e4425f63be,6,133,14,14,1739,8465,28,10204,210.52631578947367,76721.804511278198,364.42857142857144,0.5,0.17042336338690708
r_dd9a0ea4ad309efef726ef714d6025ed,Direct browsing,d_1be06ce1b670864df8c500dc82b295ae,1,0,a_e7d8c038c18055500148c5915382bd98,a_2c626b0cb20f5735d0f38de6f3d66500,p_aee4d3febea97a3952de7780ff86794f,p_3dd478bd944ece2906a0c8e4425f63be,6,758,14,12,1777,7015,26,8792,34.300791556728235,11598.944591029023,338.15384615384613,0.53846153846153844,0.20211555959963604
r_871660f39f67ef5ecf78b5578ea8c078,Direct browsing,d_1be06ce1b670864df8c500dc82b295ae,1,0,a_e7d8c038c18055500148c5915382bd98,a_cf31ba68046233719f1273a3a3789e72,p_f2b58c1646f4e6730cae0192172fb00a,p_3dd478bd944ece2906a0c8e4425f63be,6,23294,18,17,2321,7734,35,10055,1.502532841074955,431.65622048596202,287.28571428571428,0.51428571428571423,0.23083043262058678
r_e89b84c6bf3661929849f8d3052d7bad,Direct browsing,d_1be06ce1b670864df8c500dc82b295ae,1,0,a_e7d8c038c18055500148c5915382bd98,a_5607307b9b9a0681912487688d94bd13,p_6b889118683daa423f2c48d88b057015,p_3dd478bd944ece2906a0c8e4425f63be,6,74180,281,238,40245,253592,519,293837,6.9964950121326499,3961.1350768401185,566.15992292870908,0.54142581888246633,0.1369636907537172
r_90218fc2c70742d81f8a26c58bd5b3a3,Direct browsing,d_1be06ce1b670864df8c500dc82b295ae,1,0,a_e7d8c038c18055500148c5915382bd98,a_bdae5b7bbb836612ddd64ab47c326090,p_cf191b1bf32eea0318088ef728e2ff56,p_3dd478bd944ece2906a0c8e4425f63be,6,31635,12,13,1626,9031,25,10657,0.79026394815868495,336.8737158210842,426.27999999999997,0.47999999999999998,0.15257577179318757
r_fe6f707a7906b10278b65d9691e57d09,Direct browsing,d_1be06ce1b670864df8c500dc82b295ae,1,0,a_e7d8c038c18055500148c5915382bd98,a_cf31ba68046233719f1273a3a3789e72,p_828958f417aa7be48a6d0092ae2b930f,p_3dd478bd944ece2906a0c8e4425f63be,6,27891,17,16,2287,7718,33,10005,1.1831773690437777,358.71786597827258,303.18181818181819,0.51515151515151514,0.22858570714642679
r_afbb3b8c0509d10a142a5a5fdbff3d80,Direct browsing,d_1be06ce1b670864df8c500dc82b295ae,1,0,a_e7d8c038c18055500148c5915382bd98,a_5607307b9b9a0681912487688d94bd13,p_e20162742fa20b1f4166d3c5eb25ddcd,p_3dd478bd944ece2906a0c8e4425f63be,6,51564,454,468,48799,257465,922,306264,17.880691955627956,5939.4926693041652,332.17353579175705,0.49240780911062909,0.15933638952015255
r_be6b59f40279ceb2d773390fefa39600,Direct browsing,d_1be06ce1b670864df8c500dc82b295ae,1,0,a_e7d8c038c18055500148c5915382bd98,a_aaae0583eb1d0566ad5ee41d0a7ebe30,p_e3b9a6d88b452c73cdab0393bc3cec8e,p_3dd478bd944ece2906a0c8e4425f63be,6,6420,13,19,1688,9706,32,11394,4.9844236760124607,1774.766355140187,356.0625,0.40625,0.14814814814814814
r_6a82a15101656301d121ed73db8393c6,Direct browsing,d_1be06ce1b670864df8c500dc82b295ae,1,0,a_e7d8c038c18055500148c5915382bd98,a_cebf848edd54165c3153b4743b1949a4,p_b37db07fcd29a52157597c44d7c3badb,p_3dd478bd944ece2906a0c8e4425f63be,6,13072,12,11,1632,5980,23,7612,1.7594859241126073,582.31334149326813,330.95652173913044,0.52173913043478259,0.21439831844456123
r_ba549de182c146d9f6dd5c2d803c7a1e,Direct browsing,d_1be06ce1b670864df8c500dc82b295ae,1,0,a_e7d8c038c18055500148c5915382bd98,a_8ceac1ca69262b7b829edddf7b86faf6,p_b3800e2fa486fc61409dfe383b06ac89,p_d7195ebfc9c48d4a0beab7870d0eba9c,6,1589,9,7,865,5184,16,6049,10.069225928256765,3806.7967275015735,378.0625,0.5625,0.14299884278393124
r_7c7d0c4d4963ecef016dbeeafd857f0c,Direct browsing,d_1be06ce1b670864df8c500dc82b295ae,1,0,a_e7d8c038c18055500148c5915382bd98,a_1d78c45142cfbfd97903fa4fed1d3c65,p_f4825ac040a00efecd1802c972809600,p_3dd478bd944ece2906a0c8e4425f63be,6,21271,13,14,1765,10490,27,12255,1.2693338347985519,576.13652390578716,453.88888888888891,0.48148148148148145,0.14402284781721747
r_b20b8f0b149b7e0395d32f90c91ba96b,Direct browsing,d_1be06ce1b670864df8c500dc82b295ae,1,0,a_e7d8c038c18055500148c5915382bd98,a_2f9327eb55447d1c7a94cf9133886a1b,p_fd190a6a3d502a7345b96e47a0dd522a,p_3dd478bd944ece2906a0c8e4425f63be,6,282,2,1,100,60,3,160,10.638297872340427,567.3758865248227,53.333333333333336,0.66666666666666663,0.625
r_cd197bdf41bf0b3b66e3b0e1f1e72eab,Direct browsing,d_1be06ce1b670864df8c500dc82b295ae,1,0,a_e7d8c038c18055500148c5915382bd98,a_86698ed8ae94b93b7885c94735130642,p_2dc43de9600a647b1d33303e74d91e59,p_3dd478bd944ece2906a0c8e4425f63be,6,732,49,59,4193,63804,108,67997,147.54098360655738,92892.076502732249,629.60185185185185,0.45370370370370372,0.06166448519787638
r_9da2f844b42ba8632822a244b5efbed1,Direct browsing,d_1be06ce1b670864df8c500dc82b295ae,1,0,a_e7d8c038c18055500148c5915382bd98,a_cf31ba68046233719f1273a3a3789e72,p_c3830d17541c2da8e26ad419020dde10,p_3dd478bd944ece2906a0c8e4425f63be,6,128,5,5,785,275,10,1060,78.125,8281.25,106,0.5,0.74056603773584906
r_9c931eb8ca749a8093e64eaff1d493d8,Direct browsing,d_1be06ce1b670864df8c500dc82b295ae,1,0,a_e7d8c038c18055500148c5915382bd98,a_22157b321cee9eee4963e0358b130225,p_824398767d6f36e73129ec2c92b64041,p_3dd478bd944ece2906a0c8e4425f63be,6,213,18,18,1938,11411,36,13349,169.01408450704227,62671.361502347419,370.80555555555554,0.5,0.14517941418832872
r_fad6e76b928d1a990d4aa01a231c053d,Direct browsing,d_1be06ce1b670864df8c500dc82b295ae,1,0,a_e7d8c038c18055500148c5915382bd98,a_ab9e5c6b29d91d47f9a3e7c586d27967,p_2ce2d5c9e9fbe2af7ef55ef566cede71,p_3dd478bd944ece2906a0c8e4425f63be,6,585,14,16,1685,9429,30,11114,51.282051282051285,18998.290598290598,370.46666666666664,0.46666666666666667,0.1516105812488753
r_7a1a50aea6d56ff441bd2b617e104093,Direct browsing,d_1be06ce1b670864df8c500dc82b295ae,1,0,a_e7d8c038c18055500148c5915382bd98,a_cf31ba68046233719f1273a3a3789e72,p_9ff7a2592df2d845c5d075a5877af426,p_3dd478bd944ece2906a0c8e4425f63be,6,131,6,6,849,327,12,1176,91.603053435114504,8977.0992366412211,98,0.5,0.72193877551020413
r_7823f66bb54152d3817cd2edf0cd7b1b,Direct browsing,d_1be06ce1b670864df8c500dc82b295ae,1,0,a_e7d8c038c18055500148c5915382bd98,a_efacd1001abfe73e24de1e19abab3285,p_bfbc892a76693bd38cbc7cf77d706019,p_3dd478bd944ece2906a0c8e4425f63be,6,439,53,57,3604,66651,110,70255,250.56947608200454,160034.16856492028,638.68181818181813,0.48181818181818181,0.051298839940217777
r_f92874cb20882edb07a9c45ff08c2427,Direct browsing,d_1be06ce1b670864df8c500dc82b295ae,1,0,a_e7d8c038c18055500148c5915382bd98,a_22e55c96c0c1a2b99f49d31c0a910d39,p_64ec6f5c8dae1eee8e333b39ec144aa5,p_3dd478bd944ece2906a0c8e4425f63be,6,28107,10,9,1514,3414,19,4928,0.6759881879958729,175.32998897071903,259.36842105263156,0.52631578947368418,0.30722402597402598
r_1556737333ee55d366ab464566fe4cda,Direct browsing,d_1be06ce1b670864df8c500dc82b295ae,1,0,a_e7d8c038c18055500148c5915382bd98,a_e26ebc8f66dc2a068e15783a09c1a4cb,p_d51f8bbf54bfc646385f93b95496eb1b,p_3dd478bd944ece2906a0c8e4425f63be,6,160504,72,70,10370,4942,142,15312,0.88471315356626634,95.399491601455424,107.83098591549296,0.50704225352112675,0.67724660397074188
r_828abe3e16d037060f8a05950e77f30f,Direct browsing,d_1be06ce1b670864df8c500dc82b295ae,1,0,a_e7d8c038c18055500148c5915382bd98,a_cf31ba68046233719f1273a3a3789e72,p_d2b5e3c202f7fdbab350ccca88e2d448,p_3dd478bd944ece2906a0c8e4425f63be,6,112,6,6,849,327,12,1176,107.14285714285714,10500,98,0.5,0.72193877551020413
r_b2628452b8969d6dfc24128127726b59,Direct browsing,d_1be06ce1b670864df8c500dc82b295ae,1,0,a_e7d8c038c18055500148c5915382bd98,a_cf31ba68046233719f1273a3a3789e72,p_409c320a5ff0fde713f9a536034aca64,p_3dd478bd944ece2906a0c8e4425f63be,6,26709,16,14,1861,7713,30,9574,1.1232168931820734,358.45595117750571,319.13333333333333,0.53333333333333333,0.19438061416335911
r_7c37071b520789c3b060866bfc7f8942,Direct browsing,d_1be06ce1b670864df8c500dc82b295ae,1,0,a_e7d8c038c18055500148c5915382bd98,a_71bb75d03a1bc0b49ab7157627fab6b2,p_0a3b52107f56e09567a66076e0c7f36b,p_3dd478bd944ece2906a0c8e4425f63be,6,22704,13,12,1594,5350,25,6944,1.1011275546159267,305.84918957011979,277.75999999999999,0.52000000000000002,0.22955069124423963
r_464482a3277519780a9b8e58f57b00ca,Direct browsing,d_1be06ce1b670864df8c500dc82b295ae,1,0,a_e7d8c038c18055500148c5915382bd98,a_b2edc8161115ebfb809b2bc64301631a,p_ed70ee1f83abce4489000ff029939df0,p_3dd478bd944ece2906a0c8e4425f63be,6,338,12,13,1725,6604,25,8329,73.964497041420117,24642.011834319524,333.16000000000003,0.47999999999999998,0.207107696001921
r_2206a9fcfc4fe031268c06c5bd3422fa,Direct browsing,d_1be06ce1b670864df8c500dc82b295ae,1,0,a_e7d8c038c18055500148c5915382bd98,a_5f5e5c84b87fa4aa954e97103781a172,p_57a9e8a6ac750d82718e04db655d5deb,p_3dd478bd944ece2906a0c8e4425f63be,6,17814,14,20,1784,15551,34,17335,1.908611204670484,973.11103626361285,509.85294117647061,0.41176470588235292,0.102913181424863
r_f773aaa2934d2d6e60c31d7b45cdd8e2,Direct browsing,d_1be06ce1b670864df8c500dc82b295ae,1,0,a_e7d8c038c18055500148c5915382bd98,a_5607307b9b9a0681912487688d94bd13,p_610b6ae0b031f355b2bef883f9b91e1d,p_3dd478bd944ece2906a0c8e4425f63be,6,17162,27,34,2905,16035,61,18940,3.5543642932059201,1103.6009789068873,310.49180327868851,0.44262295081967212,0.15337909186906018
r_ba75f8d2fd75fd9fd7aee2018c611ff5,Direct browsing,d_1be06ce1b670864df8c500dc82b295ae,1,0,a_e7d8c038c18055500148c5915382bd98,a_cf31ba68046233719f1273a3a3789e72,p_6fea85cb4bfe93ade8997e6b37d74dea,p_3dd478bd944ece2906a0c8e4425f63be,6,220,5,5,785,275,10,1060,45.454545454545453,4818.181818181818,106,0.5,0.74056603773584906
r_225344dd60b4daaf66ba37509861ddb4,Direct browsing,d_1be06ce1b670864df8c500dc82b295ae,1,0,a_e7d8c038c18055500148c5915382bd98,a_26c5a920a7892a255ba4f79debae35b7,p_9ce3a314094dda2f0f55355b99986058,p_3dd478bd944ece2906a0c8e4425f63be,6,24380,13,11,1661,3355,24,5016,0.98441345365053323,205.74241181296145,209,0.54166666666666663,0.33114035087719296
r_e754a6fbbb14a6b00c2f3b145579839a,Direct browsing,d_1be06ce1b670864df8c500dc82b295ae,1,0,a_e7d8c038c18055500148c5915382bd98,a_cf31ba68046233719f1273a3a3789e72,p_060fbad0ee990ddae9768c7c3d1a8d5f,p_3dd478bd944ece2906a0c8e4425f63be,6,177,6,6,849,327,12,1176,67.79661016949153,6644.0677966101703,98,0.5,0.72193877551020413
r_a3c25bce11164c2bf4ce865793e7d146,Direct browsing,d_1be06ce1b670864df8c500dc82b295ae,1,0,a_e7d8c038c18055500148c5915382bd98,a_6cc8f81611c7e19feb8ed887bfa958ac,p_b998b93d24119947d6ddd554428037db,p_3dd478bd944ece2906a0c8e4425f63be,6,11176,8,0,480,0,8,480,0.71581961345740874,42.949176807444523,60,1,1
r_e7caba6ace49cd84a3d86a8dbf5cb68e,Direct browsing,d_1be06ce1b670864df8c500dc82b295ae,1,0,a_e7d8c038c18055500148c5915382bd98,a_cf31ba68046233719f1273a3a3789e72,p_7fa18cb413e1b8b42ff715882aa3c601,p_3dd478bd944ece2906a0c8e4425f63be,6,155,6,6,849,327,12,1176,77.41935483870968,7587.0967741935483,98,0.5,0.72193877551020413
r_85d4b293ee3bc33b00c658b2632aea2a,Direct browsing,d_1be06ce1b670864df8c500dc82b295ae,1,0,a_e7d8c038c18055500148c5915382bd98,a_c4a45ca912701d85b2c25600e255b375,p_781884355c48f984bec716bec5ae01ea,p_3dd478bd944ece2906a0c8e4425f63be,6,23267,11,9,1586,4947,20,6533,0.85958653887480119,280.78394292345382,326.64999999999998,0.55000000000000004,0.24276748813714985
r_3726504d996757400d9efe32b86307b6,Direct browsing,d_1be06ce1b670864df8c500dc82b295ae,1,0,a_e7d8c038c18055500148c5915382bd98,a_cf31ba68046233719f1273a3a3789e72,p_035362b4e1a91c037cd74ecb0b240730,p_3dd478bd944ece2906a0c8e4425f63be,6,159,5,5,785,275,10,1060,62.893081761006286,6666.666666666667,106,0.5,0.74056603773584906
r_47c6e3f040f982ddcfa83807b712c2bc,Direct browsing,d_1be06ce1b670864df8c500dc82b295ae,1,0,a_e7d8c038c18055500148c5915382bd98,a_c0f310eeb8553e332a97e6df05bcca6e,p_7a0a7c3fe0e9a4c0f41ef9b3ebe7699e,p_3dd478bd944ece2906a0c8e4425f63be,6,711,13,11,1706,6076,24,7782,33.755274261603375,10945.147679324895,324.25,0.54166666666666663,0.21922384991004884
r_a8996b156a8fda8ff534acda70c51275,Direct browsing,d_1be06ce1b670864df8c500dc82b295ae,1,0,a_e7d8c038c18055500148c5915382bd98,a_01c27fc950d2f075d869a4d0acaa48ee,p_edf32c15bb7b2b84ee5a92dd1dfe5b7a,p_3dd478bd944ece2906a0c8e4425f63be,6,736,34,37,2968,43016,71,45984,96.467391304347828,62478.260869565216,647.66197183098586,0.47887323943661969,0.064544189283228956
r_a8e83191a0b9fade2fb00f3deedf7d46,Direct browsing,d_1be06ce1b670864df8c500dc82b295ae,1,0,a_e7d8c038c18055500148c5915382bd98,a_cf31ba68046233719f1273a3a3789e72,p_84d296133ca484b0ce1fc32e21bdbe7b,p_d7195ebfc9c48d4a0beab7870d0eba9c,6,142,10,10,872,7383,20,8255,140.84507042253523,58133.802816901414,412.75,0.5,0.10563294972743792
r_93463ab76c6e7fbfae484f614d43fcba,Direct browsing,d_1be06ce1b670864df8c500dc82b295ae,1,0,a_e7d8c038c18055500148c5915382bd98,a_328db9e0ba5abab0489af3c8705fbfd1,p_cd51c60b9d906840155b7590c41992d7,p_3dd478bd944ece2906a0c8e4425f63be,6,26494,12,13,1619,4791,25,6410,0.94360987393372087,241.94157167660603,256.39999999999998,0.47999999999999998,0.25257410296411859
r_98c412ad0f35c3fd0ec03c358375dc16,Direct browsing,d_1be06ce1b670864df8c500dc82b295ae,1,0,a_e7d8c038c18055500148c5915382bd98,a_264573e247d0e3a071e0df69aa8b269c,p_9a1a80e0c7b24d1426bc13c401368e2e,p_3dd478bd944ece2906a0c8e4425f63be,6,5386,58,60,4807,66952,118,71759,21.908652060898625,13323.2454511697,608.12711864406776,0.49152542372881358,0.066988112989311441
r_12e35e0f3d1a7af35cd2e14193804f66,Direct browsing,d_1be06ce1b670864df8c500dc82b295ae,1,0,a_e7d8c038c18055500148c5915382bd98,a_4e4e8411e1a44ee7d86b7c7743205433,p_a39d390497ba93414e64fd38532d9bba,p_3dd478bd944ece2906a0c8e4425f63be,6,382,50,59,4388,67334,109,71722,285.34031413612564,187753.92670157069,658,0.45871559633027525,0.061180669808426985
r_e210e768e83598fd71288fd11978dfaa,Direct browsing,d_1be06ce1b670864df8c500dc82b295ae,1,0,a_e7d8c038c18055500148c5915382bd98,a_d8e8712503f435094c50b5e0e6c5217f,p_cb6c6d0156e7e69d09d5fa80525967fb,p_3dd478bd944ece2906a0c8e4425f63be,6,16501,18,25,2461,17470,43,19931,2.6059026725652989,1207.8661899278832,463.51162790697674,0.41860465116279072,0.12347599217299685
r_51cddd7ec45f3a88900590107f6972e7,Direct browsing,d_1be06ce1b670864df8c500dc82b295ae,1,0,a_e7d8c038c18055500148c5915382bd98,a_9f738af0fea539efd1249ec6b1c4a590,p_7f47eb373e5d28dbb32e6bc3522b9e0b,p_3dd478bd944ece2906a0c8e4425f63be,6,271,45,45,2933,54193,90,57126,332.10332103321031,210797.0479704797,634.73333333333335,0.5,0.051342646080593773
r_e105e9a6c671ff1c64001bcc2896cdb0,Direct browsing,d_1be06ce1b670864df8c500dc82b295ae,1,0,a_e7d8c038c18055500148c5915382bd98,a_f7236bf52bab5693c5a0bd90b31e7b5d,p_8802f1caed81e35f9acaf14a85e97464,p_d7195ebfc9c48d4a0beab7870d0eba9c,6,890,16,15,1010,12316,31,13326,34.831460674157306,14973.033707865168,429.87096774193549,0.5161290322580645,0.075791685426984848
r_b568e203e464585b239b5d692833f01e,Direct browsing,d_1be06ce1b670864df8c500dc82b295ae,1,0,a_e7d8c038c18055500148c5915382bd98,a_cf31ba68046233719f1273a3a3789e72,p_ca6900df0d32cc2461d5d0294be170cd,p_3dd478bd944ece2906a0c8e4425f63be,6,73,6,5,837,275,11,1112,150.68493150684932,15232.876712328769,101.09090909090909,0.54545454545454541,0.75269784172661869
r_49002472c5f1a75bbd93330b9c0d62e6,Direct browsing,d_1be06ce1b670864df8c500dc82b295ae,1,0,a_e7d8c038c18055500148c5915382bd98,a_5ff1649e4e721224a3632c0c2debd333,p_6ce661df499d0283745ce90df81748ab,p_3dd478bd944ece2906a0c8e4425f63be,6,780,26,28,2689,27432,54,30121,69.230769230769226,38616.666666666664,557.7962962962963,0.48148148148148145,0.089273264499850596
r_daf0dd6f7d742ac2d78888d35a824a8d,Direct browsing,d_1be06ce1b670864df8c500dc82b295ae,1,0,a_e7d8c038c18055500148c5915382bd98,a_f7236bf52bab5693c5a0bd90b31e7b5d,p_8e60b6d9f74434315d1f7cdc32df2471,p_d7195ebfc9c48d4a0beab7870d0eba9c,6,987,16,15,1022,12312,31,13334,31.408308004052685,13509.625126646404,430.12903225806451,0.5161290322580645,0.076646167691615419
r_75a4918cb174db297421aade49d26e8f,Direct browsing,d_1be06ce1b670864df8c500dc82b295ae,1,0,a_e7d8c038c18055500148c5915382bd98,a_b57936916017fc66949b6e661c963d3a,p_20caec289f8e741263af5d38c2eebb7b,p_3dd478bd944ece2906a0c8e4425f63be,6,463,22,21,2040,15317,43,17357,92.872570194384451,37488.120950323973,403.6511627906977,0.51162790697674421,0.11753183153770813
r_7fe10c0f03a6e5c22beeec2c063d478d,Direct browsing,d_1be06ce1b670864df8c500dc82b295ae,1,0,a_e7d8c038c18055500148c5915382bd98,a_0d3d1eca9e49a6ecfcd9a0a2554d01b3,p_a7a213997ac361d6f81d6b3e47e7dc2b,p_d7195ebfc9c48d4a0beab7870d0eba9c,6,770,6,4,407,401,10,808,12.987012987012987,1049.3506493506493,80.799999999999997,0.59999999999999998,0.50371287128712872
r_1146011123902292d2358d8945d66274,Direct browsing,d_1be06ce1b670864df8c500dc82b295ae,1,0,a_e7d8c038c18055500148c5915382bd98,a_22157b321cee9eee4963e0358b130225,p_7acf50926f7ca527382f9c499e4d6514,p_3dd478bd944ece2906a0c8e4425f63be,6,219,18,17,2317,11017,35,13334,159.8173515981735,60885.84474885845,380.97142857142859,0.51428571428571423,0.17376631168441578
r_ee4ee84b0224d4ef2345bbbfbd1ed0dd,Direct browsing,d_1be06ce1b670864df8c500dc82b295ae,1,0,a_e7d8c038c18055500148c5915382bd98,a_01c27fc950d2f075d869a4d0acaa48ee,p_e8d5cdc87031acbb37967930a53de941,p_3dd478bd944ece2906a0c8e4425f63be,6,728,35,38,2985,42620,73,45605,100.27472527472528,62644.230769230773,624.72602739726028,0.47945205479452052,0.065453349413441511
r_ffcbc8e5b47fc3c978dca4849e0e7919,Direct browsing,d_1be06ce1b670864df8c500dc82b295ae,1,0,a_e7d8c038c18055500148c5915382bd98,a_2fbdd1332d34f8204d9324e5d119b7c8,p_e7679a89f97c200e30aa2854dc24b21a,p_3dd478bd944ece2906a0c8e4425f63be,6,45924,14,11,1747,5744,25,7491,0.54437766745057048,163.11732427488894,299.63999999999999,0.56000000000000005,0.23321318916032571
r_51aafd31f448b969e3b094cccc24156b,Direct browsing,d_1be06ce1b670864df8c500dc82b295ae,1,0,a_e7d8c038c18055500148c5915382bd98,a_7eb0f027dbd9bb986c89198ff2fd1fe6,p_d8bf680ec07d517d824d44c18bfcdc6b,p_3dd478bd944ece2906a0c8e4425f63be,6,1883,25,26,2181,21500,51,23681,27.084439723844927,12576.208178438661,464.33333333333331,0.49019607843137253,0.092099151218276248
r_c25433c28c07739440343c7aa2bd2d6a,Direct browsing,d_1be06ce1b670864df8c500dc82b295ae,1,0,a_e7d8c038c18055500148c5915382bd98,a_b4904d2c2849417748d5867c915733c9,p_1ca99a2762d2d74a4d508feb8393ecb2,p_3dd478bd944ece2906a0c8e4425f63be,6,17946,13,13,1671,10416,26,12087,1.4487908168951298,673.5205616850551,464.88461538461536,0.5,0.13824770414494911
r_a86178e107f3303f2e7d0f4c70ffa2f1,Direct browsing,d_1be06ce1b670864df8c500dc82b295ae,1,0,a_e7d8c038c18055500148c5915382bd98,a_52e332178d9cca20e2c169b46c09cc51,p_d23be3cfda75ac9c837ec09b69a08b26,p_3dd478bd944ece2906a0c8e4425f63be,6,334,34,34,2392,32843,68,35235,203.59281437125748,105494.0119760479,518.16176470588232,0.5,0.067887044132254853
r_e084d514e9a5e7053c5d57946d4cef14,Direct browsing,d_1be06ce1b670864df8c500dc82b295ae,1,0,a_e7d8c038c18055500148c5915382bd98,a_cf31ba68046233719f1273a3a3789e72,p_9ddaf7c6dbe3931f52dcb9fb2211c3d3,p_3dd478bd944ece2906a0c8e4425f63be,6,108,6,6,849,327,12,1176,111.11111111111111,10888.888888888889,98,0.5,0.72193877551020413
