record_id,condition,collection_day_id,in_shared_date_browsing,loopback_pair,src_address_id,dst_address_id,src_port_id,dst_port_id,protocol,duration_ms,src2dst_packets,dst2src_packets,src2dst_bytes,dst2src_bytes,total_packets,total_bytes,packet_rate,byte_rate,mean_packet_bytes,forward_packet_fraction,forward_byte_fraction
r_90bc4eea719e8c6229fb2d9c33299a81,Tor browsing,d_1be06ce1b670864df8c500dc82b295ae,1,0,a_e7d8c038c18055500148c5915382bd98,a_b378a20199d31d809bd31b56313a5012,p_de1ba8355fc38b6353ed82d464235dd9,p_2d36b619be089107b3d8a5a53b5aa6c4,6,11187,8,0,480,0,8,480,0.71511575936354699,42.906945561812819,60,1,1
r_14d56e91a81e9bb81fc3f22dc7047e2e,Tor browsing,d_1be06ce1b670864df8c500dc82b295ae,1,0,a_e7d8c038c18055500148c5915382bd98,a_b3473f2ec0e1aa6e23367b95b4c6097a,p_d61181a7cb25246ebef826586aa8c5f2,p_2313704d6916acc778397dda2b5b461d,6,11212,8,0,480,0,8,480,0.7135212272565109,42.811273635390656,60,1,1
r_69a5b837dd1ddc5de0c2571915292f62,Tor browsing,d_1be06ce1b670864df8c500dc82b295ae,1,0,a_e7d8c038c18055500148c5915382bd98,a_a4c91776a834f03fdfeff0928a4d4107,p_6f5c4020d6f8998435200615f1a60018,p_346156c425c7ac656c5ba25e35116854,6,7162,7,0,420,0,7,420,0.97738061993856462,58.642837196313877,60,1,1
r_2adfeefc3a89f8eaedc5bfd96bfb8726,Tor browsing,d_1be06ce1b670864df8c500dc82b295ae,1,0,a_e7d8c038c18055500148c5915382bd98,a_8191a1e6efaf3f63f44f10e11a56d0d6,p_5c722b1b59aa7f32a1e8b7acf3287cd9,p_2313704d6916acc778397dda2b5b461d,6,356,1,1,60,40,2,100,5.617977528089888,280.89887640449439,50,0.5,0.59999999999999998
r_74889d6bc40c31e43e30f09a8749860e,Tor browsing,d_1be06ce1b670864df8c500dc82b295ae,1,0,a_e7d8c038c18055500148c5915382bd98,a_88350c61bb74e4675ebadc9106632b9a,p_be2ff44c377ade0fc903e8cb9c6f8e13,p_2313704d6916acc778397dda2b5b461d,6,11225,8,0,480,0,8,480,0.71269487750556793,42.761692650334076,60,1,1
r_caf9fe89fb32e19d0f2958df5396817d,Tor browsing,d_1be06ce1b670864df8c500dc82b295ae,1,0,a_e7d8c038c18055500148c5915382bd98,a_3832d64d21ca4721baccca6960dd8088,p_27d902994f2f06d9e3b3d92b7f56d4c4,p_2313704d6916acc778397dda2b5b461d,6,17455,389,650,47594,840543,1039,888137,59.524491549699235,50881.523918647959,854.79980750721847,0.37439846005774785,0.053588579239464182
r_1e9c805207f90934917f39eb174ddd73,Tor browsing,d_1be06ce1b670864df8c500dc82b295ae,1,0,a_e7d8c038c18055500148c5915382bd98,a_69fb0b835452ca85c178bdeaaf11695b,p_624961fe87490cc849e5ffc5deb74932,p_3d01955bb66b778c6aa471c3a2911a0a,6,10014,599,1002,167905,1254257,1601,1422162,159.87617335729979,142017.37567405633,888.29606495940038,0.37414116177389134,0.11806320236372508
r_4f1e068629a362d0bade0d153efeb45a,Tor browsing,d_1be06ce1b670864df8c500dc82b295ae,1,0,a_e7d8c038c18055500148c5915382bd98,a_71394ec0ae14eb2d17f693263a2fab11,p_16afb3c0a1cf624c6a1872a6ef26b5f6,p_e8fa32c526b9b4cdc16418a4dc18e34a,6,9815,896,1680,151373,2175185,2576,2326558,262.45542536933266,237041.05960264901,903.16692546583852,0.34782608695652173,0.06506306741546955
r_f9e0781e20f12d7f758ef5d8f3eb90d6,Tor browsing,d_1be06ce1b670864df8c500dc82b295ae,1,0,a_e7d8c038c18055500148c5915382bd98,a_71394ec0ae14eb2d17f693263a2fab11,p_6ec1e5e06b15573707fd07c5c33a64ae,p_e8fa32c526b9b4cdc16418a4dc18e34a,6,278,2,1,100,60,3,160,10.791366906474819,575.53956834532369,53.333333333333336,0.66666666666666663,0.625
r_095b63e8c92b3edf707c4791080d8db2,Tor browsing,d_1be06ce1b670864df8c500dc82b295ae,1,0,a_e7d8c038c18055500148c5915382bd98,a_37e02799dd74dc892c7d9d9c7b15b566,p_a23ef9e218dda07e4573d3984cc4290e,p_3dd478bd944ece2906a0c8e4425f63be,6,21390,16,16,3338,11020,32,14358,1.4960261804581581,671.24824684431974,448.6875,0.5,0.23248363281794121
r_43290d3a75d1f9c6180e16ffed6c7c5e,Tor browsing,d_1be06ce1b670864df8c500dc82b295ae,1,0,a_e7d8c038c18055500148c5915382bd98,a_69fb0b835452ca85c178bdeaaf11695b,p_0a27f481dcdc67ca38f4532f9bb78ea3,p_3d01955bb66b778c6aa471c3a2911a0a,6,21391,818,1561,232322,1962781,2379,2195103,111.21499696133888,102618.06367163762,922.69987389659525,0.34384195039932747,0.10583649149948772
r_e005e4ced1518c562bd1b1ef047deb4e,Tor browsing,d_1be06ce1b670864df8c500dc82b295ae,1,0,a_e7d8c038c18055500148c5915382bd98,a_71394ec0ae14eb2d17f693263a2fab11,p_cd9cd672df620875f64242551227ab26,p_e8fa32c526b9b4cdc16418a4dc18e34a,6,21357,1963,3743,345950,4874589,5706,5220539,267.1723556679309,244441.58823804843,914.92096039256921,0.34402383456011215,0.066267103837362382
r_fde0b4cf6df729e39fa9c2adfa175eeb,Tor browsing,d_1be06ce1b670864df8c500dc82b295ae,1,0,a_e7d8c038c18055500148c5915382bd98,a_e2370a5f48648ec5a5dbdf8b657a0e89,p_f00eea112a1faa622b02cd8835569f35,p_3dd478bd944ece2906a0c8e4425f63be,6,10374,21,17,5206,8581,38,13787,3.6630036630036629,1328.9955658376709,362.81578947368422,0.55263157894736847,0.37760208892434904
r_30c97ecb309b4f49c51807facc6ddd05,Tor browsing,d_1be06ce1b670864df8c500dc82b295ae,1,0,a_e7d8c038c18055500148c5915382bd98,a_69fb0b835452ca85c178bdeaaf11695b,p_72273a6160a9901f16c70ed790955d6a,p_3d01955bb66b778c6aa471c3a2911a0a,6,6119,28,26,8795,11739,54,20534,8.824971400555647,3355.777087759438,380.25925925925924,0.51851851851851849,0.42831401577870848
r_d734792f4e9b5cdc52b9b5acf05cbae6,Tor browsing,d_1be06ce1b670864df8c500dc82b295ae,1,0,a_e7d8c038c18055500148c5915382bd98,a_71394ec0ae14eb2d17f693263a2fab11,p_79b694f28eab7b1b392ff94e12786ac5,p_e8fa32c526b9b4cdc16418a4dc18e34a,6,15142,42,39,12255,17631,81,29886,5.3493593977017566,1973.7154933298111,368.96296296296299,0.51851851851851849,0.41005822124071473
r_f3da958381d15014378be3563ac4953a,Tor browsing,d_1be06ce1b670864df8c500dc82b295ae,1,0,a_e7d8c038c18055500148c5915382bd98,a_e2370a5f48648ec5a5dbdf8b657a0e89,p_ba97b6a2a061eb64e814bf24b0d721b7,p_3dd478bd944ece2906a0c8e4425f63be,6,14148,18,17,4012,6481,35,10493,2.473847893695222,741.65959852982758,299.80000000000001,0.51428571428571423,0.38235013818736302
r_3839b44bf43e8cbdddc82e92b5442988,Tor browsing,d_1be06ce1b670864df8c500dc82b295ae,1,0,a_e7d8c038c18055500148c5915382bd98,a_69fb0b835452ca85c178bdeaaf11695b,p_49362a584f6b0e22387f07ee40c2f5d3,p_3d01955bb66b778c6aa471c3a2911a0a,6,13936,51,63,12646,49011,114,61657,8.1802525832376585,4424.2967853042483,540.85087719298247,0.44736842105263158,0.2051024214606614
r_98d449c048dcbcb373c438f006d4b33c,Tor browsing,d_1be06ce1b670864df8c500dc82b295ae,1,0,a_e7d8c038c18055500148c5915382bd98,a_ef39829e394acd752cfa7bb53a9900ed,p_9cdcebd1857428354d339e5fa66966f7,p_2d36b619be089107b3d8a5a53b5aa6c4,6,21079,18,14,3467,8342,32,11809,1.5180985815266379,560.22581716400202,369.03125,0.5625,0.29358963502413415
r_82d76d87be157f2b1fb5e85c55c5613b,Tor browsing,d_1be06ce1b670864df8c500dc82b295ae,1,0,a_e7d8c038c18055500148c5915382bd98,a_69fb0b835452ca85c178bdeaaf11695b,p_05554e052637210f061234bce5c1c7ec,p_3d01955bb66b778c6aa471c3a2911a0a,6,20144,41,41,14245,17343,82,31588,4.0706910246227164,1568.1096108022241,385.21951219512198,0.5,0.45096239078130934
r_2c85519c6f24f8164617ce147814c483,Tor browsing,d_1be06ce1b670864df8c500dc82b295ae,1,0,a_e7d8c038c18055500148c5915382bd98,a_71394ec0ae14eb2d17f693263a2fab11,p_e1a265389272b1f86c6f84ed39326135,p_e8fa32c526b9b4cdc16418a4dc18e34a,6,17085,48,53,19392,24659,101,44051,5.9116183786947616,2578.3435762364647,436.14851485148517,0.47524752475247523,0.44021702117999589
r_b819c85604347a762efb8b4819291593,Tor browsing,d_1be06ce1b670864df8c500dc82b295ae,1,0,a_e7d8c038c18055500148c5915382bd98,a_71394ec0ae14eb2d17f693263a2fab11,p_31e53641e8057e53b00ba328a8a50311,p_e8fa32c526b9b4cdc16418a4dc18e34a,6,17780,90,106,22165,92381,196,114546,11.023622047244094,6442.4071991001119,584.41836734693879,0.45918367346938777,0.1935030468108882
r_e8d7c4ec253944138008b7005071fe08,Tor browsing,d_1be06ce1b670864df8c500dc82b295ae,1,0,a_e7d8c038c18055500148c5915382bd98,a_69fb0b835452ca85c178bdeaaf11695b,p_4e467e816db86538dea11568da045685,p_3d01955bb66b778c6aa471c3a2911a0a,6,16849,21,21,5776,8307,42,14083,2.4927295388450355,835.83595465606265,335.3095238095238,0.5,0.41013988496769155
r_55d71f404e4afb46919b6f35a958aafb,Tor browsing,d_1be06ce1b670864df8c500dc82b295ae,1,0,a_e7d8c038c18055500148c5915382bd98,a_db61c1ebde21a4bbe71e70376a9b29fe,p_36a3516c5b9c9a3b9abff3ec8f7a4cec,p_3dd478bd944ece2906a0c8e4425f63be,6,19271,15,16,3295,11025,31,14320,1.6086347361320117,743.08546520678738,461.93548387096774,0.4838709677419355,0.23009776536312848
r_1cbd76cb41fdf34f9d6befb0f3877886,Tor browsing,d_1be06ce1b670864df8c500dc82b295ae,1,0,a_e7d8c038c18055500148c5915382bd98,a_71394ec0ae14eb2d17f693263a2fab11,p_2bff6179250ebb97cd5ad803560c4f00,p_e8fa32c526b9b4cdc16418a4dc18e34a,6,18250,44,57,12270,43907,101,56177,5.5342465753424657,3078.1917808219177,556.20792079207922,0.43564356435643564,0.21841678978941559
r_00d5178786a6df1277e0be7a9e029da7,Tor browsing,d_1be06ce1b670864df8c500dc82b295ae,1,0,a_e7d8c038c18055500148c5915382bd98,a_69fb0b835452ca85c178bdeaaf11695b,p_b02f126d014c7606b9f0a7526f2813a3,p_3d01955bb66b778c6aa471c3a2911a0a,6,16314,63,83,18554,72057,146,90611,8.9493686404315316,5554.1865882064485,620.6232876712329,0.4315068493150685,0.20476542583130083
r_e290fdb8f40d385671b4f7cbac8987b3,Tor browsing,d_1be06ce1b670864df8c500dc82b295ae,1,0,a_e7d8c038c18055500148c5915382bd98,a_8dc87cb3aedc0cff2e4e0d0af3f91dde,p_7b2545c09cfa831c2e596ba67412148c,p_3dd478bd944ece2906a0c8e4425f63be,6,1047,10,9,946,3922,19,4868,18.147086914995224,4649.4746895893031,256.21052631578948,0.52631578947368418,0.19433032046014789
r_84b3e3b7fc915ec84e787e877c138503,Tor browsing,d_1be06ce1b670864df8c500dc82b295ae,1,0,a_e7d8c038c18055500148c5915382bd98,a_71394ec0ae14eb2d17f693263a2fab11,p_2ed8a287c87b9fecb6fbe0c3ee2fba28,p_e8fa32c526b9b4cdc16418a4dc18e34a,6,17575,18,16,5588,7947,34,13535,1.9345661450924609,770.12802275960178,398.08823529411762,0.52941176470588236,0.41285555966014037
r_83a88c9df363c1e6ba0c0844cb6199df,Tor browsing,d_1be06ce1b670864df8c500dc82b295ae,1,0,a_e7d8c038c18055500148c5915382bd98,a_69fb0b835452ca85c178bdeaaf11695b,p_81046b23b4d482b47d436039e4b210c2,p_3d01955bb66b778c6aa471c3a2911a0a,6,15622,76,73,20851,54355,149,75206,9.5378312636026124,4814.1083087952884,504.73825503355704,0.51006711409395977,0.27725181501475948
r_1d61cdff304850b6283ef4f4447c1dca,Tor browsing,d_1be06ce1b670864df8c500dc82b295ae,1,0,a_e7d8c038c18055500148c5915382bd98,a_0ddcb392b31a5465913844470f9d96e8,p_ba7ac5df6512c5b93a0157e715e499f8,p_2313704d6916acc778397dda2b5b461d,6,21043,17,15,3415,10939,32,14354,1.5206957182911183,682.12707313595968,448.5625,0.53125,0.23791277692629231
r_cb23f6da7172df08388c2bceb0113551,Tor browsing,d_1be06ce1b670864df8c500dc82b295ae,1,0,a_e7d8c038c18055500148c5915382bd98,a_69fb0b835452ca85c178bdeaaf11695b,p_5be09eb119efd1d1cc9c21b599277d87,p_3d01955bb66b778c6aa471c3a2911a0a,6,20024,58,55,22572,26505,113,49077,5.6432281262485011,2450.9089093088292,434.30973451327435,0.51327433628318586,0.45993031358885017
r_d826d365e85c80c18ccd656a14e384ca,Tor browsing,d_1be06ce1b670864df8c500dc82b295ae,1,0,a_e7d8c038c18055500148c5915382bd98,a_71394ec0ae14eb2d17f693263a2fab11,p_5f63ed04a1fcca0da17fb65b39a0a58a,p_e8fa32c526b9b4cdc16418a4dc18e34a,6,18022,35,34,10764,14735,69,25499,3.8286538674952837,1414.8818111197427,369.55072463768118,0.50724637681159424,0.42213420134122909
r_dd24714808769e3f6a140dec0b9e05ba,Tor browsing,d_1be06ce1b670864df8c500dc82b295ae,1,0,a_e7d8c038c18055500148c5915382bd98,a_e2370a5f48648ec5a5dbdf8b657a0e89,p_2a1a77b6954c54eebadff148cc9002e5,p_3dd478bd944ece2906a0c8e4425f63be,6,4017,14,15,3259,5841,29,9100,7.2193178989295488,2265.3721682847895,313.79310344827587,0.48275862068965519,0.35813186813186815
r_013098b99865d361f0047fdd37c59b05,Tor browsing,d_1be06ce1b670864df8c500dc82b295ae,1,0,a_e7d8c038c18055500148c5915382bd98,a_60056c2ac85e779e06ca490b67480ca1,p_7395eb3074b00057a80e3d54cc161ecc,p_64eab6039291da87b7bab47109b51546,6,11232,8,0,480,0,8,480,0.71225071225071235,42.73504273504274,60,1,1
r_473e4a77304b81b7f6d7ec5481b0e898,Tor browsing,d_1be06ce1b670864df8c500dc82b295ae,1,0,a_e7d8c038c18055500148c5915382bd98,a_69fb0b835452ca85c178bdeaaf11695b,p_da1ae2bc665d8e04d82bbea0ce93e7c9,p_3d01955bb66b778c6aa471c3a2911a0a,6,14986,39,36,12070,17553,75,29623,5.0046710262912049,1976.7115974909916,394.97333333333336,0.52000000000000002,0.40745366775816089
r_89cd0547b732a483d62a1179bb6dd297,Tor browsing,d_1be06ce1b670864df8c500dc82b295ae,1,0,a_e7d8c038c18055500148c5915382bd98,a_71394ec0ae14eb2d17f693263a2fab11,p_a81cdfefca47f9c453e1bce5ee1dfaa4,p_e8fa32c526b9b4cdc16418a4dc18e34a,6,13923,55,63,14435,50563,118,64998,8.4751849457731812,4668.3904330963151,550.83050847457628,0.46610169491525422,0.22208375642327458
r_d02783fb2a2223f9f3b966c1d4774d9e,Tor browsing,d_1be06ce1b670864df8c500dc82b295ae,1,0,a_e7d8c038c18055500148c5915382bd98,a_f61aed3be1a8dc271d29847ae6581082,p_1d6458cacaf340d6283ca75b5c4f2280,p_2313704d6916acc778397dda2b5b461d,6,19640,9,0,540,0,9,540,0.45824847250509165,27.494908350305497,60,1,1
r_c8722fd9794095bcb30681746985e65b,Tor browsing,d_1be06ce1b670864df8c500dc82b295ae,1,0,a_e7d8c038c18055500148c5915382bd98,a_e2370a5f48648ec5a5dbdf8b657a0e89,p_1bfd148028ca2f03d9d107b10169f39d,p_3dd478bd944ece2906a0c8e4425f63be,6,20353,20,20,5189,8245,40,13434,1.9653122389819682,660.05011546209403,335.85000000000002,0.5,0.38625874646419533
r_d5a18692f07bbc065f5dc4a1c3082e77,Tor browsing,d_1be06ce1b670864df8c500dc82b295ae,1,0,a_e7d8c038c18055500148c5915382bd98,a_71394ec0ae14eb2d17f693263a2fab11,p_4af13c1b2ae59b89dccce5388d73af67,p_e8fa32c526b9b4cdc16418a4dc18e34a,6,19389,32,30,10561,15019,62,25580,3.1976894115219969,1319.3047604311723,412.58064516129031,0.5161290322580645,0.41286161063330729
r_1731951ea5408d61eb621fd50c9e8b1d,Tor browsing,d_1be06ce1b670864df8c500dc82b295ae,1,0,a_e7d8c038c18055500148c5915382bd98,a_69fb0b835452ca85c178bdeaaf11695b,p_5fe4092df88af2f2e1eb88f022e8f447,p_3d01955bb66b778c6aa471c3a2911a0a,6,17491,36,32,11807,14709,68,26516,3.8877136813218227,1515.9796466754331,389.94117647058823,0.52941176470588236,0.44527832252225069
r_0def23559a8d4ad82e112225d47428c6,Tor browsing,d_1be06ce1b670864df8c500dc82b295ae,1,0,a_e7d8c038c18055500148c5915382bd98,a_71394ec0ae14eb2d17f693263a2fab11,p_72d7bb14132149be67732731064730c2,p_e8fa32c526b9b4cdc16418a4dc18e34a,6,16342,82,99,18554,88253,181,106807,11.075755721453923,6535.7361400073432,590.09392265193367,0.45303867403314918,0.17371520593219544
r_6ed74f2200ec42a511d7b75f906d2e35,Tor browsing,d_1be06ce1b670864df8c500dc82b295ae,1,0,a_e7d8c038c18055500148c5915382bd98,a_69fb0b835452ca85c178bdeaaf11695b,p_76bef256a6d4b2d954e8c844ab182281,p_3d01955bb66b778c6aa471c3a2911a0a,6,15430,27,28,8725,11329,55,20054,3.5644847699287103,1299.6759559300065,364.61818181818182,0.49090909090909091,0.43507529669891293
r_4e5e5fba6d0b2d1ae95283c2b438a8ea,Tor browsing,d_1be06ce1b670864df8c500dc82b295ae,1,0,a_e7d8c038c18055500148c5915382bd98,a_e2370a5f48648ec5a5dbdf8b657a0e89,p_1e8d9503b9c517c3dc3437f40c8a9870,p_3dd478bd944ece2906a0c8e4425f63be,6,16879,16,15,3900,6377,31,10277,1.836601694413176,608.86308430594227,331.51612903225805,0.5161290322580645,0.37948817748370145
r_93ac9b1a5541de468fc4cead58e94b4d,Tor browsing,d_1be06ce1b670864df8c500dc82b295ae,1,0,a_e7d8c038c18055500148c5915382bd98,a_69fb0b835452ca85c178bdeaaf11695b,p_b296a4b119f76235fb44936d3b71e5e3,p_3d01955bb66b778c6aa471c3a2911a0a,6,15917,66,76,20865,55037,142,75902,8.921279135515487,4768.6121756612429,534.52112676056333,0.46478873239436619,0.27489394218861163
r_b3bbfff19450db08e997c704a993c382,Tor browsing,d_1be06ce1b670864df8c500dc82b295ae,1,0,a_e7d8c038c18055500148c5915382bd98,a_71394ec0ae14eb2d17f693263a2fab11,p_c39da673cd560839a05cf50899500d87,p_e8fa32c526b9b4cdc16418a4dc18e34a,6,13853,53,65,11199,59853,118,71052,8.51801053923338,5128.9973290983908,602.13559322033893,0.44915254237288138,0.15761695659516972
r_6219cacbed9dc64a26a66eded645be26,Tor browsing,d_1be06ce1b670864df8c500dc82b295ae,1,0,a_e7d8c038c18055500148c5915382bd98,a_eec5a7d1206ddf867ba4dce6fdc3ff7a,p_80a1760bc3f995bf3b02ffe2df546508,p_4ab90d1928ebd5a7235cc2db9185505b,6,11220,8,0,480,0,8,480,0.71301247771836007,42.780748663101605,60,1,1
r_a0a8235f2318e19c7618290028ef80b1,Tor browsing,d_1be06ce1b670864df8c500dc82b295ae,1,0,a_e7d8c038c18055500148c5915382bd98,a_71394ec0ae14eb2d17f693263a2fab11,p_4869daaf148bca0fd2af25f2a738a0fb,p_e8fa32c526b9b4cdc16418a4dc18e34a,6,15537,72,76,20163,54499,148,74662,9.5256484520821267,4805.4321941172684,504.47297297297297,0.48648648648648651,0.27005705713749967
r_d8e021c3737e875901308f95bc913462,Tor browsing,d_1be06ce1b670864df8c500dc82b295ae,1,0,a_e7d8c038c18055500148c5915382bd98,a_69fb0b835452ca85c178bdeaaf11695b,p_09854f91feba63078b76ded858e6642b,p_3d01955bb66b778c6aa471c3a2911a0a,6,14587,21,20,5545,7727,41,13272,2.8107218756426957,909.85123740316726,323.70731707317071,0.51219512195121952,0.41779686558167572
r_411fe4fc052313f5d1a662e6c871acbb,Tor browsing,d_1be06ce1b670864df8c500dc82b295ae,1,0,a_e7d8c038c18055500148c5915382bd98,a_7f7e7fc89eb2b06eacd95ac551cc563a,p_16c6987e060037ffdeaeb81cd81b4b9c,p_2d36b619be089107b3d8a5a53b5aa6c4,6,288,1,1,60,40,2,100,6.9444444444444446,347.22222222222223,50,0.5,0.59999999999999998
r_d9056b66f533b7c4d404d3cea98c6559,Tor browsing,d_1be06ce1b670864df8c500dc82b295ae,1,0,a_e7d8c038c18055500148c5915382bd98,a_69fb0b835452ca85c178bdeaaf11695b,p_0f5914d0ac4c279ee1ecaa508658fdd9,p_3d01955bb66b778c6aa471c3a2911a0a,6,18628,48,46,15736,18653,94,34389,5.0461670603392745,1846.0919046596521,365.84042553191489,0.51063829787234039,0.45758818226758557
r_659b840dfa1875e07a05b12431ff4cb8,Tor browsing,d_1be06ce1b670864df8c500dc82b295ae,1,0,a_e7d8c038c18055500148c5915382bd98,a_71394ec0ae14eb2d17f693263a2fab11,p_53833feca061a5d2a2421f49c6c2a7c1,p_e8fa32c526b9b4cdc16418a4dc18e34a,6,17569,60,59,20046,24545,119,44591,6.7732938698844558,2538.049974386704,374.71428571428572,0.50420168067226889,0.44955260030050909
r_3daa4ab30bf33e4300eb5757559fcb73,Tor browsing,d_1be06ce1b670864df8c500dc82b295ae,1,0,a_e7d8c038c18055500148c5915382bd98,a_1f4252b9b2413b0dbeee9601864c204c,p_30d5f8c92d9897e0c35060349466eb71,p_3dd478bd944ece2906a0c8e4425f63be,6,17482,16,16,3182,10847,32,14029,1.8304541814437707,802.48255348358316,438.40625,0.5,0.2268158813885523
r_8622703b335085e214c9838a9da67b77,Tor browsing,d_1be06ce1b670864df8c500dc82b295ae,1,0,a_e7d8c038c18055500148c5915382bd98,a_71394ec0ae14eb2d17f693263a2fab11,p_2d318a2574c9c36e984cef9c09a57bab,p_e8fa32c526b9b4cdc16418a4dc18e34a,6,16464,18,17,5601,7999,35,13600,2.1258503401360547,826.04470359572406,388.57142857142856,0.51428571428571423,0.41183823529411767
r_4577c6e03fcd0e13110e30eb369395e1,Tor browsing,d_1be06ce1b670864df8c500dc82b295ae,1,0,a_e7d8c038c18055500148c5915382bd98,a_69fb0b835452ca85c178bdeaaf11695b,p_10a51ec6679a50cc5cfb25572f15f0b9,p_3d01955bb66b778c6aa471c3a2911a0a,6,14838,67,75,21399,60235,142,81634,9.570022914139372,5501.6848631891089,574.88732394366195,0.47183098591549294,0.26213342479849083
r_88b0e5d40e1f9d15a2cc1facf2ae4894,Tor browsing,d_1be06ce1b670864df8c500dc82b295ae,1,0,a_e7d8c038c18055500148c5915382bd98,a_cf5bff76c6a22125ba228bff9e6fdf8e,p_24416601e0f5074f66667f3d4ed8cd0e,p_2313704d6916acc778397dda2b5b461d,6,11221,8,0,480,0,8,480,0.71294893503252832,42.776936101951698,60,1,1
r_e5ae69134d137a2eeddeaa5de3346c41,Tor browsing,d_1be06ce1b670864df8c500dc82b295ae,1,0,a_e7d8c038c18055500148c5915382bd98,a_69fb0b835452ca85c178bdeaaf11695b,p_1eaa9ec149d11a66efcc2042e1007424,p_3d01955bb66b778c6aa471c3a2911a0a,6,18258,64,69,21899,27823,133,49722,7.2844780370248658,2723.2993756161682,373.8496240601504,0.48120300751879697,0.44042878403925828
r_9dc2933ba6a964c95388f987069e1aec,Tor browsing,d_1be06ce1b670864df8c500dc82b295ae,1,0,a_e7d8c038c18055500148c5915382bd98,a_71394ec0ae14eb2d17f693263a2fab11,p_c09e6bcd857bb84b58b9ed4822c0f2e1,p_e8fa32c526b9b4cdc16418a4dc18e34a,6,17172,38,37,12491,16499,75,28990,4.3675751222921031,1688.2133706033076,386.53333333333336,0.50666666666666671,0.43087271472921695
r_97fedf8a104e9bb931193bef772bdedb,Tor browsing,d_1be06ce1b670864df8c500dc82b295ae,1,0,a_e7d8c038c18055500148c5915382bd98,a_71394ec0ae14eb2d17f693263a2fab11,p_637ecbd0b8d957c619b2f1474d30707f,p_e8fa32c526b9b4cdc16418a4dc18e34a,6,16367,84,96,19718,84455,180,104173,10.99773935357732,6364.819453778945,578.73888888888894,0.46666666666666667,0.1892812916974648
r_2aba0e0291d740f5e09c27e6ed0de3a5,Tor browsing,d_1be06ce1b670864df8c500dc82b295ae,1,0,a_e7d8c038c18055500148c5915382bd98,a_69fb0b835452ca85c178bdeaaf11695b,p_a362ef3f2cc949a7729d19593ee3db45,p_3d01955bb66b778c6aa471c3a2911a0a,6,14904,28,26,7188,13817,54,21005,3.6231884057971016,1409.3531937734836,388.98148148148147,0.51851851851851849,0.34220423708640801
r_bf42ab58dd5d494d1dd0250bfdd63a9d,Tor browsing,d_1be06ce1b670864df8c500dc82b295ae,1,0,a_e7d8c038c18055500148c5915382bd98,a_269062b59af8c7981f8c9f9d45c4021f,p_779b127dc0bec25c51f741f1d93fed7c,p_8beb4e10bed4eda0c778a9e8f697d7ab,6,19609,15,11,3306,6098,26,9404,1.3259217706155335,479.57570503340298,361.69230769230768,0.57692307692307687,0.3515525308379413
r_35aa2fd32a7cfdc9c4904295ef3084cc,Tor browsing,d_1be06ce1b670864df8c500dc82b295ae,1,0,a_e7d8c038c18055500148c5915382bd98,a_69fb0b835452ca85c178bdeaaf11695b,p_c05cf8485a13ac9ca1d4cd0a43f74326,p_3d01955bb66b778c6aa471c3a2911a0a,6,19239,95,112,20795,98829,207,119624,10.759394978949009,6217.7867872550542,577.89371980676333,0.45893719806763283,0.17383635390891461
r_650c137b35deb7110948f0b3df71b98a,Tor browsing,d_1be06ce1b670864df8c500dc82b295ae,1,0,a_e7d8c038c18055500148c5915382bd98,a_71394ec0ae14eb2d17f693263a2fab11,p_22e6707e97ac4412859865804de5db41,p_e8fa32c526b9b4cdc16418a4dc18e34a,6,16618,24,24,7026,9993,48,17019,2.8884342279456012,1024.1304609459623,354.5625,0.5,0.41283271637581526
r_761878772af3bbffc10005aad1078a2f,Tor browsing,d_1be06ce1b670864df8c500dc82b295ae,1,0,a_e7d8c038c18055500148c5915382bd98,a_e2370a5f48648ec5a5dbdf8b657a0e89,p_706eba1fa1c73823c71e58bd4eb7325f,p_3dd478bd944ece2906a0c8e4425f63be,6,10395,21,23,6297,12043,44,18340,4.2328042328042326,1764.3097643097644,416.81818181818181,0.47727272727272729,0.34334787350054524
r_8a03b436656b6eb89d33f4c3c658a608,Tor browsing,d_1be06ce1b670864df8c500dc82b295ae,1,0,a_e7d8c038c18055500148c5915382bd98,a_b04e0a86efad23a9a85ba7e68f1160c8,p_8b7c686fedd6bc0b5b8c387f98aa9b60,p_2313704d6916acc778397dda2b5b461d,6,11183,8,0,480,0,8,480,0.71537154609675402,42.922292765805238,60,1,1
r_6fe68580897cc9724a44a8f78de2256f,Tor browsing,d_1be06ce1b670864df8c500dc82b295ae,1,0,a_e7d8c038c18055500148c5915382bd98,a_71394ec0ae14eb2d17f693263a2fab11,p_f49889313689dfa8ca1e4ee8d7b28adc,p_e8fa32c526b9b4cdc16418a4dc18e34a,6,15560,49,49,14208,28563,98,42771,6.2982005141388173,2748.7789203084831,436.4387755102041,0.5,0.33218769727151576
r_285af60b96f4e1634c6c762fc95ee739,Tor browsing,d_1be06ce1b670864df8c500dc82b295ae,1,0,a_e7d8c038c18055500148c5915382bd98,a_69fb0b835452ca85c178bdeaaf11695b,p_17e08ffd72483d38d48843071337486f,p_3d01955bb66b778c6aa471c3a2911a0a,6,14634,44,48,12262,34735,92,46997,6.2867295339620064,3211.4937816044826,510.83695652173913,0.47826086956521741,0.26091027086835328
r_cc022176f62d0facfeba72c0c238198f,Tor browsing,d_1be06ce1b670864df8c500dc82b295ae,1,0,a_e7d8c038c18055500148c5915382bd98,a_71394ec0ae14eb2d17f693263a2fab11,p_271914e3e21dab2c43b723cca255f10a,p_e8fa32c526b9b4cdc16418a4dc18e34a,6,18104,33,31,10669,14043,64,24712,3.5351303579319491,1365.0022094564738,386.125,0.515625,0.43173357073486568
r_39751935ff03eb5b4dad8c61102a9cee,Tor browsing,d_1be06ce1b670864df8c500dc82b295ae,1,0,a_e7d8c038c18055500148c5915382bd98,a_e2370a5f48648ec5a5dbdf8b657a0e89,p_5778500b9928f70b6ea54e4885b4db85,p_3dd478bd944ece2906a0c8e4425f63be,6,17141,39,39,12558,16135,78,28693,4.5504929700717582,1673.9396767983201,367.85897435897436,0.5,0.43766772383508173
r_b479385db7ce17a67927addfdacc3498,Tor browsing,d_1be06ce1b670864df8c500dc82b295ae,1,0,a_e7d8c038c18055500148c5915382bd98,a_69fb0b835452ca85c178bdeaaf11695b,p_8d651723521efc6635951ed807babbd7,p_3d01955bb66b778c6aa471c3a2911a0a,6,14157,39,38,13105,16071,77,29176,5.439005439005439,2060.8886063431519,378.90909090909093,0.50649350649350644,0.44917055113792159
r_486acf7f61f55ca516d5b14f9c310451,Tor browsing,d_1be06ce1b670864df8c500dc82b295ae,1,0,a_e7d8c038c18055500148c5915382bd98,a_ce6f4d7e2bcae8ee8380c8776a11b271,p_40a375015cc750378935c93d2c617dbf,p_2313704d6916acc778397dda2b5b461d,6,319,1,1,60,40,2,100,6.2695924764890281,313.47962382445138,50,0.5,0.59999999999999998
r_068b07f75e18da800edd6d0ca6d1e47d,Tor browsing,d_1be06ce1b670864df8c500dc82b295ae,1,0,a_e7d8c038c18055500148c5915382bd98,a_69fb0b835452ca85c178bdeaaf11695b,p_a822b2b88d8f48f38acca8f34011576c,p_3d01955bb66b778c6aa471c3a2911a0a,6,17823,37,34,10371,17461,71,27832,3.9836166750827582,1561.5777366324412,392,0.52112676056338025,0.37262862891635529
r_4158de87a3f49914d3bc3206753e2892,Tor browsing,d_1be06ce1b670864df8c500dc82b295ae,1,0,a_e7d8c038c18055500148c5915382bd98,a_71394ec0ae14eb2d17f693263a2fab11,p_29f46631f8acefad7bd31250308496ce,p_e8fa32c526b9b4cdc16418a4dc18e34a,6,16764,58,71,18866,53615,129,72481,7.695060844667144,4323.6101169172034,561.8682170542636,0.44961240310077522,0.26028890329879556
r_6bcb5a0907a252302a5b6ac2801510cc,Tor browsing,d_1be06ce1b670864df8c500dc82b295ae,1,0,a_e7d8c038c18055500148c5915382bd98,a_6402739604bfbe8deb920c068fa0facb,p_d6231892b233491b8c07dd4393ae122b,p_2313704d6916acc778397dda2b5b461d,6,1815,10,9,932,3883,19,4815,10.46831955922865,2652.8925619834713,253.42105263157896,0.52631578947368418,0.19356178608515057
r_d39086aa4b36779ba12fc4f0fc0d7bc8,Tor browsing,d_1be06ce1b670864df8c500dc82b295ae,1,0,a_e7d8c038c18055500148c5915382bd98,a_69fb0b835452ca85c178bdeaaf11695b,p_721f30c9bc81b20d2c3658a7d5c42976,p_3d01955bb66b778c6aa471c3a2911a0a,6,18830,42,35,12736,15726,77,28462,4.0892193308550189,1511.5241635687735,369.63636363636363,0.54545454545454541,0.44747382474878789
r_0fcf824df4350cfe38451e28ee75f66f,Tor browsing,d_1be06ce1b670864df8c500dc82b295ae,1,0,a_e7d8c038c18055500148c5915382bd98,a_71394ec0ae14eb2d17f693263a2fab11,p_b41c5c3ecd1c46b4c8c635f382f1462c,p_e8fa32c526b9b4cdc16418a4dc18e34a,6,17763,68,67,26329,30267,135,56596,7.6000675561560538,3186.1735067274667,419.22962962962964,0.50370370370370365,0.46520955544561454
r_a16ca1b4797d3027b1bc8cb0f4718929,Tor browsing,d_1be06ce1b670864df8c500dc82b295ae,1,0,a_e7d8c038c18055500148c5915382bd98,a_69fb0b835452ca85c178bdeaaf11695b,p_13e269884c1d5ec02f8ce4b8d48c498d,p_3d01955bb66b778c6aa471c3a2911a0a,6,16132,54,69,11773,62217,123,73990,7.6245970741383582,4586.5360773617649,601.54471544715443,0.43902439024390244,0.15911609676983376
r_12aa417534ebc8a00236df621b842eef,Tor browsing,d_1be06ce1b670864df8c500dc82b295ae,1,0,a_e7d8c038c18055500148c5915382bd98,a_71394ec0ae14eb2d17f693263a2fab11,p_5fed28175c8e4777cb879637f3ffc222,p_e8fa32c526b9b4cdc16418a4dc18e34a,6,15104,48,57,15710,37347,105,53057,6.9518008474576272,3512.7780720338983,505.3047619047619,0.45714285714285713,0.29609665077181146
r_3e388c30c0717ac0b6b45eb7848295b9,Tor browsing,d_1be06ce1b670864df8c500dc82b295ae,1,0,a_e7d8c038c18055500148c5915382bd98,a_b586ae6153946314c9244e8b32cd2f59,p_d1ca1154fc16d965037de1bf7e781cb6,p_3dd478bd944ece2906a0c8e4425f63be,6,21337,15,12,3323,6142,27,9465,1.2654075080845479,443.5956320007499,350.55555555555554,0.55555555555555558,0.35108293713681987
r_7bf7c2d6ae0cecabef86a8411fef9dc1,Tor browsing,d_1be06ce1b670864df8c500dc82b295ae,1,0,a_e7d8c038c18055500148c5915382bd98,a_69fb0b835452ca85c178bdeaaf11695b,p_29bd73ab79cd8d73512cbf28741f99ec,p_3d01955bb66b778c6aa471c3a2911a0a,6,20408,42,39,12757,16189,81,28946,3.9690317522540179,1418.3653469227752,357.35802469135803,0.51851851851851849,0.44071719754024735
r_6bd9127716f054def060bc0356cbaf70,Tor browsing,d_1be06ce1b670864df8c500dc82b295ae,1,0,a_e7d8c038c18055500148c5915382bd98,a_71394ec0ae14eb2d17f693263a2fab11,p_4016cd70e5e02058c388c50485d6f859,p_e8fa32c526b9b4cdc16418a4dc18e34a,6,19366,53,53,21281,25841,106,47122,5.4735102757409893,2433.2335020138389,444.54716981132077,0.5,0.45161495692033443
r_afd44f7398e6cafcfa59a87a81753ec1,Tor browsing,d_1be06ce1b670864df8c500dc82b295ae,1,0,a_e7d8c038c18055500148c5915382bd98,a_e2370a5f48648ec5a5dbdf8b657a0e89,p_ad0ecb818c415bfc63b1c7c770caeb5c,p_3dd478bd944ece2906a0c8e4425f63be,6,6786,18,18,5061,8097,36,13158,5.3050397877984086,1938.9920424403185,365.5,0.5,0.38463292293661649
r_efd03dbd9f7b4c892bf02b9353fb4730,Tor browsing,d_1be06ce1b670864df8c500dc82b295ae,1,0,a_e7d8c038c18055500148c5915382bd98,a_69fb0b835452ca85c178bdeaaf11695b,p_9137d12378fc27168409ed799cd8218e,p_3d01955bb66b778c6aa471c3a2911a0a,6,16520,25,21,7017,10429,46,17446,2.7845036319612593,1056.0532687651332,379.26086956521738,0.54347826086956519,0.40221254155680386
r_f7cf7d02d776b1491a04fee410dd389a,Tor browsing,d_1be06ce1b670864df8c500dc82b295ae,1,0,a_e7d8c038c18055500148c5915382bd98,a_e2370a5f48648ec5a5dbdf8b657a0e89,p_3e82b35acecb2748e20d12e30a5d224f,p_3dd478bd944ece2906a0c8e4425f63be,6,14507,33,35,8503,21515,68,30018,4.6873922933756118,2069.2079685668987,441.44117647058823,0.48529411764705882,0.28326337530814844
r_6ca2ac054b6dd66c4432ffa311feec8e,Tor browsing,d_1be06ce1b670864df8c500dc82b295ae,1,0,a_e7d8c038c18055500148c5915382bd98,a_71394ec0ae14eb2d17f693263a2fab11,p_79a0056592e8317d2e09ef2b8281d406,p_e8fa32c526b9b4cdc16418a4dc18e34a,6,13473,44,47,11774,34113,91,45887,6.7542492392191784,3405.8487345060489,504.25274725274727,0.48351648351648352,0.25658683287205525
r_6f9908b5f41f403d39487a9a9475f755,Tor browsing,d_1be06ce1b670864df8c500dc82b295ae,1,0,a_e7d8c038c18055500148c5915382bd98,a_bad74814281a629b802607e1cfb804ff,p_98228fd39e084db220b05a3184894210,p_3257404394153b8e93ea83a444bf5577,6,19071,15,11,3286,5073,26,8359,1.3633265167007498,438.30947511929105,321.5,0.57692307692307687,0.39310922359133865
r_ac0f4f3dbf9d966f55c851d48b96ffc7,Tor browsing,d_1be06ce1b670864df8c500dc82b295ae,1,0,a_e7d8c038c18055500148c5915382bd98,a_71394ec0ae14eb2d17f693263a2fab11,p_ddcd8996c66932f80bd9c3d9d2580af4,p_e8fa32c526b9b4cdc16418a4dc18e34a,6,18029,67,61,23657,28379,128,52036,7.0996727494592049,2886.2388374285874,406.53125,0.5234375,0.45462756553155509
r_a50d5add6ca53e6e288248599ae147ba,Tor browsing,d_1be06ce1b670864df8c500dc82b295ae,1,0,a_e7d8c038c18055500148c5915382bd98,a_69fb0b835452ca85c178bdeaaf11695b,p_0a49dbb174a316b30542c6a190c5c307,p_3d01955bb66b778c6aa471c3a2911a0a,6,17098,37,34,11392,14813,71,26205,4.1525324599368352,1532.635395952743,369.08450704225351,0.52112676056338025,0.43472619729059342
r_9c46b71aabb01687d58e161d296ef213,Tor browsing,d_1be06ce1b670864df8c500dc82b295ae,1,0,a_e7d8c038c18055500148c5915382bd98,a_7f7e7fc89eb2b06eacd95ac551cc563a,p_3dc16a39936c01aae576e01a277b14f1,p_2d36b619be089107b3d8a5a53b5aa6c4,6,296,1,1,60,40,2,100,6.756756756756757,337.83783783783787,50,0.5,0.59999999999999998
r_7d1e87264563d3a090bce31a719f1537,Tor browsing,d_1be06ce1b670864df8c500dc82b295ae,1,0,a_e7d8c038c18055500148c5915382bd98,a_69fb0b835452ca85c178bdeaaf11695b,p_39b84cda55aef773344dcbc0ef2ab35e,p_3d01955bb66b778c6aa471c3a2911a0a,6,20379,64,60,22323,24697,124,47020,6.0846950291967214,2307.2770989744345,379.19354838709677,0.5161290322580645,0.47475542322415992
r_3933d2196e3e8b8697ebec2a0327dfc6,Tor browsing,d_1be06ce1b670864df8c500dc82b295ae,1,0,a_e7d8c038c18055500148c5915382bd98,a_71394ec0ae14eb2d17f693263a2fab11,p_4c2e9f4a110a2cafc7e546927f785fc2,p_e8fa32c526b9b4cdc16418a4dc18e34a,6,17364,41,39,17988,21383,80,39371,4.6072333563695,2267.3923059202948,492.13749999999999,0.51249999999999996,0.45688450890249166
r_31561b035fd74eccbc111b6e5f4b7d2d,Tor browsing,d_1be06ce1b670864df8c500dc82b295ae,1,0,a_e7d8c038c18055500148c5915382bd98,a_e6685d1fdec03993494a8919c338cc15,p_45795db42bec8771fe3fbe687276555d,p_2d36b619be089107b3d8a5a53b5aa6c4,6,265,1,1,60,40,2,100,7.5471698113207539,377.35849056603774,50,0.5,0.59999999999999998
r_03dac3c86122eb5fd55f861676b4a14a,Tor browsing,d_1be06ce1b670864df8c500dc82b295ae,1,0,a_e7d8c038c18055500148c5915382bd98,a_71394ec0ae14eb2d17f693263a2fab11,p_5761a2ddd16463a8188c1a5579319662,p_e8fa32c526b9b4cdc16418a4dc18e34a,6,19944,68,66,25252,29131,134,54383,6.7188126754913764,2726.7849979943844,405.84328358208955,0.5074626865671642,0.46433628155857531
r_15c0120334429a990906b2ab163c42c5,Tor browsing,d_1be06ce1b670864df8c500dc82b295ae,1,0,a_e7d8c038c18055500148c5915382bd98,a_69fb0b835452ca85c178bdeaaf11695b,p_5e917e828910e490606f4a79c1599eb5,p_3d01955bb66b778c6aa471c3a2911a0a,6,16998,34,37,12299,14947,71,27246,4.1769619955288855,1602.8944581715496,383.74647887323943,0.47887323943661969,0.45140571093004478
r_79fcab2f3bb134df63a11e867c157d05,Tor browsing,d_1be06ce1b670864df8c500dc82b295ae,1,0,a_e7d8c038c18055500148c5915382bd98,a_7f7e7fc89eb2b06eacd95ac551cc563a,p_46d8e03f40ff87509008a1e91db5868c,p_2d36b619be089107b3d8a5a53b5aa6c4,6,306,1,1,60,40,2,100,6.5359477124183005,326.79738562091507,50,0.5,0.59999999999999998
r_031c20e293487c7b87caa7d6dc71fdba,Tor browsing,d_1be06ce1b670864df8c500dc82b295ae,1,0,a_e7d8c038c18055500148c5915382bd98,a_69fb0b835452ca85c178bdeaaf11695b,p_7e867fd49863b242f03fa58e6ba91b62,p_3d01955bb66b778c6aa471c3a2911a0a,6,17791,61,56,24085,28775,117,52860,6.5763588331178688,2971.16519588556,451.79487179487177,0.5213675213675214,0.4556375331063186
r_7bca434205353a849227c3fc5265d7f9,Tor browsing,d_1be06ce1b670864df8c500dc82b295ae,1,0,a_e7d8c038c18055500148c5915382bd98,a_71394ec0ae14eb2d17f693263a2fab11,p_dfede91af572232e7dd036940015dbf9,p_e8fa32c526b9b4cdc16418a4dc18e34a,6,16721,36,38,8159,25201,74,33360,4.425572633215717,1995.0959870821123,450.81081081081084,0.48648648648648651,0.24457434052757793
r_98c4e33d90933f4c675c6418a8ff1d4f,Tor browsing,d_1be06ce1b670864df8c500dc82b295ae,1,0,a_e7d8c038c18055500148c5915382bd98,a_5f60c2a991a621f58d0543ed49160636,p_1dffeafb1b10467f2e1cb288ac664d6b,p_2313704d6916acc778397dda2b5b461d,6,11208,8,0,480,0,8,480,0.7137758743754461,42.826552462526763,60,1,1
r_3ecc6c6e453a7cb78dd47ec6d566c56b,Tor browsing,d_1be06ce1b670864df8c500dc82b295ae,1,0,a_e7d8c038c18055500148c5915382bd98,a_71394ec0ae14eb2d17f693263a2fab11,p_5e6e1f52c31bec9c84f896114f49ce86,p_e8fa32c526b9b4cdc16418a4dc18e34a,6,18555,54,55,18138,22751,109,40889,5.8744273780652119,2203.6647803826463,375.12844036697248,0.49541284403669728,0.44359118589351659
r_6dc6e6f960bb93617120a46c2c659656,Tor browsing,d_1be06ce1b670864df8c500dc82b295ae,1,0,a_e7d8c038c18055500148c5915382bd98,a_e2370a5f48648ec5a5dbdf8b657a0e89,p_16d3ce6c3cfbb7565fbc89e220c72e32,p_3dd478bd944ece2906a0c8e4425f63be,6,17556,16,16,4435,5893,32,10328,1.8227386648439279,588.28890407837775,322.75,0.5,0.42941518202943457
r_d57f2352d016d3d71b2dde42c489cf5a,Tor browsing,d_1be06ce1b670864df8c500dc82b295ae,1,0,a_e7d8c038c18055500148c5915382bd98,a_69fb0b835452ca85c178bdeaaf11695b,p_f2da7cf0196d51f685ec25caff9bcf0f,p_3d01955bb66b778c6aa471c3a2911a0a,6,16554,51,51,17500,20511,102,38011,6.1616527727437482,2296.1821916153199,372.65686274509807,0.5,0.46039304411880771
r_9126368199a215c9ddb08f636823fc6d,Tor browsing,d_1be06ce1b670864df8c500dc82b295ae,1,0,a_e7d8c038c18055500148c5915382bd98,a_69fb0b835452ca85c178bdeaaf11695b,p_60e224d2f974444d26ad92946996bc19,p_3d01955bb66b778c6aa471c3a2911a0a,6,16982,65,61,14009,40125,126,54134,7.4196207749381697,3187.7281827817692,429.63492063492066,0.51587301587301593,0.2587837588207042
r_104794e3709007b6014b451dac0fdf89,Tor browsing,d_1be06ce1b670864df8c500dc82b295ae,1,0,a_e7d8c038c18055500148c5915382bd98,a_71394ec0ae14eb2d17f693263a2fab11,p_7ab98c5f3cfe79e83ef2eb2be221dff6,p_e8fa32c526b9b4cdc16418a4dc18e34a,6,15923,52,57,15896,37313,109,53209,6.8454436977956412,3341.6441625321863,488.1559633027523,0.47706422018348627,0.29874645266778177
r_4901ce0d92d30dc3b236cca8d07fe4cd,Tor browsing,d_1be06ce1b670864df8c500dc82b295ae,1,0,a_e7d8c038c18055500148c5915382bd98,a_69fb0b835452ca85c178bdeaaf11695b,p_574b3028d79147695f0175addb80aa98,p_3d01955bb66b778c6aa471c3a2911a0a,6,20381,49,47,17317,20851,96,38168,4.7102693685295129,1872.7245964378587,397.58333333333331,0.51041666666666663,0.45370467407252146
r_4c99ebfc0ac0a6bdca16ed386f4b18d5,Tor browsing,d_1be06ce1b670864df8c500dc82b295ae,1,0,a_e7d8c038c18055500148c5915382bd98,a_71394ec0ae14eb2d17f693263a2fab11,p_aa62caeeb6f867802d4d42bc46aaedfc,p_e8fa32c526b9b4cdc16418a4dc18e34a,6,16048,39,45,14183,18501,84,32684,5.2342971086739789,2036.640079760718,389.09523809523807,0.4642857142857143,0.43394321380491985
r_f26b671479a3bc9ac616fd5ef7b2a709,Tor browsing,d_1be06ce1b670864df8c500dc82b295ae,1,0,a_e7d8c038c18055500148c5915382bd98,a_10fe62dc20bcfaad00e579fa05e8e679,p_f7825309e921b70c6c089bf0a2f8efdf,p_2313704d6916acc778397dda2b5b461d,6,11189,8,0,480,0,8,480,0.71498793457860399,42.899276074716241,60,1,1
r_7467175ed62f55b2d799d74aecdd3d87,Tor browsing,d_1be06ce1b670864df8c500dc82b295ae,1,0,a_e7d8c038c18055500148c5915382bd98,a_71394ec0ae14eb2d17f693263a2fab11,p_486c5bb665b968be79b0b5dcbe0c5517,p_e8fa32c526b9b4cdc16418a4dc18e34a,6,16059,60,63,18983,41399,123,60382,7.6592564916869037,3760.0099632604765,490.91056910569108,0.48780487804878048,0.31438176940147727
r_108ecb8119676d1cbad09640d7663ef8,Tor browsing,d_1be06ce1b670864df8c500dc82b295ae,1,0,a_e7d8c038c18055500148c5915382bd98,a_69fb0b835452ca85c178bdeaaf11695b,p_4385a51b4a995ae7d0c6ce073b096835,p_3d01955bb66b778c6aa471c3a2911a0a,6,13123,40,38,12084,16137,78,28221,5.9437628591023399,2150.4991236759888,361.80769230769232,0.51282051282051277,0.42819177208461784
r_d7d6150f39acbb1f4037783566146e14,Tor browsing,d_1be06ce1b670864df8c500dc82b295ae,1,0,a_e7d8c038c18055500148c5915382bd98,a_71394ec0ae14eb2d17f693263a2fab11,p_089c7d69eb099de90a36f8a3dbcea8c3,p_e8fa32c526b9b4cdc16418a4dc18e34a,6,10318,27,23,8757,10984,50,19741,4.8459003682884285,1913.2583834076372,394.81999999999999,0.54000000000000004,0.44359454941492327
r_028df8b5b423025c05b1ed814ea2a04f,Tor browsing,d_1be06ce1b670864df8c500dc82b295ae,1,0,a_e7d8c038c18055500148c5915382bd98,a_81335f0cfb531489bed078158a61f877,p_d8a8f70f8b04475608e7650fbeca07fa,p_64eab6039291da87b7bab47109b51546,6,11352,16,13,3352,8255,29,11607,2.5546159267089501,1022.4630021141649,400.24137931034483,0.55172413793103448,0.28879124666149736
r_7e1bf6c4546e371c42b368d9b70f8b82,Tor browsing,d_1be06ce1b670864df8c500dc82b295ae,1,0,a_e7d8c038c18055500148c5915382bd98,a_e2370a5f48648ec5a5dbdf8b657a0e89,p_20120613d9c8db4551197acfdc702355,p_3dd478bd944ece2906a0c8e4425f63be,6,10372,20,19,5196,7657,39,12853,3.7601234091785578,1239.2016968762052,329.56410256410254,0.51282051282051277,0.40426359604761536
r_07edd9b4ea70eaea91498b0f2541959d,Tor browsing,d_1be06ce1b670864df8c500dc82b295ae,1,0,a_e7d8c038c18055500148c5915382bd98,a_71394ec0ae14eb2d17f693263a2fab11,p_e9caa635668c45825bac6c9dd9dd77ff,p_e8fa32c526b9b4cdc16418a4dc18e34a,6,9358,23,21,6929,9279,44,16208,4.7018593716606114,1731.9940158153452,368.36363636363637,0.52272727272727271,0.427504935834156
r_60c28452b9511f81a6297fa24671f294,Tor browsing,d_1be06ce1b670864df8c500dc82b295ae,1,0,a_e7d8c038c18055500148c5915382bd98,a_cf5bff76c6a22125ba228bff9e6fdf8e,p_200da63407a93a6fc96dc50f2c246402,p_2313704d6916acc778397dda2b5b461d,6,11187,8,0,480,0,8,480,0.71511575936354699,42.906945561812819,60,1,1
r_1426c97e0abafe3ec866e9240ca94cec,Tor browsing,d_1be06ce1b670864df8c500dc82b295ae,1,0,a_e7d8c038c18055500148c5915382bd98,a_69fb0b835452ca85c178bdeaaf11695b,p_ee78d89479619149ab0610cf5e82d30c,p_3d01955bb66b778c6aa471c3a2911a0a,6,15184,53,55,14443,37937,108,52380,7.1127502634351956,3449.6838777660696,485,0.49074074074074076,0.27573501336387934
r_eca39b7f9b44dec126e154f5e144dd24,Tor browsing,d_1be06ce1b670864df8c500dc82b295ae,1,0,a_e7d8c038c18055500148c5915382bd98,a_71394ec0ae14eb2d17f693263a2fab11,p_328ff2e86371a0951d9cda0d879b7fce,p_e8fa32c526b9b4cdc16418a4dc18e34a,6,14139,33,32,11775,15189,65,26964,4.5972133814272578,1907.0655633354552,414.83076923076925,0.50769230769230766,0.43669336893635957
r_8dfdf490050c68cecffc0c485b382098,Tor browsing,d_1be06ce1b670864df8c500dc82b295ae,1,0,a_e7d8c038c18055500148c5915382bd98,a_db61c1ebde21a4bbe71e70376a9b29fe,p_66600460ad9196f7befad20b87f7a2d7,p_3dd478bd944ece2906a0c8e4425f63be,6,18497,18,16,3463,11025,34,14488,1.8381359139319891,783.26215061901928,426.11764705882354,0.52941176470588236,0.23902540033130867
r_f213e0a6aab92d0a47e015d0ed185132,Tor browsing,d_1be06ce1b670864df8c500dc82b295ae,1,0,a_e7d8c038c18055500148c5915382bd98,a_e2370a5f48648ec5a5dbdf8b657a0e89,p_496ef618643d4437afe5b3c73dd5c68b,p_3dd478bd944ece2906a0c8e4425f63be,6,17510,18,15,3466,6913,33,10379,1.8846373500856652,592.74700171330664,314.5151515151515,0.54545454545454541,0.33394353984006164
r_1e14f210b579ef98f101d73f1a7959eb,Tor browsing,d_1be06ce1b670864df8c500dc82b295ae,1,0,a_e7d8c038c18055500148c5915382bd98,a_71394ec0ae14eb2d17f693263a2fab11,p_097c6430ff21d42757cf8e0ed5f7a298,p_e8fa32c526b9b4cdc16418a4dc18e34a,6,16473,44,48,12850,30993,92,43843,5.5848964972986099,2661.5067079463365,476.55434782608694,0.47826086956521741,0.29309125744132475
r_489a76eac60a67b6c1123d60014d8324,Tor browsing,d_1be06ce1b670864df8c500dc82b295ae,1,0,a_e7d8c038c18055500148c5915382bd98,a_69fb0b835452ca85c178bdeaaf11695b,p_c6af623a010b53c26c79c68461361bf7,p_3d01955bb66b778c6aa471c3a2911a0a,6,15533,47,48,14586,27161,95,41747,6.1160110731989956,2687.6327818193527,439.44210526315788,0.49473684210526314,0.34939037535631301
r_5c944e5acbcb8c6e85faef77a57bb591,Tor browsing,d_1be06ce1b670864df8c500dc82b295ae,1,0,a_e7d8c038c18055500148c5915382bd98,a_69fb0b835452ca85c178bdeaaf11695b,p_92e8fd80b1498a6797e09f98f78a4cdb,p_3d01955bb66b778c6aa471c3a2911a0a,6,18304,54,50,19203,21541,104,40744,5.6818181818181825,2225.9615384615386,391.76923076923077,0.51923076923076927,0.47130865894364815
r_2b98a3826b4c1bc8b35c3b068198f899,Tor browsing,d_1be06ce1b670864df8c500dc82b295ae,1,0,a_e7d8c038c18055500148c5915382bd98,a_71394ec0ae14eb2d17f693263a2fab11,p_c9c2973a8f74ba9712d9470950200433,p_e8fa32c526b9b4cdc16418a4dc18e34a,6,16229,50,52,20038,24127,102,44165,6.2850452892969377,2721.3629921745028,432.99019607843138,0.49019607843137253,0.4537076870825314
r_0f8e411e85fdb54d05e6dd678033c520,Tor browsing,d_1be06ce1b670864df8c500dc82b295ae,1,0,a_e7d8c038c18055500148c5915382bd98,a_ee5caa993ce38999dd080cfe5a2e58bd,p_dfc959afe0a8d65e7229b2747f8a2580,p_e805c9d7b1b02a765dbe79d4dc8d4bd7,6,3100,4,0,240,0,4,240,1.2903225806451613,77.41935483870968,60,1,1
r_da47510e4015a1b4681b3b1486eb09e1,Tor browsing,d_1be06ce1b670864df8c500dc82b295ae,1,0,a_e7d8c038c18055500148c5915382bd98,a_69fb0b835452ca85c178bdeaaf11695b,p_9bee2d3dac884d83f1201bc4b6856bb8,p_3d01955bb66b778c6aa471c3a2911a0a,6,14310,41,39,12729,15129,80,27858,5.5904961565338924,1946.7505241090146,348.22500000000002,0.51249999999999996,0.45692440232608228
r_ee592d69f070ea2262b5f7663e338945,Tor browsing,d_1be06ce1b670864df8c500dc82b295ae,1,0,a_e7d8c038c18055500148c5915382bd98,a_71394ec0ae14eb2d17f693263a2fab11,p_efc48d38bf150250b00abd28af679608,p_e8fa32c526b9b4cdc16418a4dc18e34a,6,13255,50,53,14733,37619,103,52352,7.770652583930592,3949.6039230479064,508.27184466019418,0.4854368932038835,0.28142191320293397
r_29de490f72550bc189712701d6bdb54f,Tor browsing,d_1be06ce1b670864df8c500dc82b295ae,1,0,a_e7d8c038c18055500148c5915382bd98,a_e2370a5f48648ec5a5dbdf8b657a0e89,p_422f8d1b6d7959a90e895e51343f0dfb,p_3dd478bd944ece2906a0c8e4425f63be,6,9291,21,19,5249,7657,40,12906,4.3052416316865783,1389.0862124636744,322.64999999999998,0.52500000000000002,0.4067100573376724
r_686a08fd2d7f9611db6998f96dbe1b99,Tor browsing,d_1be06ce1b670864df8c500dc82b295ae,1,0,a_e7d8c038c18055500148c5915382bd98,a_71394ec0ae14eb2d17f693263a2fab11,p_0103ee4a782fd8ed9829c28299d9538a,p_e8fa32c526b9b4cdc16418a4dc18e34a,6,18085,22,19,5858,8125,41,13983,2.2670721592479954,773.18219518938338,341.04878048780489,0.53658536585365857,0.41893728098405209
r_7baaa2c34259a9447e551811c2ab9c1b,Tor browsing,d_1be06ce1b670864df8c500dc82b295ae,1,0,a_e7d8c038c18055500148c5915382bd98,a_69fb0b835452ca85c178bdeaaf11695b,p_cac6011fc83a70006208eafab5443f5a,p_3d01955bb66b778c6aa471c3a2911a0a,6,17145,100,109,24198,96267,209,120465,12.190142898804316,7026.2467191601054,576.38755980861242,0.4784688995215311,0.20087162246295603
r_4c4219277dda17e38768715969b1efde,Tor browsing,d_1be06ce1b670864df8c500dc82b295ae,1,0,a_e7d8c038c18055500148c5915382bd98,a_71394ec0ae14eb2d17f693263a2fab11,p_06f6513f5f5b8ece9d47defd7532cbf1,p_e8fa32c526b9b4cdc16418a4dc18e34a,6,18596,61,58,21688,26057,119,47745,6.3992256399225642,2567.4876317487633,401.218487394958,0.51260504201680668,0.45424651795999582
r_7f5ddc43d7e3a98448dcd95ed75b0280,Tor browsing,d_1be06ce1b670864df8c500dc82b295ae,1,0,a_e7d8c038c18055500148c5915382bd98,a_e2370a5f48648ec5a5dbdf8b657a0e89,p_ecb82a6586b9a4144edef26d4b01f092,p_3dd478bd944ece2906a0c8e4425f63be,6,15638,25,30,8625,12429,55,21054,3.5170737946028905,1346.3358485739864,382.80000000000001,0.45454545454545453,0.40966087204331719
r_4a83db1cb4769bc8d358397f2ebb3652,Tor browsing,d_1be06ce1b670864df8c500dc82b295ae,1,0,a_e7d8c038c18055500148c5915382bd98,a_69fb0b835452ca85c178bdeaaf11695b,p_429f965bc75af666c7dae766425f60b6,p_3d01955bb66b778c6aa471c3a2911a0a,6,6656,20,17,5185,7563,37,12748,5.5588942307692308,1915.2644230769231,344.54054054054052,0.54054054054054057,0.40673046752431752
r_e946f66ee6a0915c81d810740ff47925,Tor browsing,d_1be06ce1b670864df8c500dc82b295ae,1,0,a_e7d8c038c18055500148c5915382bd98,a_69fb0b835452ca85c178bdeaaf11695b,p_181f91a25d585acc8c34af2b233a8544,p_3d01955bb66b778c6aa471c3a2911a0a,6,20263,88,89,24324,72885,177,97209,8.7351330010363704,4797.3646547895178,549.20338983050851,0.49717514124293788,0.25022374471499553
r_348f633084a4e02798b02a862439d1d2,Tor browsing,d_1be06ce1b670864df8c500dc82b295ae,1,0,a_e7d8c038c18055500148c5915382bd98,a_e2370a5f48648ec5a5dbdf8b657a0e89,p_522f8983e1fe3bbc7fa9ab3014d8d81e,p_3dd478bd944ece2906a0c8e4425f63be,6,18694,18,15,3471,6913,33,10384,1.7652722798758962,555.47234406761527,314.66666666666669,0.54545454545454541,0.3342642526964561
r_0fcbee5e26a2eb9af3ec2c1aa7af6c39,Tor browsing,d_1be06ce1b670864df8c500dc82b295ae,1,0,a_e7d8c038c18055500148c5915382bd98,a_69fb0b835452ca85c178bdeaaf11695b,p_4e23b5192d3952e35a9aa47bf7100b23,p_3d01955bb66b778c6aa471c3a2911a0a,6,20378,36,34,11914,13785,70,25699,3.4350770438708409,1261.114927863382,367.12857142857143,0.51428571428571423,0.46359780536207634
r_b5fa3f44b5514c08d5134aa39928a871,Tor browsing,d_1be06ce1b670864df8c500dc82b295ae,1,0,a_e7d8c038c18055500148c5915382bd98,a_71394ec0ae14eb2d17f693263a2fab11,p_ff7300b4931a48e1c12f795c4bf61dc0,p_e8fa32c526b9b4cdc16418a4dc18e34a,6,19335,53,59,12235,49709,112,61944,5.7926040858546672,3203.7238169123352,553.07142857142856,0.4732142857142857,0.19751711223040166
r_9866cbfe9ad594b4515be94f3d4cf47a,Tor browsing,d_1be06ce1b670864df8c500dc82b295ae,1,0,a_e7d8c038c18055500148c5915382bd98,a_e2370a5f48648ec5a5dbdf8b657a0e89,p_0ecd47a7e0da17c25fc11810c3980ab1,p_3dd478bd944ece2906a0c8e4425f63be,6,11707,14,13,3807,4665,27,8472,2.306312462629196,723.66959938498326,313.77777777777777,0.51851851851851849,0.44936260623229463
r_5d1ba923bf28138ecd771ed696a94de9,Tor browsing,d_1be06ce1b670864df8c500dc82b295ae,1,0,a_e7d8c038c18055500148c5915382bd98,a_993aff1c48f8226d5648f536cfeaadb6,p_fe214aad4241893641dbd34a50af2838,p_3dd478bd944ece2906a0c8e4425f63be,6,18777,17,16,3394,11012,33,14406,1.7574692442882249,767.21521009745959,436.54545454545456,0.51515151515151514,0.23559627932805777
r_4326038afb57b70de1ef86f2c763aca1,Tor browsing,d_1be06ce1b670864df8c500dc82b295ae,1,0,a_e7d8c038c18055500148c5915382bd98,a_69fb0b835452ca85c178bdeaaf11695b,p_622c6c2783eb4b8fd491bab943fe744e,p_3d01955bb66b778c6aa471c3a2911a0a,6,17767,61,63,20107,24317,124,44424,6.9792311588900775,2500.3658467946193,358.25806451612902,0.49193548387096775,0.45261570322348282
r_92dc02d060a56b4a990580bd1e09af4b,Tor browsing,d_1be06ce1b670864df8c500dc82b295ae,1,0,a_e7d8c038c18055500148c5915382bd98,a_71394ec0ae14eb2d17f693263a2fab11,p_cc0047e797c736c7cf2540e46e2bc671,p_e8fa32c526b9b4cdc16418a4dc18e34a,6,16706,38,42,14072,18279,80,32351,4.7886986711361192,1936.4898838740573,404.38749999999999,0.47499999999999998,0.43497882600228743
r_4cdf81b0fd6ea4042dc10988525052c3,Tor browsing,d_1be06ce1b670864df8c500dc82b295ae,1,0,a_e7d8c038c18055500148c5915382bd98,a_71394ec0ae14eb2d17f693263a2fab11,p_d917e318c4fa5e8abc0e50947a72f2b8,p_e8fa32c526b9b4cdc16418a4dc18e34a,6,18662,45,46,17684,21211,91,38895,4.8762190547636912,2084.1817597256459,427.41758241758242,0.49450549450549453,0.45465998200282814
r_518e57d96012f6a7353afa7374790795,Tor browsing,d_1be06ce1b670864df8c500dc82b295ae,1,0,a_e7d8c038c18055500148c5915382bd98,a_69fb0b835452ca85c178bdeaaf11695b,p_dbc525dbf65c05e27a6157bd4a8482c0,p_3d01955bb66b778c6aa471c3a2911a0a,6,15716,45,46,17087,21311,91,38398,5.7902774242809878,2443.2425553575977,421.95604395604397,0.49450549450549453,0.44499713526746187
r_e87fe2ca0af3a3dcb810c016ff4be4ea,Tor browsing,d_1be06ce1b670864df8c500dc82b295ae,1,0,a_e7d8c038c18055500148c5915382bd98,a_69fb0b835452ca85c178bdeaaf11695b,p_3036d08c2e2dc7c3800f5a0b12e69412,p_3d01955bb66b778c6aa471c3a2911a0a,6,10432,29,28,9363,11351,57,20714,5.4639570552147241,1985.6211656441717,363.40350877192981,0.50877192982456143,0.45201313121560299
r_0d4587cb18eb2ce1c2c67e662fabbbcb,Tor browsing,d_1be06ce1b670864df8c500dc82b295ae,1,0,a_e7d8c038c18055500148c5915382bd98,a_71394ec0ae14eb2d17f693263a2fab11,p_87e5d3a47db2b6ba6e9623ba422c6c8e,p_e8fa32c526b9b4cdc16418a4dc18e34a,6,7426,15,12,3352,5617,27,8969,3.6358739563695126,1207.7834635065983,332.18518518518516,0.55555555555555558,0.3737317426691939
r_030ce23e6e8becc514fc25aa3953c8ad,Tor browsing,d_1be06ce1b670864df8c500dc82b295ae,1,0,a_e7d8c038c18055500148c5915382bd98,a_cb7fd80135ee5308f791ebfa28c59393,p_9c7899835416ecfec4188cc9f65650ef,p_3dd478bd944ece2906a0c8e4425f63be,6,18772,14,15,3274,10934,29,14208,1.5448540379288302,756.87193692733865,489.93103448275861,0.48275862068965519,0.23043355855855857
r_5df9857be283ed3b51f0a2e7e45283e0,Tor browsing,d_1be06ce1b670864df8c500dc82b295ae,1,0,a_e7d8c038c18055500148c5915382bd98,a_69fb0b835452ca85c178bdeaaf11695b,p_700c8e4fca45e483b6d2e821bc69ed72,p_3d01955bb66b778c6aa471c3a2911a0a,6,17898,58,58,17212,39565,116,56777,6.4811710805676617,3172.253883115432,489.45689655172413,0.5,0.30315092378956265
r_e4622ddaa8304ed6812c1d83543c4ea5,Tor browsing,d_1be06ce1b670864df8c500dc82b295ae,1,0,a_e7d8c038c18055500148c5915382bd98,a_71394ec0ae14eb2d17f693263a2fab11,p_5a24b0a41b5a560510be8059ca0116d3,p_e8fa32c526b9b4cdc16418a4dc18e34a,6,14834,35,39,10783,21185,74,31968,4.9885398409060269,2155.0492112714037,432,0.47297297297297297,0.33730605605605607
r_c1ac42ba052a4eb4b4a57ae6f0ee3ece,Tor browsing,d_1be06ce1b670864df8c500dc82b295ae,1,0,a_e7d8c038c18055500148c5915382bd98,a_69fb0b835452ca85c178bdeaaf11695b,p_2b059f2c57e6469bbd307b518f87c3a6,p_3d01955bb66b778c6aa471c3a2911a0a,6,18251,33,32,10625,13659,65,24284,3.5614486877431371,1330.557229740836,373.60000000000002,0.50769230769230766,0.43753088453302585
r_42eef07a9f3a46b91dc67c71c3bcee54,Tor browsing,d_1be06ce1b670864df8c500dc82b295ae,1,0,a_e7d8c038c18055500148c5915382bd98,a_71394ec0ae14eb2d17f693263a2fab11,p_60329871558b1c30ebfdcf4633177ecb,p_e8fa32c526b9b4cdc16418a4dc18e34a,6,16180,61,62,22718,26769,123,49487,7.6019777503090236,3058.5290482076639,402.33333333333331,0.49593495934959347,0.45907005880332208
r_ceed4bbaa93269cb1a25085a8f4d0b34,Tor browsing,d_1be06ce1b670864df8c500dc82b295ae,1,0,a_e7d8c038c18055500148c5915382bd98,a_e2370a5f48648ec5a5dbdf8b657a0e89,p_276a4f3637d29a857ca9f2ff0d6f3d46,p_3dd478bd944ece2906a0c8e4425f63be,6,7199,15,14,3312,6325,29,9637,4.0283372690651484,1338.6581469648563,332.31034482758622,0.51724137931034486,0.34367541766109783
r_e0a5bd699e96397cbbfee23b567d56c9,Tor browsing,d_1be06ce1b670864df8c500dc82b295ae,1,0,a_e7d8c038c18055500148c5915382bd98,a_ea056490bff4bd79c075dea582a877d5,p_d36fdac0d6ccd979b795dd02f6ac255a,p_2313704d6916acc778397dda2b5b461d,6,11380,14,12,3247,6142,26,9389,2.2847100175746924,825.04393673110712,361.11538461538464,0.53846153846153844,0.34583022686122056
r_5dad23f8cf1b093f42400343bda7789b,Tor browsing,d_1be06ce1b670864df8c500dc82b295ae,1,0,a_e7d8c038c18055500148c5915382bd98,a_71394ec0ae14eb2d17f693263a2fab11,p_3f0b138449527c2a2452306ecc7d740a,p_e8fa32c526b9b4cdc16418a4dc18e34a,6,10309,20,17,6745,9049,37,15794,3.5890969056164521,1532.0593656028714,426.86486486486484,0.54054054054054057,0.42706090920602763
r_131e536ec43820c88704b9c18716aa33,Tor browsing,d_1be06ce1b670864df8c500dc82b295ae,1,0,a_e7d8c038c18055500148c5915382bd98,a_e2370a5f48648ec5a5dbdf8b657a0e89,p_625a1e99e38042bd3f5b70a9df0b8c3a,p_3dd478bd944ece2906a0c8e4425f63be,6,8328,21,20,5228,7709,41,12937,4.9231508165225746,1553.4341978866476,315.53658536585368,0.51219512195121952,0.40411223622168974
r_2f97aae617bfe13111cf2cdbd81c77f3,Tor browsing,d_1be06ce1b670864df8c500dc82b295ae,1,0,a_e7d8c038c18055500148c5915382bd98,a_0cab75a85066ac07aecb959b1d69389d,p_eece6bec11696aaf6c49164aef59e77b,p_2313704d6916acc778397dda2b5b461d,6,11236,8,0,480,0,8,480,0.71199715201139191,42.719829120683514,60,1,1
r_2a14fac91d0a8e6ac2c19da32711f375,Tor browsing,d_1be06ce1b670864df8c500dc82b295ae,1,0,a_e7d8c038c18055500148c5915382bd98,a_e2370a5f48648ec5a5dbdf8b657a0e89,p_bbb09611a35d2168fd86a9291fdcdceb,p_3dd478bd944ece2906a0c8e4425f63be,6,15920,18,16,4017,6429,34,10446,2.1356783919597988,656.15577889447241,307.23529411764707,0.52941176470588236,0.38454910970706491
r_f71cafea293dad777ec75a23440d37e3,Tor browsing,d_1be06ce1b670864df8c500dc82b295ae,1,0,a_e7d8c038c18055500148c5915382bd98,a_71394ec0ae14eb2d17f693263a2fab11,p_446702de33e5c1555375d573a16d861f,p_e8fa32c526b9b4cdc16418a4dc18e34a,6,14878,35,39,9176,26883,74,36059,4.9737867993009814,2423.6456512972172,487.2837837837838,0.47297297297297297,0.25447183782134836
r_e8243cc66197e7f33722f75895b92d9b,Tor browsing,d_1be06ce1b670864df8c500dc82b295ae,1,0,a_e7d8c038c18055500148c5915382bd98,a_69fb0b835452ca85c178bdeaaf11695b,p_e0e71fcff1ad65f41c47a3644502f912,p_3d01955bb66b778c6aa471c3a2911a0a,6,13934,42,37,13768,21871,79,35639,5.6695851873116121,2557.7005884885893,451.12658227848101,0.53164556962025311,0.38631835910098489
r_bc1fa0c9804904ecc39c27e76275dda1,Tor browsing,d_1be06ce1b670864df8c500dc82b295ae,1,0,a_e7d8c038c18055500148c5915382bd98,a_69fb0b835452ca85c178bdeaaf11695b,p_5fdf48f458ce96094b262fa2cd020384,p_3d01955bb66b778c6aa471c3a2911a0a,6,19328,59,61,20506,24705,120,45211,6.2086092715231791,2339.1452814569539,376.75833333333333,0.49166666666666664,0.45356218619362543
r_7d78483333877b7f8c4428750ee902c6,Tor browsing,d_1be06ce1b670864df8c500dc82b295ae,1,0,a_e7d8c038c18055500148c5915382bd98,a_71394ec0ae14eb2d17f693263a2fab11,p_2a6aa9d7014422bf71428cc62fb0c91d,p_e8fa32c526b9b4cdc16418a4dc18e34a,6,18320,41,42,14303,17809,83,32112,4.5305676855895198,1752.8384279475981,386.89156626506025,0.49397590361445781,0.44540981564524168
r_4f00aaa222530d6726daa1170c0a58f0,Tor browsing,d_1be06ce1b670864df8c500dc82b295ae,1,0,a_e7d8c038c18055500148c5915382bd98,a_80009f8dc6b9e2b568a46faf4af2f052,p_742d6394b38c9fe3fe0f047ab00af8ff,p_2313704d6916acc778397dda2b5b461d,6,19390,9,0,540,0,9,540,0.46415678184631254,27.84940691077875,60,1,1
r_254193b05e0ecbf527bdca2f2f3d1642,Tor browsing,d_1be06ce1b670864df8c500dc82b295ae,1,0,a_e7d8c038c18055500148c5915382bd98,a_69fb0b835452ca85c178bdeaaf11695b,p_4ff268c353fa43e05d4d1ae165f49987,p_3d01955bb66b778c6aa471c3a2911a0a,6,20390,65,62,22981,26377,127,49358,6.2285434036292298,2420.6964198136343,388.64566929133861,0.51181102362204722,0.46559828194011105
r_6c1f55c3c9c228ebe9d3d8f38438651b,Tor browsing,d_1be06ce1b670864df8c500dc82b295ae,1,0,a_e7d8c038c18055500148c5915382bd98,a_71394ec0ae14eb2d17f693263a2fab11,p_624961fe87490cc849e5ffc5deb74932,p_e8fa32c526b9b4cdc16418a4dc18e34a,6,19332,36,39,12437,16067,75,28504,3.8795779019242707,1474.4465135526586,380.05333333333334,0.47999999999999998,0.43632472635419589
r_6ca52bf5a3b77d8d1ed24a419f350a90,Tor browsing,d_1be06ce1b670864df8c500dc82b295ae,1,0,a_e7d8c038c18055500148c5915382bd98,a_69fb0b835452ca85c178bdeaaf11695b,p_7701a2d6bf26b672c4fff07631546e57,p_3d01955bb66b778c6aa471c3a2911a0a,6,18276,47,47,16719,19253,94,35972,5.1433574086233316,1968.2643904574306,382.68085106382978,0.5,0.4647781607917269
r_ecedc8d3b122a9f91c584b1981fe78b4,Tor browsing,d_1be06ce1b670864df8c500dc82b295ae,1,0,a_e7d8c038c18055500148c5915382bd98,a_71394ec0ae14eb2d17f693263a2fab11,p_a4b1ba054d60e879c458606fe97146d9,p_e8fa32c526b9b4cdc16418a4dc18e34a,6,17215,62,64,21788,26391,126,48179,7.3191983735114725,2798.6639558524544,382.37301587301585,0.49206349206349204,0.4522302247867328
r_2d64bc47153bea081ff77ba7342ebe54,Tor browsing,d_1be06ce1b670864df8c500dc82b295ae,1,0,a_e7d8c038c18055500148c5915382bd98,a_60056c2ac85e779e06ca490b67480ca1,p_63cc03efd3162d627e845d71868782af,p_64eab6039291da87b7bab47109b51546,6,11212,8,0,480,0,8,480,0.7135212272565109,42.811273635390656,60,1,1
r_013a4c7a6646069c9e57cb798a130e42,Tor browsing,d_1be06ce1b670864df8c500dc82b295ae,1,0,a_e7d8c038c18055500148c5915382bd98,a_71394ec0ae14eb2d17f693263a2fab11,p_8c475056b9f2fbb2c7460f43872d60a7,p_e8fa32c526b9b4cdc16418a4dc18e34a,6,18044,47,48,17812,21851,95,39663,5.2649080026601638,2198.1268011527377,417.50526315789472,0.49473684210526314,0.44908352872954643
r_e14e26ea524a1aa386316338afc3ced9,Tor browsing,d_1be06ce1b670864df8c500dc82b295ae,1,0,a_e7d8c038c18055500148c5915382bd98,a_69fb0b835452ca85c178bdeaaf11695b,p_368236aee1611b1a84ac11db97ab1390,p_3d01955bb66b778c6aa471c3a2911a0a,6,17103,53,48,18570,21907,101,40477,5.9053967140267787,2366.660819739227,400.76237623762376,0.52475247524752477,0.45877905971292338
r_191319c5e1a3cafedd66453a53a0eccf,Tor browsing,d_1be06ce1b670864df8c500dc82b295ae,1,0,a_e7d8c038c18055500148c5915382bd98,a_911a1816cbdd9fe4611a9b8ab87bb54d,p_002b1ff9cd073abb4f474d6514fc344d,p_2313704d6916acc778397dda2b5b461d,6,21390,15,16,3299,11032,31,14331,1.4492753623188406,669.98597475455824,462.29032258064518,0.4838709677419355,0.23020026515944456
r_db9cc7e300ea5f0c3bc499dce174439e,Tor browsing,d_1be06ce1b670864df8c500dc82b295ae,1,0,a_e7d8c038c18055500148c5915382bd98,a_71394ec0ae14eb2d17f693263a2fab11,p_88694714fb8ee98f0ae4d5109b603c39,p_e8fa32c526b9b4cdc16418a4dc18e34a,6,20323,40,38,13687,14943,78,28630,3.8380160409388377,1408.7487083599863,367.05128205128204,0.51282051282051277,0.47806496681802307
r_d3f46ad9138f37811664e56481dc6bff,Tor browsing,d_1be06ce1b670864df8c500dc82b295ae,1,0,a_e7d8c038c18055500148c5915382bd98,a_69fb0b835452ca85c178bdeaaf11695b,p_0ea7274a4830e2ff0f35647b4fd31b0a,p_3d01955bb66b778c6aa471c3a2911a0a,6,19001,60,60,26861,27648,120,54509,6.3154570812062518,2868.7437503289298,454.24166666666667,0.5,0.4927810086407749
r_29af7273e5767ac6dbbbc401374ea4a9,Tor browsing,d_1be06ce1b670864df8c500dc82b295ae,1,0,a_e7d8c038c18055500148c5915382bd98,a_e2370a5f48648ec5a5dbdf8b657a0e89,p_2b6329c8b32732641f4af0f03639fb4b,p_3dd478bd944ece2906a0c8e4425f63be,6,16406,28,30,9301,12429,58,21730,3.5352919663537734,1324.5154211873705,374.65517241379308,0.48275862068965519,0.42802577082374599
r_532d05cc34747b078759af9f7e8c3610,Tor browsing,d_1be06ce1b670864df8c500dc82b295ae,1,0,a_e7d8c038c18055500148c5915382bd98,a_f5489e1581f3fe4ee7c6df1b4d0fac22,p_88aa7ff242254b2aa915a6b29184019f,p_2313704d6916acc778397dda2b5b461d,6,11203,8,0,480,0,8,480,0.71409443898955638,42.845666339373388,60,1,1
r_2e755d2c7eeb55051a3468bb88d69680,Tor browsing,d_1be06ce1b670864df8c500dc82b295ae,1,0,a_e7d8c038c18055500148c5915382bd98,a_69fb0b835452ca85c178bdeaaf11695b,p_2bf2aa2c59fdbd635275266ba29f4559,p_3d01955bb66b778c6aa471c3a2911a0a,6,18140,46,43,16123,19292,89,35415,4.906284454244763,1952.3153252480704,397.92134831460675,0.5168539325842697,0.4552590710151066
r_9c27b25fd48c8066517b5067201a8c4c,Tor browsing,d_1be06ce1b670864df8c500dc82b295ae,1,0,a_e7d8c038c18055500148c5915382bd98,a_71394ec0ae14eb2d17f693263a2fab11,p_6444b3d140d40d4ff8bc5eeae6ff1638,p_e8fa32c526b9b4cdc16418a4dc18e34a,6,17122,63,58,20216,24471,121,44687,7.0669314332437798,2609.9170657633454,369.31404958677683,0.52066115702479343,0.45239107570434356
r_8a1ab63036136491ddcec73369f38e22,Tor browsing,d_1be06ce1b670864df8c500dc82b295ae,1,0,a_e7d8c038c18055500148c5915382bd98,a_916592aac949494ee370e7a9592802f4,p_29069d08a5847a6eb0198d15db1a1183,p_570451000db5bc942dd5e80a742b2309,6,2030,3,0,180,0,3,180,1.4778325123152711,88.66995073891627,60,1,1
r_63851094e64f4f884c517d572fc1a28d,Tor browsing,d_1be06ce1b670864df8c500dc82b295ae,1,0,a_e7d8c038c18055500148c5915382bd98,a_69fb0b835452ca85c178bdeaaf11695b,p_b2b01444dbad964713397fbd11a54a48,p_3d01955bb66b778c6aa471c3a2911a0a,6,19588,50,49,19513,21212,99,40725,5.0541147641413104,2079.0790279763119,411.36363636363637,0.50505050505050508,0.4791405770411295
r_a4eb52c7bd9a648cf603b55242f4f750,Tor browsing,d_1be06ce1b670864df8c500dc82b295ae,1,0,a_e7d8c038c18055500148c5915382bd98,a_71394ec0ae14eb2d17f693263a2fab11,p_ed313a398671c5c02ef07eb7dac6c3d1,p_e8fa32c526b9b4cdc16418a4dc18e34a,6,17585,48,47,16222,20749,95,36971,5.4023315325561558,2102.4168325277224,389.16842105263157,0.50526315789473686,0.43877633821103029
r_45344cddf4ec78bdac4358dcac427422,Tor browsing,d_1be06ce1b670864df8c500dc82b295ae,1,0,a_e7d8c038c18055500148c5915382bd98,a_e2370a5f48648ec5a5dbdf8b657a0e89,p_c6764d7925ca07ba18df17d9083462c4,p_3dd478bd944ece2906a0c8e4425f63be,6,13579,23,22,6939,9913,45,16852,3.3139406436409158,1241.0339494808159,374.48888888888888,0.51111111111111107,0.41176121528601944
r_c255293ea89e1c74535d557b44e20a18,Tor browsing,d_1be06ce1b670864df8c500dc82b295ae,1,0,a_e7d8c038c18055500148c5915382bd98,a_425fa51d14cdc682086cb8f4fa1bdaa1,p_46b8ff6bd0a1c3ec1d46ffdee44f0bff,p_2313704d6916acc778397dda2b5b461d,6,11214,8,0,480,0,8,480,0.71339397182093811,42.803638309256286,60,1,1
r_8f60e80bf36baa8048e9b1a269b237fa,Tor browsing,d_1be06ce1b670864df8c500dc82b295ae,1,0,a_e7d8c038c18055500148c5915382bd98,a_69fb0b835452ca85c178bdeaaf11695b,p_e2ef244983a15fd64ac5d22357995653,p_3d01955bb66b778c6aa471c3a2911a0a,6,16508,37,38,9851,28051,75,37902,4.5432517567240129,2295.9777077780473,505.36000000000001,0.49333333333333335,0.25990712891140311
r_b886dccb2e9bc2c96418484f33c0f12e,Tor browsing,d_1be06ce1b670864df8c500dc82b295ae,1,0,a_e7d8c038c18055500148c5915382bd98,a_71394ec0ae14eb2d17f693263a2fab11,p_bfe67bf60a39496217ac536467ac0665,p_e8fa32c526b9b4cdc16418a4dc18e34a,6,15503,46,43,16133,32025,89,48158,5.7408243565761463,3106.3665097077983,541.10112359550567,0.5168539325842697,0.3350014535487354
r_38c197c2321d36f5c289b9d1f6fe41f7,Tor browsing,d_1be06ce1b670864df8c500dc82b295ae,1,0,a_e7d8c038c18055500148c5915382bd98,a_34f4311be9edb1936a53302bf55df105,p_74542336a657a2ad92224bf5991ea510,p_3dd478bd944ece2906a0c8e4425f63be,6,15885,14,15,3278,10915,29,14193,1.8256216556499842,893.48441926345606,489.41379310344826,0.48275862068965519,0.23095892341295005
r_1b0fb38406c02a72f574ff13b1f6ad52,Tor browsing,d_1be06ce1b670864df8c500dc82b295ae,1,0,a_e7d8c038c18055500148c5915382bd98,a_71394ec0ae14eb2d17f693263a2fab11,p_990dc965de3f69501cd0cac9f7c3137f,p_e8fa32c526b9b4cdc16418a4dc18e34a,6,14890,46,48,13470,34723,94,48193,6.3129617192746812,3236.6017461383476,512.69148936170211,0.48936170212765956,0.27950117236943123
r_56b9d4187bf1dcb24b5b4441587872c6,Tor browsing,d_1be06ce1b670864df8c500dc82b295ae,1,0,a_e7d8c038c18055500148c5915382bd98,a_69fb0b835452ca85c178bdeaaf11695b,p_32fb5710066a570cffafe98fba53df05,p_3d01955bb66b778c6aa471c3a2911a0a,6,12004,40,36,12120,15475,76,27595,6.3312229256914367,2298.8170609796734,363.09210526315792,0.52631578947368418,0.43921000181192243
r_fa4e51bb93a3766a266fa9f87166e062,Tor browsing,d_1be06ce1b670864df8c500dc82b295ae,1,0,a_e7d8c038c18055500148c5915382bd98,a_71394ec0ae14eb2d17f693263a2fab11,p_63a2e0984a539937269840fc36121c0c,p_e8fa32c526b9b4cdc16418a4dc18e34a,6,19623,46,42,15073,18871,88,33944,4.4845334556387906,1729.8068592977627,385.72727272727275,0.52272727272727271,0.44405491397596042
r_6a23767dcc8d58a63020ab2221e60749,Tor browsing,d_1be06ce1b670864df8c500dc82b295ae,1,0,a_e7d8c038c18055500148c5915382bd98,a_69fb0b835452ca85c178bdeaaf11695b,p_118ad089b9d759b858052b8a8d52d6ed,p_3d01955bb66b778c6aa471c3a2911a0a,6,17725,66,65,20934,25785,131,46719,7.3906911142454152,2635.7686882933708,356.63358778625957,0.50381679389312972,0.44808322095935271
r_96ad06c71be73ecd8023a2da97b253cd,Tor browsing,d_1be06ce1b670864df8c500dc82b295ae,1,0,a_e7d8c038c18055500148c5915382bd98,a_60056c2ac85e779e06ca490b67480ca1,p_225125760e84a4e862b2b6f0cd075322,p_2d36b619be089107b3d8a5a53b5aa6c4,6,11237,8,0,480,0,8,480,0.71193379015751534,42.716027409450923,60,1,1
r_7e29d22e50a894fc5f501b1893f18726,Tor browsing,d_1be06ce1b670864df8c500dc82b295ae,1,0,a_e7d8c038c18055500148c5915382bd98,a_69fb0b835452ca85c178bdeaaf11695b,p_073d84152272364544faf84b5259e4fb,p_3d01955bb66b778c6aa471c3a2911a0a,6,17330,58,54,19874,24363,112,44237,6.462781304096942,2552.6255049047895,394.97321428571428,0.5178571428571429,0.44926193005854825
r_53a6d79f07062a629b4a77e992ec7861,Tor browsing,d_1be06ce1b670864df8c500dc82b295ae,1,0,a_e7d8c038c18055500148c5915382bd98,a_71394ec0ae14eb2d17f693263a2fab11,p_c668b0396ab68af6477c12e5fb0f522b,p_e8fa32c526b9b4cdc16418a4dc18e34a,6,13273,38,43,14115,18353,81,32468,6.1026143298425373,2446.1689143373765,400.83950617283949,0.46913580246913578,0.4347357398053468
r_72ec000f17b94a1a3edb24f1daf04709,Tor browsing,d_1be06ce1b670864df8c500dc82b295ae,1,0,a_e7d8c038c18055500148c5915382bd98,a_425fa51d14cdc682086cb8f4fa1bdaa1,p_d783f7e1f8675084335bbd49e4f85597,p_2313704d6916acc778397dda2b5b461d,6,19489,9,0,540,0,9,540,0.46179896351788186,27.707937811072913,60,1,1
r_d195b541efa845db76afac1a4ccd417c,Tor browsing,d_1be06ce1b670864df8c500dc82b295ae,1,0,a_e7d8c038c18055500148c5915382bd98,a_71394ec0ae14eb2d17f693263a2fab11,p_fe47c9027a69949dc6b81b60b196e5c4,p_e8fa32c526b9b4cdc16418a4dc18e34a,6,20033,59,63,21609,26361,122,47970,6.0899515798931763,2394.5489941596365,393.19672131147541,0.48360655737704916,0.45046904315197001
r_2f6c085fa1a9fda9ed6b1bcb7f605be0,Tor browsing,d_1be06ce1b670864df8c500dc82b295ae,1,0,a_e7d8c038c18055500148c5915382bd98,a_69fb0b835452ca85c178bdeaaf11695b,p_5e1f542968da1badbc969ff2ca041afb,p_3d01955bb66b778c6aa471c3a2911a0a,6,19094,34,32,10700,14151,66,24851,3.4565832198596413,1301.5083272232114,376.530303030303,0.51515151515151514,0.43056617439942052
r_3ada1e8accbf84b9c52be7a235253d26,Tor browsing,d_1be06ce1b670864df8c500dc82b295ae,1,0,a_e7d8c038c18055500148c5915382bd98,a_e2370a5f48648ec5a5dbdf8b657a0e89,p_cd7661e2500443df90687c8c8fdc305c,p_3dd478bd944ece2906a0c8e4425f63be,6,12053,17,15,3955,5841,32,9796,2.6549406786692109,812.74371525761217,306.125,0.53125,0.40373621886484279
r_a38f40072ef8ba872ba6417520f51fa0,Tor browsing,d_1be06ce1b670864df8c500dc82b295ae,1,0,a_e7d8c038c18055500148c5915382bd98,a_81335f0cfb531489bed078158a61f877,p_05c462d981b351908b65aa5e1e6405d6,p_64eab6039291da87b7bab47109b51546,6,21409,17,14,3408,8318,31,11726,1.4479891634359383,547.71357840160681,378.25806451612902,0.54838709677419351,0.29063619307521749
r_1261f94c38df090ed4f2ee749bb86f31,Tor browsing,d_1be06ce1b670864df8c500dc82b295ae,1,0,a_e7d8c038c18055500148c5915382bd98,a_71394ec0ae14eb2d17f693263a2fab11,p_98ada8325117e6da964d5f2e93b3651f,p_e8fa32c526b9b4cdc16418a4dc18e34a,6,20392,56,54,20382,24307,110,44689,5.3942722636327973,2191.4966653589645,406.26363636363635,0.50909090909090904,0.4560853901407505
r_7956a421c3692c8cca0b3dda49b476cf,Tor browsing,d_1be06ce1b670864df8c500dc82b295ae,1,0,a_e7d8c038c18055500148c5915382bd98,a_69fb0b835452ca85c178bdeaaf11695b,p_f21c56519bfcc33e6ab7fd13f6666974,p_3d01955bb66b778c6aa471c3a2911a0a,6,18390,41,38,12678,15569,79,28247,4.2958129418162043,1535.9978249048395,357.55696202531647,0.51898734177215189,0.44882642404503131
r_9941e2d1a598c608b383f039b1efd20c,Tor browsing,d_1be06ce1b670864df8c500dc82b295ae,1,0,a_e7d8c038c18055500148c5915382bd98,a_e2370a5f48648ec5a5dbdf8b657a0e89,p_7c7a52ee7476e229262de075174154c9,p_3dd478bd944ece2906a0c8e4425f63be,6,11380,17,14,3953,5789,31,9742,2.7240773286467483,856.06326889279433,314.25806451612902,0.54838709677419351,0.4057688359679737
r_75c34062510d81d2cfeb3a629efa50bc,Tor browsing,d_1be06ce1b670864df8c500dc82b295ae,1,0,a_e7d8c038c18055500148c5915382bd98,a_7776b9fea893f0b2ffce1b0bcb13451c,p_be4f5b0d9259f14015b2596b34fd5ee2,p_2313704d6916acc778397dda2b5b461d,6,18015,17,16,3407,11013,33,14420,1.8318068276436303,800.44407438245901,436.969696969697,0.51515151515151514,0.23626907073509015
r_f14aa12aa382c4348d40d3414f6611ed,Tor browsing,d_1be06ce1b670864df8c500dc82b295ae,1,0,a_e7d8c038c18055500148c5915382bd98,a_69fb0b835452ca85c178bdeaaf11695b,p_01a1949c1042edea7f29c79d5a128640,p_3d01955bb66b778c6aa471c3a2911a0a,6,17113,40,40,15785,16231,80,32016,4.674808625021913,1870.8584117337698,400.19999999999999,0.5,0.49303473263368314
r_cd43537fedd598d2a07bb3c29c51ee56,Tor browsing,d_1be06ce1b670864df8c500dc82b295ae,1,0,a_e7d8c038c18055500148c5915382bd98,a_71394ec0ae14eb2d17f693263a2fab11,p_5c5ee5204a1f373b017d74dcfafafd93,p_e8fa32c526b9b4cdc16418a4dc18e34a,6,16066,74,85,21896,59189,159,81085,9.8966762106311474,5046.9936511888463,509.96855345911951,0.46540880503144655,0.27003761484861566
r_3770c6bf71ddbe7ff8cb6303597176b8,Tor browsing,d_1be06ce1b670864df8c500dc82b295ae,1,0,a_e7d8c038c18055500148c5915382bd98,a_55baeb47a70822da82aeab421097914e,p_7e809ab7c083aa4549f0f4d1718f6bfd,p_2313704d6916acc778397dda2b5b461d,6,3049,4,0,240,0,4,240,1.3119055428009183,78.714332568055099,60,1,1
r_f05fa6320053cd962e10da03f2ca211e,Tor browsing,d_1be06ce1b670864df8c500dc82b295ae,1,0,a_e7d8c038c18055500148c5915382bd98,a_71394ec0ae14eb2d17f693263a2fab11,p_5829c77ebe313ae4736fe1bf5ce5fa93,p_e8fa32c526b9b4cdc16418a4dc18e34a,6,14816,59,72,16272,54171,131,70443,8.8417926565874723,4754.522138228941,537.73282442748086,0.45038167938931295,0.23099527277373194
r_beefb03ebede0fe08cacbf9bc50d222a,Tor browsing,d_1be06ce1b670864df8c500dc82b295ae,1,0,a_e7d8c038c18055500148c5915382bd98,a_69fb0b835452ca85c178bdeaaf11695b,p_386c7e86202098eabad9d68a7dff674c,p_3d01955bb66b778c6aa471c3a2911a0a,6,11494,29,28,8637,11337,57,19974,4.9591091004002088,1737.7762310770838,350.42105263157896,0.50877192982456143,0.43241213577650944
r_e06b261b6bfeb1210c5a55a0b2623ad8,Tor browsing,d_1be06ce1b670864df8c500dc82b295ae,1,0,a_e7d8c038c18055500148c5915382bd98,a_e2370a5f48648ec5a5dbdf8b657a0e89,p_c4a02197c56b33f6b202ac3bd316787c,p_3dd478bd944ece2906a0c8e4425f63be,6,5489,17,13,4479,5737,30,10216,5.4654764073601747,1861.1768992530515,340.53333333333336,0.56666666666666665,0.43842991386061081
r_c209743701fd10e81d6545b6377ebf90,Tor browsing,d_1be06ce1b670864df8c500dc82b295ae,1,0,a_e7d8c038c18055500148c5915382bd98,a_09e74a1c68e13c3f405cf762791efe57,p_6faada6f341dc33d0c1fb464ff233d8b,p_2313704d6916acc778397dda2b5b461d,6,11209,8,0,480,0,8,480,0.7137121955571416,42.822731733428498,60,1,1
r_6a8a59c4d6ab62ea12bfbb38a149b514,Tor browsing,d_1be06ce1b670864df8c500dc82b295ae,1,0,a_e7d8c038c18055500148c5915382bd98,a_69fb0b835452ca85c178bdeaaf11695b,p_34d6045064811a28a2f5b37ce9ffae53,p_3d01955bb66b778c6aa471c3a2911a0a,6,19229,57,62,18866,45921,119,64787,6.1885693483800512,3369.2339695251962,544.42857142857144,0.47899159663865548,0.29120039514100049
r_0810d217e00524fa0f42224e8ac91969,Tor browsing,d_1be06ce1b670864df8c500dc82b295ae,1,0,a_e7d8c038c18055500148c5915382bd98,a_71394ec0ae14eb2d17f693263a2fab11,p_97e7af09b347faddef32471e11025703,p_e8fa32c526b9b4cdc16418a4dc18e34a,6,17259,51,49,15929,24583,100,40512,5.7940784518222372,2347.297062402225,405.12,0.51000000000000001,0.39319214060031593
r_e58ea1d0e04e0985f4f12d1bd5069cc0,Tor browsing,d_1be06ce1b670864df8c500dc82b295ae,1,0,a_e7d8c038c18055500148c5915382bd98,a_a860a3ab38b6d88c74540aa046f9aac4,p_e547fe77e31564a70030b3614c2689c0,p_2313704d6916acc778397dda2b5b461d,6,20442,15,16,3292,11006,31,14298,1.5164856667645044,699.44232462577042,461.22580645161293,0.4838709677419355,0.23024199188697719
r_6227371a54b94b6411fe1296bc8b4aac,Tor browsing,d_1be06ce1b670864df8c500dc82b295ae,1,0,a_e7d8c038c18055500148c5915382bd98,a_69fb0b835452ca85c178bdeaaf11695b,p_28bd7674c81169e5b37d22e409babab5,p_3d01955bb66b778c6aa471c3a2911a0a,6,19491,65,63,26139,30673,128,56812,6.5671335488174032,2914.7811810579242,443.84375,0.5078125,0.46009645849468422
r_018f11223c3a91794b3d93ce11dd2a03,Tor browsing,d_1be06ce1b670864df8c500dc82b295ae,1,0,a_e7d8c038c18055500148c5915382bd98,a_71394ec0ae14eb2d17f693263a2fab11,p_45ccb199fb7232c9994229f189a712e4,p_e8fa32c526b9b4cdc16418a4dc18e34a,6,18423,35,35,11336,13752,70,25088,3.799598328176736,1361.7760408185422,358.39999999999998,0.5,0.45184948979591838
r_9f49801624776733a99108787de811ca,Tor browsing,d_1be06ce1b670864df8c500dc82b295ae,1,0,a_e7d8c038c18055500148c5915382bd98,a_6402739604bfbe8deb920c068fa0facb,p_3e19dd90f6109a67000a34bbc658551c,p_2313704d6916acc778397dda2b5b461d,6,1975,12,9,1037,3883,21,4920,10.632911392405063,2491.1392405063289,234.28571428571428,0.5714285714285714,0.21077235772357725
r_501adb5784d580e04acc7aba423c997d,Tor browsing,d_1be06ce1b670864df8c500dc82b295ae,1,0,a_e7d8c038c18055500148c5915382bd98,a_69fb0b835452ca85c178bdeaaf11695b,p_00d969ab794766eb1c12be99b113d78a,p_3d01955bb66b778c6aa471c3a2911a0a,6,7431,14,13,3276,5747,27,9023,3.6334275333064192,1214.2376530749561,334.18518518518516,0.51851851851851849,0.36307214895267648
r_4b07ae97106fe40a69c3a119cc655837,Tor browsing,d_1be06ce1b670864df8c500dc82b295ae,1,0,a_e7d8c038c18055500148c5915382bd98,a_69fb0b835452ca85c178bdeaaf11695b,p_6159af6b6fcb70378fabc11d4088e9d9,p_3d01955bb66b778c6aa471c3a2911a0a,6,16229,63,63,19700,45535,126,65235,7.7638794750138649,4019.6561710518208,517.73809523809518,0.5,0.30198513068138272
r_ffef186d8e86fef894531a305d1ebbf6,Tor browsing,d_1be06ce1b670864df8c500dc82b295ae,1,0,a_e7d8c038c18055500148c5915382bd98,a_71394ec0ae14eb2d17f693263a2fab11,p_3317bad23d4aa5a66c483f700a6c3be6,p_e8fa32c526b9b4cdc16418a4dc18e34a,6,14566,33,34,9620,16872,67,26492,4.5997528491006454,1818.7560071399148,395.40298507462688,0.4925373134328358,0.36312849162011174
r_05456a64cbef6c1fbbb2dc0f6377bdf4,Tor browsing,d_1be06ce1b670864df8c500dc82b295ae,1,0,a_e7d8c038c18055500148c5915382bd98,a_ec00d985708365e2764c5429e33ba8a4,p_31e34d74ef73551cc88185bdf8bcab80,p_d360bbf02a78338753c95a4441fac628,6,334,1,1,60,40,2,100,5.9880239520958076,299.40119760479041,50,0.5,0.59999999999999998
r_c19977d5163f09c69ccd9f71977941e9,Tor browsing,d_1be06ce1b670864df8c500dc82b295ae,1,0,a_e7d8c038c18055500148c5915382bd98,a_71394ec0ae14eb2d17f693263a2fab11,p_c6aaf747f9a595b26493326d6390d70e,p_e8fa32c526b9b4cdc16418a4dc18e34a,6,18514,51,53,18003,22104,104,40107,5.6173706384357782,2166.3065788052286,385.64423076923077,0.49038461538461536,0.44887426135088637
r_7974c09752870dbcac970a9baab7e641,Tor browsing,d_1be06ce1b670864df8c500dc82b295ae,1,0,a_e7d8c038c18055500148c5915382bd98,a_e2370a5f48648ec5a5dbdf8b657a0e89,p_c262f8d6a5a6c9140400420c0128bf85,p_3dd478bd944ece2906a0c8e4425f63be,6,17462,26,26,7626,10679,52,18305,2.97789485740465,1048.2762570152331,352.01923076923077,0.5,0.41660748429390876
r_81e748f886bfc104cb68260cdc0f1177,Tor browsing,d_1be06ce1b670864df8c500dc82b295ae,1,0,a_e7d8c038c18055500148c5915382bd98,a_69fb0b835452ca85c178bdeaaf11695b,p_b450c71c6260f175146858babe924f0b,p_3d01955bb66b778c6aa471c3a2911a0a,6,16111,37,35,11382,14307,72,25689,4.4689963379057787,1594.5006517286326,356.79166666666669,0.51388888888888884,0.4430690178675698
r_6a4c989d1bf7927ae615b7274d0f8c83,Tor browsing,d_1be06ce1b670864df8c500dc82b295ae,1,0,a_e7d8c038c18055500148c5915382bd98,a_ef39829e394acd752cfa7bb53a9900ed,p_58e4944f02b536a2705f17a1c2c78dd2,p_2d36b619be089107b3d8a5a53b5aa6c4,6,16389,15,14,3306,8342,29,11648,1.7694795289523462,710.72060528403199,401.65517241379308,0.51724137931034486,0.28382554945054944
r_3a727185c7ea61bf3004a556e61586a2,Tor browsing,d_1be06ce1b670864df8c500dc82b295ae,1,0,a_e7d8c038c18055500148c5915382bd98,a_71394ec0ae14eb2d17f693263a2fab11,p_d81fd5d10f7cb745790ff49ddbc6182d,p_e8fa32c526b9b4cdc16418a4dc18e34a,6,15386,19,19,5157,8118,38,13275,2.4697777200051996,862.79734823865851,349.34210526315792,0.5,0.38847457627118642
r_bd53650fd2514b99ecb89a5f8a80a271,Tor browsing,d_1be06ce1b670864df8c500dc82b295ae,1,0,a_e7d8c038c18055500148c5915382bd98,a_69fb0b835452ca85c178bdeaaf11695b,p_835d447f7d5838814eda848e5c86af58,p_3d01955bb66b778c6aa471c3a2911a0a,6,14441,66,69,20815,51599,135,72414,9.3483830759642679,5014.4726819472335,536.39999999999998,0.48888888888888887,0.28744441682547572
r_1702aa9e8d75ce841ab1b3563eb95d38,Tor browsing,d_1be06ce1b670864df8c500dc82b295ae,1,0,a_e7d8c038c18055500148c5915382bd98,a_e2370a5f48648ec5a5dbdf8b657a0e89,p_933d5bcf3deeea70641c6f2d2145b0d2,p_3dd478bd944ece2906a0c8e4425f63be,6,20388,20,17,5726,5945,37,11671,1.8147930154993133,572.44457524033737,315.43243243243245,0.54054054054054057,0.49061777054236999
r_d6b720e635c04e385a461620d25e6380,Tor browsing,d_1be06ce1b670864df8c500dc82b295ae,1,0,a_e7d8c038c18055500148c5915382bd98,a_71394ec0ae14eb2d17f693263a2fab11,p_f2310f57ec38fa006b737b7d6e1315b7,p_e8fa32c526b9b4cdc16418a4dc18e34a,6,19361,50,49,18968,21896,99,40864,5.1133722431692572,2110.6347812612985,412.76767676767679,0.50505050505050508,0.46417384494909947
r_a0aa573bda8a80a206e45dbcbda25e5d,Tor browsing,d_1be06ce1b670864df8c500dc82b295ae,1,0,a_e7d8c038c18055500148c5915382bd98,a_69fb0b835452ca85c178bdeaaf11695b,p_9ca68324141ef6b27d6dbf131b693762,p_3d01955bb66b778c6aa471c3a2911a0a,6,10413,20,15,5178,7437,35,12615,3.3611831364640352,1211.4664361855373,360.42857142857144,0.5714285714285714,0.41046373365041616
r_af93daf8cb671713a430a29180b9b9d2,Tor browsing,d_1be06ce1b670864df8c500dc82b295ae,1,0,a_e7d8c038c18055500148c5915382bd98,a_c4dd81d8583981e5ee90450df492c4c6,p_c02db435860da6a7b93377b01244d500,p_2313704d6916acc778397dda2b5b461d,6,11195,8,0,480,0,8,480,0.71460473425636439,42.876284055381866,60,1,1
r_b90f276f10906fac8a6db1a900613207,Tor browsing,d_1be06ce1b670864df8c500dc82b295ae,1,0,a_e7d8c038c18055500148c5915382bd98,a_71394ec0ae14eb2d17f693263a2fab11,p_7de526ca766f258d732fd5cb67166ed3,p_e8fa32c526b9b4cdc16418a4dc18e34a,6,17507,77,99,24101,83752,176,107853,10.053121608499456,6160.5643456902944,612.80113636363637,0.4375,0.22346156342429047
r_7dccf8d62a037dd51cb00f3793a8f2a6,Tor browsing,d_1be06ce1b670864df8c500dc82b295ae,1,0,a_e7d8c038c18055500148c5915382bd98,a_69fb0b835452ca85c178bdeaaf11695b,p_78e744602c2281fceac1be2f6bfa48ca,p_3d01955bb66b778c6aa471c3a2911a0a,6,9555,21,17,5774,7541,38,13315,3.9769754055468343,1393.5112506541079,350.39473684210526,0.55263157894736847,0.43364626361246716
r_41e65cb763abbda6aa88e1b35049abf2,Tor browsing,d_1be06ce1b670864df8c500dc82b295ae,1,0,a_e7d8c038c18055500148c5915382bd98,a_cf5bff76c6a22125ba228bff9e6fdf8e,p_5964c2399abbe377c5b7697a0b62da0f,p_2313704d6916acc778397dda2b5b461d,6,11176,8,0,480,0,8,480,0.71581961345740874,42.949176807444523,60,1,1
r_2db5949248dd5df56c7de0978f0fc9f5,Tor browsing,d_1be06ce1b670864df8c500dc82b295ae,1,0,a_e7d8c038c18055500148c5915382bd98,a_69fb0b835452ca85c178bdeaaf11695b,p_7e4e48f99e8ad2834833df59ae8a02e0,p_3d01955bb66b778c6aa471c3a2911a0a,6,15243,62,61,20637,37163,123,57800,8.0692777012399137,3791.9044807452601,469.91869918699189,0.50406504065040647,0.35704152249134946
r_2d744f0e9da149bcfd9833bc6d59b4e8,Tor browsing,d_1be06ce1b670864df8c500dc82b295ae,1,0,a_e7d8c038c18055500148c5915382bd98,a_71394ec0ae14eb2d17f693263a2fab11,p_cecd55cf8996865a3fcd9adf92cd0b61,p_e8fa32c526b9b4cdc16418a4dc18e34a,6,13187,29,26,7801,13798,55,21599,4.1707742473648288,1637.9009630696899,392.70909090909089,0.52727272727272723,0.36117412843187185
r_2b71a1d283004234c41c9d393931e236,Tor browsing,d_1be06ce1b670864df8c500dc82b295ae,1,0,a_e7d8c038c18055500148c5915382bd98,a_e2370a5f48648ec5a5dbdf8b657a0e89,p_7fb8ce211640102a1938a535d66f4d37,p_3dd478bd944ece2906a0c8e4425f63be,6,7202,14,12,3264,5685,26,8949,3.6101083032490977,1242.5715079144682,344.19230769230768,0.53846153846153844,0.36473348977539388
r_da91567cd74a191c242e899335e25286,Tor browsing,d_1be06ce1b670864df8c500dc82b295ae,1,0,a_e7d8c038c18055500148c5915382bd98,a_e2370a5f48648ec5a5dbdf8b657a0e89,p_7ea7bf6bac9a0655576a05943d6aefdd,p_3dd478bd944ece2906a0c8e4425f63be,6,20381,19,17,5609,8581,36,14190,1.7663510131985674,696.23669103576856,394.16666666666669,0.52777777777777779,0.39527836504580688
r_7e04de4ce21c32c8ecabbf5be915e61b,Tor browsing,d_1be06ce1b670864df8c500dc82b295ae,1,0,a_e7d8c038c18055500148c5915382bd98,a_71394ec0ae14eb2d17f693263a2fab11,p_2ee873942eeaae97d9c81632c4202fe5,p_e8fa32c526b9b4cdc16418a4dc18e34a,6,18348,39,38,12578,16544,77,29122,4.1966426858513195,1587.2029649008068,378.20779220779218,0.50649350649350644,0.43190714923425588
r_584c834d4d4c5c3982f883b82c3640f3,Tor browsing,d_1be06ce1b670864df8c500dc82b295ae,1,0,a_e7d8c038c18055500148c5915382bd98,a_69fb0b835452ca85c178bdeaaf11695b,p_bc8f2758d83c7c9664ea8e621cf146c5,p_3d01955bb66b778c6aa471c3a2911a0a,6,17391,66,61,23532,26357,127,49889,7.3026277959864307,2868.6677016847798,392.82677165354329,0.51968503937007871,0.47168714546292773
r_6368857393a255c2f3cf57a3e3147366,Tor browsing,d_1be06ce1b670864df8c500dc82b295ae,1,0,a_e7d8c038c18055500148c5915382bd98,a_e2370a5f48648ec5a5dbdf8b657a0e89,p_ba2aa27c5cc2b719db60e3cb8575c0b7,p_3dd478bd944ece2906a0c8e4425f63be,6,16915,17,16,4484,6429,33,10913,1.9509311262193321,645.16701152822941,330.69696969696969,0.51515151515151514,0.41088609914780538
r_489e2db1f1a53f6d952fa38c74c4c1a9,Tor browsing,d_1be06ce1b670864df8c500dc82b295ae,1,0,a_e7d8c038c18055500148c5915382bd98,a_69fb0b835452ca85c178bdeaaf11695b,p_a6543930fdaf184373d1d89738692a8e,p_3d01955bb66b778c6aa471c3a2911a0a,6,15939,36,36,7620,25711,72,33331,4.5172219085262562,2091.1600476817866,462.93055555555554,0.5,0.2286160031202184
r_342c47411afa250fce35e7ad77dcac45,Tor browsing,d_1be06ce1b670864df8c500dc82b295ae,1,0,a_e7d8c038c18055500148c5915382bd98,a_71394ec0ae14eb2d17f693263a2fab11,p_a33ae60193a15f2bd25a581710309872,p_e8fa32c526b9b4cdc16418a4dc18e34a,6,14896,57,54,16118,38758,111,54876,7.4516648764769062,3683.9419978517722,494.37837837837839,0.51351351351351349,0.29371674320285734
r_04e732330d418cc336d955326e98174e,Tor browsing,d_1be06ce1b670864df8c500dc82b295ae,1,0,a_e7d8c038c18055500148c5915382bd98,a_e2370a5f48648ec5a5dbdf8b657a0e89,p_4002433e1e4b27a5a5af57555d731a2f,p_3dd478bd944ece2906a0c8e4425f63be,6,16153,16,15,3897,6377,31,10274,1.9191481458552593,636.04284033925592,331.41935483870969,0.5161290322580645,0.3793069885146973
r_c955e303e1f1a407e7afd90647bf9523,Tor browsing,d_1be06ce1b670864df8c500dc82b295ae,1,0,a_e7d8c038c18055500148c5915382bd98,a_69fb0b835452ca85c178bdeaaf11695b,p_bf15f4663afb0e209404ae07ec2b2a47,p_3d01955bb66b778c6aa471c3a2911a0a,6,15181,27,26,8211,10444,53,18655,3.4912061129042886,1228.8386799288585,351.98113207547169,0.50943396226415094,0.4401500938086304
r_a3fb877317f25f9df2bf0162daa2c36d,Tor browsing,d_1be06ce1b670864df8c500dc82b295ae,1,0,a_e7d8c038c18055500148c5915382bd98,a_71394ec0ae14eb2d17f693263a2fab11,p_d49dac912e8e427b5c9f92a07c46003d,p_e8fa32c526b9b4cdc16418a4dc18e34a,6,14141,67,74,17687,62120,141,79807,9.971006293755746,5643.6602786224457,566.00709219858152,0.47517730496453903,0.22162216346936986
r_2aec187186b215552f50dcb3a8b22b5a,Tor browsing,d_1be06ce1b670864df8c500dc82b295ae,1,0,a_e7d8c038c18055500148c5915382bd98,a_a4c91776a834f03fdfeff0928a4d4107,p_85e44a24733645115a5cabd4fa991729,p_346156c425c7ac656c5ba25e35116854,6,19450,9,0,540,0,9,540,0.46272493573264784,27.763496143958871,60,1,1
r_59406b9f9b451dd85b27bc1648f33b8e,Tor browsing,d_1be06ce1b670864df8c500dc82b295ae,1,0,a_e7d8c038c18055500148c5915382bd98,a_e2370a5f48648ec5a5dbdf8b657a0e89,p_d4ddc088a7b8008ea58c130707fc0dcd,p_3dd478bd944ece2906a0c8e4425f63be,6,19268,21,19,5775,8193,40,13968,2.0759809009757109,724.93253062071824,349.19999999999999,0.52500000000000002,0.41344501718213056
r_f1d40a74d6b78e7f7de43c29b5afb4c8,Tor browsing,d_1be06ce1b670864df8c500dc82b295ae,1,0,a_e7d8c038c18055500148c5915382bd98,a_69fb0b835452ca85c178bdeaaf11695b,p_481df41b946b4c5edce57a9d8dcfa611,p_3d01955bb66b778c6aa471c3a2911a0a,6,18290,102,117,23272,107455,219,130727,11.973756150902133,7147.4576271186443,596.92694063926945,0.46575342465753422,0.17801984287867081
r_e4a11bcda46323d53c17d9a79b9bbce6,Tor browsing,d_1be06ce1b670864df8c500dc82b295ae,1,0,a_e7d8c038c18055500148c5915382bd98,a_71394ec0ae14eb2d17f693263a2fab11,p_d79933c9658c77c5ef51d35629bcb32e,p_e8fa32c526b9b4cdc16418a4dc18e34a,6,16247,25,23,7624,9934,48,17558,2.954391579983997,1080.691820028313,365.79166666666669,0.52083333333333337,0.43421802027565781
r_149a441a889352a587abcf99f727a166,Tor browsing,d_1be06ce1b670864df8c500dc82b295ae,1,0,a_e7d8c038c18055500148c5915382bd98,a_eaee78ccb79f2232523f3dd4d101e9df,p_70838bc56aa5371a8b8c5cc7bcc37a4a,p_64eab6039291da87b7bab47109b51546,6,17566,17,14,3390,8321,31,11711,1.7647728566549017,666.68564271888886,377.77419354838707,0.54838709677419351,0.28947143711040901
r_7c6b44c9749ba6dd819a333115aaecda,Tor browsing,d_1be06ce1b670864df8c500dc82b295ae,1,0,a_e7d8c038c18055500148c5915382bd98,a_69fb0b835452ca85c178bdeaaf11695b,p_e1ca894f318f64322b3affbb19e8b28a,p_3d01955bb66b778c6aa471c3a2911a0a,6,16631,99,130,18897,130703,229,149600,13.76946665864951,8995.2498346461434,653.27510917030565,0.43231441048034935,0.12631684491978609
r_b9cb8199554b597fb6d677887afe23ff,Tor browsing,d_1be06ce1b670864df8c500dc82b295ae,1,0,a_e7d8c038c18055500148c5915382bd98,a_71394ec0ae14eb2d17f693263a2fab11,p_cbda3a4d9d2b305c8aff107617b44741,p_e8fa32c526b9b4cdc16418a4dc18e34a,6,15566,47,48,12952,35230,95,48182,6.1030450982911475,3095.3359886933058,507.17894736842106,0.49473684210526314,0.26881407994686812
r_9ae62ca8c9d48ad4174e25aa403bd3f8,Tor browsing,d_1be06ce1b670864df8c500dc82b295ae,1,0,a_e7d8c038c18055500148c5915382bd98,a_71394ec0ae14eb2d17f693263a2fab11,p_8339d6acae71f9d28e6ab7e53ba1066f,p_e8fa32c526b9b4cdc16418a4dc18e34a,6,12807,31,29,10038,16502,60,26540,4.6849379245724991,2072.3042086359023,442.33333333333331,0.51666666666666672,0.37822155237377542
r_135bb333ef2c647e5e6a15b462345666,Tor browsing,d_1be06ce1b670864df8c500dc82b295ae,1,0,a_e7d8c038c18055500148c5915382bd98,a_e2370a5f48648ec5a5dbdf8b657a0e89,p_d0b27841761393d1af9e6486564a4e76,p_3dd478bd944ece2906a0c8e4425f63be,6,11865,17,15,3417,6377,32,9794,2.6970080067425202,825.45301306363251,306.0625,0.53125,0.34888707371860322
r_6094200ec06140b718e8602d2aa8975a,Tor browsing,d_1be06ce1b670864df8c500dc82b295ae,1,0,a_e7d8c038c18055500148c5915382bd98,a_69fb0b835452ca85c178bdeaaf11695b,p_ad715681045a2c9ac01cbbfc938f9024,p_3d01955bb66b778c6aa471c3a2911a0a,6,10868,17,15,4990,7437,32,12427,2.9444239970555759,1143.4486566065514,388.34375,0.53125,0.40154502293393418
r_79f00e5d9946452232052e888ef0d1ce,Tor browsing,d_1be06ce1b670864df8c500dc82b295ae,1,0,a_e7d8c038c18055500148c5915382bd98,a_69fb0b835452ca85c178bdeaaf11695b,p_bd3ff063540ff702f160acc905189188,p_3d01955bb66b778c6aa471c3a2911a0a,6,20386,59,59,24368,25741,118,50109,5.7882860786814483,2458.0103992936329,424.65254237288133,0.5,0.48629986629148458
r_456d0d9a8aa008c8c3ce20d3b769dfcb,Tor browsing,d_1be06ce1b670864df8c500dc82b295ae,1,0,a_e7d8c038c18055500148c5915382bd98,a_71394ec0ae14eb2d17f693263a2fab11,p_20c79c73c627601086a30d66245e268e,p_e8fa32c526b9b4cdc16418a4dc18e34a,6,19325,47,47,16195,20184,94,36379,4.8641655886157826,1882.4838292367401,387.01063829787233,0.5,0.4451744138101652
r_03fc1cae912ae1db2bd6f8a151e007de,Tor browsing,d_1be06ce1b670864df8c500dc82b295ae,1,0,a_e7d8c038c18055500148c5915382bd98,a_e2370a5f48648ec5a5dbdf8b657a0e89,p_abe0cf7cba087f050f1308a6b8295232,p_3dd478bd944ece2906a0c8e4425f63be,6,8373,16,14,3361,5789,30,9150,3.582945180938732,1092.7982801863131,305,0.53333333333333333,0.3673224043715847
r_4a48411d0e77a37005a5fe56e091d969,Tor browsing,d_1be06ce1b670864df8c500dc82b295ae,1,0,a_e7d8c038c18055500148c5915382bd98,a_86911fa4d6ab6ac775fbdcb7365c093d,p_3fddac845e06dfa92f58377c82a80dcb,p_018bddd8ee5d54a934fb83e788d3889a,6,11227,8,0,480,0,8,480,0.71256791662955377,42.754074997773223,60,1,1
r_9bac1eceac4819a4fce0862c858a1371,Tor browsing,d_1be06ce1b670864df8c500dc82b295ae,1,0,a_e7d8c038c18055500148c5915382bd98,a_71394ec0ae14eb2d17f693263a2fab11,p_57de4a83a49d5887d8134a2a3eb31202,p_e8fa32c526b9b4cdc16418a4dc18e34a,6,15072,50,57,17906,40992,107,58898,7.0992569002123149,3907.7760084925694,550.44859813084111,0.46728971962616822,0.30401711433325412
r_d094ed54063f730b18aa750fe902bfe7,Tor browsing,d_1be06ce1b670864df8c500dc82b295ae,1,0,a_e7d8c038c18055500148c5915382bd98,a_69fb0b835452ca85c178bdeaaf11695b,p_96d1d7dc68f84f2a69640d019be3ced4,p_3d01955bb66b778c6aa471c3a2911a0a,6,7135,21,18,6746,9179,39,15925,5.4660126138752627,2231.9551506657322,408.33333333333331,0.53846153846153844,0.42361067503924649
r_1ad563db73fe757f5b0e7eef1430ce37,Tor browsing,d_1be06ce1b670864df8c500dc82b295ae,1,0,a_e7d8c038c18055500148c5915382bd98,a_7f7e7fc89eb2b06eacd95ac551cc563a,p_56862269406d0668e76d176b05f2a74b,p_2d36b619be089107b3d8a5a53b5aa6c4,6,291,1,1,60,40,2,100,6.8728522336769764,343.64261168384883,50,0.5,0.59999999999999998
r_d3d3a57828e04395e3cf4bfadfc69173,Tor browsing,d_1be06ce1b670864df8c500dc82b295ae,1,0,a_e7d8c038c18055500148c5915382bd98,a_71394ec0ae14eb2d17f693263a2fab11,p_bdd230aab7f106fab6c0eba2e0e452ae,p_e8fa32c526b9b4cdc16418a4dc18e34a,6,18355,22,19,6872,9704,41,16576,2.2337237809861072,903.07818033233445,404.29268292682929,0.53658536585365857,0.41457528957528955
r_b4460cdb3d53763d5bef7b8db1fbe9da,Tor browsing,d_1be06ce1b670864df8c500dc82b295ae,1,0,a_e7d8c038c18055500148c5915382bd98,a_69fb0b835452ca85c178bdeaaf11695b,p_1d55b796577a8b147f4dba5e69063388,p_3d01955bb66b778c6aa471c3a2911a0a,6,16420,60,63,20535,43757,123,64292,7.4908647990255774,3915.4689403166867,522.69918699186996,0.48780487804878048,0.3194021029054937
r_a615b39bcc4a76ca960514182ab9d7cf,Tor browsing,d_1be06ce1b670864df8c500dc82b295ae,1,0,a_e7d8c038c18055500148c5915382bd98,a_71394ec0ae14eb2d17f693263a2fab11,p_b532d7035196406d0c42b4a59350421c,p_e8fa32c526b9b4cdc16418a4dc18e34a,6,19299,41,42,14299,17824,83,32123,4.3007409710347684,1664.4903881030107,387.02409638554218,0.49397590361445781,0.44513277091180775
r_fe2c0e1f32d7120ac32dee203bdd9920,Tor browsing,d_1be06ce1b670864df8c500dc82b295ae,1,0,a_e7d8c038c18055500148c5915382bd98,a_69fb0b835452ca85c178bdeaaf11695b,p_cfa4825b92240220638a08b94001eb9d,p_3d01955bb66b778c6aa471c3a2911a0a,6,18368,73,71,28086,29718,144,57804,7.8397212543554016,3146.994773519164,401.41666666666669,0.50694444444444442,0.48588332987336519
r_1c1809adb400ac7a0d69013bfdbf414c,Tor browsing,d_1be06ce1b670864df8c500dc82b295ae,1,0,a_e7d8c038c18055500148c5915382bd98,a_e2370a5f48648ec5a5dbdf8b657a0e89,p_014aab3f2a31a1cb2c2377f69a6eabdf,p_3dd478bd944ece2906a0c8e4425f63be,6,6355,14,13,3261,5737,27,8998,4.2486231313926037,1415.8929976396537,333.25925925925924,0.51851851851851849,0.36241386974883305
r_d3b33462ded997dd9238dc81a2aae170,Tor browsing,d_1be06ce1b670864df8c500dc82b295ae,1,0,a_e7d8c038c18055500148c5915382bd98,a_ef39829e394acd752cfa7bb53a9900ed,p_6c54f877271c0fb8201a4c589a597352,p_2d36b619be089107b3d8a5a53b5aa6c4,6,21340,14,13,3260,8290,27,11550,1.2652296157450797,541.23711340206182,427.77777777777777,0.51851851851851849,0.28225108225108225
r_aa18e0010b45cbe6dc2659eae67d3eea,Tor browsing,d_1be06ce1b670864df8c500dc82b295ae,1,0,a_e7d8c038c18055500148c5915382bd98,a_71394ec0ae14eb2d17f693263a2fab11,p_1a096ef385431e8689577480019958b4,p_e8fa32c526b9b4cdc16418a4dc18e34a,6,20329,59,59,23183,28246,118,51429,5.8045157164641648,2529.8342269664026,435.83898305084745,0.5,0.4507767990822299
r_a87d33089f828543e85cebb866ad8f5f,Tor browsing,d_1be06ce1b670864df8c500dc82b295ae,1,0,a_e7d8c038c18055500148c5915382bd98,a_69fb0b835452ca85c178bdeaaf11695b,p_510a4978c42b7221ecf70fa935ea5f49,p_3d01955bb66b778c6aa471c3a2911a0a,6,12389,43,38,16401,18161,81,34562,6.5380579546371784,2789.7328275082737,426.69135802469134,0.53086419753086422,0.47453851050286444
r_a0fd30e26cb52ae588f517e79831916f,Tor browsing,d_1be06ce1b670864df8c500dc82b295ae,1,0,a_e7d8c038c18055500148c5915382bd98,a_68facb89ed368f51a88561e96874119d,p_7289c3ecd0b4221fc24b8827d819b561,p_2313704d6916acc778397dda2b5b461d,6,11206,8,0,480,0,8,480,0.71390326610744248,42.834195966446551,60,1,1
r_a3d5618a47dbe64f15309ec6b9ec7449,Tor browsing,d_1be06ce1b670864df8c500dc82b295ae,1,0,a_e7d8c038c18055500148c5915382bd98,a_71394ec0ae14eb2d17f693263a2fab11,p_719f5653d0ce9d3f9327808fb08389df,p_e8fa32c526b9b4cdc16418a4dc18e34a,6,17167,42,45,13291,20528,87,33819,5.0678627599464088,1970.0005825129608,388.72413793103448,0.48275862068965519,0.39300393270055295
r_e0f7def5b446a066cd479beec4cff734,Tor browsing,d_1be06ce1b670864df8c500dc82b295ae,1,0,a_e7d8c038c18055500148c5915382bd98,a_69fb0b835452ca85c178bdeaaf11695b,p_a9b874a1740ec446486fd4a9d012c209,p_3d01955bb66b778c6aa471c3a2911a0a,6,16213,57,62,19345,40321,119,59666,7.3397890581632019,3680.1332264232406,501.39495798319325,0.47899159663865548,0.32422149968156067
r_4529c2c4897fe83ee1f6d0d659c7ae80,Tor browsing,d_1be06ce1b670864df8c500dc82b295ae,1,0,a_e7d8c038c18055500148c5915382bd98,a_e2370a5f48648ec5a5dbdf8b657a0e89,p_dcba4d53bac45cf38498582e7584ce00,p_3dd478bd944ece2906a0c8e4425f63be,6,4155,14,13,3262,5737,27,8999,6.4981949458483754,2165.8243080625753,333.2962962962963,0.51851851851851849,0.3624847205245027
r_91729137cdea8edc0ed261d5ed463234,Tor browsing,d_1be06ce1b670864df8c500dc82b295ae,1,0,a_e7d8c038c18055500148c5915382bd98,a_c5b20a4274dcbdfcf616059d6088deaf,p_e525d20ba96d9a99e08722a0cf3b5404,p_3257404394153b8e93ea83a444bf5577,6,21358,13,11,3173,5034,24,8207,1.1237007210412959,384.25882573274652,341.95833333333331,0.54166666666666663,0.38662117704398685
r_7550900524361cf50fe1076f1d5d6489,Tor browsing,d_1be06ce1b670864df8c500dc82b295ae,1,0,a_e7d8c038c18055500148c5915382bd98,a_69fb0b835452ca85c178bdeaaf11695b,p_2fa62558626fee13a9ac6131c73fc380,p_3d01955bb66b778c6aa471c3a2911a0a,6,20398,62,57,21724,24509,119,46233,5.8339052848318467,2266.5457397784098,388.51260504201679,0.52100840336134457,0.46988082105855128
r_1f8aff7d886d73f21bdcc70bf7f3c8fe,Tor browsing,d_1be06ce1b670864df8c500dc82b295ae,1,0,a_e7d8c038c18055500148c5915382bd98,a_e2370a5f48648ec5a5dbdf8b657a0e89,p_86f9925406a9b31f329e66149900e3f9,p_3dd478bd944ece2906a0c8e4425f63be,6,19357,25,25,7579,10091,50,17670,2.5830448933202459,912.84806529937498,353.39999999999998,0.5,0.42891907187323147
r_8394c1b8d61cf869af39281be904f1ce,Tor browsing,d_1be06ce1b670864df8c500dc82b295ae,1,0,a_e7d8c038c18055500148c5915382bd98,a_71394ec0ae14eb2d17f693263a2fab11,p_b030e6795a72c5d944f407cc98a0cb96,p_e8fa32c526b9b4cdc16418a4dc18e34a,6,16342,36,36,12430,15904,72,28334,4.405825480357362,1733.8147105617429,393.52777777777777,0.5,0.43869556010446814
r_ad30fa38b1fd5eed99a935e381844e53,Tor browsing,d_1be06ce1b670864df8c500dc82b295ae,1,0,a_e7d8c038c18055500148c5915382bd98,a_a7df7c5585644eefa6db00d7725b0a75,p_3ffa9db9ece3da12e324938e44761646,p_2313704d6916acc778397dda2b5b461d,6,19745,9,0,540,0,9,540,0.45581159787287917,27.348695872372751,60,1,1
r_c25862e71404a9046014fe2aef056537,Tor browsing,d_1be06ce1b670864df8c500dc82b295ae,1,0,a_e7d8c038c18055500148c5915382bd98,a_69fb0b835452ca85c178bdeaaf11695b,p_35a50095dad1f10845023034314d3c02,p_3d01955bb66b778c6aa471c3a2911a0a,6,19995,62,58,27545,36243,120,63788,6.001500375093773,3190.1975493873465,531.56666666666672,0.51666666666666672,0.43182103216906004
r_cf3ecd557585809a8280eafb6f8ee294,Tor browsing,d_1be06ce1b670864df8c500dc82b295ae,1,0,a_e7d8c038c18055500148c5915382bd98,a_71394ec0ae14eb2d17f693263a2fab11,p_810d5a29336bd5382bfe47e5b09f2c38,p_e8fa32c526b9b4cdc16418a4dc18e34a,6,17934,34,36,10160,27190,70,37350,3.9032006245120998,2082.6363332218134,533.57142857142856,0.48571428571428571,0.27202141900937082
r_6a09d3f0cdfddb2c766248a19adf9019,Tor browsing,d_1be06ce1b670864df8c500dc82b295ae,1,0,a_e7d8c038c18055500148c5915382bd98,a_bad74814281a629b802607e1cfb804ff,p_953d5cd0d3ba0f32386514cc9d614364,p_3257404394153b8e93ea83a444bf5577,6,16281,15,11,3270,5073,26,8343,1.5969535040845158,512.43781094527367,320.88461538461536,0.57692307692307687,0.3919453434016541
r_4c46668f788f6647f4d41b71912f1346,Tor browsing,d_1be06ce1b670864df8c500dc82b295ae,1,0,a_e7d8c038c18055500148c5915382bd98,a_69fb0b835452ca85c178bdeaaf11695b,p_63013bfd9851c447e408b4d1229446f0,p_3d01955bb66b778c6aa471c3a2911a0a,6,15312,24,20,8034,9305,44,17339,2.8735632183908049,1132.3798328108674,394.06818181818181,0.54545454545454541,0.46334852067593285
r_25728e5545d7367f41f6591a2c246a4a,Tor browsing,d_1be06ce1b670864df8c500dc82b295ae,1,0,a_e7d8c038c18055500148c5915382bd98,a_71394ec0ae14eb2d17f693263a2fab11,p_9d5c29a6b4e46aa9ffb75ef99909366e,p_e8fa32c526b9b4cdc16418a4dc18e34a,6,13253,61,59,18491,41074,120,59565,9.054553685957897,4494.4540858673508,496.375,0.5083333333333333,0.31043397968605724
r_1b15c09874ac8d660bd682b5e9a38d86,Tor browsing,d_1be06ce1b670864df8c500dc82b295ae,1,0,a_e7d8c038c18055500148c5915382bd98,a_71394ec0ae14eb2d17f693263a2fab11,p_4e3a8ae0d6d536255ceeef3e54beeb13,p_e8fa32c526b9b4cdc16418a4dc18e34a,6,20314,31,30,10546,14520,61,25066,3.002855173771783,1233.9273407502214,410.91803278688525,0.50819672131147542,0.42072927471475308
r_59280ae6b24f3738128641c77d2e988b,Tor browsing,d_1be06ce1b670864df8c500dc82b295ae,1,0,a_e7d8c038c18055500148c5915382bd98,a_69fb0b835452ca85c178bdeaaf11695b,p_5f6d27cbd4e6731b8cc6afb3ffa7e0e8,p_3d01955bb66b778c6aa471c3a2911a0a,6,17367,29,26,8346,10711,55,19057,3.1669257787758389,1097.3109921114758,346.4909090909091,0.52727272727272723,0.43794930996484233
r_9d59ecbae6e52d6156b25e0a1056db9a,Tor browsing,d_1be06ce1b670864df8c500dc82b295ae,1,0,a_e7d8c038c18055500148c5915382bd98,a_ba5851337cdc91d947e104bfb96a5f71,p_694f3f3d55fec8d94e3a34b69de07942,p_2313704d6916acc778397dda2b5b461d,6,18903,17,16,3408,11021,33,14429,1.7457546421202985,763.31799185314503,437.24242424242425,0.51515151515151514,0.2361910042275972
r_0fcf273f7a8c309e74357813596a8948,Tor browsing,d_1be06ce1b670864df8c500dc82b295ae,1,0,a_e7d8c038c18055500148c5915382bd98,a_69fb0b835452ca85c178bdeaaf11695b,p_e34afff5e5d3508a8f9576b472462dc4,p_3d01955bb66b778c6aa471c3a2911a0a,6,18008,36,38,12402,16071,74,28473,4.1092847623278548,1581.130608618392,384.77027027027026,0.48648648648648651,0.43557054051206406
r_2f3ccd1eb3b387f8c971125967d4c7fb,Tor browsing,d_1be06ce1b670864df8c500dc82b295ae,1,0,a_e7d8c038c18055500148c5915382bd98,a_71394ec0ae14eb2d17f693263a2fab11,p_812f1f3e112aec42aa11298deadc71e9,p_e8fa32c526b9b4cdc16418a4dc18e34a,6,16960,49,56,18459,22808,105,41267,6.191037735849056,2433.1957547169809,393.01904761904763,0.46666666666666667,0.44730656456732981
r_d5c843b14db5e0333f1fabd8bf09508e,Tor browsing,d_1be06ce1b670864df8c500dc82b295ae,1,0,a_e7d8c038c18055500148c5915382bd98,a_e2370a5f48648ec5a5dbdf8b657a0e89,p_116f4161636a4cb2fe79f376f469f0cc,p_3dd478bd944ece2906a0c8e4425f63be,6,14974,21,20,5227,8759,41,13986,2.7380793375183652,934.01896620809407,341.1219512195122,0.51219512195121952,0.37373087373087371
r_2de8f325e213f965c7899e2637c3c40c,Tor browsing,d_1be06ce1b670864df8c500dc82b295ae,1,0,a_e7d8c038c18055500148c5915382bd98,a_36d1183e911f7c68a27b9a994f3994e4,p_b1c75ed041e00ca014f056433ccfdfc3,p_2313704d6916acc778397dda2b5b461d,6,19665,9,0,540,0,9,540,0.45766590389016021,27.459954233409611,60,1,1
r_04f74c352d06fb616e27a6d037125c2a,Tor browsing,d_1be06ce1b670864df8c500dc82b295ae,1,0,a_e7d8c038c18055500148c5915382bd98,a_71394ec0ae14eb2d17f693263a2fab11,p_b21f1dd97bb69fa101809f6b2f457df1,p_e8fa32c526b9b4cdc16418a4dc18e34a,6,19543,37,45,11427,28752,82,40179,4.1958757611420969,2055.9279537430284,489.98780487804879,0.45121951219512196,0.2844022997088031
r_29bc2e2f726f3177e92a9d1cc9939440,Tor browsing,d_1be06ce1b670864df8c500dc82b295ae,1,0,a_e7d8c038c18055500148c5915382bd98,a_69fb0b835452ca85c178bdeaaf11695b,p_0799b95e376efbbd8b4b52e311509256,p_3d01955bb66b778c6aa471c3a2911a0a,6,19268,52,50,22831,29963,102,52794,5.2937512974880629,2739.983392152792,517.58823529411768,0.50980392156862742,0.43245444558093721
r_90b40314496dd694e4eeb57580f0531c,Tor browsing,d_1be06ce1b670864df8c500dc82b295ae,1,0,a_e7d8c038c18055500148c5915382bd98,a_667e43d14e60b98df49e3ecb8d92cf7c,p_0248e809629c7465723a42b91530f179,p_3dd478bd944ece2906a0c8e4425f63be,6,20474,13,11,3235,6078,24,9313,1.1722184233662205,454.86959070040052,388.04166666666669,0.54166666666666663,0.34736389992483624
r_6dee5f7e8fa6e3c6a4def6610577060d,Tor browsing,d_1be06ce1b670864df8c500dc82b295ae,1,0,a_e7d8c038c18055500148c5915382bd98,a_69fb0b835452ca85c178bdeaaf11695b,p_e5bffabb5a66d4fa7729278d00f02b4a,p_3d01955bb66b778c6aa471c3a2911a0a,6,19459,64,64,23905,28011,128,51916,6.5779330900868498,2667.9685492574131,405.59375,0.5,0.46045535095153711
r_7d8f5bb532c6aac7abc3e444bb3e008e,Tor browsing,d_1be06ce1b670864df8c500dc82b295ae,1,0,a_e7d8c038c18055500148c5915382bd98,a_71394ec0ae14eb2d17f693263a2fab11,p_284f8371fa52f9cc4388a0c72c4f1fce,p_e8fa32c526b9b4cdc16418a4dc18e34a,6,16459,38,36,11461,14832,74,26293,4.4960204143629623,1597.4846588492619,355.31081081081084,0.51351351351351349,0.43589548549043472
r_d54f02c4c5f38d2c2af39b025e7ef6a0,Tor browsing,d_1be06ce1b670864df8c500dc82b295ae,1,0,a_e7d8c038c18055500148c5915382bd98,a_8ad2ac5c69846a55f5d96df0ae8e51b2,p_ce111221e580fbf3941996f0b36e9e8d,p_3dd478bd944ece2906a0c8e4425f63be,6,19332,15,15,3327,10912,30,14239,1.5518311607697082,736.55079660666252,474.63333333333333,0.5,0.23365404873937776
r_fc7ba31296bd0e508836da7c1a1deb2c,Tor browsing,d_1be06ce1b670864df8c500dc82b295ae,1,0,a_e7d8c038c18055500148c5915382bd98,a_71394ec0ae14eb2d17f693263a2fab11,p_e62e4f5f175977c6f51d45f4f64c83c0,p_e8fa32c526b9b4cdc16418a4dc18e34a,6,18403,36,38,12432,16008,74,28440,4.0210835189914693,1545.4002064880726,384.32432432432432,0.48648648648648651,0.43713080168776369
r_c852b24bc067399a54b6ec1a49d7354b,Tor browsing,d_1be06ce1b670864df8c500dc82b295ae,1,0,a_e7d8c038c18055500148c5915382bd98,a_69fb0b835452ca85c178bdeaaf11695b,p_45cf61ce39a66347a1a1b71e5f1fd34c,p_3d01955bb66b778c6aa471c3a2911a0a,6,17463,51,50,19028,22559,101,41587,5.7836568745347305,2381.435034072038,411.75247524752473,0.50495049504950495,0.45754682953807679
r_b005455d2ea0f75cbfd4145c0c59bb84,Tor browsing,d_1be06ce1b670864df8c500dc82b295ae,1,0,a_e7d8c038c18055500148c5915382bd98,a_e2370a5f48648ec5a5dbdf8b657a0e89,p_ee3d9f24e417695ae0d44dbea9e12ab1,p_3dd478bd944ece2906a0c8e4425f63be,6,14421,28,26,7725,10121,54,17846,3.7445392136467652,1237.5008667914847,330.48148148148147,0.51851851851851849,0.43287011094923233
r_bf013e77d807b5c09f3a87e6588907a1,Tor browsing,d_1be06ce1b670864df8c500dc82b295ae,1,0,a_e7d8c038c18055500148c5915382bd98,a_5f60c2a991a621f58d0543ed49160636,p_fa511ba2a0544212f02ad9ba36adaaa0,p_2313704d6916acc778397dda2b5b461d,6,11184,8,0,480,0,8,480,0.71530758226037205,42.918454935622321,60,1,1
r_6c87c9b813e7372667f27dcd64a02a08,Tor browsing,d_1be06ce1b670864df8c500dc82b295ae,1,0,a_e7d8c038c18055500148c5915382bd98,a_71394ec0ae14eb2d17f693263a2fab11,p_857f44875d1eedc00a9b1011dfd1cd30,p_e8fa32c526b9b4cdc16418a4dc18e34a,6,18023,55,50,18716,22474,105,41190,5.8258891416523335,2285.4130832824726,392.28571428571428,0.52380952380952384,0.45438213158533625
r_60cf79cae8ce1116cbc5057efa51e0b9,Tor browsing,d_1be06ce1b670864df8c500dc82b295ae,1,0,a_e7d8c038c18055500148c5915382bd98,a_69fb0b835452ca85c178bdeaaf11695b,p_295789ba715f87d13d60840ebbe07f47,p_3d01955bb66b778c6aa471c3a2911a0a,6,16083,46,47,16067,20269,93,36336,5.7825032643163592,2259.2799850774113,390.70967741935482,0.4946236559139785,0.44217855570233378
r_04e783e909a13819251ddeeeeeb77f6b,Tor browsing,d_1be06ce1b670864df8c500dc82b295ae,1,0,a_e7d8c038c18055500148c5915382bd98,a_4388e9134ccd1fd1c924868bc613e6c2,p_f8206a2158456081e023774a4b956e12,p_3dd478bd944ece2906a0c8e4425f63be,6,20482,15,16,3289,11018,31,14307,1.5135240699150474,698.5157699443414,461.51612903225805,0.4838709677419355,0.22988746767316698
r_e59a8f6d5944d99976aa1c210d99ead3,Tor browsing,d_1be06ce1b670864df8c500dc82b295ae,1,0,a_e7d8c038c18055500148c5915382bd98,a_71394ec0ae14eb2d17f693263a2fab11,p_c97db5f08c0f03d2719fa71870f4a2d4,p_e8fa32c526b9b4cdc16418a4dc18e34a,6,19470,67,64,22048,26406,131,48454,6.7282999486389317,2488.6492039034415,369.87786259541986,0.51145038167938928,0.45502951252734553
r_2ee80127215b453b1f7c9343a77d9b45,Tor browsing,d_1be06ce1b670864df8c500dc82b295ae,1,0,a_e7d8c038c18055500148c5915382bd98,a_69fb0b835452ca85c178bdeaaf11695b,p_f689f33ebe36ec47d5634b53659a2dbd,p_3d01955bb66b778c6aa471c3a2911a0a,6,18514,37,36,12948,16503,73,29451,3.9429620827481906,1590.7421410824243,403.43835616438355,0.50684931506849318,0.43964551288581033
r_4f4f8fc4bb58788d3e42b2126dffcbd4,Tor browsing,d_1be06ce1b670864df8c500dc82b295ae,1,0,a_e7d8c038c18055500148c5915382bd98,a_e2370a5f48648ec5a5dbdf8b657a0e89,p_76e20cf19c408c3a7dc0d66d88de0c2a,p_3dd478bd944ece2906a0c8e4425f63be,6,15521,16,15,3908,6377,31,10285,1.9972939887893821,662.65060240963851,331.77419354838707,0.5161290322580645,0.37997083130772968
r_08edb4ab7186cca52340afdcc38fadeb,Tor browsing,d_1be06ce1b670864df8c500dc82b295ae,1,0,a_e7d8c038c18055500148c5915382bd98,a_60056c2ac85e779e06ca490b67480ca1,p_a65fc6e278bfbfe633af29647377efa6,p_64eab6039291da87b7bab47109b51546,6,19730,9,0,540,0,9,540,0.45615813482007095,27.369488089204257,60,1,1
r_48c5fc74dbc011c4c7794ea1a3fb64f4,Tor browsing,d_1be06ce1b670864df8c500dc82b295ae,1,0,a_e7d8c038c18055500148c5915382bd98,a_71394ec0ae14eb2d17f693263a2fab11,p_f842950fbc3a9e2fa0a4fdbdfb62465f,p_e8fa32c526b9b4cdc16418a4dc18e34a,6,19336,40,46,14773,18022,86,32795,4.4476623913942905,1696.0591642532065,381.33720930232556,0.46511627906976744,0.45046500991004729
r_c4693cb84090077145fa9c58370d1eae,Tor browsing,d_1be06ce1b670864df8c500dc82b295ae,1,0,a_e7d8c038c18055500148c5915382bd98,a_e2370a5f48648ec5a5dbdf8b657a0e89,p_b6830daa0af80249cb347534d0df61f2,p_3dd478bd944ece2906a0c8e4425f63be,6,18397,18,16,4008,6429,34,10437,1.8481274120780564,567.32075881937283,306.97058823529414,0.52941176470588236,0.38401839609083072
r_0a0f78dd6192eb268d3d2be5f795c3cd,Tor browsing,d_1be06ce1b670864df8c500dc82b295ae,1,0,a_e7d8c038c18055500148c5915382bd98,a_69fb0b835452ca85c178bdeaaf11695b,p_1f9a1718d1cc1fc37fb0f9254f97c94a,p_3d01955bb66b778c6aa471c3a2911a0a,6,17417,54,54,18696,23827,108,42523,6.2008382614686797,2441.4652351151171,393.73148148148147,0.5,0.43966794440655643
r_959040bd41bcb0e97506de6a7e424a86,Tor browsing,d_1be06ce1b670864df8c500dc82b295ae,1,0,a_e7d8c038c18055500148c5915382bd98,a_ef39829e394acd752cfa7bb53a9900ed,p_80a1760bc3f995bf3b02ffe2df546508,p_2d36b619be089107b3d8a5a53b5aa6c4,6,21357,16,13,3347,8268,29,11615,1.3578686145057828,543.84979163740229,400.51724137931035,0.55172413793103448,0.2881618596642273
r_0b3d3f06110394d327b12c94cb053f27,Tor browsing,d_1be06ce1b670864df8c500dc82b295ae,1,0,a_e7d8c038c18055500148c5915382bd98,a_71394ec0ae14eb2d17f693263a2fab11,p_5ffd02b8177fa1f6e244c13dbcc7a558,p_e8fa32c526b9b4cdc16418a4dc18e34a,6,20341,31,34,10569,14192,65,24761,3.1955164446192419,1217.2951182341085,380.93846153846152,0.47692307692307695,0.42684059609870362
r_478799062390491091812994d90e0e1d,Tor browsing,d_1be06ce1b670864df8c500dc82b295ae,1,0,a_e7d8c038c18055500148c5915382bd98,a_69fb0b835452ca85c178bdeaaf11695b,p_cda6d5db860c0bdfa11039f71baabe7e,p_3d01955bb66b778c6aa471c3a2911a0a,6,19410,63,61,24440,25843,124,50283,6.3884595569294174,2590.5718701700152,405.50806451612902,0.50806451612903225,0.48604896287015492
r_774c47d63a67df4eb58b1781d8c08b7a,Tor browsing,d_1be06ce1b670864df8c500dc82b295ae,1,0,a_e7d8c038c18055500148c5915382bd98,a_e2370a5f48648ec5a5dbdf8b657a0e89,p_8f654e66d6b865ea386f1c5a48a8e40c,p_3dd478bd944ece2906a0c8e4425f63be,6,11931,28,31,8788,12503,59,21291,4.9451009974017266,1784.5109378928842,360.86440677966101,0.47457627118644069,0.41275656380630316
r_309c9886bbf7ce8671babe704c150bf8,Tor browsing,d_1be06ce1b670864df8c500dc82b295ae,1,0,a_e7d8c038c18055500148c5915382bd98,a_273b6f05eaba7ea07c86d83ea72eee5f,p_e17c990371f0c9bb82383c912ce002dd,p_4ab90d1928ebd5a7235cc2db9185505b,6,11231,8,0,480,0,8,480,0.71231413053156445,42.738847831893864,60,1,1
r_6800a0d04c0da3ed7cd84af85f893a56,Tor browsing,d_1be06ce1b670864df8c500dc82b295ae,1,0,a_e7d8c038c18055500148c5915382bd98,a_e2370a5f48648ec5a5dbdf8b657a0e89,p_8043067072c44ca3bc2b392f2ae70b32,p_3dd478bd944ece2906a0c8e4425f63be,6,20523,21,22,6311,7825,43,14136,2.0952102519124884,688.7881888612776,328.74418604651163,0.48837209302325579,0.44644878324844367
r_dca5dfbffee96a6ed2cf3310998bebf7,Tor browsing,d_1be06ce1b670864df8c500dc82b295ae,1,0,a_e7d8c038c18055500148c5915382bd98,a_71394ec0ae14eb2d17f693263a2fab11,p_96d6d10394ee31050d86cd0696925aa4,p_e8fa32c526b9b4cdc16418a4dc18e34a,6,19828,62,64,23861,28474,126,52335,6.3546499899132538,2639.4492636675409,415.35714285714283,0.49206349206349204,0.45592815515429447
r_8e9edea9ad9c20556169706d3bd2a832,Tor browsing,d_1be06ce1b670864df8c500dc82b295ae,1,0,a_e7d8c038c18055500148c5915382bd98,a_69fb0b835452ca85c178bdeaaf11695b,p_263740bd8abee39826fb0d8bbd2e73e9,p_3d01955bb66b778c6aa471c3a2911a0a,6,12512,28,28,10940,13473,56,24413,4.4757033248081841,1951.1668797953964,435.94642857142856,0.5,0.44812190226518656
r_c1bdbf2a4c2e00390b95122ede1ab125,Tor browsing,d_1be06ce1b670864df8c500dc82b295ae,1,0,a_e7d8c038c18055500148c5915382bd98,a_7f9a3d6cb1fa2e3871b0adaae0231dfa,p_828c7aa54c0aafc254d5ed96662ee1ed,p_2313704d6916acc778397dda2b5b461d,6,19028,16,16,3347,11031,32,14378,1.6817321841496742,755.62329199075054,449.3125,0.5,0.23278620114063153
r_c74c190581414224138eeeaa5b6d3ece,Tor browsing,d_1be06ce1b670864df8c500dc82b295ae,1,0,a_e7d8c038c18055500148c5915382bd98,a_71394ec0ae14eb2d17f693263a2fab11,p_bbb920092dfa489869ce1628ff547fff,p_e8fa32c526b9b4cdc16418a4dc18e34a,6,17800,44,50,19208,22998,94,42206,5.2808988764044944,2371.1235955056177,449,0.46808510638297873,0.45510117044969911
r_ba1a1744b3e948cc1b74657ec2b381e0,Tor browsing,d_1be06ce1b670864df8c500dc82b295ae,1,0,a_e7d8c038c18055500148c5915382bd98,a_69fb0b835452ca85c178bdeaaf11695b,p_db2b6cba073835a1f79aea45ff20ce6a,p_3d01955bb66b778c6aa471c3a2911a0a,6,14128,53,48,18599,22443,101,41042,7.1489241223103059,2905.0113250283125,406.35643564356434,0.52475247524752477,0.45316992349300717
r_aa852fc1df3199bcc88811b4d491a43e,Tor browsing,d_1be06ce1b670864df8c500dc82b295ae,1,0,a_e7d8c038c18055500148c5915382bd98,a_04069d9e8bbc9b707bd92e9478763963,p_70652ae573087bc106d74e48c47360bc,p_2d36b619be089107b3d8a5a53b5aa6c4,6,20479,15,16,3302,10977,31,14279,1.5137457883685728,697.25084232628546,460.61290322580646,0.4838709677419355,0.23124868688283493
r_5e3f604883f49d7b0fb077d8f505fbbe,Tor browsing,d_1be06ce1b670864df8c500dc82b295ae,1,0,a_e7d8c038c18055500148c5915382bd98,a_69fb0b835452ca85c178bdeaaf11695b,p_fe99e48acd6d072e951c01c6d3f1b6f3,p_3d01955bb66b778c6aa471c3a2911a0a,6,19482,59,61,25877,26628,120,52505,6.1595318755774562,2695.0518427266197,437.54166666666669,0.49166666666666664,0.49284830016188935
r_ddbe8ce98e5ad50deea35cfcfd7b4d88,Tor browsing,d_1be06ce1b670864df8c500dc82b295ae,1,0,a_e7d8c038c18055500148c5915382bd98,a_71394ec0ae14eb2d17f693263a2fab11,p_ef4cf48543c046ba96982d1d12fb7a38,p_e8fa32c526b9b4cdc16418a4dc18e34a,6,18369,51,59,19629,24002,110,43631,5.9883499373945233,2375.2517828950949,396.64545454545453,0.46363636363636362,0.44988654855492655
r_c8364b6318acfc146505c58fffa9bed3,Tor browsing,d_1be06ce1b670864df8c500dc82b295ae,1,0,a_e7d8c038c18055500148c5915382bd98,a_e2370a5f48648ec5a5dbdf8b657a0e89,p_c9c2973a8f74ba9712d9470950200433,p_3dd478bd944ece2906a0c8e4425f63be,6,5454,14,13,3274,5737,27,9011,4.9504950495049505,1652.1818848551522,333.74074074074076,0.51851851851851849,0.36333370325158137
r_453422b5b1a046fb6610215fee5893bd,Tor browsing,d_1be06ce1b670864df8c500dc82b295ae,1,0,a_e7d8c038c18055500148c5915382bd98,a_346bec219f0a0094273d7b460a1dce4d,p_4dc380f534ff40b316ea71d4e1661755,p_ebe9cfafe284f540917a29fe9616a45d,6,21421,17,16,3394,11032,33,14426,1.5405443256617339,673.45128612109613,437.15151515151513,0.51515151515151514,0.23526965201719119
r_0b3ac53ca61c415019ef0aab87bae092,Tor browsing,d_1be06ce1b670864df8c500dc82b295ae,1,0,a_e7d8c038c18055500148c5915382bd98,a_e2370a5f48648ec5a5dbdf8b657a0e89,p_87f5325fdbc21a8c051405dc2d05b624,p_3dd478bd944ece2906a0c8e4425f63be,6,20364,22,20,5292,8781,42,14073,2.0624631703005303,691.07248084855621,335.07142857142856,0.52380952380952384,0.37603922404604562
r_31dda19168d8d0bff857b7f380d9997b,Tor browsing,d_1be06ce1b670864df8c500dc82b295ae,1,0,a_e7d8c038c18055500148c5915382bd98,a_69fb0b835452ca85c178bdeaaf11695b,p_a9ed61a58c701ca511475284eedfad26,p_3d01955bb66b778c6aa471c3a2911a0a,6,19407,47,44,16110,21141,91,37251,4.6890297315401659,1919.462049775854,409.35164835164835,0.51648351648351654,0.4324716115003624
r_63959a92f6592b87289c08c87cf72bcf,Tor browsing,d_1be06ce1b670864df8c500dc82b295ae,1,0,a_e7d8c038c18055500148c5915382bd98,a_71394ec0ae14eb2d17f693263a2fab11,p_796202a39d2456397c562f59ac788428,p_e8fa32c526b9b4cdc16418a4dc18e34a,6,17342,31,36,7911,25112,67,33023,3.8634528889401456,1904.2209664398572,492.8805970149254,0.46268656716417911,0.23956030645307816
r_0b63e4ee1772faba4680f5a354a106f4,Tor browsing,d_1be06ce1b670864df8c500dc82b295ae,1,0,a_e7d8c038c18055500148c5915382bd98,a_ea5f06c714544db5521f2016d41bee3a,p_7d6cfa9cc38b9715b397785c1d28f295,p_2313704d6916acc778397dda2b5b461d,6,21482,16,15,3375,10936,31,14311,1.4430686155851411,666.18564379480495,461.64516129032256,0.5161290322580645,0.23583257633987842
r_6b496475cb49696998802154a9b77764,Tor browsing,d_1be06ce1b670864df8c500dc82b295ae,1,0,a_e7d8c038c18055500148c5915382bd98,a_69fb0b835452ca85c178bdeaaf11695b,p_656acde5ec67adf9c688d8e822977117,p_3d01955bb66b778c6aa471c3a2911a0a,6,20466,56,55,19338,22863,111,42201,5.4236294341835238,2062.0052770448547,380.18918918918916,0.50450450450450446,0.45823558683443522
r_d27debe8c39ab8963a22c7edf8759e9d,Tor browsing,d_1be06ce1b670864df8c500dc82b295ae,1,0,a_e7d8c038c18055500148c5915382bd98,a_71394ec0ae14eb2d17f693263a2fab11,p_089c7d69eb099de90a36f8a3dbcea8c3,p_e8fa32c526b9b4cdc16418a4dc18e34a,6,19459,59,59,21615,24594,118,46209,6.0640320674238142,2374.6852356236191,391.60169491525426,0.5,0.46776601960657016
r_208941a44df4705ea55981baf5f6fb3a,Tor browsing,d_1be06ce1b670864df8c500dc82b295ae,1,0,a_e7d8c038c18055500148c5915382bd98,a_d5308d870f75edab56efaf1fc687dcaf,p_69e5b7bf170a01e472447a924e69fa08,p_64eab6039291da87b7bab47109b51546,6,19749,9,0,540,0,9,540,0.45571927692541397,27.343156615524837,60,1,1
r_c1c7cba364eaec0fd170a83d5f05c1c8,Tor browsing,d_1be06ce1b670864df8c500dc82b295ae,1,0,a_e7d8c038c18055500148c5915382bd98,a_71394ec0ae14eb2d17f693263a2fab11,p_9ddd60df0153f1de2925273301ce29c2,p_e8fa32c526b9b4cdc16418a4dc18e34a,6,19597,23,21,7996,9272,44,17268,2.2452416186150939,881.15527886921461,392.45454545454544,0.52272727272727271,0.46305304609682651
r_ed15b6b0b3ee43cbc1d7594cd804c4ff,Tor browsing,d_1be06ce1b670864df8c500dc82b295ae,1,0,a_e7d8c038c18055500148c5915382bd98,a_69fb0b835452ca85c178bdeaaf11695b,p_e6d1c53fd832117bbb607aaec7a872b3,p_3d01955bb66b778c6aa471c3a2911a0a,6,17655,58,56,22021,26075,114,48096,6.4570943075615972,2724.2141036533558,421.89473684210526,0.50877192982456143,0.45785512308715903
r_0ba4b83d896f74f5043b0def6db53e09,Tor browsing,d_1be06ce1b670864df8c500dc82b295ae,1,0,a_e7d8c038c18055500148c5915382bd98,a_e2370a5f48648ec5a5dbdf8b657a0e89,p_9a2e70e246a50b683218a67940ba25c3,p_3dd478bd944ece2906a0c8e4425f63be,6,16653,30,30,8882,12473,60,21355,3.6029544226265542,1282.3515282531678,355.91666666666669,0.5,0.41592132989932101
r_eb77823d361ae0987f83033471b0df61,Tor browsing,d_1be06ce1b670864df8c500dc82b295ae,1,0,a_e7d8c038c18055500148c5915382bd98,a_86911fa4d6ab6ac775fbdcb7365c093d,p_63c573a8f212fddf5d4dd37c3335126e,p_018bddd8ee5d54a934fb83e788d3889a,6,11183,8,0,480,0,8,480,0.71537154609675402,42.922292765805238,60,1,1
r_9ba9fe2eb1098a7f5dca0fdc1c821e05,Tor browsing,d_1be06ce1b670864df8c500dc82b295ae,1,0,a_e7d8c038c18055500148c5915382bd98,a_69fb0b835452ca85c178bdeaaf11695b,p_2de76fb2ad566b0da6f11158d529fb1e,p_3d01955bb66b778c6aa471c3a2911a0a,6,17712,33,29,11164,13481,62,24645,3.5004516711833786,1391.4295392953929,397.5,0.532258064516129,0.45299249340637043
r_f252a3d48fe2b2cd56404cd3210501f0,Tor browsing,d_1be06ce1b670864df8c500dc82b295ae,1,0,a_e7d8c038c18055500148c5915382bd98,a_71394ec0ae14eb2d17f693263a2fab11,p_08a3d6ca293e3c8c550a12d82b093ce4,p_e8fa32c526b9b4cdc16418a4dc18e34a,6,15653,56,53,19819,24182,109,44001,6.9635213697054876,2811.026640260653,403.67889908256882,0.51376146788990829,0.45042158132769711
r_ebc78ad2f822eabf074752b30245194d,Tor browsing,d_1be06ce1b670864df8c500dc82b295ae,1,0,a_e7d8c038c18055500148c5915382bd98,a_e2370a5f48648ec5a5dbdf8b657a0e89,p_c819d9c20abfc734b18cb62ac55afc08,p_3dd478bd944ece2906a0c8e4425f63be,6,13698,20,19,5694,8171,39,13865,2.8471309680245289,1012.1915608117973,355.5128205128205,0.51282051282051277,0.41067435989902634
r_78cbe4efdd6c5dee4f115152413558a1,Tor browsing,d_1be06ce1b670864df8c500dc82b295ae,1,0,a_e7d8c038c18055500148c5915382bd98,a_71394ec0ae14eb2d17f693263a2fab11,p_ddc8252a905c33f9911d72d4b6570929,p_e8fa32c526b9b4cdc16418a4dc18e34a,6,18431,43,40,14913,18234,83,33147,4.5032825131571803,1798.4374152243502,399.36144578313252,0.51807228915662651,0.44990496877545477
r_2e44d98c0fba01f488b7883a2b464d39,Tor browsing,d_1be06ce1b670864df8c500dc82b295ae,1,0,a_e7d8c038c18055500148c5915382bd98,a_69fb0b835452ca85c178bdeaaf11695b,p_5464a6e6367a3f446c3a9fdf056219b3,p_3d01955bb66b778c6aa471c3a2911a0a,6,17440,34,37,10749,14991,71,25740,4.0711009174311927,1475.9174311926604,362.53521126760563,0.47887323943661969,0.41759906759906762
r_109d93de6b8db1f405a87f1d08ae3847,Tor browsing,d_1be06ce1b670864df8c500dc82b295ae,1,0,a_e7d8c038c18055500148c5915382bd98,a_e2370a5f48648ec5a5dbdf8b657a0e89,p_310e1188cbbc6f189360677c591c69a8,p_3dd478bd944ece2906a0c8e4425f63be,6,15432,34,34,10702,14803,68,25505,4.4064282011404874,1652.7345775012959,375.0735294117647,0.5,0.41960399921584002
r_ae3d8a2fe385024c624ee6bf4b90e31a,Tor browsing,d_1be06ce1b670864df8c500dc82b295ae,1,0,a_e7d8c038c18055500148c5915382bd98,a_69fb0b835452ca85c178bdeaaf11695b,p_600ee92474e357503f85a41792a57065,p_3d01955bb66b778c6aa471c3a2911a0a,6,20373,70,82,25345,51949,152,77294,7.4608550532567612,3793.9429637265007,508.51315789473682,0.46052631578947367,0.32790384764664787
r_36e201af0b0256715d22cd21b330db27,Tor browsing,d_1be06ce1b670864df8c500dc82b295ae,1,0,a_e7d8c038c18055500148c5915382bd98,a_71394ec0ae14eb2d17f693263a2fab11,p_5faadd86a238bf7b066d877f10288878,p_e8fa32c526b9b4cdc16418a4dc18e34a,6,19347,58,64,16723,44036,122,60759,6.3058872176564842,3140.4868971933629,498.02459016393442,0.47540983606557374,0.27523494461725834
r_07f4929be969db7d3dfa542ee7e8aa7b,Tor browsing,d_1be06ce1b670864df8c500dc82b295ae,1,0,a_e7d8c038c18055500148c5915382bd98,a_e2370a5f48648ec5a5dbdf8b657a0e89,p_4c20732a62032bb6030731ab06843505,p_3dd478bd944ece2906a0c8e4425f63be,6,17356,23,20,6422,7687,43,14109,2.477529384650841,812.91772297764453,328.11627906976742,0.53488372093023251,0.45517045857254235
r_5536bcab07f66abba9629ca9dd81a48e,Tor browsing,d_1be06ce1b670864df8c500dc82b295ae,1,0,a_e7d8c038c18055500148c5915382bd98,a_ce6f4d7e2bcae8ee8380c8776a11b271,p_41b486df814a40741c13882423dafc7b,p_2313704d6916acc778397dda2b5b461d,6,338,1,1,60,40,2,100,5.9171597633136095,295.85798816568047,50,0.5,0.59999999999999998
r_1d3ccbe90397b27393384939cf22c695,Tor browsing,d_1be06ce1b670864df8c500dc82b295ae,1,0,a_e7d8c038c18055500148c5915382bd98,a_71394ec0ae14eb2d17f693263a2fab11,p_884b39615be61f1a59405d4372867ae5,p_e8fa32c526b9b4cdc16418a4dc18e34a,6,20329,106,115,32527,93490,221,126017,10.871169265581189,6198.8784495056325,570.2126696832579,0.47963800904977377,0.2581159684804431
r_a970e86358a39a00fc7c289687e75dff,Tor browsing,d_1be06ce1b670864df8c500dc82b295ae,1,0,a_e7d8c038c18055500148c5915382bd98,a_69fb0b835452ca85c178bdeaaf11695b,p_6d03f79cee051840cdcaab364a332b77,p_3d01955bb66b778c6aa471c3a2911a0a,6,19378,25,27,7063,10763,52,17826,2.683455464960264,919.90917535349365,342.80769230769232,0.48076923076923078,0.39621900594637049
r_2afbb5534415f6435fe44c5066f4b2e2,Tor browsing,d_1be06ce1b670864df8c500dc82b295ae,1,0,a_e7d8c038c18055500148c5915382bd98,a_450e59d49ff3fa7eaf862bba4f5d3768,p_3f8d5c3d9f8797d172065f3d41adece6,p_3dd478bd944ece2906a0c8e4425f63be,6,21348,18,17,3448,11592,35,15040,1.6394978452314035,704.51564549372313,429.71428571428572,0.51428571428571423,0.22925531914893618
r_54d798749cb33b22ba550fd3231b7c43,Tor browsing,d_1be06ce1b670864df8c500dc82b295ae,1,0,a_e7d8c038c18055500148c5915382bd98,a_69fb0b835452ca85c178bdeaaf11695b,p_3a65b1812a35365c9f9fc3e9422a38e8,p_3d01955bb66b778c6aa471c3a2911a0a,6,20392,53,53,17474,29595,106,47069,5.1981169085916044,2308.2091016084742,444.04716981132077,0.5,0.37124221887016934
r_3a45ce6067b826ddd28a22009bfc5dcb,Tor browsing,d_1be06ce1b670864df8c500dc82b295ae,1,0,a_e7d8c038c18055500148c5915382bd98,a_71394ec0ae14eb2d17f693263a2fab11,p_91ca98d09cb284a534f7b43b470ed3a1,p_e8fa32c526b9b4cdc16418a4dc18e34a,6,17329,57,67,18295,52384,124,70679,7.1556350626118066,4078.6542789543537,569.99193548387098,0.45967741935483869,0.25884633342294033
r_f32b64ede4ab0eefaaa9366ed8a5a1d0,Tor browsing,d_1be06ce1b670864df8c500dc82b295ae,1,0,a_e7d8c038c18055500148c5915382bd98,a_e2370a5f48648ec5a5dbdf8b657a0e89,p_07319552892220eabf15b3984b4f878e,p_3dd478bd944ece2906a0c8e4425f63be,6,11589,31,31,8379,19339,62,27718,5.3499007679696264,2391.750798170679,447.06451612903226,0.5,0.30229453784544341
r_2b499f1ac523189b537f67dece2b7459,Tor browsing,d_1be06ce1b670864df8c500dc82b295ae,1,0,a_e7d8c038c18055500148c5915382bd98,a_838767ae237b031a3400278c3cfa6317,p_5b0e27fb75d4ed0fb32468d627f6d7f1,p_2313704d6916acc778397dda2b5b461d,6,19258,9,0,540,0,9,540,0.46733824903936028,28.040294942361616,60,1,1
r_e7a81996fca341409c87b38e1fbaf406,Tor browsing,d_1be06ce1b670864df8c500dc82b295ae,1,0,a_e7d8c038c18055500148c5915382bd98,a_69fb0b835452ca85c178bdeaaf11695b,p_7c45ccb3c1d6983c619941c1d833dd60,p_3d01955bb66b778c6aa471c3a2911a0a,6,21292,50,50,15308,28447,100,43755,4.6965996618448242,2054.9971820402029,437.55000000000001,0.5,0.34985715918180782
r_63f247b32e41bee66b4b2d94789175de,Tor browsing,d_1be06ce1b670864df8c500dc82b295ae,1,0,a_e7d8c038c18055500148c5915382bd98,a_71394ec0ae14eb2d17f693263a2fab11,p_900120e7f96e1a27e00064c26403ac2e,p_e8fa32c526b9b4cdc16418a4dc18e34a,6,19685,43,40,13351,15106,83,28457,4.2164084328168663,1445.6184912369827,342.85542168674698,0.51807228915662651,0.46916400182731843
r_c7f871de6a80a3f80cb7d76e3d32dbdd,Tor browsing,d_1be06ce1b670864df8c500dc82b295ae,1,0,a_e7d8c038c18055500148c5915382bd98,a_e2370a5f48648ec5a5dbdf8b657a0e89,p_dd2107a47709897dddd5b9072bb9e3cf,p_3dd478bd944ece2906a0c8e4425f63be,6,17699,38,41,9333,28083,79,37416,4.4635290129385838,2114.0177411153172,473.62025316455697,0.48101265822784811,0.24943874278383579
r_376ceb1da2ccd19b0705a91055da2ea8,Tor browsing,d_1be06ce1b670864df8c500dc82b295ae,1,0,a_e7d8c038c18055500148c5915382bd98,a_48e6ee8f6653b5543f3ff18a911215d1,p_e64617403f669f006e6021c63422fe20,p_2313704d6916acc778397dda2b5b461d,6,11194,8,0,480,0,8,480,0.71466857244952653,42.880114346971588,60,1,1
r_bd9adec7bcd9cea61dadb9ee1b650320,Tor browsing,d_1be06ce1b670864df8c500dc82b295ae,1,0,a_e7d8c038c18055500148c5915382bd98,a_69fb0b835452ca85c178bdeaaf11695b,p_863031a8ba1644dde658bbfc6e266d36,p_3d01955bb66b778c6aa471c3a2911a0a,6,17961,45,46,16592,19703,91,36295,5.0665330438171594,2020.7672178609209,398.84615384615387,0.49450549450549453,0.45714285714285713
r_2222335080e8473fc1bc19d4a7951618,Tor browsing,d_1be06ce1b670864df8c500dc82b295ae,1,0,a_e7d8c038c18055500148c5915382bd98,a_71394ec0ae14eb2d17f693263a2fab11,p_df14424190a613e06c4bb1ca573dbc70,p_e8fa32c526b9b4cdc16418a4dc18e34a,6,14920,55,54,19782,24212,109,43994,7.3056300268096512,2948.6595174262734,403.61467889908255,0.50458715596330272,0.44965222530345045
r_907030f7222d700ea917395f48f9fd71,Tor browsing,d_1be06ce1b670864df8c500dc82b295ae,1,0,a_e7d8c038c18055500148c5915382bd98,a_69fb0b835452ca85c178bdeaaf11695b,p_b17cb4214e46e3ddb4a09d215ad0b91e,p_3d01955bb66b778c6aa471c3a2911a0a,6,20436,68,68,34317,31569,136,65886,6.6549226854570369,3224.0164415736936,484.45588235294116,0.5,0.52085420271377836
r_3398ed44439e35a7e93a10170811ba50,Tor browsing,d_1be06ce1b670864df8c500dc82b295ae,1,0,a_e7d8c038c18055500148c5915382bd98,a_71394ec0ae14eb2d17f693263a2fab11,p_83223e0f29cefa9221e939123474bbc7,p_e8fa32c526b9b4cdc16418a4dc18e34a,6,16355,41,40,14198,17720,81,31918,4.9526138795475392,1951.5744420666463,394.04938271604937,0.50617283950617287,0.44482737013597345
r_162c0c1736862a700d94bfe6bbab0bb2,Tor browsing,d_1be06ce1b670864df8c500dc82b295ae,1,0,a_e7d8c038c18055500148c5915382bd98,a_e2370a5f48648ec5a5dbdf8b657a0e89,p_d9ce4a3942e42fffa7fcd94f85e82929,p_3dd478bd944ece2906a0c8e4425f63be,6,12413,21,20,5757,8201,41,13958,3.3029888020623539,1124.4662853460081,340.4390243902439,0.51219512195121952,0.41245164063619427
r_40fa0d3d17acf21be394bf04cbda6813,Tor browsing,d_1be06ce1b670864df8c500dc82b295ae,1,0,a_e7d8c038c18055500148c5915382bd98,a_2da0b63dd4d822d34312faddfd3de2e6,p_340253a76d0206e0b6541f12c276982a,p_2313704d6916acc778397dda2b5b461d,6,239,1,1,60,40,2,100,8.3682008368200833,418.41004184100422,50,0.5,0.59999999999999998
r_89732e8f7e668c24e8cf275736989e68,Tor browsing,d_1be06ce1b670864df8c500dc82b295ae,1,0,a_e7d8c038c18055500148c5915382bd98,a_71394ec0ae14eb2d17f693263a2fab11,p_dd83ebb9ccb6003af71614eb25bfc534,p_e8fa32c526b9b4cdc16418a4dc18e34a,6,20387,30,36,11606,13782,66,25388,3.2373571393535094,1245.30337960465,384.66666666666669,0.45454545454545453,0.45714510792500396
r_11bb4f1cf91284dea7ad44daf2f3bbb3,Tor browsing,d_1be06ce1b670864df8c500dc82b295ae,1,0,a_e7d8c038c18055500148c5915382bd98,a_69fb0b835452ca85c178bdeaaf11695b,p_493bc1e646deb082fce14f88c109710c,p_3d01955bb66b778c6aa471c3a2911a0a,6,19398,63,57,25439,26183,120,51622,6.1862047633776678,2661.2021857923496,430.18333333333334,0.52500000000000002,0.49279377009802022
r_bdf41a62698071ab9061e2e7715c4197,Tor browsing,d_1be06ce1b670864df8c500dc82b295ae,1,0,a_e7d8c038c18055500148c5915382bd98,a_e2370a5f48648ec5a5dbdf8b657a0e89,p_01dd3a6e4ca621387afe2f6e8f92cdc2,p_3dd478bd944ece2906a0c8e4425f63be,6,8970,19,18,5116,8097,37,13213,4.1248606465997764,1473.0211817168338,357.10810810810813,0.51351351351351349,0.38719442972829787
r_13f2d03c8dc5f7688566ed16c70734d1,Tor browsing,d_1be06ce1b670864df8c500dc82b295ae,1,0,a_e7d8c038c18055500148c5915382bd98,a_44109c3d8dabe7ec3133755b354bb99b,p_e92964540b4fa4405eb6341256919e33,p_e805c9d7b1b02a765dbe79d4dc8d4bd7,6,11340,13,11,3080,4951,24,8031,2.1164021164021163,708.20105820105823,334.625,0.54166666666666663,0.38351388370065992
r_9295cf3a7460423b6c4c83b2254f3bdc,Tor browsing,d_1be06ce1b670864df8c500dc82b295ae,1,0,a_e7d8c038c18055500148c5915382bd98,a_71394ec0ae14eb2d17f693263a2fab11,p_60051ec57c1ad2966462c2df62e76fb8,p_e8fa32c526b9b4cdc16418a4dc18e34a,6,10328,23,23,6980,9398,46,16378,4.4539116963594116,1585.7862122385748,356.04347826086956,0.5,0.42618146293808767
r_fca39fa1519f689a2177ce02d40d1b02,Tor browsing,d_1be06ce1b670864df8c500dc82b295ae,1,0,a_e7d8c038c18055500148c5915382bd98,a_69fb0b835452ca85c178bdeaaf11695b,p_3a7e10cb1ca2a0d8591ef27d17cdfafe,p_3d01955bb66b778c6aa471c3a2911a0a,6,9368,31,26,10532,11225,57,21757,6.0845431255337319,2322.4807856532875,381.70175438596493,0.54385964912280704,0.48407409109711819
r_37e356a5af9e28c4b65d2e28c4495d1d,Tor browsing,d_1be06ce1b670864df8c500dc82b295ae,1,0,a_e7d8c038c18055500148c5915382bd98,a_bad74814281a629b802607e1cfb804ff,p_0364063eb4eb03f47db0c19afa69c8c3,p_3257404394153b8e93ea83a444bf5577,6,18929,15,11,3287,5073,26,8360,1.3735538063289134,441.65037772729676,321.53846153846155,0.57692307692307687,0.39318181818181819
r_1058609711acd9d78580f923a565151b,Tor browsing,d_1be06ce1b670864df8c500dc82b295ae,1,0,a_e7d8c038c18055500148c5915382bd98,a_69fb0b835452ca85c178bdeaaf11695b,p_4309991e794a6f0d6b579b29d00eb522,p_3d01955bb66b778c6aa471c3a2911a0a,6,17955,44,41,15542,20505,85,36047,4.7340573656363132,2007.6301865775552,424.08235294117645,0.51764705882352946,0.43115931977695787
r_df9f6313c626fea4b0965c1ead791c0a,Tor browsing,d_1be06ce1b670864df8c500dc82b295ae,1,0,a_e7d8c038c18055500148c5915382bd98,a_71394ec0ae14eb2d17f693263a2fab11,p_262fb4e5189abe9c1b96681b6faf2b04,p_e8fa32c526b9b4cdc16418a4dc18e34a,6,16896,68,66,20531,38956,134,59487,7.9308712121212119,3520.7741477272725,443.93283582089555,0.5074626865671642,0.34513423100845564
r_2e3ce3e9e6ef26b207b0fe6900f589a3,Tor browsing,d_1be06ce1b670864df8c500dc82b295ae,1,0,a_e7d8c038c18055500148c5915382bd98,a_e2370a5f48648ec5a5dbdf8b657a0e89,p_7f81b4d2ca1dd06093e9a564d5f919cf,p_3dd478bd944ece2906a0c8e4425f63be,6,6915,17,19,5023,7657,36,12680,5.2060737527114966,1833.6948662328273,352.22222222222223,0.47222222222222221,0.39613564668769718
r_8299246e624f5f25aef11248a59990a9,Tor browsing,d_1be06ce1b670864df8c500dc82b295ae,1,0,a_e7d8c038c18055500148c5915382bd98,a_71394ec0ae14eb2d17f693263a2fab11,p_1b4bad17d9ce90399668d05b18517939,p_e8fa32c526b9b4cdc16418a4dc18e34a,6,18131,78,76,30582,36010,154,66592,8.4937400033092487,3672.825547404997,432.41558441558442,0.50649350649350644,0.45924435367611727
r_7d885c4103ff7b2886bb203cae3743b7,Tor browsing,d_1be06ce1b670864df8c500dc82b295ae,1,0,a_6a7d725e323045aa38ee40170a6b9ac7,a_f996ba757d02cdb550a8ef4f77976cdc,p_17aa210dda7d507fd2f6f3b3f3f59749,p_17aa210dda7d507fd2f6f3b3f3f59749,58,0,1,0,48,0,1,48,,,48,1,1
r_f57e4ce023f87b1514ee0e9833be8494,Tor browsing,d_1be06ce1b670864df8c500dc82b295ae,1,0,a_e7d8c038c18055500148c5915382bd98,a_69fb0b835452ca85c178bdeaaf11695b,p_3b627673bb9ff50aa123071e0813d6f0,p_3d01955bb66b778c6aa471c3a2911a0a,6,8186,21,19,6326,8203,40,14529,4.8863913999511359,1774.8595162472513,363.22500000000002,0.52500000000000002,0.43540505196503543
r_32ab3bc68b4dc296dca31aa1d7aa38a1,Tor browsing,d_1be06ce1b670864df8c500dc82b295ae,1,0,a_e7d8c038c18055500148c5915382bd98,a_b2ce6218e704befe601e07edc341da1d,p_0045ef6e77d12f4e25c699f4665f76b0,p_2313704d6916acc778397dda2b5b461d,6,11204,8,0,480,0,8,480,0.71403070332024277,42.841842199214561,60,1,1
r_701703a12a32c3c791d33c342d4c8092,Tor browsing,d_1be06ce1b670864df8c500dc82b295ae,1,0,a_e7d8c038c18055500148c5915382bd98,a_71394ec0ae14eb2d17f693263a2fab11,p_2562ad248366dc8fb235ebf5a63640de,p_e8fa32c526b9b4cdc16418a4dc18e34a,6,18637,53,52,18652,22030,105,40682,5.6339539625476203,2182.8620486129739,387.44761904761907,0.50476190476190474,0.45848286711567771
r_5f54429a10e69b757dc26e170d7c5ef9,Tor browsing,d_1be06ce1b670864df8c500dc82b295ae,1,0,a_e7d8c038c18055500148c5915382bd98,a_e2370a5f48648ec5a5dbdf8b657a0e89,p_51861855c195f5527eabb37e75d7a003,p_3dd478bd944ece2906a0c8e4425f63be,6,17665,27,24,7683,10017,51,17700,2.8870648174356073,1001.9813189923578,347.05882352941177,0.52941176470588236,0.43406779661016948
r_17f3742c6db35cfdb0e96f1d2c356706,Tor browsing,d_1be06ce1b670864df8c500dc82b295ae,1,0,a_e7d8c038c18055500148c5915382bd98,a_69fb0b835452ca85c178bdeaaf11695b,p_000945c905fb262ecff24a4793cced69,p_3d01955bb66b778c6aa471c3a2911a0a,6,14688,36,34,11352,14813,70,26165,4.7657952069716778,1781.3861655773419,373.78571428571428,0.51428571428571423,0.43386202942862601
r_eb589e3fcaa68cd151269cecb331e78a,Tor browsing,d_1be06ce1b670864df8c500dc82b295ae,1,0,a_e7d8c038c18055500148c5915382bd98,a_692d9816428e3e6025388ebb468afe2c,p_434c690d4ea35bec7d05b86c1bd7149b,p_3257404394153b8e93ea83a444bf5577,6,19482,17,14,3223,8162,31,11385,1.5912124011908428,584.38558669541112,367.25806451612902,0.54838709677419351,0.28309178743961355
r_66e0a1046e0005848d52d5ee0d253d36,Tor browsing,d_1be06ce1b670864df8c500dc82b295ae,1,0,a_e7d8c038c18055500148c5915382bd98,a_69fb0b835452ca85c178bdeaaf11695b,p_1fe2428ce24b9c52fbb94dfc849c3023,p_3d01955bb66b778c6aa471c3a2911a0a,6,18541,77,73,28368,30425,150,58793,8.0901785232727459,3170.9724394584973,391.95333333333332,0.51333333333333331,0.48250642083241202
r_e208fdeed2eef0950a966d17f8e063ec,Tor browsing,d_1be06ce1b670864df8c500dc82b295ae,1,0,a_e7d8c038c18055500148c5915382bd98,a_71394ec0ae14eb2d17f693263a2fab11,p_86761105a7030de4b55211e445b251a6,p_e8fa32c526b9b4cdc16418a4dc18e34a,6,15480,40,34,12629,15822,74,28451,4.7803617571059434,1837.9198966408269,384.47297297297297,0.54054054054054057,0.44388597940318442
r_5a6fc561b44fe9f7f709159f8f7b0c1c,Tor browsing,d_1be06ce1b670864df8c500dc82b295ae,1,0,a_e7d8c038c18055500148c5915382bd98,a_e2370a5f48648ec5a5dbdf8b657a0e89,p_db671006271b044fa97807ad7533960c,p_3dd478bd944ece2906a0c8e4425f63be,6,4494,14,14,3277,5789,28,9066,6.230529595015577,2017.3564753004007,323.78571428571428,0.5,0.36146040150011033
r_945506d7082fa6237e39e8881fa685c0,Tor browsing,d_1be06ce1b670864df8c500dc82b295ae,1,0,a_e7d8c038c18055500148c5915382bd98,a_71394ec0ae14eb2d17f693263a2fab11,p_af4ac73c9d09c4eba24f994ced228055,p_e8fa32c526b9b4cdc16418a4dc18e34a,6,19673,32,30,10102,11884,62,21986,3.1515274742032231,1117.5723072230978,354.61290322580646,0.5161290322580645,0.45947421086145729
r_976944a59f5fdfe47eed724c15627533,Tor browsing,d_1be06ce1b670864df8c500dc82b295ae,1,0,a_e7d8c038c18055500148c5915382bd98,a_e2370a5f48648ec5a5dbdf8b657a0e89,p_e27b355c08ebccf11002c52d7a93ee6e,p_3dd478bd944ece2906a0c8e4425f63be,6,18684,19,16,4065,6429,35,10494,1.8732605437807748,561.65703275529859,299.82857142857142,0.54285714285714282,0.38736420811892508
r_40dd38bdefa801ba25e7e3215cea0189,Tor browsing,d_1be06ce1b670864df8c500dc82b295ae,1,0,a_e7d8c038c18055500148c5915382bd98,a_69fb0b835452ca85c178bdeaaf11695b,p_898e5a63668a409da8ee075fdf11a931,p_3d01955bb66b778c6aa471c3a2911a0a,6,17735,68,63,26238,30651,131,56889,7.3865238229489716,3207.7248378911759,434.26717557251908,0.51908396946564883,0.46121394294151769
r_53709100859dd7190ac616bec7d98c6c,Tor browsing,d_1be06ce1b670864df8c500dc82b295ae,1,0,a_e7d8c038c18055500148c5915382bd98,a_a860a3ab38b6d88c74540aa046f9aac4,p_ee63d36de74eeb0c09cdb9d554288b15,p_2313704d6916acc778397dda2b5b461d,6,19428,16,16,3347,11005,32,14352,1.6471072678608194,738.72760963557744,448.5,0.5,0.23320791527313267
r_1008e1a803bd8ea4cdc863e1507939a2,Tor browsing,d_1be06ce1b670864df8c500dc82b295ae,1,0,a_e7d8c038c18055500148c5915382bd98,a_71394ec0ae14eb2d17f693263a2fab11,p_2bf7efc4f53f5d1d87e35e1bd57c90fd,p_e8fa32c526b9b4cdc16418a4dc18e34a,6,18425,46,53,16672,20496,99,37168,5.3731343283582085,2017.2591587516961,375.43434343434342,0.46464646464646464,0.44855789926818768
r_12a5b5157f5723456d5be7e40d66ac1c,Tor browsing,d_1be06ce1b670864df8c500dc82b295ae,1,0,a_e7d8c038c18055500148c5915382bd98,a_e2370a5f48648ec5a5dbdf8b657a0e89,p_3bee79d9c8ce76429c935aaa40d7ec89,p_3dd478bd944ece2906a0c8e4425f63be,6,17463,25,29,8635,11885,54,20520,3.0922521903453015,1175.0558323312146,380,0.46296296296296297,0.42080896686159847
r_690b79df77a52482777e4a75880b54e9,Tor browsing,d_1be06ce1b670864df8c500dc82b295ae,1,0,a_e7d8c038c18055500148c5915382bd98,a_69fb0b835452ca85c178bdeaaf11695b,p_61a6c7f6ee2eb065208b6b40486f77cf,p_3d01955bb66b778c6aa471c3a2911a0a,6,16483,35,36,10774,14695,71,25469,4.3074683006734213,1545.1677485894556,358.71830985915494,0.49295774647887325,0.42302406847540147
r_f6b0756ec98c41d0bf9207d58cd318da,Tor browsing,d_1be06ce1b670864df8c500dc82b295ae,1,0,a_e7d8c038c18055500148c5915382bd98,a_ea056490bff4bd79c075dea582a877d5,p_b60b143e9aa03d3c887d3fb8c1ca83e0,p_2313704d6916acc778397dda2b5b461d,6,11379,16,12,3345,6173,28,9518,2.46067316987433,836.45311538799547,339.92857142857144,0.5714285714285714,0.35143937802059255
r_5340616960cc67f673ed50432b9db2ab,Tor browsing,d_1be06ce1b670864df8c500dc82b295ae,1,0,a_e7d8c038c18055500148c5915382bd98,a_71394ec0ae14eb2d17f693263a2fab11,p_b17cb4214e46e3ddb4a09d215ad0b91e,p_e8fa32c526b9b4cdc16418a4dc18e34a,6,10317,21,19,5808,7582,40,13390,3.8770960550547637,1297.8579044295823,334.75,0.52500000000000002,0.43375653472740849
r_0207e415955d14dbadbf99c223d25291,Tor browsing,d_1be06ce1b670864df8c500dc82b295ae,1,0,a_e7d8c038c18055500148c5915382bd98,a_69fb0b835452ca85c178bdeaaf11695b,p_b718c79427263c44c3f3bee81972c94a,p_3d01955bb66b778c6aa471c3a2911a0a,6,9365,24,19,6997,9253,43,16250,4.5915643352909772,1735.1841964762414,377.90697674418607,0.55813953488372092,0.4305846153846154
r_7b0fbf932058bd620cc43b91141ea882,Tor browsing,d_1be06ce1b670864df8c500dc82b295ae,1,0,a_e7d8c038c18055500148c5915382bd98,a_893243e5083f322d109d866089bf6995,p_e58a25046a1a41532e9548ba42e958e5,p_3919451a0dfaecc18e4c3b5d9eae72c2,6,21391,15,14,3307,8325,29,11632,1.3557103454723951,543.78009443223789,401.10344827586209,0.51724137931034486,0.2843019257221458
r_6f0d0c8ca19baab90fcd85fc04508b8b,Tor browsing,d_1be06ce1b670864df8c500dc82b295ae,1,0,a_e7d8c038c18055500148c5915382bd98,a_71394ec0ae14eb2d17f693263a2fab11,p_2b3c23a45537023e055dbec5765f6f33,p_e8fa32c526b9b4cdc16418a4dc18e34a,6,20326,64,66,23979,28108,130,52087,6.3957492866279644,2562.579946866083,400.66923076923075,0.49230769230769234,0.46036439034691956
r_697f5fbe5605b1a239d368a0118bf246,Tor browsing,d_1be06ce1b670864df8c500dc82b295ae,1,0,a_e7d8c038c18055500148c5915382bd98,a_69fb0b835452ca85c178bdeaaf11695b,p_b0a9af9c5bcad0365561d1a2093efe40,p_3d01955bb66b778c6aa471c3a2911a0a,6,19034,44,40,13897,16231,84,30128,4.413155406115373,1582.8517389933804,358.66666666666669,0.52380952380952384,0.46126526818906
r_9ba1e6bc119c2aed5f872f2b0a4b73cb,Tor browsing,d_1be06ce1b670864df8c500dc82b295ae,1,0,a_e7d8c038c18055500148c5915382bd98,a_40840f253c515929f8cb7b1d4ff4c2e9,p_8d61f5f15c8b5ea5630d8d6bfa8195b2,p_2313704d6916acc778397dda2b5b461d,6,20476,18,17,3445,11602,35,15047,1.709318226216058,734.86032428208637,429.91428571428571,0.51428571428571423,0.22894929221771781
r_a9185cc1a01b6647fce0d8845616fa09,Tor browsing,d_1be06ce1b670864df8c500dc82b295ae,1,0,a_e7d8c038c18055500148c5915382bd98,a_71394ec0ae14eb2d17f693263a2fab11,p_3d7e735b16b9993e5ca8b22edc00edb6,p_e8fa32c526b9b4cdc16418a4dc18e34a,6,19506,59,61,23162,28328,120,51490,6.1519532451553367,2639.7006049420693,429.08333333333331,0.49166666666666664,0.44983491940182557
r_f5679f70afae05e5c1ffb74a6207048c,Tor browsing,d_1be06ce1b670864df8c500dc82b295ae,1,0,a_e7d8c038c18055500148c5915382bd98,a_69fb0b835452ca85c178bdeaaf11695b,p_94e9c71bbb7bc62b5dfb79fddb00c427,p_3d01955bb66b778c6aa471c3a2911a0a,6,17565,41,40,13768,16253,81,30021,4.6114432109308279,1709.1374893253628,370.62962962962962,0.50617283950617287,0.45861230472002934
r_3cd2484249a2787afe1c336187cb75fe,Tor browsing,d_1be06ce1b670864df8c500dc82b295ae,1,0,a_e7d8c038c18055500148c5915382bd98,a_69fb0b835452ca85c178bdeaaf11695b,p_df7aaf5eea4c686768be8986eb274bd7,p_3d01955bb66b778c6aa471c3a2911a0a,6,14945,43,40,12246,18811,83,31057,5.5536968885915021,2078.0863164938105,374.18072289156629,0.51807228915662651,0.39430724152365004
r_8d10c2148c6b52e0248627b4a19dc64b,Tor browsing,d_1be06ce1b670864df8c500dc82b295ae,1,0,a_e7d8c038c18055500148c5915382bd98,a_e2370a5f48648ec5a5dbdf8b657a0e89,p_a58b9d5c90088d1f51013742a2edf343,p_3dd478bd944ece2906a0c8e4425f63be,6,13908,18,17,4551,5945,35,10496,2.5165372447512224,754.67356916882375,299.8857142857143,0.51428571428571423,0.43359375
r_f253f304022fa511b9430d5f0b1e0a08,Tor browsing,d_1be06ce1b670864df8c500dc82b295ae,1,0,a_e7d8c038c18055500148c5915382bd98,a_71394ec0ae14eb2d17f693263a2fab11,p_f511c681c12b917f6148ade94428679c,p_e8fa32c526b9b4cdc16418a4dc18e34a,6,11872,46,44,11865,29728,90,41593,7.5808625336927227,3503.4535040431269,462.14444444444445,0.51111111111111107,0.28526434736614337
r_6f8722075d3ebbf3d3f903a97f62c03d,Tor browsing,d_1be06ce1b670864df8c500dc82b295ae,1,0,a_e7d8c038c18055500148c5915382bd98,a_16320838a47ee1ecc3b078d4880a5c10,p_797d89de736ebfd892a96c045ffc493e,p_2313704d6916acc778397dda2b5b461d,6,19254,9,0,540,0,9,540,0.46743533811156118,28.046120286693672,60,1,1
r_619d4d525a25f649b8682acb5ef87f65,Tor browsing,d_1be06ce1b670864df8c500dc82b295ae,1,0,a_e7d8c038c18055500148c5915382bd98,a_71394ec0ae14eb2d17f693263a2fab11,p_62289977f7cd5ae32557a24bc9d92814,p_e8fa32c526b9b4cdc16418a4dc18e34a,6,18860,70,64,26923,31678,134,58601,7.1049840933191941,3107.1580063626725,437.32089552238807,0.52238805970149249,0.45942901998259417
r_e786ee8eb9ca47464f1739c7c736c96e,Tor browsing,d_1be06ce1b670864df8c500dc82b295ae,1,0,a_e7d8c038c18055500148c5915382bd98,a_69fb0b835452ca85c178bdeaaf11695b,p_6aa7981598ff0a2dd1ceb40d5392b8b5,p_3d01955bb66b778c6aa471c3a2911a0a,6,16862,32,31,10095,12291,63,22386,3.7362116000474441,1327.6005218835253,355.33333333333331,0.50793650793650791,0.45095148753685338
r_9f5a9988bff9a64624f6a0643fee14a1,Tor browsing,d_1be06ce1b670864df8c500dc82b295ae,1,0,a_e7d8c038c18055500148c5915382bd98,a_69fb0b835452ca85c178bdeaaf11695b,p_b364915d4bf6fcefdd2c634d25db7c9c,p_3d01955bb66b778c6aa471c3a2911a0a,6,19308,60,54,20555,22253,114,42808,5.9042883778744564,2217.1120778951731,375.50877192982455,0.52631578947368418,0.48016725845636332
r_2995a0a83b21eb0c16e8727cccdb3bb3,Tor browsing,d_1be06ce1b670864df8c500dc82b295ae,1,0,a_e7d8c038c18055500148c5915382bd98,a_71394ec0ae14eb2d17f693263a2fab11,p_58518e92e33a6aae3e228aab5ae94d7c,p_e8fa32c526b9b4cdc16418a4dc18e34a,6,17216,58,58,20505,24464,116,44969,6.7379182156133828,2612.0469330855017,387.66379310344826,0.5,0.45598078676421533
r_321fdb9f5d783a3842317c817158c30a,Tor browsing,d_1be06ce1b670864df8c500dc82b295ae,1,0,a_e7d8c038c18055500148c5915382bd98,a_e2370a5f48648ec5a5dbdf8b657a0e89,p_c17456190665d51e0be65068cd179341,p_3dd478bd944ece2906a0c8e4425f63be,6,7228,18,18,5093,7605,36,12698,4.9806308799114554,1756.7791920309905,352.72222222222223,0.5,0.40108678532052294
r_32d196ec124f23105e6e23085f1877b8,Tor browsing,d_1be06ce1b670864df8c500dc82b295ae,1,0,a_e7d8c038c18055500148c5915382bd98,a_0cab75a85066ac07aecb959b1d69389d,p_7c38f2f15f255c1d1c187ef4e9284291,p_2313704d6916acc778397dda2b5b461d,6,11207,8,0,480,0,8,480,0.71383956455786557,42.830373873471935,60,1,1
r_1e5c5bd9ace5c3050377ea151bf8ff41,Tor browsing,d_1be06ce1b670864df8c500dc82b295ae,1,0,a_e7d8c038c18055500148c5915382bd98,a_69fb0b835452ca85c178bdeaaf11695b,p_009d45860fc5c973185132cb0a2fe4b8,p_3d01955bb66b778c6aa471c3a2911a0a,6,18450,25,23,7027,9975,48,17002,2.6016260162601625,921.51761517615182,354.20833333333331,0.52083333333333337,0.4133043171391601
r_2b12b9de359842b852b2ff112a2530a0,Tor browsing,d_1be06ce1b670864df8c500dc82b295ae,1,0,a_e7d8c038c18055500148c5915382bd98,a_71394ec0ae14eb2d17f693263a2fab11,p_29905ae3150195eb84ab92b3048447d9,p_e8fa32c526b9b4cdc16418a4dc18e34a,6,17432,75,73,31400,34346,148,65746,8.4901330885727404,3771.5695273061042,444.22972972972974,0.5067567567567568,0.47759559516928785
r_29cfb8021c058ec9a1521088b98726b7,Tor browsing,d_1be06ce1b670864df8c500dc82b295ae,1,0,a_e7d8c038c18055500148c5915382bd98,a_8dddc3650faabc8fca61d2758620e52b,p_44db9ae7dca11e27a4b531695cb17c97,p_2313704d6916acc778397dda2b5b461d,6,11210,8,0,480,0,8,480,0.71364852809991075,42.818911685994642,60,1,1
r_5311f41880153951d52508aabdb10d1b,Tor browsing,d_1be06ce1b670864df8c500dc82b295ae,1,0,a_e7d8c038c18055500148c5915382bd98,a_71394ec0ae14eb2d17f693263a2fab11,p_74b4d1bfdd8510cf991d13882f83e7e8,p_e8fa32c526b9b4cdc16418a4dc18e34a,6,17367,38,36,13561,17982,74,31543,4.2609546841711285,1816.2607243622963,426.25675675675677,0.51351351351351349,0.42992106014012615
r_245f32fa557dda3c679cba455979e528,Tor browsing,d_1be06ce1b670864df8c500dc82b295ae,1,0,a_e7d8c038c18055500148c5915382bd98,a_69fb0b835452ca85c178bdeaaf11695b,p_2cc6804cdde705c950744e7d876a7cb4,p_3d01955bb66b778c6aa471c3a2911a0a,6,15422,46,50,11337,34303,96,45640,6.2248735572558678,2959.4086370120604,475.41666666666669,0.47916666666666669,0.24840052585451358
r_63950a49907edfb0435fb33a195b62f9,Tor browsing,d_1be06ce1b670864df8c500dc82b295ae,1,0,a_e7d8c038c18055500148c5915382bd98,a_8dddc3650faabc8fca61d2758620e52b,p_189eaa8bb4f47b34797e493b921c148a,p_2313704d6916acc778397dda2b5b461d,6,19409,9,0,540,0,9,540,0.46370240610026281,27.822144366015767,60,1,1
r_ceb5a50560089d85de0f35ee2b846ff9,Tor browsing,d_1be06ce1b670864df8c500dc82b295ae,1,0,a_e7d8c038c18055500148c5915382bd98,a_71394ec0ae14eb2d17f693263a2fab11,p_f1e3b610e8ae219bea2e60b6d2cd49a1,p_e8fa32c526b9b4cdc16418a4dc18e34a,6,18773,59,62,21597,26816,121,48413,6.4454269429499815,2578.8632610664254,400.10743801652893,0.48760330578512395,0.44609918823456507
r_a8149065527537e2c4fece73c833780d,Tor browsing,d_1be06ce1b670864df8c500dc82b295ae,1,0,a_e7d8c038c18055500148c5915382bd98,a_69fb0b835452ca85c178bdeaaf11695b,p_b0cf4302303b5ad4d0679968b7c660a4,p_3d01955bb66b778c6aa471c3a2911a0a,6,16838,46,45,15075,18065,91,33140,5.4044423328186246,1968.1672407649364,364.17582417582418,0.50549450549450547,0.45488835244417625
r_f6c8e7f0f5fbb0d06fcf0b2ee4ee5fc9,Tor browsing,d_1be06ce1b670864df8c500dc82b295ae,1,0,a_e7d8c038c18055500148c5915382bd98,a_d190484c8ea30b97fcb6b3107a5a128d,p_de1c9f2cbd3500b9df8c3d60e5780e74,p_3dd478bd944ece2906a0c8e4425f63be,6,11356,14,15,3269,10940,29,14209,2.5537160972173303,1251.2328284607256,489.9655172413793,0.48275862068965519,0.23006545147441762
r_17afaf40ce802b082a7d1eda888be018,Tor browsing,d_1be06ce1b670864df8c500dc82b295ae,1,0,a_e7d8c038c18055500148c5915382bd98,a_e2370a5f48648ec5a5dbdf8b657a0e89,p_723c30a09a9bbb3e5aeda8fee824af84,p_3dd478bd944ece2906a0c8e4425f63be,6,10368,20,17,5681,7531,37,13212,3.5686728395061729,1274.3055555555554,357.08108108108109,0.54054054054054057,0.42998788979715408
r_1ed6fe4e487ecab331edaad85ad67e7e,Tor browsing,d_1be06ce1b670864df8c500dc82b295ae,1,0,a_e7d8c038c18055500148c5915382bd98,a_71394ec0ae14eb2d17f693263a2fab11,p_0b68f7cdbb21e251632b75932633e195,p_e8fa32c526b9b4cdc16418a4dc18e34a,6,8332,22,17,6874,9064,39,15938,4.6807489198271721,1912.866058569371,408.66666666666669,0.5641025641025641,0.43129627305810014
r_b07fa2e9e98ba9d538ad589113ece869,Tor browsing,d_1be06ce1b670864df8c500dc82b295ae,1,0,a_e7d8c038c18055500148c5915382bd98,a_86911fa4d6ab6ac775fbdcb7365c093d,p_cb66f7ded52ae6e01dead1a5b679f97d,p_018bddd8ee5d54a934fb83e788d3889a,6,19323,9,0,540,0,9,540,0.46576618537494174,27.945971122496506,60,1,1
r_4700ada6aecb4972ee0088fc646fd4fd,Tor browsing,d_1be06ce1b670864df8c500dc82b295ae,1,0,a_e7d8c038c18055500148c5915382bd98,a_69fb0b835452ca85c178bdeaaf11695b,p_0e9f49e9232d27d33ebdc39222ec4345,p_3d01955bb66b778c6aa471c3a2911a0a,6,19892,44,42,16548,20589,86,37137,4.3233460687713654,1866.9314297204908,431.82558139534882,0.51162790697674421,0.44559334356571612
r_0816e96dccaebb48d5ea48c63aad60f4,Tor browsing,d_1be06ce1b670864df8c500dc82b295ae,1,0,a_e7d8c038c18055500148c5915382bd98,a_71394ec0ae14eb2d17f693263a2fab11,p_54061485da88f116cc723319cf61716c,p_e8fa32c526b9b4cdc16418a4dc18e34a,6,17892,58,64,20433,48258,122,68691,6.8186899172814668,3839.2018779342725,563.04098360655735,0.47540983606557374,0.29746254967899727
r_a5ea28f0c91011ff1008f091432a733c,Tor browsing,d_1be06ce1b670864df8c500dc82b295ae,1,0,a_e7d8c038c18055500148c5915382bd98,a_e2370a5f48648ec5a5dbdf8b657a0e89,p_db9bd6b01bbaca75f20061a09a1061ee,p_3dd478bd944ece2906a0c8e4425f63be,6,11888,34,38,7549,26519,72,34068,6.0565275908479137,2865.7469717362046,473.16666666666669,0.47222222222222221,0.22158623928613361
r_af72f5301dfda57897e722fc6b8b7074,Tor browsing,d_1be06ce1b670864df8c500dc82b295ae,1,0,a_e7d8c038c18055500148c5915382bd98,a_0ddcb392b31a5465913844470f9d96e8,p_1aa7c4c9c2b1fefbcdc3b8691942f2b7,p_2313704d6916acc778397dda2b5b461d,6,16102,17,15,3434,10960,32,14394,1.9873307663644268,893.9262203452987,449.8125,0.53125,0.23857162706683341
r_fbb79970771069bc10cf1ac692b94bc5,Tor browsing,d_1be06ce1b670864df8c500dc82b295ae,1,0,a_e7d8c038c18055500148c5915382bd98,a_69fb0b835452ca85c178bdeaaf11695b,p_fc1d519823fae8b44bdbfed5b8436622,p_3d01955bb66b778c6aa471c3a2911a0a,6,15126,57,60,17770,37055,117,54825,7.7350257834192782,3624.5537485124951,468.58974358974359,0.48717948717948717,0.32412220702234384
r_1576e7ba30650cbd6205d0c246366023,Tor browsing,d_1be06ce1b670864df8c500dc82b295ae,1,0,a_e7d8c038c18055500148c5915382bd98,a_71394ec0ae14eb2d17f693263a2fab11,p_cbb876865af2bfa7fac6409792c4f196,p_e8fa32c526b9b4cdc16418a4dc18e34a,6,13080,28,26,7204,13732,54,20936,4.1284403669724767,1600.611620795107,387.7037037037037,0.51851851851851849,0.34409629346580056
r_45ab632a18b276af82a7fbe8c4cae0ec,Tor browsing,d_1be06ce1b670864df8c500dc82b295ae,1,0,a_e7d8c038c18055500148c5915382bd98,a_f25159fbb0831b4c302c6e345dec53d5,p_01040292dc6d7b7af933abb7375abf69,p_e2a4a4bf9c74500e61f176db310c2961,6,19215,20,23,3560,11424,43,14984,2.2378350247202707,779.80744210252408,348.46511627906978,0.46511627906976744,0.23758675920982381
r_c9d6d8c156c300d22f0c05ec2887d951,Tor browsing,d_1be06ce1b670864df8c500dc82b295ae,1,0,a_e7d8c038c18055500148c5915382bd98,a_71394ec0ae14eb2d17f693263a2fab11,p_8cbbb6796ad2a0e5efd205626e6db111,p_e8fa32c526b9b4cdc16418a4dc18e34a,6,18185,60,59,20593,24560,119,45153,6.5438548254055542,2482.9804784162775,379.43697478991595,0.50420168067226889,0.4560715788541182
r_841b051f68b87a45339d15639ee596b8,Tor browsing,d_1be06ce1b670864df8c500dc82b295ae,1,0,a_e7d8c038c18055500148c5915382bd98,a_69fb0b835452ca85c178bdeaaf11695b,p_ab1872fbd9211de0dec439d65ebadc58,p_3d01955bb66b778c6aa471c3a2911a0a,6,17250,45,46,15038,18631,91,33669,5.27536231884058,1951.8260869565217,369.98901098901098,0.49450549450549453,0.44664231191897591
r_8a40a521a73cdbc571f431121093737c,Tor browsing,d_1be06ce1b670864df8c500dc82b295ae,1,0,a_e7d8c038c18055500148c5915382bd98,a_71394ec0ae14eb2d17f693263a2fab11,p_696e96382fc5e5c2cfa0b2fd8d93a618,p_e8fa32c526b9b4cdc16418a4dc18e34a,6,18029,68,64,28998,32772,132,61770,7.3215375228798045,3426.1467635476179,467.95454545454544,0.51515151515151514,0.46945118989800877
r_4f0635d215a7942dce62a57d3a7b70c7,Tor browsing,d_1be06ce1b670864df8c500dc82b295ae,1,0,a_e7d8c038c18055500148c5915382bd98,a_e2370a5f48648ec5a5dbdf8b657a0e89,p_c6764d7925ca07ba18df17d9083462c4,p_3dd478bd944ece2906a0c8e4425f63be,6,13078,18,15,4537,5841,33,10378,2.5233216088086863,793.54641382474392,314.4848484848485,0.54545454545454541,0.43717479283098865
r_a8616fc3350c8804cb39a07a6afa5f32,Tor browsing,d_1be06ce1b670864df8c500dc82b295ae,1,0,a_e7d8c038c18055500148c5915382bd98,a_69fb0b835452ca85c178bdeaaf11695b,p_835d447f7d5838814eda848e5c86af58,p_3d01955bb66b778c6aa471c3a2911a0a,6,9089,24,20,6936,9819,44,16755,4.8410166134888328,1843.437121795577,380.79545454545456,0.54545454545454541,0.41396598030438675
r_369df50787c80946719d4488babf3994,Tor browsing,d_1be06ce1b670864df8c500dc82b295ae,1,0,a_e7d8c038c18055500148c5915382bd98,a_c1611769dc77d79f706dac42a9408c82,p_2e6960f1acf40cfa19e490a0338bedbe,p_2313704d6916acc778397dda2b5b461d,6,19576,9,0,540,0,9,540,0.45974662852472414,27.58479771148345,60,1,1
r_afe4028f485818c02cc29ddb44c72698,Tor browsing,d_1be06ce1b670864df8c500dc82b295ae,1,0,a_e7d8c038c18055500148c5915382bd98,a_71394ec0ae14eb2d17f693263a2fab11,p_85049c9b72abfb10813692ebf17c6aa9,p_e8fa32c526b9b4cdc16418a4dc18e34a,6,20335,41,44,14845,17906,85,32751,4.179985247110892,1610.5729038603392,385.30588235294118,0.4823529411764706,0.45326860248542028
r_cf0729d55d9bd3ff809b4ed256537f5c,Tor browsing,d_1be06ce1b670864df8c500dc82b295ae,1,0,a_e7d8c038c18055500148c5915382bd98,a_69fb0b835452ca85c178bdeaaf11695b,p_056ad7335b959545a49054264819b6fc,p_3d01955bb66b778c6aa471c3a2911a0a,6,19390,74,78,30310,33049,152,63359,7.839092315626611,3267.6121712222794,416.83552631578948,0.48684210526315791,0.4783850755220253
r_774e6fa36f2ee3c26b948af0349724dc,Tor browsing,d_1be06ce1b670864df8c500dc82b295ae,1,0,a_e7d8c038c18055500148c5915382bd98,a_8ddbb68f650f9fd4ae6f810aa9f10bad,p_6647d31ec1b4c2de94741c4ba871dad3,p_2313704d6916acc778397dda2b5b461d,6,190,1,1,60,40,2,100,10.526315789473685,526.31578947368416,50,0.5,0.59999999999999998
r_a7de829401980296e8ae26c97bdc84b2,Tor browsing,d_1be06ce1b670864df8c500dc82b295ae,1,0,a_e7d8c038c18055500148c5915382bd98,a_71394ec0ae14eb2d17f693263a2fab11,p_2367970255a64cc90b67495308351e1b,p_e8fa32c526b9b4cdc16418a4dc18e34a,6,18801,55,54,19784,24234,109,44018,5.7975639593638642,2341.2584436998036,403.83486238532112,0.50458715596330272,0.44945249670589305
r_5b450320b68e90d720237c221988d71c,Tor browsing,d_1be06ce1b670864df8c500dc82b295ae,1,0,a_e7d8c038c18055500148c5915382bd98,a_69fb0b835452ca85c178bdeaaf11695b,p_63a699d4e4ceb01ff247084e365b541c,p_3d01955bb66b778c6aa471c3a2911a0a,6,17493,53,50,17568,19911,103,37479,5.8880695135196941,2142.5141485165495,363.873786407767,0.5145631067961165,0.46874249579764671
r_30af20d20671a57baf85af098b652964,Tor browsing,d_1be06ce1b670864df8c500dc82b295ae,1,0,a_e7d8c038c18055500148c5915382bd98,a_ec00d985708365e2764c5429e33ba8a4,p_86dbaf66c21ce45544dbf4b1e13a8dc8,p_d360bbf02a78338753c95a4441fac628,6,310,1,1,60,40,2,100,6.4516129032258069,322.58064516129031,50,0.5,0.59999999999999998
r_e8293c94982d720dd7662cf27ee8ad58,Tor browsing,d_1be06ce1b670864df8c500dc82b295ae,1,0,a_e7d8c038c18055500148c5915382bd98,a_71394ec0ae14eb2d17f693263a2fab11,p_0103ee4a782fd8ed9829c28299d9538a,p_e8fa32c526b9b4cdc16418a4dc18e34a,6,18325,42,44,15885,20006,86,35891,4.6930422919508867,1958.581173260573,417.33720930232556,0.48837209302325579,0.44259006436153908
r_0273d53fb972618fa1a776fe69fb3e22,Tor browsing,d_1be06ce1b670864df8c500dc82b295ae,1,0,a_e7d8c038c18055500148c5915382bd98,a_69fb0b835452ca85c178bdeaaf11695b,p_464691f8fa5a40e663206599e8f41c94,p_3d01955bb66b778c6aa471c3a2911a0a,6,17312,52,50,18456,23107,102,41563,5.8918669131238444,2400.8202402957486,407.48039215686276,0.50980392156862742,0.44404879339797415
r_3deb75bdec7c37d2ef2b871c18517845,Tor browsing,d_1be06ce1b670864df8c500dc82b295ae,1,0,a_e7d8c038c18055500148c5915382bd98,a_667e43d14e60b98df49e3ecb8d92cf7c,p_514193187efc40284c600039c5fa846d,p_3dd478bd944ece2906a0c8e4425f63be,6,11394,15,11,3329,6078,26,9407,2.2819027558364051,825.60997015973317,361.80769230769232,0.57692307692307687,0.35388540448602107
r_da86935fe41dbd5812accb296aacc49a,Tor browsing,d_1be06ce1b670864df8c500dc82b295ae,1,0,a_e7d8c038c18055500148c5915382bd98,a_69fb0b835452ca85c178bdeaaf11695b,p_574b3028d79147695f0175addb80aa98,p_3d01955bb66b778c6aa471c3a2911a0a,6,10396,21,19,5249,7667,40,12916,3.8476337052712579,1242.4009234320893,322.89999999999998,0.52500000000000002,0.40639516878290494
r_51c84bdbfd0de7a10c663d58999f403d,Tor browsing,d_1be06ce1b670864df8c500dc82b295ae,1,0,a_e7d8c038c18055500148c5915382bd98,a_71394ec0ae14eb2d17f693263a2fab11,p_2bd1a3c2ac892e2093b81b007bd11aad,p_e8fa32c526b9b4cdc16418a4dc18e34a,6,9350,20,17,6774,9064,37,15838,3.9572192513368987,1693.9037433155081,428.05405405405406,0.54054054054054057,0.42770551837353199
r_fbacd46f96e7840f842a79bac319e09c,Tor browsing,d_1be06ce1b670864df8c500dc82b295ae,1,0,a_e7d8c038c18055500148c5915382bd98,a_40840f253c515929f8cb7b1d4ff4c2e9,p_54d9b504b40c9dd4a81e09f5b92f696e,p_2313704d6916acc778397dda2b5b461d,6,19914,16,17,3338,11624,33,14962,1.6571256402530881,751.33072210505168,453.39393939393938,0.48484848484848486,0.22309851624114424
r_7a199861fca3450121839b6f678c0698,Tor browsing,d_1be06ce1b670864df8c500dc82b295ae,1,0,a_e7d8c038c18055500148c5915382bd98,a_71394ec0ae14eb2d17f693263a2fab11,p_2de35cbc4db68dbb8f4d66f236e0b19c,p_e8fa32c526b9b4cdc16418a4dc18e34a,6,18946,46,51,17707,23050,97,40757,5.1198142088039686,2151.219254723952,420.17525773195877,0.47422680412371132,0.43445297740265476
r_767f98ef5b785e5a2d4cb1792147d3d6,Tor browsing,d_1be06ce1b670864df8c500dc82b295ae,1,0,a_e7d8c038c18055500148c5915382bd98,a_69fb0b835452ca85c178bdeaaf11695b,p_b86de7063fe6540beadc9076a9d743f9,p_3d01955bb66b778c6aa471c3a2911a0a,6,16008,48,47,14617,19197,95,33814,5.9345327336331835,2112.3188405797105,355.93684210526317,0.50526315789473686,0.43227657183415152
r_c5243f10d4be24e7157da9caec5b7a9e,Tor browsing,d_1be06ce1b670864df8c500dc82b295ae,1,0,a_e7d8c038c18055500148c5915382bd98,a_e2370a5f48648ec5a5dbdf8b657a0e89,p_4004c650da5688b56198d2659e32b95e,p_3dd478bd944ece2906a0c8e4425f63be,6,10985,15,16,3312,6429,31,9741,2.8220300409649521,886.75466545289032,314.22580645161293,0.4838709677419355,0.34000615953187557
r_3841bece3746f42fa5442fd86b29890b,Tor browsing,d_1be06ce1b670864df8c500dc82b295ae,1,0,a_e7d8c038c18055500148c5915382bd98,a_71394ec0ae14eb2d17f693263a2fab11,p_01a4cf6ebbc545a77d331a81ecde84fe,p_e8fa32c526b9b4cdc16418a4dc18e34a,6,19659,46,52,18741,21976,98,40717,4.9849941502619668,2071.1633348593523,415.4795918367347,0.46938775510204084,0.46027457818601569
r_fd3a9cdd62ec386d09925e9e35920b14,Tor browsing,d_1be06ce1b670864df8c500dc82b295ae,1,0,a_e7d8c038c18055500148c5915382bd98,a_69fb0b835452ca85c178bdeaaf11695b,p_76556d28c77168293f83f9a72df4cd00,p_3d01955bb66b778c6aa471c3a2911a0a,6,16658,50,50,19999,22077,100,42076,6.0031216232440867,2525.8734541961817,420.75999999999999,0.5,0.47530658807871473
r_760d57c2b226856cf038a5b051764eb8,Tor browsing,d_1be06ce1b670864df8c500dc82b295ae,1,0,a_e7d8c038c18055500148c5915382bd98,a_e2370a5f48648ec5a5dbdf8b657a0e89,p_744e6150eb5e83f841dd36fd1a2d47fa,p_3dd478bd944ece2906a0c8e4425f63be,6,8643,20,18,5172,8097,38,13269,4.3966215434455629,1535.2308226310308,349.18421052631578,0.52631578947368418,0.38978069183811892
r_070c6d9b9166929e9f4e9f6ac3e89f86,Tor browsing,d_1be06ce1b670864df8c500dc82b295ae,1,0,a_e7d8c038c18055500148c5915382bd98,a_6cbc945777cbd94104009c2e24fefb00,p_ae5f30b78c3f989133c03c2fa2dfb5dd,p_3dd478bd944ece2906a0c8e4425f63be,6,18337,15,18,3307,11122,33,14429,1.7996400719856029,786.87898783879587,437.24242424242425,0.45454545454545453,0.22919121214221361
r_2c69a9eecb53494cb2416823665ee3d6,Tor browsing,d_1be06ce1b670864df8c500dc82b295ae,1,0,a_e7d8c038c18055500148c5915382bd98,a_71394ec0ae14eb2d17f693263a2fab11,p_288acce13ded17563338b06bd62730aa,p_e8fa32c526b9b4cdc16418a4dc18e34a,6,17290,61,60,21731,26176,121,47907,6.9982648930017355,2770.7923655292079,395.92561983471074,0.50413223140495866,0.45360803222911056
r_d67d98bd2df01a75b35c122119d86ac9,Tor browsing,d_1be06ce1b670864df8c500dc82b295ae,1,0,a_e7d8c038c18055500148c5915382bd98,a_69fb0b835452ca85c178bdeaaf11695b,p_d69328bc29cf3f980b6844da868ed181,p_3d01955bb66b778c6aa471c3a2911a0a,6,16349,39,41,12553,16227,80,28780,4.8932656431586032,1760.3523151263073,359.75,0.48749999999999999,0.43617095205003475
r_2126ef0092fcb889443abf5a48169c08,Tor browsing,d_1be06ce1b670864df8c500dc82b295ae,1,0,a_e7d8c038c18055500148c5915382bd98,a_69fb0b835452ca85c178bdeaaf11695b,p_43d255b94e0f3d55e77fd096ddae8544,p_3d01955bb66b778c6aa471c3a2911a0a,6,17118,48,51,18342,22063,99,40405,5.7833859095688753,2360.3808856174787,408.13131313131311,0.48484848484848486,0.45395371859918326
r_2f6ad1da575b36e542f3d9495da20e33,Tor browsing,d_1be06ce1b670864df8c500dc82b295ae,1,0,a_e7d8c038c18055500148c5915382bd98,a_71394ec0ae14eb2d17f693263a2fab11,p_0207fa59c31937000153c5ab71b27a71,p_e8fa32c526b9b4cdc16418a4dc18e34a,6,16075,56,51,18275,22000,107,40275,6.6562986003110423,2505.4432348367031,376.40186915887853,0.52336448598130836,0.45375543140906271
r_9dca9972ba0aba40efc5c5969e771c0c,Tor browsing,d_1be06ce1b670864df8c500dc82b295ae,1,0,a_e7d8c038c18055500148c5915382bd98,a_69fb0b835452ca85c178bdeaaf11695b,p_fc1569bc551690d05f2956ef91a6ebfd,p_3d01955bb66b778c6aa471c3a2911a0a,6,18817,67,66,18852,40507,133,59359,7.0680767391188821,3154.5411064462987,446.30827067669173,0.50375939849624063,0.31759295136373589
r_22855270447f7cf856a9b7f00ac2ebda,Tor browsing,d_1be06ce1b670864df8c500dc82b295ae,1,0,a_e7d8c038c18055500148c5915382bd98,a_71394ec0ae14eb2d17f693263a2fab11,p_d51f8bbf54bfc646385f93b95496eb1b,p_e8fa32c526b9b4cdc16418a4dc18e34a,6,17095,42,38,13829,19720,80,33549,4.6797309154723603,1962.5036560397778,419.36250000000001,0.52500000000000002,0.41220304629050047
r_48c84674fc1a0980abf02690749fbe1c,Tor browsing,d_1be06ce1b670864df8c500dc82b295ae,1,0,a_e7d8c038c18055500148c5915382bd98,a_e2370a5f48648ec5a5dbdf8b657a0e89,p_0d605b380684c1f9d408b8b97ce4f56c,p_3dd478bd944ece2906a0c8e4425f63be,6,6082,15,13,3329,5737,28,9066,4.603748766853009,1490.6280828674778,323.78571428571428,0.5357142857142857,0.36719611736157071
r_b28b54a9278575504827dfc3bda1d97d,Tor browsing,d_1be06ce1b670864df8c500dc82b295ae,1,0,a_e7d8c038c18055500148c5915382bd98,a_e2370a5f48648ec5a5dbdf8b657a0e89,p_a401123dca19306a226773d92d07a7ba,p_3dd478bd944ece2906a0c8e4425f63be,6,14684,17,16,3953,5893,33,9846,2.24734404794334,670.52574230454923,298.36363636363637,0.51515151515151514,0.40148283566930731
r_5391e8fa627fb73ba5708aa4bc0dd90f,Tor browsing,d_1be06ce1b670864df8c500dc82b295ae,1,0,a_e7d8c038c18055500148c5915382bd98,a_69fb0b835452ca85c178bdeaaf11695b,p_58f5fd84be3f80c209d61fadb6215b3e,p_3d01955bb66b778c6aa471c3a2911a0a,6,13703,25,24,6999,13735,49,20734,3.5758593008830184,1513.0993213165002,423.14285714285717,0.51020408163265307,0.33756149319957557
r_16268f79da715969c74f08c24f8cb03e,Tor browsing,d_1be06ce1b670864df8c500dc82b295ae,1,0,a_e7d8c038c18055500148c5915382bd98,a_71394ec0ae14eb2d17f693263a2fab11,p_8ec446628dd57eb48424ff0eaf2cd568,p_e8fa32c526b9b4cdc16418a4dc18e34a,6,11657,47,49,15670,37382,96,53052,8.2353950416059014,4551.085184867462,552.625,0.48958333333333331,0.2953705798084898
r_91527bc60fc5741f70d5ae0e1dadd998,Tor browsing,d_1be06ce1b670864df8c500dc82b295ae,1,0,a_e7d8c038c18055500148c5915382bd98,a_69fb0b835452ca85c178bdeaaf11695b,p_47506778fab32e307cfac878f5a0e95a,p_3d01955bb66b778c6aa471c3a2911a0a,6,14904,53,52,16976,32742,105,49718,7.0450885668276975,3335.8829844337092,473.50476190476189,0.50476190476190474,0.3414457540528581
r_51cebc1453a27a7ca7b2a25717ad335d,Tor browsing,d_1be06ce1b670864df8c500dc82b295ae,1,0,a_e7d8c038c18055500148c5915382bd98,a_71394ec0ae14eb2d17f693263a2fab11,p_aaa9ac802750a90bfb729031da61e374,p_e8fa32c526b9b4cdc16418a4dc18e34a,6,12852,42,42,14333,21532,84,35865,6.5359477124183005,2790.6162464985996,426.96428571428572,0.5,0.39963752962498256
r_f59c69cf1f67f0071c8f9821ca78a450,Tor browsing,d_1be06ce1b670864df8c500dc82b295ae,1,0,a_e7d8c038c18055500148c5915382bd98,a_69fb0b835452ca85c178bdeaaf11695b,p_3b0eec9391e9d2f1335f2142bd17705a,p_3d01955bb66b778c6aa471c3a2911a0a,6,16185,46,50,12908,31219,96,44127,5.9314179796107513,2726.4133456904542,459.65625,0.47916666666666669,0.29251931923765495
r_80668e5530af939aa5a6176dd31e23ca,Tor browsing,d_1be06ce1b670864df8c500dc82b295ae,1,0,a_e7d8c038c18055500148c5915382bd98,a_71394ec0ae14eb2d17f693263a2fab11,p_179918ff8712049928d5e42f6c9bbc26,p_e8fa32c526b9b4cdc16418a4dc18e34a,6,13503,38,41,12469,26018,79,38487,5.8505517292453533,2850.2554987780495,487.17721518987344,0.48101265822784811,0.32397952555408321
r_d2dd9e4dc05f35621d05561956cf7dd9,Tor browsing,d_1be06ce1b670864df8c500dc82b295ae,1,0,a_e7d8c038c18055500148c5915382bd98,a_8dddc3650faabc8fca61d2758620e52b,p_1f412725542a4176cd88f1a7637593f7,p_2313704d6916acc778397dda2b5b461d,6,11231,8,0,480,0,8,480,0.71231413053156445,42.738847831893864,60,1,1
r_7df2c41912557ccb9f0ab88711407893,Tor browsing,d_1be06ce1b670864df8c500dc82b295ae,1,0,a_e7d8c038c18055500148c5915382bd98,a_71394ec0ae14eb2d17f693263a2fab11,p_258dfdd8f039d476a4763d79248df177,p_e8fa32c526b9b4cdc16418a4dc18e34a,6,16712,52,56,15404,37298,108,52702,6.4624222115844905,3153.5423647678317,487.98148148148147,0.48148148148148145,0.29228492277332929
r_b7eab54bc3d8f62873ecfed216c0d9d6,Tor browsing,d_1be06ce1b670864df8c500dc82b295ae,1,0,a_e7d8c038c18055500148c5915382bd98,a_e2370a5f48648ec5a5dbdf8b657a0e89,p_719fe21c5bf387ea23024c2c39637fda,p_3dd478bd944ece2906a0c8e4425f63be,6,15743,18,16,3464,6965,34,10429,2.1596900209616972,662.45315378263354,306.73529411764707,0.52941176470588236,0.33215073353149871
r_e4f6460f63fffd3bd2df0cf18109f875,Tor browsing,d_1be06ce1b670864df8c500dc82b295ae,1,0,a_e7d8c038c18055500148c5915382bd98,a_69fb0b835452ca85c178bdeaaf11695b,p_2d1e485d9e7c6f2902255362b452a932,p_3d01955bb66b778c6aa471c3a2911a0a,6,13781,35,38,9723,19111,73,28834,5.2971482475872573,2092.3009941223422,394.98630136986299,0.47945205479452052,0.3372060761600888
r_5a6f72c7e559849e331359279ddf3a7d,Tor browsing,d_1be06ce1b670864df8c500dc82b295ae,1,0,a_e7d8c038c18055500148c5915382bd98,a_1b37a0766c980d868a6921a5c1c57e97,p_7f96ec37b8de039c60d795a2e68df817,p_2313704d6916acc778397dda2b5b461d,6,352,1,1,60,40,2,100,5.6818181818181825,284.09090909090912,50,0.5,0.59999999999999998
r_6f986ffd148ffe54dcb017746ac0219f,Tor browsing,d_1be06ce1b670864df8c500dc82b295ae,1,0,a_e7d8c038c18055500148c5915382bd98,a_71394ec0ae14eb2d17f693263a2fab11,p_69a2c90f722dc61902ac944aeed996bf,p_e8fa32c526b9b4cdc16418a4dc18e34a,6,16057,40,46,11044,29362,86,40406,5.3559195366506822,2516.4102883477613,469.83720930232556,0.46511627906976744,0.27332574370143048
r_8860a816b671fb7918e291b094901ea4,Tor browsing,d_1be06ce1b670864df8c500dc82b295ae,1,0,a_e7d8c038c18055500148c5915382bd98,a_e2370a5f48648ec5a5dbdf8b657a0e89,p_d5746ab6edc97385b3a7d1c60c4d5472,p_3dd478bd944ece2906a0c8e4425f63be,6,15123,17,18,5030,5997,35,11027,2.3143556172717052,729.15426833300273,315.05714285714288,0.48571428571428571,0.45615307880656569
r_64023d3a498f52f8c0ffe9a8b090a991,Tor browsing,d_1be06ce1b670864df8c500dc82b295ae,1,0,a_e7d8c038c18055500148c5915382bd98,a_69fb0b835452ca85c178bdeaaf11695b,p_43d3b975f72475ce430b7d4ce200f174,p_3d01955bb66b778c6aa471c3a2911a0a,6,14108,40,39,12039,23921,79,35960,5.5996597675077968,2548.9084207541819,455.18987341772151,0.50632911392405067,0.33478865406006675
r_7d13ac203231202a56df7bfa4f9ba32f,Tor browsing,d_1be06ce1b670864df8c500dc82b295ae,1,0,a_e7d8c038c18055500148c5915382bd98,a_71394ec0ae14eb2d17f693263a2fab11,p_2a561ac26ceeb47ee0d824e1e0ed8c4d,p_e8fa32c526b9b4cdc16418a4dc18e34a,6,14912,49,54,14149,36548,103,50697,6.9071888412017159,3399.7451716738196,492.20388349514565,0.47572815533980584,0.27908949247489989
r_2d8b512b0c0643fe2d57a6a7da7511fa,Tor browsing,d_1be06ce1b670864df8c500dc82b295ae,1,0,a_e7d8c038c18055500148c5915382bd98,a_69fb0b835452ca85c178bdeaaf11695b,p_775e20dbd2d9ca403c9394a419c14ff6,p_3d01955bb66b778c6aa471c3a2911a0a,6,13025,41,39,11647,18781,80,30428,6.1420345489443378,2336.122840690979,380.35000000000002,0.51249999999999996,0.3827724464309189
r_bc7846c1a9a0e02c044f5b749826477e,Tor browsing,d_1be06ce1b670864df8c500dc82b295ae,1,0,a_e7d8c038c18055500148c5915382bd98,a_69fb0b835452ca85c178bdeaaf11695b,p_622d25a33b81f1e01c44ba6f82a0f4de,p_3d01955bb66b778c6aa471c3a2911a0a,6,18871,84,84,28189,59397,168,87586,8.9025488845318215,4641.3014678607387,521.34523809523807,0.5,0.32184367364647321
r_c4d418cafa35545db73ae5c1f1c341a7,Tor browsing,d_1be06ce1b670864df8c500dc82b295ae,1,0,a_e7d8c038c18055500148c5915382bd98,a_71394ec0ae14eb2d17f693263a2fab11,p_157e60d3fec0816b056ee8482ac3fa14,p_e8fa32c526b9b4cdc16418a4dc18e34a,6,9765,22,25,7383,14172,47,21555,4.81310803891449,2207.3732718894007,458.61702127659572,0.46808510638297873,0.34251913709116216
r_ac2fe4f52880f3dbdb7eccb6cfe06d0c,Tor browsing,d_1be06ce1b670864df8c500dc82b295ae,1,0,a_e7d8c038c18055500148c5915382bd98,a_55baeb47a70822da82aeab421097914e,p_ef1a27937022e1ed102cada60437cdc4,p_2313704d6916acc778397dda2b5b461d,6,3068,4,0,240,0,4,240,1.3037809647979139,78.226857887874829,60,1,1
r_7046b150a03680d4cd3db01f6c056d6e,Tor browsing,d_1be06ce1b670864df8c500dc82b295ae,1,0,a_e7d8c038c18055500148c5915382bd98,a_69fb0b835452ca85c178bdeaaf11695b,p_fdc85f2e720d876f5cf150afcbfd5246,p_3d01955bb66b778c6aa471c3a2911a0a,6,14154,26,23,7116,9483,49,16599,3.4619188921859547,1172.7426875794829,338.75510204081633,0.53061224489795922,0.4287005241279595
r_94a46506f7c93133e1c8f50f64f00fe1,Tor browsing,d_1be06ce1b670864df8c500dc82b295ae,1,0,a_e7d8c038c18055500148c5915382bd98,a_e2370a5f48648ec5a5dbdf8b657a0e89,p_b76a7f2dc89f2bf64352af6b3785cf2c,p_3dd478bd944ece2906a0c8e4425f63be,6,13135,19,17,5143,7553,36,12696,2.7407689379520366,966.57784545108495,352.66666666666669,0.52777777777777779,0.40508821676118462
r_8e978fc3cda1388f9f188724d9a9eb4f,Tor browsing,d_1be06ce1b670864df8c500dc82b295ae,1,0,a_e7d8c038c18055500148c5915382bd98,a_71394ec0ae14eb2d17f693263a2fab11,p_627f41ddc44d9ecd58efc959ba24770d,p_e8fa32c526b9b4cdc16418a4dc18e34a,6,12103,47,50,14001,38932,97,52933,8.0145418491283156,4373.5437494835996,545.70103092783506,0.4845360824742268,0.26450418453516711
r_5d78fbee52107ec21ee688be63974eaa,Tor browsing,d_1be06ce1b670864df8c500dc82b295ae,1,0,a_e7d8c038c18055500148c5915382bd98,a_71394ec0ae14eb2d17f693263a2fab11,p_a6d10a05b522ddb1ef62c45afe875338,p_e8fa32c526b9b4cdc16418a4dc18e34a,6,17476,57,56,16722,37232,113,53954,6.4660105287251088,3087.3197528038454,477.46902654867256,0.50442477876106195,0.30993068169181154
r_01b4a8df2c3542b5696a11f12493a5ed,Tor browsing,d_1be06ce1b670864df8c500dc82b295ae,1,0,a_e7d8c038c18055500148c5915382bd98,a_69fb0b835452ca85c178bdeaaf11695b,p_aef83dc0d4dedf5c239c972842a23359,p_3d01955bb66b778c6aa471c3a2911a0a,6,15504,46,45,15649,20759,91,36408,5.8694530443756454,2348.2972136222911,400.08791208791212,0.50549450549450547,0.42982311579872556
r_cb66ef1fc3f2647c56ff01243df58ae5,Tor browsing,d_1be06ce1b670864df8c500dc82b295ae,1,0,a_e7d8c038c18055500148c5915382bd98,a_71394ec0ae14eb2d17f693263a2fab11,p_bee37cb3371439638dcaef6e8bcfac9c,p_e8fa32c526b9b4cdc16418a4dc18e34a,6,15376,31,29,7340,24682,60,32022,3.9021852237252861,2082.5962539021853,533.70000000000005,0.51666666666666672,0.22921741302854287
r_1ca777f9d503a0cf4725b6049c9d4d1c,Tor browsing,d_1be06ce1b670864df8c500dc82b295ae,1,0,a_e7d8c038c18055500148c5915382bd98,a_69fb0b835452ca85c178bdeaaf11695b,p_063475d3011127c74a5098ba0fa67f55,p_3d01955bb66b778c6aa471c3a2911a0a,6,13427,61,64,21107,32737,125,53844,9.3096000595814399,4010.1288448648247,430.75200000000001,0.48799999999999999,0.39200282297006167
r_c2768790f289f0fa6160446db31c1d91,Tor browsing,d_1be06ce1b670864df8c500dc82b295ae,1,0,a_e7d8c038c18055500148c5915382bd98,a_e2370a5f48648ec5a5dbdf8b657a0e89,p_02af8f494315be1d47f5197eb6afea84,p_3dd478bd944ece2906a0c8e4425f63be,6,11418,19,18,5137,8141,37,13278,3.2404974601506393,1162.900683131897,358.86486486486484,0.51351351351351349,0.38688055430034646
r_27100f694a3ecdbb05e64f0b812dfcbc,Tor browsing,d_1be06ce1b670864df8c500dc82b295ae,1,0,a_e7d8c038c18055500148c5915382bd98,a_71394ec0ae14eb2d17f693263a2fab11,p_f9fd0ffffe13499bbee7364bc159f399,p_e8fa32c526b9b4cdc16418a4dc18e34a,6,17321,57,62,17235,38616,119,55851,6.8702730789215396,3224.4674095029154,469.33613445378154,0.47899159663865548,0.30858892410162753
r_733bd17b5ebd2dde6daf05e2a1fae74e,Tor browsing,d_1be06ce1b670864df8c500dc82b295ae,1,0,a_e7d8c038c18055500148c5915382bd98,a_69fb0b835452ca85c178bdeaaf11695b,p_fc8ea62d6cae45cc4fbd81098a6f774d,p_3d01955bb66b778c6aa471c3a2911a0a,6,14429,29,29,9193,13971,58,23164,4.0196825836856327,1605.3780580774828,399.37931034482756,0.5,0.39686582628216199
r_bee026b7b4ae8dc554c5c3bc87380e00,Tor browsing,d_1be06ce1b670864df8c500dc82b295ae,1,0,a_e7d8c038c18055500148c5915382bd98,a_71394ec0ae14eb2d17f693263a2fab11,p_710e5f244c38e8fb1c6e9dbae49a83ef,p_e8fa32c526b9b4cdc16418a4dc18e34a,6,14784,62,68,21173,47842,130,69015,8.7932900432900425,4668.2224025974019,530.88461538461536,0.47692307692307695,0.3067883793378251
r_d6dbc655163b2921ddb092e5314af0d9,Tor browsing,d_1be06ce1b670864df8c500dc82b295ae,1,0,a_e7d8c038c18055500148c5915382bd98,a_69fb0b835452ca85c178bdeaaf11695b,p_2b70f3cba1609301bb1a54a4c4f94d0b,p_3d01955bb66b778c6aa471c3a2911a0a,6,5708,15,13,3321,5747,28,9068,4.9053959355290822,1588.6475122634897,323.85714285714283,0.5357142857142857,0.36623290692545213
r_69db5877567e45018cd0aec3edb3ec48,Tor browsing,d_1be06ce1b670864df8c500dc82b295ae,1,0,a_e7d8c038c18055500148c5915382bd98,a_d5308d870f75edab56efaf1fc687dcaf,p_b2cc53129882e5c1dcd71b33ae0d6ea3,p_64eab6039291da87b7bab47109b51546,6,11237,8,0,480,0,8,480,0.71193379015751534,42.716027409450923,60,1,1
r_8b74c8da1c631b05f8a7840caf41a23a,Tor browsing,d_1be06ce1b670864df8c500dc82b295ae,1,0,a_e7d8c038c18055500148c5915382bd98,a_69fb0b835452ca85c178bdeaaf11695b,p_da05a0c4054bf608b93e312a45d1457d,p_3d01955bb66b778c6aa471c3a2911a0a,6,16715,38,34,11976,16389,72,28365,4.3075082261441819,1696.9787615913849,393.95833333333331,0.52777777777777779,0.42221047065044948
r_bd78eccc068f3999aac9356a67efac4b,Tor browsing,d_1be06ce1b670864df8c500dc82b295ae,1,0,a_e7d8c038c18055500148c5915382bd98,a_71394ec0ae14eb2d17f693263a2fab11,p_cb66f7ded52ae6e01dead1a5b679f97d,p_e8fa32c526b9b4cdc16418a4dc18e34a,6,15662,65,68,18236,42034,133,60270,8.4918912016345285,3848.1675392670154,453.15789473684208,0.48872180451127817,0.30257176041148165
r_e1d9d6f4f2dfea1ce36019f890e2d087,Tor browsing,d_1be06ce1b670864df8c500dc82b295ae,1,0,a_e7d8c038c18055500148c5915382bd98,a_71394ec0ae14eb2d17f693263a2fab11,p_f59fb383de636b32f7cb5df348791054,p_e8fa32c526b9b4cdc16418a4dc18e34a,6,18827,57,58,19902,24464,115,44366,6.1082487916290429,2356.509268603601,385.7913043478261,0.4956521739130435,0.44858675562367578
r_cb97c3a4fe9a5e4fac88c306a4d0f610,Tor browsing,d_1be06ce1b670864df8c500dc82b295ae,1,0,a_e7d8c038c18055500148c5915382bd98,a_69fb0b835452ca85c178bdeaaf11695b,p_11386e882ffe240763eb0e0ac87c409e,p_3d01955bb66b778c6aa471c3a2911a0a,6,17892,51,50,19620,22625,101,42245,5.6449809970936737,2361.1111111111113,418.26732673267327,0.50495049504950495,0.46443366078825898
r_1b1b181f2e2842d948025b9b95961bc2,Tor browsing,d_1be06ce1b670864df8c500dc82b295ae,1,0,a_e7d8c038c18055500148c5915382bd98,a_34f4311be9edb1936a53302bf55df105,p_e7399b50ab68b61390cb1d4385d7725c,p_3dd478bd944ece2906a0c8e4425f63be,6,16353,14,15,3269,10915,29,14184,1.7733749159175685,867.36378646119965,489.10344827586209,0.48275862068965519,0.23047095318668923
r_990fe6a679584cbfd27739bfecee2c51,Tor browsing,d_1be06ce1b670864df8c500dc82b295ae,1,0,a_e7d8c038c18055500148c5915382bd98,a_69fb0b835452ca85c178bdeaaf11695b,p_ae00c0a5991b6fb7c6acaa798a76088b,p_3d01955bb66b778c6aa471c3a2911a0a,6,15472,35,36,10769,17039,71,27808,4.5889348500517064,1797.3112719751809,391.66197183098592,0.49295774647887325,0.38726265822784811
r_13aa3151bd493b967f70ff9ca2d1c75c,Tor browsing,d_1be06ce1b670864df8c500dc82b295ae,1,0,a_e7d8c038c18055500148c5915382bd98,a_71394ec0ae14eb2d17f693263a2fab11,p_6795da6ec068a1512974aaaab68479f4,p_e8fa32c526b9b4cdc16418a4dc18e34a,6,15416,1167,2181,211396,2837666,3348,3049062,217.17695900363259,197785.5474831344,910.71146953405014,0.34856630824372759,0.069331486207889509
r_1e8bc129e99461d3c68d1bb97b51d8f9,Tor browsing,d_1be06ce1b670864df8c500dc82b295ae,1,0,a_e7d8c038c18055500148c5915382bd98,a_425fa51d14cdc682086cb8f4fa1bdaa1,p_938583b0b986ed1e064f69a056a34191,p_2313704d6916acc778397dda2b5b461d,6,11182,8,0,480,0,8,480,0.7154355213736362,42.926131282418169,60,1,1
r_63f626d8990790b91bb56b3cc210045f,Tor browsing,d_1be06ce1b670864df8c500dc82b295ae,1,0,a_e7d8c038c18055500148c5915382bd98,a_71394ec0ae14eb2d17f693263a2fab11,p_1edc11b51524d8c21299e62758ab6d94,p_e8fa32c526b9b4cdc16418a4dc18e34a,6,15743,946,1765,174446,2288508,2711,2462954,172.20351902432827,156447.56399669693,908.50387310955364,0.34894872740686095,0.07082795699797885
r_126ee18d7248de505b9e3e12cb43074c,Tor browsing,d_1be06ce1b670864df8c500dc82b295ae,1,0,a_e7d8c038c18055500148c5915382bd98,a_69fb0b835452ca85c178bdeaaf11695b,p_aadd37aa8c4561ea7e9d0979ed08496b,p_3d01955bb66b778c6aa471c3a2911a0a,6,12790,38,37,10407,20889,75,31296,5.8639562157935892,2446.911649726349,417.27999999999997,0.50666666666666671,0.33253450920245398
r_b85c451bf9736985837fd6eb19bff8ee,Tor browsing,d_1be06ce1b670864df8c500dc82b295ae,1,0,a_e7d8c038c18055500148c5915382bd98,a_e2370a5f48648ec5a5dbdf8b657a0e89,p_e16cb320858193e100a6affe3414d437,p_3dd478bd944ece2906a0c8e4425f63be,6,6776,16,14,3366,5789,30,9155,4.4273907910271548,1351.0920897284534,305.16666666666669,0.53333333333333333,0.36766794101583833
r_941c5c736d86c572f42b54a2777615f0,Tor browsing,d_1be06ce1b670864df8c500dc82b295ae,1,0,a_e7d8c038c18055500148c5915382bd98,a_15e18e2382938a77df9a10d4a7d0dad3,p_e4e54294a101c32654858494d8c9477e,p_3dd478bd944ece2906a0c8e4425f63be,6,16524,16,16,3341,11038,32,14379,1.9365770999757927,870.1888162672476,449.34375,0.5,0.23235273662980735
r_89498b5e2a0205f54924aaf6d6944361,Tor browsing,d_1be06ce1b670864df8c500dc82b295ae,1,0,a_e7d8c038c18055500148c5915382bd98,a_69fb0b835452ca85c178bdeaaf11695b,p_0f274f026f2d2c3f2cb2e17886cc5539,p_3d01955bb66b778c6aa471c3a2911a0a,6,15605,51,54,13761,31449,105,45210,6.7286126241589228,2897.1483498878565,430.57142857142856,0.48571428571428571,0.30437956204379563
r_ba33351093ca4ebca108f58303027669,Tor browsing,d_1be06ce1b670864df8c500dc82b295ae,1,0,a_e7d8c038c18055500148c5915382bd98,a_71394ec0ae14eb2d17f693263a2fab11,p_7ef3d2ade7a0cd1ef9c9eb3cc41dcb05,p_e8fa32c526b9b4cdc16418a4dc18e34a,6,15532,52,76,10586,72754,128,83340,8.2410507339685815,5365.6966263198556,651.09375,0.40625,0.12702183825293978
r_649c15d279f5a1c442af9f5c19b2bfcc,Tor browsing,d_1be06ce1b670864df8c500dc82b295ae,1,0,a_e7d8c038c18055500148c5915382bd98,a_e2370a5f48648ec5a5dbdf8b657a0e89,p_dfee99baf6b98a980ab1d715bdcfaa33,p_3dd478bd944ece2906a0c8e4425f63be,6,14557,30,28,7258,15475,58,22733,3.9843374321632203,1561.6541869890773,391.94827586206895,0.51724137931034486,0.31927154357102011
r_52c13d520f37e3e71551892daab0d645,Tor browsing,d_1be06ce1b670864df8c500dc82b295ae,1,0,a_e7d8c038c18055500148c5915382bd98,a_09e74a1c68e13c3f405cf762791efe57,p_cd78544e2f26a0d86d29854374f513d6,p_2313704d6916acc778397dda2b5b461d,6,11188,8,0,480,0,8,480,0.71505184125849119,42.903110475509472,60,1,1
r_6873cef9ff5e127e71e8566166c6aabb,Tor browsing,d_1be06ce1b670864df8c500dc82b295ae,1,0,a_e7d8c038c18055500148c5915382bd98,a_69fb0b835452ca85c178bdeaaf11695b,p_1832b666e8d0d36c67d45759507cb44b,p_3d01955bb66b778c6aa471c3a2911a0a,6,15510,32,30,11665,13041,62,24706,3.9974210186976147,1592.9078014184397,398.48387096774195,0.5161290322580645,0.47215251355945925
r_b1b40281241dff5fc2fd2a75a25da9f6,Tor browsing,d_1be06ce1b670864df8c500dc82b295ae,1,0,a_e7d8c038c18055500148c5915382bd98,a_71394ec0ae14eb2d17f693263a2fab11,p_1b99271bf20872ff97d94f81df4e5cd2,p_e8fa32c526b9b4cdc16418a4dc18e34a,6,12453,55,58,18653,41536,113,60189,9.0741186862603396,4833.2931823656954,532.64601769911508,0.48672566371681414,0.30990712588678992
r_76c3cb2404faee6761fe63688d812d54,Tor browsing,d_1be06ce1b670864df8c500dc82b295ae,1,0,a_e7d8c038c18055500148c5915382bd98,a_8e175269aed47dc611dbec8889fd2e1d,p_d770cbda4bbfddc0d3f6174a87de2f93,p_2313704d6916acc778397dda2b5b461d,6,19451,9,0,540,0,9,540,0.46270114647061844,27.762068788237109,60,1,1
r_326408f9401b682a11c96cbf5b7ce752,Tor browsing,d_1be06ce1b670864df8c500dc82b295ae,1,0,a_e7d8c038c18055500148c5915382bd98,a_71394ec0ae14eb2d17f693263a2fab11,p_d66bc88dfa0f6bfaf5b6f192b57b425e,p_e8fa32c526b9b4cdc16418a4dc18e34a,6,20328,38,38,12041,13930,76,25971,3.7386855568673751,1277.5974025974026,341.7236842105263,0.5,0.46363251318778637
r_3d3c9afb1fd2841ac749a42a4000d688,Tor browsing,d_1be06ce1b670864df8c500dc82b295ae,1,0,a_e7d8c038c18055500148c5915382bd98,a_69fb0b835452ca85c178bdeaaf11695b,p_5dfbb63b9797982dfc0ba7b6b9f76b6d,p_3d01955bb66b778c6aa471c3a2911a0a,6,20656,27,26,10328,11271,53,21599,2.5658404337722698,1045.652594887684,407.52830188679246,0.50943396226415094,0.47817028566137321
r_669c08744ca61a55e05dfb74c9b8a342,Tor browsing,d_1be06ce1b670864df8c500dc82b295ae,1,0,a_e7d8c038c18055500148c5915382bd98,a_75d004b3234b7f9cc3a6df4c2d0a16a3,p_b71174999ba63fa65a0d1e6db37aee9a,p_2313704d6916acc778397dda2b5b461d,6,21404,15,17,3292,11097,32,14389,1.4950476546439917,672.25752195851248,449.65625,0.46875,0.22878587810132739
r_bd2303dd6b345155cc6b0b2c77d169d6,Tor browsing,d_1be06ce1b670864df8c500dc82b295ae,1,0,a_e7d8c038c18055500148c5915382bd98,a_71394ec0ae14eb2d17f693263a2fab11,p_5a24b0a41b5a560510be8059ca0116d3,p_e8fa32c526b9b4cdc16418a4dc18e34a,6,20388,45,49,16089,20288,94,36377,4.6105552285658229,1784.2358249950951,386.98936170212767,0.47872340425531917,0.44228496027709818
r_8096bfb48096d9f6797636be4d08e5f6,Tor browsing,d_1be06ce1b670864df8c500dc82b295ae,1,0,a_e7d8c038c18055500148c5915382bd98,a_69fb0b835452ca85c178bdeaaf11695b,p_1dd53e73123b50f900141953bb43cf53,p_3d01955bb66b778c6aa471c3a2911a0a,6,19401,72,69,27018,28641,141,55659,7.2676666151229314,2868.872738518633,394.74468085106383,0.51063829787234039,0.48542014768501052
r_2b792f1a7dc3b58caa3d13d1fa2084f7,Tor browsing,d_1be06ce1b670864df8c500dc82b295ae,1,0,a_e7d8c038c18055500148c5915382bd98,a_1e1ea36ad7de415e99786cba48db73bf,p_2cfcb1b0a978029f43816814e8958827,p_2313704d6916acc778397dda2b5b461d,6,11199,8,0,480,0,8,480,0.71434949549066884,42.860969729440129,60,1,1
r_d16463bc7c2ec89cda9af98314d13dbb,Tor browsing,d_1be06ce1b670864df8c500dc82b295ae,1,0,a_e7d8c038c18055500148c5915382bd98,a_69fb0b835452ca85c178bdeaaf11695b,p_f59b41d3bfddda7d6f73f860963980c6,p_3d01955bb66b778c6aa471c3a2911a0a,6,15489,47,45,14546,25863,92,40409,5.939699141326102,2608.8837239331137,439.22826086956519,0.51086956521739135,0.35996931376673513
r_952829a56f43cc68f5ad881bc48b9962,Tor browsing,d_1be06ce1b670864df8c500dc82b295ae,1,0,a_e7d8c038c18055500148c5915382bd98,a_e2370a5f48648ec5a5dbdf8b657a0e89,p_898c7886e031ccd030ad7913b6461052,p_3dd478bd944ece2906a0c8e4425f63be,6,14456,38,39,9361,28179,77,37540,5.3265080243497511,2596.845600442723,487.53246753246754,0.4935064935064935,0.24936068193926478
r_88338e5a1516dad34b8befd6a7c4257b,Tor browsing,d_1be06ce1b670864df8c500dc82b295ae,1,0,a_e7d8c038c18055500148c5915382bd98,a_71394ec0ae14eb2d17f693263a2fab11,p_bf5c3dd6e4a4b8cc17b85d37c79ce588,p_e8fa32c526b9b4cdc16418a4dc18e34a,6,7426,16,13,3397,6198,29,9595,3.9051979531376246,1292.0818744950175,330.86206896551727,0.55172413793103448,0.35403856175091192
r_5059b06d80e198381bbadb53f6f4409d,Tor browsing,d_1be06ce1b670864df8c500dc82b295ae,1,0,a_e7d8c038c18055500148c5915382bd98,a_75d004b3234b7f9cc3a6df4c2d0a16a3,p_021db8fc5efd4f442c4717241127eb55,p_2313704d6916acc778397dda2b5b461d,6,18428,16,16,3342,11045,32,14387,1.7364879531148252,780.71413067071842,449.59375,0.5,0.23229304232988116
r_d8b96a0bcf81d9e5ad968a0380d3e3fe,Tor browsing,d_1be06ce1b670864df8c500dc82b295ae,1,0,a_e7d8c038c18055500148c5915382bd98,a_e2370a5f48648ec5a5dbdf8b657a0e89,p_406f0b072173b42d002e5e8697e996d3,p_3dd478bd944ece2906a0c8e4425f63be,6,17428,20,17,5190,8089,37,13279,2.1230204268992425,761.93481753500112,358.89189189189187,0.54054054054054057,0.39084268393704347
r_e6fbf7c3e6338e8e22feeaca9ecf9e47,Tor browsing,d_1be06ce1b670864df8c500dc82b295ae,1,0,a_e7d8c038c18055500148c5915382bd98,a_69fb0b835452ca85c178bdeaaf11695b,p_813d0aa49b9ebfa93e6be121856a114e,p_3d01955bb66b778c6aa471c3a2911a0a,6,16431,51,54,16354,37225,105,53579,6.3903596859594662,3260.8483963240215,510.27619047619049,0.48571428571428571,0.3052315272774781
r_4426109ec3a7f0adb713a89a3d6ba4fb,Tor browsing,d_1be06ce1b670864df8c500dc82b295ae,1,0,a_e7d8c038c18055500148c5915382bd98,a_71394ec0ae14eb2d17f693263a2fab11,p_9b4c6878c76ea35bd62c8a27e71d0d7d,p_e8fa32c526b9b4cdc16418a4dc18e34a,6,14402,35,36,11883,16396,71,28279,4.9298708512706568,1963.546729620886,398.2957746478873,0.49295774647887325,0.42020580642879873
r_6178a071b1f49fb4163eba7e322bd7f6,Tor browsing,d_1be06ce1b670864df8c500dc82b295ae,1,0,a_e7d8c038c18055500148c5915382bd98,a_2d7bf6217aa191f1963a700a89da0656,p_b7318202e314a79fb99a5f160711c9f3,p_2313704d6916acc778397dda2b5b461d,6,11227,8,0,480,0,8,480,0.71256791662955377,42.754074997773223,60,1,1
r_61ebd7dc10624a147062a1a532061089,Tor browsing,d_1be06ce1b670864df8c500dc82b295ae,1,0,a_e7d8c038c18055500148c5915382bd98,a_71394ec0ae14eb2d17f693263a2fab11,p_3532b2d27ca305bbea5952110b765f73,p_e8fa32c526b9b4cdc16418a4dc18e34a,6,17719,49,53,17865,22060,102,39925,5.7565325356961452,2253.2309949771429,391.42156862745099,0.48039215686274511,0.44746399499060741
r_47bf33375d2bd6498a026b8853cacbe1,Tor browsing,d_1be06ce1b670864df8c500dc82b295ae,1,0,a_e7d8c038c18055500148c5915382bd98,a_69fb0b835452ca85c178bdeaaf11695b,p_59b9896e50c54eb0810acdc38d17ba12,p_3d01955bb66b778c6aa471c3a2911a0a,6,15765,49,46,16834,18665,95,35499,6.0260069774817628,2251.7602283539486,373.67368421052629,0.51578947368421058,0.47421054114200401
r_34a7e4e99c4616e4352303242ec7e317,Tor browsing,d_1be06ce1b670864df8c500dc82b295ae,1,0,a_e7d8c038c18055500148c5915382bd98,a_e2370a5f48648ec5a5dbdf8b657a0e89,p_a3df0d44f2f3c30ecf99d553ff38f26e,p_3dd478bd944ece2906a0c8e4425f63be,6,8766,18,18,5077,8119,36,13196,4.1067761806981515,1505.3616244581337,366.55555555555554,0.5,0.38473779933313124
r_359d3c176a7da4c595b43be0367c1ae9,Tor browsing,d_1be06ce1b670864df8c500dc82b295ae,1,0,a_e7d8c038c18055500148c5915382bd98,a_ef39829e394acd752cfa7bb53a9900ed,p_7976eceef555822537987b1e14c0556a,p_2d36b619be089107b3d8a5a53b5aa6c4,6,20483,14,13,3242,8268,27,11510,1.3181662842357076,561.92940487233318,426.2962962962963,0.51851851851851849,0.28166811468288444
r_568ac9000bbc5d92a28a163b7a835e9a,Tor browsing,d_1be06ce1b670864df8c500dc82b295ae,1,0,a_e7d8c038c18055500148c5915382bd98,a_71394ec0ae14eb2d17f693263a2fab11,p_2810b45c86a55ed887130b68732e16d2,p_e8fa32c526b9b4cdc16418a4dc18e34a,6,19468,45,44,16075,23670,89,39745,4.5716046846106435,2041.5553729196631,446.57303370786519,0.5056179775280899,0.40445339036356776
r_b78983ec84ad3c547830a06210499a23,Tor browsing,d_1be06ce1b670864df8c500dc82b295ae,1,0,a_e7d8c038c18055500148c5915382bd98,a_69fb0b835452ca85c178bdeaaf11695b,p_d5e989ed48e7bba8c9c5cbd22bcd62e0,p_3d01955bb66b778c6aa471c3a2911a0a,6,17464,62,68,20679,41693,130,62372,7.4438845625286305,3571.4612918002749,479.78461538461539,0.47692307692307695,0.33154300006413134
r_1b2f2f35ad8dd13f42054549fc2f0247,Tor browsing,d_1be06ce1b670864df8c500dc82b295ae,1,0,a_e7d8c038c18055500148c5915382bd98,a_e2370a5f48648ec5a5dbdf8b657a0e89,p_959657c509943f14bde2216a0a61b8e2,p_3dd478bd944ece2906a0c8e4425f63be,6,5449,15,16,3326,5893,31,9219,5.6891172692237113,1691.8700679023675,297.38709677419354,0.4838709677419355,0.36077665690421956
r_230552366fd22ab5b3f4487954921346,Tor browsing,d_1be06ce1b670864df8c500dc82b295ae,1,0,a_e7d8c038c18055500148c5915382bd98,a_21bcc8f2d3907ae1fde10bf4be7b4d0a,p_37fa33cd56bf531658ed66424afda23c,p_2313704d6916acc778397dda2b5b461d,6,330,1,1,60,40,2,100,6.0606060606060606,303.030303030303,50,0.5,0.59999999999999998
r_02743807e641dc6701e28d5c7634daaa,Tor browsing,d_1be06ce1b670864df8c500dc82b295ae,1,0,a_e7d8c038c18055500148c5915382bd98,a_71394ec0ae14eb2d17f693263a2fab11,p_a5448271bc34829132c17245e58961fb,p_e8fa32c526b9b4cdc16418a4dc18e34a,6,15474,45,61,15489,51032,106,66521,6.8502003360475632,4298.8884580586791,627.55660377358492,0.42452830188679247,0.23284376362351739
r_5923adc6b9bea69746aa12acf5a77b26,Tor browsing,d_1be06ce1b670864df8c500dc82b295ae,1,0,a_e7d8c038c18055500148c5915382bd98,a_69fb0b835452ca85c178bdeaaf11695b,p_a28aeb701a15299df7b7f5c24ae84ed0,p_3d01955bb66b778c6aa471c3a2911a0a,6,11503,44,43,13395,18431,87,31826,7.563244371033643,2766.7564983047901,365.81609195402297,0.50574712643678166,0.42088229749261608
r_1f45634f02e788b897be209418615324,Tor browsing,d_1be06ce1b670864df8c500dc82b295ae,1,0,a_e7d8c038c18055500148c5915382bd98,a_69fb0b835452ca85c178bdeaaf11695b,p_1d929c8d5953a6304366d4ba01eecff2,p_3d01955bb66b778c6aa471c3a2911a0a,6,14253,35,37,7554,25719,72,33273,5.0515680909282255,2334.4559040202062,462.125,0.4861111111111111,0.2270309259760166
r_21a3c7223c43ae2d7101cd4291d4b849,Tor browsing,d_1be06ce1b670864df8c500dc82b295ae,1,0,a_e7d8c038c18055500148c5915382bd98,a_71394ec0ae14eb2d17f693263a2fab11,p_80a1760bc3f995bf3b02ffe2df546508,p_e8fa32c526b9b4cdc16418a4dc18e34a,6,13205,39,36,12000,18518,75,30518,5.6796667928814841,2311.0942824687618,406.90666666666669,0.52000000000000002,0.39321056425715972
r_c2e0c996db567e4bde22201c469a686d,Tor browsing,d_1be06ce1b670864df8c500dc82b295ae,1,0,a_e7d8c038c18055500148c5915382bd98,a_e2370a5f48648ec5a5dbdf8b657a0e89,p_e4bdb3198cbb040156634a801eaa2511,p_3dd478bd944ece2906a0c8e4425f63be,6,10227,30,30,8379,13479,60,21858,5.8668231152830739,2137.283660897624,364.30000000000001,0.5,0.3833379083173209
r_effc30affa25b655450d043991bb568e,Tor browsing,d_1be06ce1b670864df8c500dc82b295ae,1,0,a_e7d8c038c18055500148c5915382bd98,a_71394ec0ae14eb2d17f693263a2fab11,p_52e8f770633a186f55a517475b56fa91,p_e8fa32c526b9b4cdc16418a4dc18e34a,6,17238,39,40,13650,18726,79,32376,4.5828982480566189,1878.1761225200139,409.82278481012656,0.49367088607594939,0.42160859896219421
r_1d61fde68190ab6496ff295f6113636a,Tor browsing,d_1be06ce1b670864df8c500dc82b295ae,1,0,a_e7d8c038c18055500148c5915382bd98,a_69fb0b835452ca85c178bdeaaf11695b,p_8a5f0634ed74de64dbb2be6d67a2cfa7,p_3d01955bb66b778c6aa471c3a2911a0a,6,16410,49,48,11403,34311,97,45714,5.9110298598415598,2785.7404021937841,471.2783505154639,0.50515463917525771,0.24944218401365009
r_b475b8734ad30bf9167c5c38eba7b2f6,Tor browsing,d_1be06ce1b670864df8c500dc82b295ae,1,0,a_e7d8c038c18055500148c5915382bd98,a_ea056490bff4bd79c075dea582a877d5,p_10748f91e93fe6d929f84407ddb459ad,p_2313704d6916acc778397dda2b5b461d,6,17075,16,12,3353,6151,28,9504,1.6398243045387995,556.60322108345542,339.42857142857144,0.5714285714285714,0.35279882154882153
r_25c0c5ccd85d37b52ccad7d46f1b6dac,Tor browsing,d_1be06ce1b670864df8c500dc82b295ae,1,0,a_e7d8c038c18055500148c5915382bd98,a_71394ec0ae14eb2d17f693263a2fab11,p_f70648c446a6f25a5093c601915f9470,p_e8fa32c526b9b4cdc16418a4dc18e34a,6,16035,53,58,12269,43438,111,55707,6.9223573433115062,3474.0879326473341,501.86486486486484,0.47747747747747749,0.22024162134022654
r_975acf6a335f538fe0784b0ba57adfda,Tor browsing,d_1be06ce1b670864df8c500dc82b295ae,1,0,a_e7d8c038c18055500148c5915382bd98,a_69fb0b835452ca85c178bdeaaf11695b,p_e7cb22330dfd329ce354bc40add0b2fd,p_3d01955bb66b778c6aa471c3a2911a0a,6,15070,129,185,22591,204935,314,227526,20.836098208360983,15097.942932979429,724.60509554140128,0.41082802547770703,0.099289751500927365
r_ddc7253d5445c26c4823d93d3c9ec62a,Tor browsing,d_1be06ce1b670864df8c500dc82b295ae,1,0,a_e7d8c038c18055500148c5915382bd98,a_e2370a5f48648ec5a5dbdf8b657a0e89,p_9446962ef93e8eb5c56df2e9f5cd737e,p_3dd478bd944ece2906a0c8e4425f63be,6,14034,25,21,5431,13077,46,18508,3.2777540259370102,1318.7972067835256,402.3478260869565,0.54347826086956519,0.29344067430300408
r_4fbe6548a87be225c097de47a34abbab,Tor browsing,d_1be06ce1b670864df8c500dc82b295ae,1,0,a_e7d8c038c18055500148c5915382bd98,a_71394ec0ae14eb2d17f693263a2fab11,p_72f42aabab98e6333f2d4b475495ed05,p_e8fa32c526b9b4cdc16418a4dc18e34a,6,17989,45,55,17101,40396,100,57497,5.5589526933125795,3196.2310300739341,574.97000000000003,0.45000000000000001,0.29742421343722281
r_c49cbdb4eef18633f74045fc6e8cf632,Tor browsing,d_1be06ce1b670864df8c500dc82b295ae,1,0,a_e7d8c038c18055500148c5915382bd98,a_e2370a5f48648ec5a5dbdf8b657a0e89,p_7e4ef316585bd9a2886dca012eec748b,p_3dd478bd944ece2906a0c8e4425f63be,6,13013,34,39,7521,23779,73,31300,5.6097748405440715,2405.2870206716361,428.76712328767121,0.46575342465753422,0.24028753993610225
r_19a13bdcc6d8b04cf1f055670fea8540,Tor browsing,d_1be06ce1b670864df8c500dc82b295ae,1,0,a_e7d8c038c18055500148c5915382bd98,a_69fb0b835452ca85c178bdeaaf11695b,p_1c10c235736600e84087b2ddb02ebaf5,p_3d01955bb66b778c6aa471c3a2911a0a,6,10036,26,23,8128,9461,49,17589,4.8824232762056594,1752.5906735751296,358.9591836734694,0.53061224489795922,0.46210699869236455
r_0b5f4e04518735da94f7380b608659a6,Tor browsing,d_1be06ce1b670864df8c500dc82b295ae,1,0,a_e7d8c038c18055500148c5915382bd98,a_71394ec0ae14eb2d17f693263a2fab11,p_af6a6ee2031b4be3937393f725048261,p_e8fa32c526b9b4cdc16418a4dc18e34a,6,20570,54,54,20276,23742,108,44018,5.2503646086533786,2139.9124939231892,407.57407407407408,0.5,0.46062974237811805
r_b9abae1471cb432bf93cef967128b470,Tor browsing,d_1be06ce1b670864df8c500dc82b295ae,1,0,a_e7d8c038c18055500148c5915382bd98,a_69fb0b835452ca85c178bdeaaf11695b,p_9574755f77e97c172e80f1f7b8e943dd,p_3d01955bb66b778c6aa471c3a2911a0a,6,17568,39,37,12580,16041,76,28621,4.3260473588342441,1629.1552823315117,376.59210526315792,0.51315789473684215,0.43953740260647778
r_a8e91aab668b0e74af3b9e9748685d20,Tor browsing,d_1be06ce1b670864df8c500dc82b295ae,1,0,a_e7d8c038c18055500148c5915382bd98,a_e2370a5f48648ec5a5dbdf8b657a0e89,p_a1febff2fc01459f926c05e9944b94a9,p_3dd478bd944ece2906a0c8e4425f63be,6,11556,19,19,5121,8171,38,13292,3.2883350640359987,1150.2249913464868,349.78947368421052,0.5,0.38526933493830878
r_730a1953b5f9481dc1644875ed0eeef4,Tor browsing,d_1be06ce1b670864df8c500dc82b295ae,1,0,a_e7d8c038c18055500148c5915382bd98,a_40840f253c515929f8cb7b1d4ff4c2e9,p_67b1f96f19a691d5ffbb63578812a47c,p_2313704d6916acc778397dda2b5b461d,6,20221,17,16,3403,11572,33,14975,1.6319667672221947,740.56673755007171,453.78787878787881,0.51515151515151514,0.22724540901502505
r_bfa86bfc2474c6b535e576cda43f0a88,Tor browsing,d_1be06ce1b670864df8c500dc82b295ae,1,0,a_e7d8c038c18055500148c5915382bd98,a_69fb0b835452ca85c178bdeaaf11695b,p_ed7253f5dc542aa4e849b3f169e8d708,p_3d01955bb66b778c6aa471c3a2911a0a,6,19313,47,46,17703,21803,93,39506,4.8154093097913329,2045.5651633614666,424.7956989247312,0.5053763440860215,0.44810914797752238
r_8ce97e38b3fe6c5bba8282f057d9575c,Tor browsing,d_1be06ce1b670864df8c500dc82b295ae,1,0,a_e7d8c038c18055500148c5915382bd98,a_71394ec0ae14eb2d17f693263a2fab11,p_5dfc3bc89b2536341c62b17ee8599db8,p_e8fa32c526b9b4cdc16418a4dc18e34a,6,16253,58,57,19943,23876,115,43819,7.0756168092044547,2696.056112717652,381.03478260869565,0.5043478260869565,0.45512220726169011
r_edc1fb81344704c52a36b54387d51283,Tor browsing,d_1be06ce1b670864df8c500dc82b295ae,1,0,a_e7d8c038c18055500148c5915382bd98,a_6846b8b8be7b5fb22dbb7bce8958e41f,p_b3b8c536ab062c9672c78bb731e079c6,p_2313704d6916acc778397dda2b5b461d,6,4160,10,9,966,3837,19,4803,4.5673076923076925,1154.5673076923076,252.78947368421052,0.52631578947368418,0.20112429731417863
r_e37dfafd0bf03d16249856115fa23700,Tor browsing,d_1be06ce1b670864df8c500dc82b295ae,1,0,a_e7d8c038c18055500148c5915382bd98,a_69fb0b835452ca85c178bdeaaf11695b,p_b3bd559c9c519b297896c4c70315521f,p_3d01955bb66b778c6aa471c3a2911a0a,6,20507,43,45,14988,16535,88,31523,4.291217633003364,1537.1824255132392,358.21590909090907,0.48863636363636365,0.4754623608159122
r_c3abf202901affbfafb40bd02df54780,Tor browsing,d_1be06ce1b670864df8c500dc82b295ae,1,0,a_e7d8c038c18055500148c5915382bd98,a_e2370a5f48648ec5a5dbdf8b657a0e89,p_9f5f13c6024e52b3cec398969abcba01,p_3dd478bd944ece2906a0c8e4425f63be,6,19506,30,27,7292,11267,57,18559,2.9221777914487848,951.45083564031574,325.59649122807019,0.52631578947368418,0.392909100705857
r_739e4ff73ece385421739e878f79f70d,Tor browsing,d_1be06ce1b670864df8c500dc82b295ae,1,0,a_e7d8c038c18055500148c5915382bd98,a_71394ec0ae14eb2d17f693263a2fab11,p_98a24e9ac23fd7ce02d833bf6d92c1f5,p_e8fa32c526b9b4cdc16418a4dc18e34a,6,18507,63,68,23985,29006,131,52991,7.0784027665207754,2863.2949694710105,404.51145038167937,0.48091603053435117,0.45262403049574457
r_5b431982dbc47310d44c8b6920b3bb65,Tor browsing,d_1be06ce1b670864df8c500dc82b295ae,1,0,a_e7d8c038c18055500148c5915382bd98,a_71394ec0ae14eb2d17f693263a2fab11,p_a7f8de4d0052e0ed698de8d5ec0234f3,p_e8fa32c526b9b4cdc16418a4dc18e34a,6,20340,62,60,26558,29436,122,55994,5.9980334316617503,2752.9006882989183,458.96721311475409,0.50819672131147542,0.4743008179447798
r_96fb33ab91b5718e2463286956a00d97,Tor browsing,d_1be06ce1b670864df8c500dc82b295ae,1,0,a_e7d8c038c18055500148c5915382bd98,a_69fb0b835452ca85c178bdeaaf11695b,p_4372f7fe56e45139218e80114fcd7478,p_3d01955bb66b778c6aa471c3a2911a0a,6,19400,58,54,22179,22855,112,45034,5.7731958762886606,2321.3402061855672,402.08928571428572,0.5178571428571429,0.49249455966603012
r_bec33b03e20ffbe1007d4f5e32d5bf5f,Tor browsing,d_1be06ce1b670864df8c500dc82b295ae,1,0,a_e7d8c038c18055500148c5915382bd98,a_e2370a5f48648ec5a5dbdf8b657a0e89,p_94856b2701da62f6419dd11cb00fe14b,p_3dd478bd944ece2906a0c8e4425f63be,6,18409,21,19,5752,8685,40,14437,2.1728502362974633,784.23597153566197,360.92500000000001,0.52500000000000002,0.39842072452725635
r_deba39a16914ad45918327a35b9ab12b,Tor browsing,d_1be06ce1b670864df8c500dc82b295ae,1,0,a_e7d8c038c18055500148c5915382bd98,a_69fb0b835452ca85c178bdeaaf11695b,p_db32b70cd4d333684d25a88edbaebbf0,p_3d01955bb66b778c6aa471c3a2911a0a,6,20706,77,72,45425,39371,149,84796,7.1959818410122676,4095.2380952380954,569.10067114093965,0.51677852348993292,0.53569743855842256
r_3c7e19373bdf7e25d062b09358c1d60d,Tor browsing,d_1be06ce1b670864df8c500dc82b295ae,1,0,a_e7d8c038c18055500148c5915382bd98,a_71394ec0ae14eb2d17f693263a2fab11,p_4c355875bb10143ac4c4af88d182c07a,p_e8fa32c526b9b4cdc16418a4dc18e34a,6,18356,41,49,17430,21852,90,39282,4.9030289823490953,2140.0087164959682,436.46666666666664,0.45555555555555555,0.4437146784786925
r_f73bc3b04cfb0b401fe51718ec6b3b82,Tor browsing,d_1be06ce1b670864df8c500dc82b295ae,1,0,a_e7d8c038c18055500148c5915382bd98,a_71394ec0ae14eb2d17f693263a2fab11,p_be3287000101dbf5993a614266552196,p_e8fa32c526b9b4cdc16418a4dc18e34a,6,16692,54,59,11762,54908,113,66670,6.7697100407380777,3994.1289240354658,590,0.47787610619469029,0.17642117894105294
r_cd73d7036ffa65ac84b7f924f46d8d00,Tor browsing,d_1be06ce1b670864df8c500dc82b295ae,1,0,a_e7d8c038c18055500148c5915382bd98,a_69fb0b835452ca85c178bdeaaf11695b,p_38b1ae30e98c5c0b2a5a22308bea6ffd,p_3d01955bb66b778c6aa471c3a2911a0a,6,14755,62,64,20935,41985,126,62920,8.5394781430023716,4264.3171806167402,499.36507936507934,0.49206349206349204,0.33272409408773046
r_b3dc29e31b2411dbbdca0776ba37b3b0,Tor browsing,d_1be06ce1b670864df8c500dc82b295ae,1,0,a_e7d8c038c18055500148c5915382bd98,a_e2370a5f48648ec5a5dbdf8b657a0e89,p_c2b118f4b2576209ca364a31fff7275f,p_3dd478bd944ece2906a0c8e4425f63be,6,7718,16,14,3360,5789,30,9149,3.8870173620108837,1185.4107281679192,304.96666666666664,0.53333333333333333,0.36725325172149964
r_66d298ac3969aef63b643c7d51129d6e,Tor browsing,d_1be06ce1b670864df8c500dc82b295ae,1,0,a_e7d8c038c18055500148c5915382bd98,a_69fb0b835452ca85c178bdeaaf11695b,p_eda4e898e4abd3b102838b1418abae5a,p_3d01955bb66b778c6aa471c3a2911a0a,6,19983,64,62,22394,27437,126,49831,6.305359555622279,2493.6696191762999,395.48412698412699,0.50793650793650791,0.44939896851357591
r_7c5c8a1c7d2f5dc8f29add0cc63ddd6a,Tor browsing,d_1be06ce1b670864df8c500dc82b295ae,1,0,a_e7d8c038c18055500148c5915382bd98,a_71394ec0ae14eb2d17f693263a2fab11,p_fb0fcce1b4b18782335c271cce6a8c05,p_e8fa32c526b9b4cdc16418a4dc18e34a,6,18958,37,37,12481,15956,74,28437,3.9033653338959811,1500.0000000000002,384.2837837837838,0.5,0.4389000246158174
r_e523c67b9049297d92460670c829be42,Tor browsing,d_1be06ce1b670864df8c500dc82b295ae,1,0,a_e7d8c038c18055500148c5915382bd98,a_674d5ee64f23b261c5642a10f9e60950,p_6c90c4871895fd81691cde22c9415e21,p_e716c6cc1f53475b582f2fb3e8a2988d,6,280,1,1,60,40,2,100,7.1428571428571423,357.14285714285711,50,0.5,0.59999999999999998
r_31126e3340ab1573e255f74253319781,Tor browsing,d_1be06ce1b670864df8c500dc82b295ae,1,0,a_e7d8c038c18055500148c5915382bd98,a_71394ec0ae14eb2d17f693263a2fab11,p_d6aaaf2fbf7661445aa9867f822c5052,p_e8fa32c526b9b4cdc16418a4dc18e34a,6,18260,56,63,21479,26354,119,47833,6.5169769989047088,2619.5509309967138,401.9579831932773,0.47058823529411764,0.44904145673489015
r_0cebe5106ba8fb3143170c9eceb45735,Tor browsing,d_1be06ce1b670864df8c500dc82b295ae,1,0,a_e7d8c038c18055500148c5915382bd98,a_69fb0b835452ca85c178bdeaaf11695b,p_3264f3cdf462268b5f2b556ce22a7822,p_3d01955bb66b778c6aa471c3a2911a0a,6,17315,37,36,12980,16547,73,29527,4.2159976898642793,1705.2844354605832,404.47945205479454,0.50684931506849318,0.43959765638229414
r_e3eae7e82973d017755b793d7ccc011f,Tor browsing,d_1be06ce1b670864df8c500dc82b295ae,1,0,a_e7d8c038c18055500148c5915382bd98,a_e2370a5f48648ec5a5dbdf8b657a0e89,p_b9b06632c1dff7418697475ee5cf36cb,p_3dd478bd944ece2906a0c8e4425f63be,6,10308,14,14,3266,5789,28,9055,2.7163368257663949,878.44392704695383,323.39285714285717,0.5,0.36068470458310325
r_4dc2bbb7a30f7b5f909485f37ae31a49,Tor browsing,d_1be06ce1b670864df8c500dc82b295ae,1,0,a_e7d8c038c18055500148c5915382bd98,a_893243e5083f322d109d866089bf6995,p_377b678a08e4863c4a16e661fef09cec,p_3919451a0dfaecc18e4c3b5d9eae72c2,6,24725,16,13,3358,8251,29,11609,1.1729019211324569,469.52477249747216,400.31034482758622,0.55172413793103448,0.28925833405116719
r_4d0f2ff1c1f68ac537ab9530fe1a76ae,Tor browsing,d_1be06ce1b670864df8c500dc82b295ae,1,0,a_e7d8c038c18055500148c5915382bd98,a_71394ec0ae14eb2d17f693263a2fab11,p_2be902151fffdd2648956f832664fddd,p_e8fa32c526b9b4cdc16418a4dc18e34a,6,23648,74,79,27215,40410,153,67625,6.4698917456021654,2859.6498646820028,441.99346405228761,0.48366013071895425,0.40243992606284656
r_98531d4d0a3e65dcb37b7fa19514b78a,Tor browsing,d_1be06ce1b670864df8c500dc82b295ae,1,0,a_e7d8c038c18055500148c5915382bd98,a_69fb0b835452ca85c178bdeaaf11695b,p_65be54f8cec3751dddb22c46bed8e7aa,p_3d01955bb66b778c6aa471c3a2911a0a,6,22703,57,66,18818,51367,123,70185,5.4177861956569622,3091.4416596925516,570.60975609756099,0.46341463414634149,0.26811996865427085
r_c45c21de0864381aa75425f8e728c0eb,Tor browsing,d_1be06ce1b670864df8c500dc82b295ae,1,0,a_e7d8c038c18055500148c5915382bd98,a_d11f27298fc9f9656afb9f653adf887a,p_9cf86b289956aacb5da99d0134c58956,p_2313704d6916acc778397dda2b5b461d,6,17486,15,16,3302,11012,31,14314,1.7728468489076976,818.59773533112195,461.74193548387098,0.4838709677419355,0.23068324717060221
r_81fbf81fa9e09909fdc3906926d0de48,Tor browsing,d_1be06ce1b670864df8c500dc82b295ae,1,0,a_e7d8c038c18055500148c5915382bd98,a_71394ec0ae14eb2d17f693263a2fab11,p_a601e834d0e412d6d4078ebe59e37e4f,p_e8fa32c526b9b4cdc16418a4dc18e34a,6,16434,40,38,12096,18108,78,30204,4.7462577583059504,1837.8970427163197,387.23076923076923,0.51282051282051277,0.40047675804529204
r_dda2867b0b53c63572a443264306cc79,Tor browsing,d_1be06ce1b670864df8c500dc82b295ae,1,0,a_e7d8c038c18055500148c5915382bd98,a_69fb0b835452ca85c178bdeaaf11695b,p_17faf9ec83108b8a310dd9149ee9db4a,p_3d01955bb66b778c6aa471c3a2911a0a,6,15487,42,42,10069,27631,84,37700,5.4239039194162846,2434.2997352618327,448.8095238095238,0.5,0.2670822281167109
r_e311320a8035e6b3ee7acdf74674ff71,Tor browsing,d_1be06ce1b670864df8c500dc82b295ae,1,0,a_e7d8c038c18055500148c5915382bd98,a_e2370a5f48648ec5a5dbdf8b657a0e89,p_b1142bdd7c8b0ce11b925f3ce827c95b,p_3dd478bd944ece2906a0c8e4425f63be,6,13468,25,23,6511,11015,48,17526,3.5640035640035639,1301.3068013068014,365.125,0.52083333333333337,0.37150519228574691
r_6ec8afaf86082e9c4be0d10587bbc37a,Tor browsing,d_1be06ce1b670864df8c500dc82b295ae,1,0,a_e7d8c038c18055500148c5915382bd98,a_69fb0b835452ca85c178bdeaaf11695b,p_0d4f38dc469f395fe11c3f2cd29b8c6b,p_3d01955bb66b778c6aa471c3a2911a0a,6,14957,68,75,24233,45677,143,69910,9.5607407902654273,4674.065654877315,488.88111888111888,0.47552447552447552,0.34663138320698039
r_1907fe3f6f1d1d3007d3270c77452489,Tor browsing,d_1be06ce1b670864df8c500dc82b295ae,1,0,a_e7d8c038c18055500148c5915382bd98,a_71394ec0ae14eb2d17f693263a2fab11,p_fcece3441fc76bf6ec2d62a9d9fdf77b,p_e8fa32c526b9b4cdc16418a4dc18e34a,6,12897,28,26,7202,14782,54,21984,4.1870202372644805,1704.5824610374505,407.11111111111109,0.51851851851851849,0.3276018922852984
r_381d50a164b7e5f1af6785188098a6ae,Tor browsing,d_1be06ce1b670864df8c500dc82b295ae,1,0,a_e7d8c038c18055500148c5915382bd98,a_e2370a5f48648ec5a5dbdf8b657a0e89,p_f74abe0477082fabe3bec913f8e06606,p_3dd478bd944ece2906a0c8e4425f63be,6,2927,15,11,3323,5633,26,8956,8.8828151691151351,3059.7881790228903,344.46153846153845,0.57692307692307687,0.37103617686467172
r_348c9d7360ab46c615b2e846881df5ec,Tor browsing,d_1be06ce1b670864df8c500dc82b295ae,1,0,a_e7d8c038c18055500148c5915382bd98,a_71394ec0ae14eb2d17f693263a2fab11,p_2977a8b3c76b1e97e9ec30eba9e167df,p_e8fa32c526b9b4cdc16418a4dc18e34a,6,16116,52,60,12758,42514,112,55272,6.9496152891536367,3429.6351451973196,493.5,0.4642857142857143,0.23082211608047473
r_2cb9b1bcbcecc147174bccd09b05a5ff,Tor browsing,d_1be06ce1b670864df8c500dc82b295ae,1,0,a_e7d8c038c18055500148c5915382bd98,a_69fb0b835452ca85c178bdeaaf11695b,p_f12c811cae6fafd64f67d410b64bd52e,p_3d01955bb66b778c6aa471c3a2911a0a,6,15127,37,35,11345,18015,72,29360,4.7597011965359952,1940.9003768096779,407.77777777777777,0.51388888888888884,0.3864100817438692
r_4419b440b33afa67c6213145eb7b1b94,Tor browsing,d_1be06ce1b670864df8c500dc82b295ae,1,0,a_e7d8c038c18055500148c5915382bd98,a_e2370a5f48648ec5a5dbdf8b657a0e89,p_06589fbeb759f33059f0cd7fdf523312,p_3dd478bd944ece2906a0c8e4425f63be,6,8184,16,15,3370,5841,31,9211,3.7878787878787881,1125.4887585532747,297.12903225806451,0.5161290322580645,0.36586689827380309
r_e8ae0247edb86010001dec29a79956a9,Tor browsing,d_1be06ce1b670864df8c500dc82b295ae,1,0,a_e7d8c038c18055500148c5915382bd98,a_69fb0b835452ca85c178bdeaaf11695b,p_d0e898e287eb1c4f4a78da34fe4bcc51,p_3d01955bb66b778c6aa471c3a2911a0a,6,15421,38,34,11991,18007,72,29998,4.6689579145321316,1945.2694377796513,416.63888888888891,0.52777777777777779,0.39972664844322953
r_b7c1f19b30147ad91d18558db81cab5b,Tor browsing,d_1be06ce1b670864df8c500dc82b295ae,1,0,a_e7d8c038c18055500148c5915382bd98,a_71394ec0ae14eb2d17f693263a2fab11,p_c29f861f461dd93ffd2cf0d8547d69ab,p_e8fa32c526b9b4cdc16418a4dc18e34a,6,14365,61,66,16960,42412,127,59372,8.8409328228332758,4133.1012878524189,467.49606299212599,0.48031496062992124,0.28565653843562622
r_772ee647f40048364eeccb8e5e30117e,Tor browsing,d_1be06ce1b670864df8c500dc82b295ae,1,0,a_e7d8c038c18055500148c5915382bd98,a_71394ec0ae14eb2d17f693263a2fab11,p_0cbce787418469502d325467002cbac8,p_e8fa32c526b9b4cdc16418a4dc18e34a,6,20309,65,63,20393,39872,128,60265,6.3026244522133039,2967.4036141612091,470.8203125,0.5078125,0.33838878287563262
r_01ab99d11776f273e4b015088b46b159,Tor browsing,d_1be06ce1b670864df8c500dc82b295ae,1,0,a_e7d8c038c18055500148c5915382bd98,a_69fb0b835452ca85c178bdeaaf11695b,p_5092d6a8900104a60f101d8f23d1b152,p_3d01955bb66b778c6aa471c3a2911a0a,6,19391,44,39,17133,16213,83,33346,4.2803362384611425,1719.6637615388584,401.75903614457832,0.53012048192771088,0.51379475799196306
r_fa4b437f774e8b938dc665c54b32dd9e,Tor browsing,d_1be06ce1b670864df8c500dc82b295ae,1,0,a_e7d8c038c18055500148c5915382bd98,a_e2370a5f48648ec5a5dbdf8b657a0e89,p_a93cdbb4423dae3dff396eadf07c58e5,p_3dd478bd944ece2906a0c8e4425f63be,6,16384,30,32,6229,23863,62,30092,3.7841796875,1836.669921875,485.35483870967744,0.4838709677419355,0.20699853781736011
r_d4ece7835559fe4709e1aafca6001a20,Tor browsing,d_1be06ce1b670864df8c500dc82b295ae,1,0,a_e7d8c038c18055500148c5915382bd98,a_71394ec0ae14eb2d17f693263a2fab11,p_1126c55baf228647a6f2b3c672627dd3,p_e8fa32c526b9b4cdc16418a4dc18e34a,6,20347,36,34,12400,13142,70,25542,3.4403106109008696,1255.3201946232859,364.8857142857143,0.51428571428571423,0.48547490407955524
r_d2afef9299ab22429f163b4c079153f8,Tor browsing,d_1be06ce1b670864df8c500dc82b295ae,1,0,a_e7d8c038c18055500148c5915382bd98,a_69fb0b835452ca85c178bdeaaf11695b,p_544f32c653f8fe93ba4e8b95127890bd,p_3d01955bb66b778c6aa471c3a2911a0a,6,17449,20,18,5701,8151,38,13852,2.1777752306722444,793.85638145452458,364.5263157894737,0.52631578947368418,0.41156511695062087
r_a5711f3405d8ac62fa8a2b1ec4c99402,Tor browsing,d_1be06ce1b670864df8c500dc82b295ae,1,0,a_e7d8c038c18055500148c5915382bd98,a_1a2a5e4ab28dd22f011fdfef245c54c5,p_d7d9b3d766d8434418ea25552de5e11a,p_2313704d6916acc778397dda2b5b461d,6,21251,15,14,3389,11155,29,14544,1.3646416639216978,684.3913227612818,501.51724137931035,0.51724137931034486,0.23301705170517051
r_883e73fe4f259fb33fdac0b6c94d9b9c,Tor browsing,d_1be06ce1b670864df8c500dc82b295ae,1,0,a_e7d8c038c18055500148c5915382bd98,a_69fb0b835452ca85c178bdeaaf11695b,p_7b1fc456a2a7a2af162cf89dd1d34fbb,p_3d01955bb66b778c6aa471c3a2911a0a,6,20384,68,72,27409,28539,140,55948,6.8681318681318677,2744.7017268445838,399.62857142857143,0.48571428571428571,0.48990133695574462
r_1e8a276a0f816bc32da21587a0120d02,Tor browsing,d_1be06ce1b670864df8c500dc82b295ae,1,0,a_e7d8c038c18055500148c5915382bd98,a_71394ec0ae14eb2d17f693263a2fab11,p_00afa5867b93e54ef80ebece8660766c,p_e8fa32c526b9b4cdc16418a4dc18e34a,6,19357,49,51,17856,21956,100,39812,5.1660897866404918,2056.7236658573129,398.12,0.48999999999999999,0.44850798754144477
r_5a0491893331528ab9ce0b5c65984bef,Tor browsing,d_1be06ce1b670864df8c500dc82b295ae,1,0,a_e7d8c038c18055500148c5915382bd98,a_7f7e7fc89eb2b06eacd95ac551cc563a,p_b2f2ad4383597a5e339eb63c563a7267,p_2d36b619be089107b3d8a5a53b5aa6c4,6,329,1,1,60,40,2,100,6.0790273556230998,303.951367781155,50,0.5,0.59999999999999998
r_c7908b5a551edef87a26a7f7a620aa41,Tor browsing,d_1be06ce1b670864df8c500dc82b295ae,1,0,a_e7d8c038c18055500148c5915382bd98,a_71394ec0ae14eb2d17f693263a2fab11,p_7cb8f3d8438416e35142386720d5112b,p_e8fa32c526b9b4cdc16418a4dc18e34a,6,17438,20,20,5726,8170,40,13896,2.2938410368161488,796.88037618993008,347.39999999999998,0.5,0.4120610247553253
r_ee665c23b884e897589e4119a55cfcef,Tor browsing,d_1be06ce1b670864df8c500dc82b295ae,1,0,a_e7d8c038c18055500148c5915382bd98,a_e2370a5f48648ec5a5dbdf8b657a0e89,p_ed03e84e2dff31830a3073acb476c6b2,p_3dd478bd944ece2906a0c8e4425f63be,6,16456,17,15,3965,5841,32,9806,1.9445794846864366,595.89207583859991,306.4375,0.53125,0.40434427901284925
r_c0fca42d38938dbea56561c7451308ff,Tor browsing,d_1be06ce1b670864df8c500dc82b295ae,1,0,a_e7d8c038c18055500148c5915382bd98,a_69fb0b835452ca85c178bdeaaf11695b,p_86d7f8e8b9d52bcb347d0cde8de35bf6,p_3d01955bb66b778c6aa471c3a2911a0a,6,15487,98,116,30463,97447,214,127910,13.818040937560534,8259.185123006393,597.71028037383178,0.45794392523364486,0.23815964349933547
r_7be7fcf34a051bff08de76ffcfe7b466,Tor browsing,d_1be06ce1b670864df8c500dc82b295ae,1,0,a_e7d8c038c18055500148c5915382bd98,a_8dddc3650faabc8fca61d2758620e52b,p_0f9f20164afce7988eef3cb801985a53,p_2313704d6916acc778397dda2b5b461d,6,19579,9,0,540,0,9,540,0.45967618366617291,27.580571019970375,60,1,1
r_a765f7e341684f4cf6bb6dcca8de7f65,Tor browsing,d_1be06ce1b670864df8c500dc82b295ae,1,0,a_e7d8c038c18055500148c5915382bd98,a_69fb0b835452ca85c178bdeaaf11695b,p_35c01157f517b9ad3ea46f519b9f7584,p_3d01955bb66b778c6aa471c3a2911a0a,6,19322,29,30,9393,12495,59,21888,3.0535141289721563,1132.8019873719077,370.9830508474576,0.49152542372881358,0.4291392543859649
r_bd5041b5bd67842fc8a3f4fbb30ee939,Tor browsing,d_1be06ce1b670864df8c500dc82b295ae,1,0,a_e7d8c038c18055500148c5915382bd98,a_71394ec0ae14eb2d17f693263a2fab11,p_c76d932b0f0be2ab789498aa12a511e4,p_e8fa32c526b9b4cdc16418a4dc18e34a,6,18258,70,64,29053,33330,134,62383,7.3392485485814438,3416.7488224340018,465.54477611940297,0.52238805970149249,0.46571982751711205
r_c3e3f43ea8c1d7e37061d5a6d0fb4a3e,Tor browsing,d_1be06ce1b670864df8c500dc82b295ae,1,0,a_e7d8c038c18055500148c5915382bd98,a_86911fa4d6ab6ac775fbdcb7365c093d,p_45b1cd6ab89aebfc29f50b43ff2c7fa3,p_018bddd8ee5d54a934fb83e788d3889a,6,19603,9,0,540,0,9,540,0.45911340101004944,27.546804060602966,60,1,1
r_201238c9a5e809d8352099c516f38ba0,Tor browsing,d_1be06ce1b670864df8c500dc82b295ae,1,0,a_e7d8c038c18055500148c5915382bd98,a_71394ec0ae14eb2d17f693263a2fab11,p_dff3265f794831c749d5ac0242a99fce,p_e8fa32c526b9b4cdc16418a4dc18e34a,6,19287,63,60,21799,24590,123,46389,6.3773526209363824,2405.1952092082752,377.14634146341461,0.51219512195121952,0.46991743732350344
r_d1324b2316726660fd3f9daafa30cc69,Tor browsing,d_1be06ce1b670864df8c500dc82b295ae,1,0,a_e7d8c038c18055500148c5915382bd98,a_69fb0b835452ca85c178bdeaaf11695b,p_c6d0e72a71c1076ebf842a5189f3c986,p_3d01955bb66b778c6aa471c3a2911a0a,6,16333,51,51,19528,22075,102,41603,6.2450254086818102,2547.1744321312681,407.87254901960785,0.5,0.46938922673845634
r_a2451438f4e3685b85c74c0434c082ae,Tor browsing,d_1be06ce1b670864df8c500dc82b295ae,1,0,a_e7d8c038c18055500148c5915382bd98,a_450e59d49ff3fa7eaf862bba4f5d3768,p_a4d11f5797fa82e757edcbe0c2ce4127,p_3dd478bd944ece2906a0c8e4425f63be,6,24969,18,17,3452,11592,35,15044,1.4017381553125876,602.50710881493046,429.82857142857142,0.51428571428571423,0.22946024993352832
r_c8f66da47e7b9e7a1613275c9da46672,Tor browsing,d_1be06ce1b670864df8c500dc82b295ae,1,0,a_e7d8c038c18055500148c5915382bd98,a_71394ec0ae14eb2d17f693263a2fab11,p_1cc30797326e280bab8493accfa4ec40,p_e8fa32c526b9b4cdc16418a4dc18e34a,6,23961,36,40,12441,17676,76,30117,3.1718208755894999,1256.9174909227495,396.2763157894737,0.47368421052631576,0.41308895308297638
r_88d220fe29a015d101e1f82b4683ae8b,Tor browsing,d_1be06ce1b670864df8c500dc82b295ae,1,0,a_e7d8c038c18055500148c5915382bd98,a_69fb0b835452ca85c178bdeaaf11695b,p_d3502386b31a73f269a4810a0ac2aea6,p_3d01955bb66b778c6aa471c3a2911a0a,6,22018,71,74,28541,47913,145,76454,6.5855209374148425,3472.3408120628574,527.26896551724133,0.48965517241379308,0.37330944097104141
r_806ea31cab9e8141fd68620dcc2a136e,Tor browsing,d_1be06ce1b670864df8c500dc82b295ae,1,0,a_e7d8c038c18055500148c5915382bd98,a_9c52f32b516e62ecb0173efa9901c631,p_64fa6b3092ed4546cdf9d3025ae18d33,p_2313704d6916acc778397dda2b5b461d,6,19522,9,0,540,0,9,540,0.46101833828501182,27.66110029710071,60,1,1
r_7788530fe30f76b656395eae3e2a54aa,Tor browsing,d_1be06ce1b670864df8c500dc82b295ae,1,0,a_e7d8c038c18055500148c5915382bd98,a_71394ec0ae14eb2d17f693263a2fab11,p_54e92b75b75755280564d368294b0057,p_e8fa32c526b9b4cdc16418a4dc18e34a,6,20333,48,47,17887,19682,95,37569,4.6722077411105101,1847.6860276397974,395.46315789473687,0.50526315789473686,0.47611062312012564
r_132f3e6d98577e1c154ae0ef7863b71e,Tor browsing,d_1be06ce1b670864df8c500dc82b295ae,1,0,a_e7d8c038c18055500148c5915382bd98,a_69fb0b835452ca85c178bdeaaf11695b,p_758d9a28dd9f5533934c4d3db346f92c,p_3d01955bb66b778c6aa471c3a2911a0a,6,19384,70,73,25402,29059,143,54461,7.3772183243912508,2809.5852249277755,380.84615384615387,0.48951048951048953,0.46642551550650924
r_7f544c20905e64843a35597c0d7c7fa0,Tor browsing,d_1be06ce1b670864df8c500dc82b295ae,1,0,a_e7d8c038c18055500148c5915382bd98,a_60056c2ac85e779e06ca490b67480ca1,p_5804ecac1b6f232a5565dd44ac84f9bd,p_2d36b619be089107b3d8a5a53b5aa6c4,6,19461,9,0,540,0,9,540,0.46246338831509176,27.747803298905506,60,1,1
r_3ababc82c40f5578df12f7df6cc1dae0,Tor browsing,d_1be06ce1b670864df8c500dc82b295ae,1,0,a_e7d8c038c18055500148c5915382bd98,a_69fb0b835452ca85c178bdeaaf11695b,p_1af50146b4ae4a617a28ae27538bf89a,p_3d01955bb66b778c6aa471c3a2911a0a,6,19511,42,43,14348,17415,85,31763,4.3565168366562457,1627.9534621495568,373.68235294117648,0.49411764705882355,0.45172055536315842
r_38dc24c1ac2c97d0a61221d3fdb5e89a,Tor browsing,d_1be06ce1b670864df8c500dc82b295ae,1,0,a_e7d8c038c18055500148c5915382bd98,a_71394ec0ae14eb2d17f693263a2fab11,p_306ac6f1d2bee8c11f098751a9fe9f1e,p_e8fa32c526b9b4cdc16418a4dc18e34a,6,18440,72,71,25440,29964,143,55404,7.7548806941431661,3004.5553145336225,387.44055944055947,0.50349650349650354,0.45917262291531297
r_f8586040f916c285c58a277ee0201192,Tor browsing,d_1be06ce1b670864df8c500dc82b295ae,1,0,a_e7d8c038c18055500148c5915382bd98,a_8191a1e6efaf3f63f44f10e11a56d0d6,p_0b778a822ba6bf61121552ced963e38f,p_2313704d6916acc778397dda2b5b461d,6,360,1,1,60,40,2,100,5.5555555555555554,277.77777777777777,50,0.5,0.59999999999999998
r_70f17b341a70382c76f9d248ae58ce30,Tor browsing,d_1be06ce1b670864df8c500dc82b295ae,1,0,a_e7d8c038c18055500148c5915382bd98,a_71394ec0ae14eb2d17f693263a2fab11,p_e7c59a492443059cb1260d0473a4a329,p_e8fa32c526b9b4cdc16418a4dc18e34a,6,18618,67,68,24732,28736,135,53468,7.2510473735095076,2871.8444516059731,396.05925925925925,0.49629629629629629,0.46255704346525023
r_cf3e1e7e671a7d618a3c9ec1801bd2bc,Tor browsing,d_1be06ce1b670864df8c500dc82b295ae,1,0,a_e7d8c038c18055500148c5915382bd98,a_69fb0b835452ca85c178bdeaaf11695b,p_fdd3b8f74e867ad278422dea3d6dcafc,p_3d01955bb66b778c6aa471c3a2911a0a,6,17680,34,33,10743,14751,67,25494,3.7895927601809953,1441.9683257918552,380.50746268656718,0.5074626865671642,0.42139326900447166
r_04e4537f98b617becb9376925fb040c9,Tor browsing,d_1be06ce1b670864df8c500dc82b295ae,1,0,a_e7d8c038c18055500148c5915382bd98,a_e2370a5f48648ec5a5dbdf8b657a0e89,p_c92d350ef1edda19013439bfefa60c0f,p_3dd478bd944ece2906a0c8e4425f63be,6,6652,20,19,5187,7657,39,12844,5.8628983764281415,1930.847865303668,329.33333333333331,0.51282051282051277,0.40384615384615385
r_6ba55c5e6312db0ec24d2d7a9c11d5eb,Tor browsing,d_1be06ce1b670864df8c500dc82b295ae,1,0,a_e7d8c038c18055500148c5915382bd98,a_0ddcb392b31a5465913844470f9d96e8,p_db3826344750c3df4103ef25f2838d3e,p_2313704d6916acc778397dda2b5b461d,6,19484,14,15,3259,10916,29,14175,1.488400739067953,727.52001642373227,488.79310344827587,0.48275862068965519,0.22991181657848325
r_3f4b7216dd71dd46e46d8ab5a5d455cc,Tor browsing,d_1be06ce1b670864df8c500dc82b295ae,1,0,a_e7d8c038c18055500148c5915382bd98,a_71394ec0ae14eb2d17f693263a2fab11,p_46f2711f3b7cca1a02bbbcb333bee187,p_e8fa32c526b9b4cdc16418a4dc18e34a,6,18433,46,46,16125,19596,92,35721,4.9910486627244612,1937.8831443606575,388.27173913043481,0.5,0.45141513395481647
r_8cc849315553f8dce59de38bd57afb65,Tor browsing,d_1be06ce1b670864df8c500dc82b295ae,1,0,a_e7d8c038c18055500148c5915382bd98,a_69fb0b835452ca85c178bdeaaf11695b,p_3954aaf0ba6287383add9c4bfec97c54,p_3d01955bb66b778c6aa471c3a2911a0a,6,15506,65,65,23981,26543,130,50524,8.3838514123565062,3258.3516058300011,388.64615384615382,0.5,0.47464571292850921
r_ec41ce0e57c2166ba40d9e271cb00664,Tor browsing,d_1be06ce1b670864df8c500dc82b295ae,1,0,a_e7d8c038c18055500148c5915382bd98,a_e338888085f43a99ab322d5740681046,p_0082f26597db04b47084d6bcc5e81ccc,p_3dd478bd944ece2906a0c8e4425f63be,6,16756,16,15,3381,10955,31,14336,1.8500835521604202,855.57412270231555,462.45161290322579,0.5161290322580645,0.23583984375
r_6f4868bba1807a1be72f38fb2f2c9ed1,Tor browsing,d_1be06ce1b670864df8c500dc82b295ae,1,0,a_e7d8c038c18055500148c5915382bd98,a_71394ec0ae14eb2d17f693263a2fab11,p_8fe61abe0f2a4eded7056a9e7a2efd9b,p_e8fa32c526b9b4cdc16418a4dc18e34a,6,15729,56,66,16462,39798,122,56260,7.7563735774683709,3576.8326021997586,461.14754098360658,0.45901639344262296,0.29260575897618202
r_ae7b068eeb520cf579c6beddd17deda5,Tor browsing,d_1be06ce1b670864df8c500dc82b295ae,1,0,a_e7d8c038c18055500148c5915382bd98,a_69fb0b835452ca85c178bdeaaf11695b,p_5deae8197a1caf67ee2eacf3512a931e,p_3d01955bb66b778c6aa471c3a2911a0a,6,14702,37,32,11105,15735,69,26840,4.6932390150999863,1825.6019589171542,388.98550724637681,0.53623188405797106,0.41374813710879282
r_d1b17a76919f717dd4f7bbffb56581fb,Tor browsing,d_1be06ce1b670864df8c500dc82b295ae,1,0,a_e7d8c038c18055500148c5915382bd98,a_71394ec0ae14eb2d17f693263a2fab11,p_e1fc00f189fbe9a823e1b0a0b329e108,p_e8fa32c526b9b4cdc16418a4dc18e34a,6,18864,66,61,24616,29400,127,54016,6.7324003392705682,2863.4435962680236,425.32283464566927,0.51968503937007871,0.45571682464454977
r_1c86187da70121eb5fdfda739d2b7e27,Tor browsing,d_1be06ce1b670864df8c500dc82b295ae,1,0,a_e7d8c038c18055500148c5915382bd98,a_69fb0b835452ca85c178bdeaaf11695b,p_3aa8ba198feb109eb12e1ea2b8158572,p_3d01955bb66b778c6aa471c3a2911a0a,6,16934,52,48,22825,22232,100,45057,5.9052793197118216,2660.7417030825554,450.56999999999999,0.52000000000000002,0.50658055352109554
r_1c04ae7b67fd8a2bd500dff240a3c0ce,Tor browsing,d_1be06ce1b670864df8c500dc82b295ae,1,0,a_e7d8c038c18055500148c5915382bd98,a_b282424f0717adb21aefa5277bcfc450,p_d2cee24157ab964a7901a1aba79e88d3,p_2313704d6916acc778397dda2b5b461d,6,11192,8,0,480,0,8,480,0.71479628305932807,42.887776983559682,60,1,1
r_82fb2c38944f9577edca6f98a0c14905,Tor browsing,d_1be06ce1b670864df8c500dc82b295ae,1,0,a_e7d8c038c18055500148c5915382bd98,a_71394ec0ae14eb2d17f693263a2fab11,p_d221099a565b88511dafb6c9e02a0e15,p_e8fa32c526b9b4cdc16418a4dc18e34a,6,18588,42,43,16425,19932,85,36357,4.5728426942113192,1955.9393156875403,427.7294117647059,0.49411764705882355,0.45176994801551285
r_245464b3967da0925ada5a2e1a512672,Tor browsing,d_1be06ce1b670864df8c500dc82b295ae,1,0,a_e7d8c038c18055500148c5915382bd98,a_69fb0b835452ca85c178bdeaaf11695b,p_52b6c5850e7160ee58de4375599a2612,p_3d01955bb66b778c6aa471c3a2911a0a,6,16675,61,60,21655,24151,121,45806,7.2563718140929536,2746.9865067466267,378.56198347107437,0.50413223140495866,0.47275466096144608
r_f2c7e197aa59b93505daf1638931da95,Tor browsing,d_1be06ce1b670864df8c500dc82b295ae,1,0,a_e7d8c038c18055500148c5915382bd98,a_c1611769dc77d79f706dac42a9408c82,p_ebc56b499af4cc54476ba12eec79af67,p_2313704d6916acc778397dda2b5b461d,6,19375,9,0,540,0,9,540,0.46451612903225808,27.870967741935484,60,1,1
r_5fac2dddbb35f554ea77dd05ca751025,Tor browsing,d_1be06ce1b670864df8c500dc82b295ae,1,0,a_e7d8c038c18055500148c5915382bd98,a_71394ec0ae14eb2d17f693263a2fab11,p_71f998789231f41b1fa347a6b12d38c8,p_e8fa32c526b9b4cdc16418a4dc18e34a,6,20330,80,79,29620,33542,159,63162,7.8209542547958693,3106.8371864240044,397.24528301886795,0.50314465408805031,0.46895285139799248
r_12f069c63897bcb0786de91cfaad267c,Tor browsing,d_1be06ce1b670864df8c500dc82b295ae,1,0,a_e7d8c038c18055500148c5915382bd98,a_69fb0b835452ca85c178bdeaaf11695b,p_29069d08a5847a6eb0198d15db1a1183,p_3d01955bb66b778c6aa471c3a2911a0a,6,18386,36,35,11933,13291,71,25224,3.8616338518437945,1371.913412378984,355.26760563380282,0.50704225352112675,0.47308119251506503
r_40dbf36a944ba0202ec37e6b79124bd9,Tor browsing,d_1be06ce1b670864df8c500dc82b295ae,1,0,a_e7d8c038c18055500148c5915382bd98,a_e2370a5f48648ec5a5dbdf8b657a0e89,p_3b778b3b454c4180825f02614cfb4a41,p_3dd478bd944ece2906a0c8e4425f63be,6,10361,14,14,3273,5789,28,9062,2.702441849242351,874.62600135122091,323.64285714285717,0.5,0.36117854778194658
r_d927b651987b006bab5be1f2a46077d1,Tor browsing,d_1be06ce1b670864df8c500dc82b295ae,1,0,a_e7d8c038c18055500148c5915382bd98,a_0cab75a85066ac07aecb959b1d69389d,p_b128fe22cf81e93db7fe4644453cdea3,p_2313704d6916acc778397dda2b5b461d,6,19340,9,0,540,0,9,540,0.46535677352637023,27.921406411582215,60,1,1
r_9108c8b2a7fe8f075a5963f9bc526b57,Tor browsing,d_1be06ce1b670864df8c500dc82b295ae,1,0,a_e7d8c038c18055500148c5915382bd98,a_69fb0b835452ca85c178bdeaaf11695b,p_124ba83df58b781c70e439e80eb5f9c8,p_3d01955bb66b778c6aa471c3a2911a0a,6,20068,76,80,21479,47075,156,68554,7.7735698624676095,3416.0853099461829,439.44871794871796,0.48717948717948717,0.31331505090877265
r_d5b8d44dbf936d25e0563bc329a23146,Tor browsing,d_1be06ce1b670864df8c500dc82b295ae,1,0,a_e7d8c038c18055500148c5915382bd98,a_71394ec0ae14eb2d17f693263a2fab11,p_3567fc3d954dcde38e6e616e777bbd98,p_e8fa32c526b9b4cdc16418a4dc18e34a,6,19008,67,70,20964,46382,137,67346,7.2074915824915831,3543.0345117845118,491.57664233576645,0.48905109489051096,0.31128797552935589
r_74e7310f571c6f9d4fdab3daf5527113,Tor browsing,d_1be06ce1b670864df8c500dc82b295ae,1,0,a_e7d8c038c18055500148c5915382bd98,a_ee5caa993ce38999dd080cfe5a2e58bd,p_91019de00a345fdc86fa4606b7f279bd,p_e805c9d7b1b02a765dbe79d4dc8d4bd7,6,5147,6,0,360,0,6,360,1.1657276083155235,69.943656498931418,60,1,1
r_b8df688de5962b38a98cf16b20293850,Tor browsing,d_1be06ce1b670864df8c500dc82b295ae,1,0,a_e7d8c038c18055500148c5915382bd98,a_71394ec0ae14eb2d17f693263a2fab11,p_dd30cc95ccddb9d14d8ecd6a5cb8ace5,p_e8fa32c526b9b4cdc16418a4dc18e34a,6,17698,64,61,21868,27278,125,49146,7.0629449655328287,2776.9239462086111,393.16800000000001,0.51200000000000001,0.44495991535425061
r_395626d4079b021353ad87ac65b78682,Tor browsing,d_1be06ce1b670864df8c500dc82b295ae,1,0,a_e7d8c038c18055500148c5915382bd98,a_69fb0b835452ca85c178bdeaaf11695b,p_693a3af206ab97d035b61fde23f006e7,p_3d01955bb66b778c6aa471c3a2911a0a,6,16745,45,42,13990,16323,87,30313,5.195580770379217,1810.2717229023588,348.42528735632186,0.51724137931034486,0.46151816052518724
r_b70abffde3bf9aa857881a56f3862877,Tor browsing,d_1be06ce1b670864df8c500dc82b295ae,1,0,a_e7d8c038c18055500148c5915382bd98,a_59eb261459aba1797a8adf9daeffce53,p_727406ebec648b55eb0fb7d7a716c036,p_5b91bffc635f539b7237c9bbacd9a69d,6,16919,17,16,3415,10944,33,14359,1.9504698859270642,848.69082097050648,435.12121212121212,0.51515151515151514,0.23782993244654921
r_a68153c7f51350a0438f8ef123993236,Tor browsing,d_1be06ce1b670864df8c500dc82b295ae,1,0,a_e7d8c038c18055500148c5915382bd98,a_69fb0b835452ca85c178bdeaaf11695b,p_af9b0062abaff12fb0930543e070a86d,p_3d01955bb66b778c6aa471c3a2911a0a,6,15906,41,42,11587,29195,83,40782,5.2181566704388276,2563.9381365522445,491.34939759036143,0.49397590361445781,0.28412044529449265
r_78ae34b7f2f4425b15cc9f84f80752c4,Tor browsing,d_1be06ce1b670864df8c500dc82b295ae,1,0,a_e7d8c038c18055500148c5915382bd98,a_71394ec0ae14eb2d17f693263a2fab11,p_f040f0ea40b1f7dcbee935eb9fc855f4,p_e8fa32c526b9b4cdc16418a4dc18e34a,6,13907,37,38,14022,23358,75,37380,5.3929675702883442,2687.8550370317107,498.39999999999998,0.49333333333333335,0.37512038523274477
r_10855be7ac6f2766748e8d0c9e785b13,Tor browsing,d_1be06ce1b670864df8c500dc82b295ae,1,0,a_e7d8c038c18055500148c5915382bd98,a_b282424f0717adb21aefa5277bcfc450,p_112505e93891195f52a34f15361491fa,p_2313704d6916acc778397dda2b5b461d,6,11199,8,0,480,0,8,480,0.71434949549066884,42.860969729440129,60,1,1
r_9613b0b6ed7268dded0cbe7fd8ecfc5c,Tor browsing,d_1be06ce1b670864df8c500dc82b295ae,1,0,a_e7d8c038c18055500148c5915382bd98,a_71394ec0ae14eb2d17f693263a2fab11,p_55ba2e46b175dab5c9bf85fe2faabafb,p_e8fa32c526b9b4cdc16418a4dc18e34a,6,18526,57,63,15680,38646,120,54326,6.4773831372125663,2932.4193026017488,452.71666666666664,0.47499999999999998,0.28862791296984869
r_700033eee2728f4fd194eed598d1cfff,Tor browsing,d_1be06ce1b670864df8c500dc82b295ae,1,0,a_e7d8c038c18055500148c5915382bd98,a_69fb0b835452ca85c178bdeaaf11695b,p_4e20471fb89ebe399cc55d227cdfe18d,p_3d01955bb66b778c6aa471c3a2911a0a,6,17582,72,84,21209,69375,156,90584,8.8727107268797631,5152.0873620748489,580.66666666666663,0.46153846153846156,0.23413627130619094
r_9fa426e0ffc5c3cd51194ec848493bf6,Tor browsing,d_1be06ce1b670864df8c500dc82b295ae,1,0,a_e7d8c038c18055500148c5915382bd98,a_8dc87cb3aedc0cff2e4e0d0af3f91dde,p_a9372fffc9eaf022b6ab2d53c53771b3,p_3dd478bd944ece2906a0c8e4425f63be,6,1132,12,9,1047,3922,21,4969,18.551236749116608,4389.5759717314495,236.61904761904762,0.5714285714285714,0.21070637955323002
r_29dbfd819b5ba3b7e540e0a6be590074,Tor browsing,d_1be06ce1b670864df8c500dc82b295ae,1,0,a_e7d8c038c18055500148c5915382bd98,a_71394ec0ae14eb2d17f693263a2fab11,p_e4cd5ddc565800c463c1ff051526c45a,p_e8fa32c526b9b4cdc16418a4dc18e34a,6,15466,46,45,15072,21130,91,36202,5.8838743049269366,2340.7474460106041,397.82417582417582,0.50549450549450547,0.41633058947019502
r_798627291dda9dc55a57138d53b01df4,Tor browsing,d_1be06ce1b670864df8c500dc82b295ae,1,0,a_e7d8c038c18055500148c5915382bd98,a_e2370a5f48648ec5a5dbdf8b657a0e89,p_3910dc675643460d156405dfcbf04863,p_3dd478bd944ece2906a0c8e4425f63be,6,12543,32,31,6347,23253,63,29600,5.0227218368811295,2359.8820058997053,469.84126984126982,0.50793650793650791,0.21442567567567566
r_8344b691645a169fcf3e192add712875,Tor browsing,d_1be06ce1b670864df8c500dc82b295ae,1,0,a_e7d8c038c18055500148c5915382bd98,a_69fb0b835452ca85c178bdeaaf11695b,p_702cbca6fb9e9b3a5360627a0cdf7c0f,p_3d01955bb66b778c6aa471c3a2911a0a,6,11562,31,31,11641,13607,62,25248,5.3623940494724103,2183.7052413077322,407.22580645161293,0.5,0.46106622306717365
r_1243df107084ab903df13ce98b76cc6d,Tor browsing,d_1be06ce1b670864df8c500dc82b295ae,1,0,a_e7d8c038c18055500148c5915382bd98,a_e2370a5f48648ec5a5dbdf8b657a0e89,p_47ec66e834285c249bc2a4720fd6b948,p_3dd478bd944ece2906a0c8e4425f63be,6,19782,16,14,3896,6325,30,10221,1.5165301789505612,516.68183196845621,340.69999999999999,0.53333333333333333,0.38117601017512964
r_956468cc818b91dcec608a82c4456540,Tor browsing,d_1be06ce1b670864df8c500dc82b295ae,1,0,a_e7d8c038c18055500148c5915382bd98,a_71394ec0ae14eb2d17f693263a2fab11,p_4ee69062ee23d0e9ff4759b4e162b7a0,p_e8fa32c526b9b4cdc16418a4dc18e34a,6,18749,50,49,18417,22378,99,40795,5.2802816150194678,2175.8493786335271,412.07070707070704,0.50505050505050508,0.45145238387057235
r_5004bff6178ee160bce625d4d11ee5af,Tor browsing,d_1be06ce1b670864df8c500dc82b295ae,1,0,a_e7d8c038c18055500148c5915382bd98,a_69fb0b835452ca85c178bdeaaf11695b,p_26c2bbaf8f62d744ac0c83240203ad86,p_3d01955bb66b778c6aa471c3a2911a0a,6,16803,49,45,17356,20187,94,37543,5.5942391239659583,2234.3033982027018,399.39361702127661,0.52127659574468088,0.46229656660362783
r_3cf1a9e8290c718e9bedc4309909fb9d,Tor browsing,d_1be06ce1b670864df8c500dc82b295ae,1,0,a_e7d8c038c18055500148c5915382bd98,a_2da0b63dd4d822d34312faddfd3de2e6,p_2f0794448f3b5bbb6ac97a789a534163,p_2313704d6916acc778397dda2b5b461d,6,240,1,1,60,40,2,100,8.3333333333333339,416.66666666666669,50,0.5,0.59999999999999998
r_dd9841703512b6e18eed0f482c00e36a,Tor browsing,d_1be06ce1b670864df8c500dc82b295ae,1,0,a_e7d8c038c18055500148c5915382bd98,a_69fb0b835452ca85c178bdeaaf11695b,p_0a27f481dcdc67ca38f4532f9bb78ea3,p_3d01955bb66b778c6aa471c3a2911a0a,6,21061,64,64,33060,32947,128,66007,6.0775841602962819,3134.0867005365367,515.6796875,0.5,0.50085596982138259
r_cb94ed179b741adad7caa412ea80aa59,Tor browsing,d_1be06ce1b670864df8c500dc82b295ae,1,0,a_e7d8c038c18055500148c5915382bd98,a_71394ec0ae14eb2d17f693263a2fab11,p_6573f3c9bea75075302ebc7ae1b00bb0,p_e8fa32c526b9b4cdc16418a4dc18e34a,6,20014,62,69,19150,40600,131,59750,6.5454182072549214,2985.4102128510044,456.10687022900765,0.47328244274809161,0.32050209205020919
r_7f5e207a1715be7f6c2364d370e5fb86,Tor browsing,d_1be06ce1b670864df8c500dc82b295ae,1,0,a_e7d8c038c18055500148c5915382bd98,a_e2370a5f48648ec5a5dbdf8b657a0e89,p_62c06d9ddc7ba87e4bad2714e851b9fc,p_3dd478bd944ece2906a0c8e4425f63be,6,9036,16,13,3377,5737,29,9114,3.2093846834882691,1008.6321381142099,314.27586206896552,0.55172413793103448,0.3705288567039719
r_eefaee7264146d0bb6ba805a00cdde60,Tor browsing,d_1be06ce1b670864df8c500dc82b295ae,1,0,a_e7d8c038c18055500148c5915382bd98,a_911a1816cbdd9fe4611a9b8ab87bb54d,p_8851f801e2995b701265c73cfc67bf0c,p_2313704d6916acc778397dda2b5b461d,6,2855,15,14,3319,10890,29,14209,10.157618213660244,4976.8826619964975,489.9655172413793,0.51724137931034486,0.23358434794848335
r_c078136d325af2a88129fc2677649caf,Tor browsing,d_1be06ce1b670864df8c500dc82b295ae,1,0,a_e7d8c038c18055500148c5915382bd98,a_69fb0b835452ca85c178bdeaaf11695b,p_5f6d27cbd4e6731b8cc6afb3ffa7e0e8,p_3d01955bb66b778c6aa471c3a2911a0a,6,4852,18,15,5147,8621,33,13768,6.8013190436933222,2837.5927452596866,417.21212121212119,0.54545454545454541,0.3738378849506101
r_b5880d81196e104921212a04d84a4966,Tor browsing,d_1be06ce1b670864df8c500dc82b295ae,1,0,a_e7d8c038c18055500148c5915382bd98,a_71394ec0ae14eb2d17f693263a2fab11,p_1d20de0834488fe1e0943b8673c42840,p_e8fa32c526b9b4cdc16418a4dc18e34a,6,4338,23,22,6980,9346,45,16326,10.37344398340249,3763.485477178423,362.80000000000001,0.51111111111111107,0.42753889501408798
r_c271d85f172c41cc3f3b1f90b00b5b3b,Tor browsing,d_1be06ce1b670864df8c500dc82b295ae,1,0,a_71394ec0ae14eb2d17f693263a2fab11,a_e7d8c038c18055500148c5915382bd98,p_e8fa32c526b9b4cdc16418a4dc18e34a,p_4737938cf4a6de7b80c32b6632669c06,6,10399,85,60,88634,12724,145,101358,13.943648427733438,9746.8987402634884,699.02068965517242,0.58620689655172409,0.87446476844452337
r_8ca156a1e02093972ea54d64cc975dac,Tor browsing,d_1be06ce1b670864df8c500dc82b295ae,1,0,a_e7d8c038c18055500148c5915382bd98,a_69fb0b835452ca85c178bdeaaf11695b,p_a0caa6492326868d3f0af88e7c203499,p_3d01955bb66b778c6aa471c3a2911a0a,6,17447,33,31,10104,12535,64,22639,3.6682524216197629,1297.5869777039034,353.734375,0.515625,0.44630946596581123
r_e8aa1131cbc5ea62c8a7d8a71f32dd25,Tor browsing,d_1be06ce1b670864df8c500dc82b295ae,1,0,a_e7d8c038c18055500148c5915382bd98,a_69fb0b835452ca85c178bdeaaf11695b,p_b0d9b9dfce526cae85fc050999f10641,p_3d01955bb66b778c6aa471c3a2911a0a,6,8675,14,15,3920,4556,29,8476,3.3429394812680111,977.0605187319884,292.27586206896552,0.48275862068965519,0.4624823029731005
r_4829207eeed6931339901f28377f8c86,Tor browsing,d_1be06ce1b670864df8c500dc82b295ae,1,0,a_e7d8c038c18055500148c5915382bd98,a_e2370a5f48648ec5a5dbdf8b657a0e89,p_64bdb54291a2422937419603fb65664b,p_3dd478bd944ece2906a0c8e4425f63be,6,8132,12,11,2186,6940,23,9126,2.8283325135268078,1122.2331529758978,396.78260869565219,0.52173913043478259,0.23953539338154722
r_69223436ffbbbf3eeb348018337f831e,Tor browsing,d_1be06ce1b670864df8c500dc82b295ae,1,0,a_e7d8c038c18055500148c5915382bd98,a_e338888085f43a99ab322d5740681046,p_22f3bcf2f1ca1b81cdd6b569681f6d5d,p_3dd478bd944ece2906a0c8e4425f63be,6,314,2,1,104,52,3,156,9.5541401273885356,496.81528662420379,52,0.66666666666666663,0.66666666666666663
r_8016ccae1feb1b66b4f8a0abc6a97039,Tor browsing,d_1be06ce1b670864df8c500dc82b295ae,1,0,a_e7d8c038c18055500148c5915382bd98,a_8e175269aed47dc611dbec8889fd2e1d,p_3ac3a5db94170299a4b2cfaa15221616,p_2313704d6916acc778397dda2b5b461d,6,19686,9,0,540,0,9,540,0.45717768972874123,27.430661383724473,60,1,1
r_4af2eaefcbfcfd52c5dc9b18d59eab50,Tor browsing,d_1be06ce1b670864df8c500dc82b295ae,1,0,a_e7d8c038c18055500148c5915382bd98,a_71394ec0ae14eb2d17f693263a2fab11,p_7d59d512d3b49f0e4ed4c37b1ac7d00e,p_e8fa32c526b9b4cdc16418a4dc18e34a,6,25324,56,54,16161,30402,110,46563,4.3437055757384293,1838.6905702100773,423.30000000000001,0.50909090909090904,0.3470781521809162
r_493bedbd2ba6377d8678e31d8f819ce9,Tor browsing,d_1be06ce1b670864df8c500dc82b295ae,1,0,a_e7d8c038c18055500148c5915382bd98,a_69fb0b835452ca85c178bdeaaf11695b,p_cd51c60b9d906840155b7590c41992d7,p_3d01955bb66b778c6aa471c3a2911a0a,6,23390,39,41,11487,29177,80,40664,3.4202650705429671,1738.5207353569901,508.30000000000001,0.48749999999999999,0.28248573676962424
r_6f00f6339aa56cd58ebfb2e071e60f4b,Tor browsing,d_1be06ce1b670864df8c500dc82b295ae,1,0,a_e7d8c038c18055500148c5915382bd98,a_e2370a5f48648ec5a5dbdf8b657a0e89,p_1471120a23ef19c04fb5a6dd6e5e3903,p_3dd478bd944ece2906a0c8e4425f63be,6,16454,25,26,5983,13249,51,19232,3.0995502613346297,1168.8343259997569,377.0980392156863,0.49019607843137253,0.31109608985024956
r_e483238a5bbd56806bbd3e73e0d99b28,Tor browsing,d_1be06ce1b670864df8c500dc82b295ae,1,0,a_e7d8c038c18055500148c5915382bd98,a_60056c2ac85e779e06ca490b67480ca1,p_f976b8c0d114d8c2502466291c61812e,p_64eab6039291da87b7bab47109b51546,6,11224,8,0,480,0,8,480,0.71275837491090521,42.765502494654314,60,1,1
r_6b726d66aee39f5c53c8c34d3cfc6552,Tor browsing,d_1be06ce1b670864df8c500dc82b295ae,1,0,a_e7d8c038c18055500148c5915382bd98,a_69fb0b835452ca85c178bdeaaf11695b,p_1ab72b2ba46549ccd8e372435a01b913,p_3d01955bb66b778c6aa471c3a2911a0a,6,17551,54,51,18131,20511,105,38642,5.982565096005926,2201.6979089510573,368.01904761904763,0.51428571428571423,0.46920449252109103
r_cf1816a802d4c1c131878b0a7bb5b814,Tor browsing,d_1be06ce1b670864df8c500dc82b295ae,1,0,a_e7d8c038c18055500148c5915382bd98,a_71394ec0ae14eb2d17f693263a2fab11,p_19d25359502738380fb96fa79c079a69,p_e8fa32c526b9b4cdc16418a4dc18e34a,6,14524,53,53,18061,23110,106,41171,7.2982649407876625,2834.687413935555,388.40566037735852,0.5,0.43868256782686843
r_9aee2565738ca0aea00384e37be2f7f0,Tor browsing,d_1be06ce1b670864df8c500dc82b295ae,1,0,a_e7d8c038c18055500148c5915382bd98,a_e2370a5f48648ec5a5dbdf8b657a0e89,p_fe87ec097031273c3509f625c95d1391,p_3dd478bd944ece2906a0c8e4425f63be,6,3561,14,14,3260,5789,28,9049,7.8629598427408034,2541.1401291771977,323.17857142857144,0.5,0.36026080229859653
r_c0e4a85ea56b98580e498588c1234f57,Tor browsing,d_1be06ce1b670864df8c500dc82b295ae,1,0,a_e7d8c038c18055500148c5915382bd98,a_cded9b227a15a8600e6d8509d3a0a353,p_39860a16be3bfc24cc5cf15b21f68735,p_3dd478bd944ece2906a0c8e4425f63be,6,16489,17,16,3422,11012,33,14434,2.0013342228152102,875.37145976105273,437.39393939393938,0.51515151515151514,0.23707911874740198
r_ccfd27c3b38152cc8125ebd0048c53e7,Tor browsing,d_1be06ce1b670864df8c500dc82b295ae,1,0,a_e7d8c038c18055500148c5915382bd98,a_69fb0b835452ca85c178bdeaaf11695b,p_48d52a366b3ec0258031f36ec5e2b1b1,p_3d01955bb66b778c6aa471c3a2911a0a,6,15616,42,41,16567,21167,83,37734,5.315061475409836,2416.3678278688526,454.62650602409639,0.50602409638554213,0.43904701330365187
r_7e3dec4eadac2c6dc90ccbc48279d989,Tor browsing,d_1be06ce1b670864df8c500dc82b295ae,1,0,a_e7d8c038c18055500148c5915382bd98,a_71394ec0ae14eb2d17f693263a2fab11,p_a0676ec7cc24b6888234b905ed3c503c,p_e8fa32c526b9b4cdc16418a4dc18e34a,6,13566,66,75,18267,54418,141,72685,10.393631136665192,5357.8799941029038,515.49645390070918,0.46808510638297873,0.25131732819701452
r_c1714c4efbb7c0963e0d02f79293cfbb,Tor browsing,d_1be06ce1b670864df8c500dc82b295ae,1,0,a_e7d8c038c18055500148c5915382bd98,a_1e1ea36ad7de415e99786cba48db73bf,p_cc28e5610d23822b6f624ae41ae885b8,p_2313704d6916acc778397dda2b5b461d,6,19613,9,0,540,0,9,540,0.45887931474022331,27.532758884413401,60,1,1
r_992632e2675fe12ee76aded8a27f457d,Tor browsing,d_1be06ce1b670864df8c500dc82b295ae,1,0,a_e7d8c038c18055500148c5915382bd98,a_69fb0b835452ca85c178bdeaaf11695b,p_9d757be905592f853fdfd7bbe9c978a2,p_3d01955bb66b778c6aa471c3a2911a0a,6,19939,56,58,21974,23007,114,44981,5.7174381864687298,2255.9305882942976,394.57017543859649,0.49122807017543857,0.48851737400235656
r_5dce377a08a1b6f39d9217a664ba0e29,Tor browsing,d_1be06ce1b670864df8c500dc82b295ae,1,0,a_e7d8c038c18055500148c5915382bd98,a_71394ec0ae14eb2d17f693263a2fab11,p_671ed831cf0081bf0f7338aaea1dd11d,p_e8fa32c526b9b4cdc16418a4dc18e34a,6,17874,46,47,16116,20698,93,36814,5.2030882846592821,2059.6397001230839,395.84946236559142,0.4946236559139785,0.43776824034334766
r_a34ec119c4ad87dd609a7f9b402a4a4d,Tor browsing,d_1be06ce1b670864df8c500dc82b295ae,1,0,a_e7d8c038c18055500148c5915382bd98,a_e2370a5f48648ec5a5dbdf8b657a0e89,p_a56a647c59c183ba29569c2bd9a6144e,p_3dd478bd944ece2906a0c8e4425f63be,6,7908,19,17,5091,7531,36,12622,4.5523520485584212,1596.1052099140111,350.61111111111109,0.52777777777777779,0.40334336872128029
r_35e3e1e95e423dfd7d3dfc8e37567342,Tor browsing,d_1be06ce1b670864df8c500dc82b295ae,1,0,a_e7d8c038c18055500148c5915382bd98,a_bda600aaefa1633dc6972850ee0900e1,p_f32082621102caf3c501091d68a0c766,p_2313704d6916acc778397dda2b5b461d,6,0,1,0,60,0,1,60,,,60,1,1
r_9022bfa34151ea8119b2bd6c33e63355,Tor browsing,d_1be06ce1b670864df8c500dc82b295ae,1,0,a_e7d8c038c18055500148c5915382bd98,a_69fb0b835452ca85c178bdeaaf11695b,p_ae80a83a8defa313766aef9b5f6f02a9,p_3d01955bb66b778c6aa471c3a2911a0a,6,17716,32,30,11145,13322,62,24467,3.4996613230977647,1381.0679611650485,394.62903225806451,0.5161290322580645,0.4555115052928434
r_7194a806f976c80d78beb3f290ff49d2,Tor browsing,d_1be06ce1b670864df8c500dc82b295ae,1,0,a_e7d8c038c18055500148c5915382bd98,a_71394ec0ae14eb2d17f693263a2fab11,p_5b643a635f53b3b3b7135744a14d61a7,p_e8fa32c526b9b4cdc16418a4dc18e34a,6,16658,87,103,21489,91222,190,112711,11.405931084163765,6766.1784127746423,593.21578947368425,0.45789473684210524,0.1906557478861868
r_28a8082f237fe106bb41ac0f7359895c,Tor browsing,d_1be06ce1b670864df8c500dc82b295ae,1,0,a_e7d8c038c18055500148c5915382bd98,a_a4c91776a834f03fdfeff0928a4d4107,p_56959072b526f822d391330507457fa1,p_346156c425c7ac656c5ba25e35116854,6,11206,8,0,480,0,8,480,0.71390326610744248,42.834195966446551,60,1,1
r_43051eb807edc4a0464407c7557ef947,Tor browsing,d_1be06ce1b670864df8c500dc82b295ae,1,0,a_e7d8c038c18055500148c5915382bd98,a_71394ec0ae14eb2d17f693263a2fab11,p_3c7997ff0b7fcd1eb307e1d85422dfef,p_e8fa32c526b9b4cdc16418a4dc18e34a,6,15393,62,80,16935,69628,142,86563,9.224972390047423,5623.5301760540506,609.59859154929575,0.43661971830985913,0.19563785913149961
r_89cf61e8c4fc1f15c27135ae2036d638,Tor browsing,d_1be06ce1b670864df8c500dc82b295ae,1,0,a_e7d8c038c18055500148c5915382bd98,a_e2370a5f48648ec5a5dbdf8b657a0e89,p_cecd55cf8996865a3fcd9adf92cd0b61,p_3dd478bd944ece2906a0c8e4425f63be,6,13419,43,43,7454,37887,86,45341,6.4088233102317611,3378.8657873164916,527.22093023255809,0.5,0.16439866787234511
r_7d54d2ee14195f2ce65845cde21db728,Tor browsing,d_1be06ce1b670864df8c500dc82b295ae,1,0,a_e7d8c038c18055500148c5915382bd98,a_1b37a0766c980d868a6921a5c1c57e97,p_a75365803444692043e24f4b74264254,p_2313704d6916acc778397dda2b5b461d,6,291,1,1,60,40,2,100,6.8728522336769764,343.64261168384883,50,0.5,0.59999999999999998
r_28e0a859b9ca5e6d885680fd3f12dfad,Tor browsing,d_1be06ce1b670864df8c500dc82b295ae,1,0,a_e7d8c038c18055500148c5915382bd98,a_71394ec0ae14eb2d17f693263a2fab11,p_9359b674f0fcd9426dc6d62d735628b9,p_e8fa32c526b9b4cdc16418a4dc18e34a,6,14957,41,48,12665,31030,89,43695,5.9503911212141469,2921.3746072073277,490.95505617977528,0.4606741573033708,0.28985009726513333
r_5add61da3ddb62716ea18e552200a67b,Tor browsing,d_1be06ce1b670864df8c500dc82b295ae,1,0,a_e7d8c038c18055500148c5915382bd98,a_69fb0b835452ca85c178bdeaaf11695b,p_cb5871dfb54f75cdd76c4bdbb4438038,p_3d01955bb66b778c6aa471c3a2911a0a,6,13057,43,42,12150,30333,85,42483,6.5099180516198203,3253.6570421995862,499.80000000000001,0.50588235294117645,0.28599675164183319
r_8a08800214f39cbdb02f2feb446f16d2,Tor browsing,d_1be06ce1b670864df8c500dc82b295ae,1,0,a_e7d8c038c18055500148c5915382bd98,a_0cb20b3c4749c40fd7d2cb41d8db4879,p_87a7f9be3e6142165e0ab43c867e5e46,p_64eab6039291da87b7bab47109b51546,6,21269,16,12,3346,6143,28,9489,1.3164699797827826,446.14227279138657,338.89285714285717,0.5714285714285714,0.35261882179365583
r_3724129935a2d937f1f8a750c77ca1d8,Tor browsing,d_1be06ce1b670864df8c500dc82b295ae,1,0,a_e7d8c038c18055500148c5915382bd98,a_71394ec0ae14eb2d17f693263a2fab11,p_d2bd7ef5e60c343d3da914c14164d72c,p_e8fa32c526b9b4cdc16418a4dc18e34a,6,20259,40,43,13191,16794,83,29985,4.0969445678463892,1480.0829261069155,361.26506024096386,0.48192771084337349,0.43991995997999001
r_6672e9f093ccff39ce3a9d0e55aade41,Tor browsing,d_1be06ce1b670864df8c500dc82b295ae,1,0,a_e7d8c038c18055500148c5915382bd98,a_e2370a5f48648ec5a5dbdf8b657a0e89,p_6d66a1ba7d0d69fcda08cad063b9857b,p_3dd478bd944ece2906a0c8e4425f63be,6,19280,18,13,4542,5737,31,10279,1.6078838174273857,533.14315352697088,331.58064516129031,0.58064516129032262,0.44187177741025391
r_771445d639aba6a77ff7378db647ec57,Tor browsing,d_1be06ce1b670864df8c500dc82b295ae,1,0,a_e7d8c038c18055500148c5915382bd98,a_69fb0b835452ca85c178bdeaaf11695b,p_e4c55ae0e90b1519326a81c857155b62,p_3d01955bb66b778c6aa471c3a2911a0a,6,18319,63,57,22302,27399,120,49701,6.550575904798297,2713.0847753698349,414.17500000000001,0.52500000000000002,0.44872336572704774
r_e8076f4149fb314dabd00bef2c60ff6e,Tor browsing,d_1be06ce1b670864df8c500dc82b295ae,1,0,a_e7d8c038c18055500148c5915382bd98,a_71394ec0ae14eb2d17f693263a2fab11,p_205ed9be01ff5ba7fcf9d365347d74f6,p_e8fa32c526b9b4cdc16418a4dc18e34a,6,16767,44,44,14970,24184,88,39154,5.2484046042822214,2335.1822031371148,444.93181818181819,0.5,0.38233641518107986
r_cb5fc34ce9be57ecc4319644840d93d1,Tor browsing,d_1be06ce1b670864df8c500dc82b295ae,1,0,a_e7d8c038c18055500148c5915382bd98,a_69fb0b835452ca85c178bdeaaf11695b,p_704e267d939f4faa1d3cbf81896143ce,p_3d01955bb66b778c6aa471c3a2911a0a,6,15824,56,59,19824,48379,115,68203,7.2674418604651168,4310.0985844287161,593.0695652173913,0.48695652173913045,0.29066170109819217
r_c77acd679ae549ad5939eba1f7bc3e9e,Tor browsing,d_1be06ce1b670864df8c500dc82b295ae,1,0,a_e7d8c038c18055500148c5915382bd98,a_e2370a5f48648ec5a5dbdf8b657a0e89,p_2ef27d90d100c290e66d657165145122,p_3dd478bd944ece2906a0c8e4425f63be,6,5830,14,15,3275,5841,29,9116,4.9742710120068612,1563.6363636363635,314.34482758620692,0.48275862068965519,0.35925844668714346
r_026447166f3363a9f594fca841e30572,Tor browsing,d_1be06ce1b670864df8c500dc82b295ae,1,0,a_e7d8c038c18055500148c5915382bd98,a_bad74814281a629b802607e1cfb804ff,p_f404d67bd5d41b63db7d96a66e9590fe,p_3257404394153b8e93ea83a444bf5577,6,19763,15,11,3284,5016,26,8300,1.3155897384000403,419.97672418155133,319.23076923076923,0.57692307692307687,0.39566265060240963
r_9f224bce51bc8008ba64ba3215b65de4,Tor browsing,d_1be06ce1b670864df8c500dc82b295ae,1,0,a_e7d8c038c18055500148c5915382bd98,a_69fb0b835452ca85c178bdeaaf11695b,p_601c91c21b8fa0b5c46e43c69b49d441,p_3d01955bb66b778c6aa471c3a2911a0a,6,18793,60,60,21159,24183,120,45342,6.3853562496674297,2412.7068589368382,377.85000000000002,0.5,0.46665343390234221
r_66ed612473a5b692f7eaffe637c2755a,Tor browsing,d_1be06ce1b670864df8c500dc82b295ae,1,0,a_e7d8c038c18055500148c5915382bd98,a_71394ec0ae14eb2d17f693263a2fab11,p_d41558869278807ef218213e8fbd1331,p_e8fa32c526b9b4cdc16418a4dc18e34a,6,17729,41,43,14253,17854,84,32107,4.7379998871904787,1810.987647357437,382.22619047619048,0.48809523809523808,0.44392188619304201
r_b045e50d3f2f00fca59d80b4066edfa0,Tor browsing,d_1be06ce1b670864df8c500dc82b295ae,1,0,a_e7d8c038c18055500148c5915382bd98,a_e2370a5f48648ec5a5dbdf8b657a0e89,p_21728e9347a6d16223827c42b0075c1b,p_3dd478bd944ece2906a0c8e4425f63be,6,8823,18,21,5051,8253,39,13304,4.4202652159129547,1507.8771392950243,341.12820512820514,0.46153846153846156,0.37966025255562236
r_f9f95f0696ab655a482a6a8324feffb4,Tor browsing,d_1be06ce1b670864df8c500dc82b295ae,1,0,a_e7d8c038c18055500148c5915382bd98,a_9f39ff6b54a09f4783494a654f854405,p_c7780b8910a9460bd8b767ad6db8c28f,p_2313704d6916acc778397dda2b5b461d,6,11181,8,0,480,0,8,480,0.71549950809408824,42.929970485645292,60,1,1
r_01b4dbcd46a76ef7cf1991020a624d6e,Tor browsing,d_1be06ce1b670864df8c500dc82b295ae,1,0,a_e7d8c038c18055500148c5915382bd98,a_69fb0b835452ca85c178bdeaaf11695b,p_4253f0f4ff4c151258176d7b4f3aa242,p_3d01955bb66b778c6aa471c3a2911a0a,6,16739,54,60,17610,34441,114,52051,6.8104426787741197,3109.5644901129099,456.58771929824559,0.47368421052631576,0.33832203031642044
r_8362482e124b278f634d7645f63e0919,Tor browsing,d_1be06ce1b670864df8c500dc82b295ae,1,0,a_e7d8c038c18055500148c5915382bd98,a_71394ec0ae14eb2d17f693263a2fab11,p_4338aed7b937fa2d1c63aba3f6ec753a,p_e8fa32c526b9b4cdc16418a4dc18e34a,6,14682,60,80,16350,70054,140,86404,9.5354856286609451,5885.0292875630021,617.17142857142858,0.42857142857142855,0.18922735058562104
r_6698ab0d73fe91321d3057b61ff8adb4,Tor browsing,d_1be06ce1b670864df8c500dc82b295ae,1,0,a_e7d8c038c18055500148c5915382bd98,a_e2370a5f48648ec5a5dbdf8b657a0e89,p_df6833c22bfdc3bcfa65c5dfda730894,p_3dd478bd944ece2906a0c8e4425f63be,6,11697,15,15,3314,6377,30,9691,2.5647601949217749,828.50303496623076,323.03333333333336,0.5,0.34196677329480962
r_f018df717f15d4d0eb09d8b73485dbd7,Tor browsing,d_1be06ce1b670864df8c500dc82b295ae,1,0,a_e7d8c038c18055500148c5915382bd98,a_e6685d1fdec03993494a8919c338cc15,p_a342dab40c566e1fd7c43cb60d43d7d8,p_2d36b619be089107b3d8a5a53b5aa6c4,6,287,1,1,60,40,2,100,6.9686411149825789,348.43205574912895,50,0.5,0.59999999999999998
r_51ce2a4f4feda19dfa6430a2f9b27af1,Tor browsing,d_1be06ce1b670864df8c500dc82b295ae,1,0,a_e7d8c038c18055500148c5915382bd98,a_e2370a5f48648ec5a5dbdf8b657a0e89,p_03794b3f72e1cfd7204f558ca0bb073d,p_3dd478bd944ece2906a0c8e4425f63be,6,20561,19,17,4597,6481,36,11078,1.7508876027430573,538.78702397743302,307.72222222222223,0.52777777777777779,0.41496660046939882
r_eed914d871eedf68cb40fe8587cfb808,Tor browsing,d_1be06ce1b670864df8c500dc82b295ae,1,0,a_e7d8c038c18055500148c5915382bd98,a_71394ec0ae14eb2d17f693263a2fab11,p_24bb0f6bc16a91a768b114a61890e426,p_e8fa32c526b9b4cdc16418a4dc18e34a,6,20197,50,53,11520,41526,103,53046,5.0997672921721051,2626.4296677724415,515.00970873786412,0.4854368932038835,0.2171700033932813
r_124f56bfaf8b715203ae17e771973cea,Tor browsing,d_1be06ce1b670864df8c500dc82b295ae,1,0,a_e7d8c038c18055500148c5915382bd98,a_69fb0b835452ca85c178bdeaaf11695b,p_d43c933669c6ebb0997dd1a943e5febe,p_3d01955bb66b778c6aa471c3a2911a0a,6,17558,35,36,11794,14415,71,26209,4.043740744959563,1492.709875840073,369.14084507042253,0.49295774647887325,0.4499980922583845
r_dd9350f9748f21139fa64e17883a1b9e,Tor browsing,d_1be06ce1b670864df8c500dc82b295ae,1,0,a_e7d8c038c18055500148c5915382bd98,a_69fb0b835452ca85c178bdeaaf11695b,p_604b8ad5c987a5067d86625d8a274fb4,p_3d01955bb66b778c6aa471c3a2911a0a,6,16976,25,24,7582,10607,49,18189,2.8864278982092366,1071.4538171536287,371.20408163265307,0.51020408163265307,0.4168453460882951
r_68afbecb05d9d2389949df7a42f14668,Tor browsing,d_1be06ce1b670864df8c500dc82b295ae,1,0,a_e7d8c038c18055500148c5915382bd98,a_71394ec0ae14eb2d17f693263a2fab11,p_e60d7ae99e70a74200fdc3a5c50d188d,p_e8fa32c526b9b4cdc16418a4dc18e34a,6,15960,55,66,16119,45528,121,61647,7.5814536340852126,3862.593984962406,509.47933884297521,0.45454545454545453,0.26147257774100929
r_8e5d0261390ed3b188c3b0936812252a,Tor browsing,d_1be06ce1b670864df8c500dc82b295ae,1,0,a_e7d8c038c18055500148c5915382bd98,a_e2370a5f48648ec5a5dbdf8b657a0e89,p_37c634d2a69dfaf8c43eaefdd044f9cb,p_3dd478bd944ece2906a0c8e4425f63be,6,8915,20,21,5162,11961,41,17123,4.5989904655075717,1920.6954570947842,417.63414634146341,0.48780487804878048,0.30146586462652575
r_b2e816e918457a8759c89c9adc48f087,Tor browsing,d_1be06ce1b670864df8c500dc82b295ae,1,0,a_e7d8c038c18055500148c5915382bd98,a_69fb0b835452ca85c178bdeaaf11695b,p_f1ffa38c5eb1e69026ca20ddd3166228,p_3d01955bb66b778c6aa471c3a2911a0a,6,17991,53,51,17024,20479,104,37503,5.7806681118336947,2084.5422711355677,360.60576923076923,0.50961538461538458,0.45393701837186357
r_e759fbf79883df30f6cf8edf74363a57,Tor browsing,d_1be06ce1b670864df8c500dc82b295ae,1,0,a_e7d8c038c18055500148c5915382bd98,a_71394ec0ae14eb2d17f693263a2fab11,p_57e4f5c3dd988aefa5aa4feac0be1c0d,p_e8fa32c526b9b4cdc16418a4dc18e34a,6,16190,51,53,18011,22082,104,40093,6.4237183446571953,2476.4051883878938,385.50961538461536,0.49038461538461536,0.44923053899683235
r_992683de96ed2285f4e6670ed50bd555,Tor browsing,d_1be06ce1b670864df8c500dc82b295ae,1,0,a_e7d8c038c18055500148c5915382bd98,a_71394ec0ae14eb2d17f693263a2fab11,p_36668425a8632dd30c761890320ea772,p_e8fa32c526b9b4cdc16418a4dc18e34a,6,16826,50,51,16356,26714,101,43070,6.002615000594318,2559.7289908474977,426.43564356435644,0.49504950495049505,0.37975388901787788
r_b9b33cdc19dea632d3574a361d065963,Tor browsing,d_1be06ce1b670864df8c500dc82b295ae,1,0,a_e7d8c038c18055500148c5915382bd98,a_69fb0b835452ca85c178bdeaaf11695b,p_bd2c43e2036ea75e58ff61725fa568cd,p_3d01955bb66b778c6aa471c3a2911a0a,6,15893,49,54,11123,42957,103,54080,6.4808406216573333,3402.7559302837726,525.04854368932035,0.47572815533980584,0.20567677514792898
r_3180d95a6c754850b34ff46aa34c0930,Tor browsing,d_1be06ce1b670864df8c500dc82b295ae,1,0,a_e7d8c038c18055500148c5915382bd98,a_69fb0b835452ca85c178bdeaaf11695b,p_348f6eeb089774476f86cbd807ca4d7f,p_3d01955bb66b778c6aa471c3a2911a0a,6,20368,47,48,16729,19851,95,36580,4.6641791044776122,1795.9544383346426,385.05263157894734,0.49473684210526314,0.45732640787315471
r_04caca8142b9998b3141ee04cca37bd7,Tor browsing,d_1be06ce1b670864df8c500dc82b295ae,1,0,a_e7d8c038c18055500148c5915382bd98,a_71394ec0ae14eb2d17f693263a2fab11,p_e21283f9f14cfc9cf394d85cf950c957,p_e8fa32c526b9b4cdc16418a4dc18e34a,6,19323,50,50,18941,22474,100,41415,5.1751798374993534,2143.3007297003569,414.14999999999998,0.5,0.45734637208740797
r_0d52e4afded92243d34325ef4faca0fa,Tor browsing,d_1be06ce1b670864df8c500dc82b295ae,1,0,a_e7d8c038c18055500148c5915382bd98,a_e2370a5f48648ec5a5dbdf8b657a0e89,p_2ba74b45884e499275f072501d825dc6,p_3dd478bd944ece2906a0c8e4425f63be,6,4295,14,15,3271,5841,29,9112,6.7520372526193251,2121.5366705471479,314.20689655172413,0.48275862068965519,0.35897717295873571
r_77e4ac94d4997facd68d4b391140880f,Tor browsing,d_1be06ce1b670864df8c500dc82b295ae,1,0,a_e7d8c038c18055500148c5915382bd98,a_fad4c2dbbf26ae5f443ab5b920d706fb,p_8c1ca40a1b05f5ffdf88a5d31aebfa1b,p_2313704d6916acc778397dda2b5b461d,6,11219,8,0,480,0,8,480,0.7130760317318835,42.784561903913009,60,1,1
r_25027dd682f5e74f4305b6ed721a6d6a,Tor browsing,d_1be06ce1b670864df8c500dc82b295ae,1,0,a_e7d8c038c18055500148c5915382bd98,a_69fb0b835452ca85c178bdeaaf11695b,p_c20629435669aa51bb554a092a1ad1b1,p_3d01955bb66b778c6aa471c3a2911a0a,6,15592,68,75,14057,63535,143,77592,9.1713699332991272,4976.3981528989225,542.60139860139861,0.47552447552447552,0.18116558408083308
r_6e650c1610c59757f6a5b59dd8d5cbe8,Tor browsing,d_1be06ce1b670864df8c500dc82b295ae,1,0,a_e7d8c038c18055500148c5915382bd98,a_71394ec0ae14eb2d17f693263a2fab11,p_0368d177843876dd19c27a1ce65da1ac,p_e8fa32c526b9b4cdc16418a4dc18e34a,6,13561,53,52,13323,34990,105,48313,7.7427918295110985,3562.6428729444733,460.12380952380954,0.50476190476190474,0.27576428704489475
r_93191d517120690254f1021fa18d5c77,Tor browsing,d_1be06ce1b670864df8c500dc82b295ae,1,0,a_e7d8c038c18055500148c5915382bd98,a_48e6ee8f6653b5543f3ff18a911215d1,p_432655448f8a29ca31be8cf70edee323,p_2313704d6916acc778397dda2b5b461d,6,19631,9,0,540,0,9,540,0.45845856044012023,27.507513626407214,60,1,1
r_f78541cd3b8170d863189bd0c86382a9,Tor browsing,d_1be06ce1b670864df8c500dc82b295ae,1,0,a_e7d8c038c18055500148c5915382bd98,a_e2370a5f48648ec5a5dbdf8b657a0e89,p_ff46cd55d377d104844f37cabc31c19c,p_3dd478bd944ece2906a0c8e4425f63be,6,20973,60,74,13130,61909,134,75039,6.3891670242692991,3577.8858532398799,559.99253731343288,0.44776119402985076,0.1749756793134237
r_970769c5a58b992ba3ca2af75fd9eb6f,Tor browsing,d_1be06ce1b670864df8c500dc82b295ae,1,0,a_e7d8c038c18055500148c5915382bd98,a_71394ec0ae14eb2d17f693263a2fab11,p_4d23146d046237add20b0f1862c58cda,p_e8fa32c526b9b4cdc16418a4dc18e34a,6,19942,37,36,10901,18026,73,28927,3.6606157857787585,1450.5566141811253,396.26027397260276,0.50684931506849318,0.37684516195941509
r_53cacef0d5ee9b6fc9fcde1476fbb02c,Tor browsing,d_1be06ce1b670864df8c500dc82b295ae,1,0,a_e7d8c038c18055500148c5915382bd98,a_69fb0b835452ca85c178bdeaaf11695b,p_7e5007af69fef9d9437899f62733a1a9,p_3d01955bb66b778c6aa471c3a2911a0a,6,19669,67,70,25784,53227,137,79011,6.9652753063195894,4017.0318775738469,576.72262773722628,0.48905109489051096,0.32633430788118112
r_76fe7800086ed6e2a44489f00c7fba1c,Tor browsing,d_1be06ce1b670864df8c500dc82b295ae,1,0,a_e7d8c038c18055500148c5915382bd98,a_9f39ff6b54a09f4783494a654f854405,p_9668d1c2cabb0563c9777def8e9f6db0,p_2313704d6916acc778397dda2b5b461d,6,11178,8,0,480,0,8,480,0.71569153694757559,42.941492216854535,60,1,1
r_c16f1212b2f99f9608903ab861292f7c,Tor browsing,d_1be06ce1b670864df8c500dc82b295ae,1,0,a_e7d8c038c18055500148c5915382bd98,a_71394ec0ae14eb2d17f693263a2fab11,p_6c88228d5bed8d56dfe4577ab587b7ee,p_e8fa32c526b9b4cdc16418a4dc18e34a,6,16789,44,46,12818,30412,90,43230,5.3606528083864431,2574.900232294955,480.33333333333331,0.48888888888888887,0.29650705528568122
r_341040814bf8ea1d493d575e362efc0c,Tor browsing,d_1be06ce1b670864df8c500dc82b295ae,1,0,a_e7d8c038c18055500148c5915382bd98,a_69fb0b835452ca85c178bdeaaf11695b,p_cfc0f19fb7704f6c1e43e1db05cbe597,p_3d01955bb66b778c6aa471c3a2911a0a,6,13784,45,49,13386,30775,94,44161,6.8195008705745792,3203.7869994196167,469.79787234042556,0.47872340425531917,0.30311813591177739
r_cd6bcb62ee1d027e6c0a02bb4f7d7cbf,Tor browsing,d_1be06ce1b670864df8c500dc82b295ae,1,0,a_e7d8c038c18055500148c5915382bd98,a_cf5bff76c6a22125ba228bff9e6fdf8e,p_b9de85e3e467ff4d4630eaa3d24cb479,p_2313704d6916acc778397dda2b5b461d,6,11208,8,0,480,0,8,480,0.7137758743754461,42.826552462526763,60,1,1
r_4ceb0012658527611c32b465eeca4dd1,Tor browsing,d_1be06ce1b670864df8c500dc82b295ae,1,0,a_e7d8c038c18055500148c5915382bd98,a_69fb0b835452ca85c178bdeaaf11695b,p_8f019d62e9fb0bbaced5b59302077462,p_3d01955bb66b778c6aa471c3a2911a0a,6,17475,37,40,12467,16197,77,28664,4.4062947067238909,1640.286123032904,372.25974025974028,0.48051948051948051,0.43493580798213788
r_2cc717a09d4beda6634ace8b7dc9926c,Tor browsing,d_1be06ce1b670864df8c500dc82b295ae,1,0,a_e7d8c038c18055500148c5915382bd98,a_71394ec0ae14eb2d17f693263a2fab11,p_936a9332bddf5510a4e33fa6cba25263,p_e8fa32c526b9b4cdc16418a4dc18e34a,6,16425,66,66,23545,27538,132,51083,8.0365296803652964,3110.0761035007608,386.99242424242425,0.5,0.46091654757942957
r_021be9bd16884cdd0d8a1d3a5674d373,Tor browsing,d_1be06ce1b670864df8c500dc82b295ae,1,0,a_e7d8c038c18055500148c5915382bd98,a_e2370a5f48648ec5a5dbdf8b657a0e89,p_df051baae5db70456145e91ff9c08e5b,p_3dd478bd944ece2906a0c8e4425f63be,6,14266,14,14,3817,6301,28,10118,1.9627085377821394,709.23874947427453,361.35714285714283,0.5,0.37724846807669499
r_bcd714746c9566b8bdf983410375e501,Tor browsing,d_1be06ce1b670864df8c500dc82b295ae,1,0,a_e7d8c038c18055500148c5915382bd98,a_69fb0b835452ca85c178bdeaaf11695b,p_99e9bce3ce5ad98b06bc7d633e3eb3f5,p_3d01955bb66b778c6aa471c3a2911a0a,6,13607,42,38,13771,18719,80,32490,5.8793268170794448,2387.7416035863894,406.125,0.52500000000000002,0.42385349338257927
r_fdb6be50160805a3e89677928209c0a2,Tor browsing,d_1be06ce1b670864df8c500dc82b295ae,1,0,a_e7d8c038c18055500148c5915382bd98,a_71394ec0ae14eb2d17f693263a2fab11,p_640a152570ce06f6ac2dac46d302e851,p_e8fa32c526b9b4cdc16418a4dc18e34a,6,11541,62,70,16960,51390,132,68350,11.437483753574213,5922.3637466424052,517.80303030303025,0.46969696969696972,0.24813460131675202
r_43180832e066fcbc19dcd83233e5d0d8,Tor browsing,d_1be06ce1b670864df8c500dc82b295ae,1,0,a_e7d8c038c18055500148c5915382bd98,a_fb88e4abed858935ca855086e0be4bbd,p_f812697aa689865545e5adf5f4dfad50,p_edb8411306742245a4cfc7abeccbb1b7,6,20479,18,17,3442,11057,35,14499,1.7090678255774208,707.99355437277211,414.25714285714287,0.51428571428571423,0.23739568246085938
r_d65cc84e8f0fc737a70519b53aed54f9,Tor browsing,d_1be06ce1b670864df8c500dc82b295ae,1,0,a_e7d8c038c18055500148c5915382bd98,a_69fb0b835452ca85c178bdeaaf11695b,p_360b0ce253431bafff7d56e7a7ec5f7d,p_3d01955bb66b778c6aa471c3a2911a0a,6,19511,67,68,25719,28799,135,54518,6.9191737993952129,2794.218645892061,403.83703703703702,0.49629629629629629,0.4717524487325287
r_610ff91faff458bdb8e51185472d70db,Tor browsing,d_1be06ce1b670864df8c500dc82b295ae,1,0,a_e7d8c038c18055500148c5915382bd98,a_71394ec0ae14eb2d17f693263a2fab11,p_654172fd691ded7167b2fe829988d103,p_e8fa32c526b9b4cdc16418a4dc18e34a,6,17443,36,36,12441,15904,72,28345,4.1277303216189871,1625.0071661984748,393.68055555555554,0.5,0.4389133886046922
r_f711e35dd4176107c610e479140ce6d8,Tor browsing,d_1be06ce1b670864df8c500dc82b295ae,1,0,a_e7d8c038c18055500148c5915382bd98,a_e2370a5f48648ec5a5dbdf8b657a0e89,p_70d747ecf723d88c72df83f11ef4bcd4,p_3dd478bd944ece2906a0c8e4425f63be,6,3447,14,14,3277,5789,28,9066,8.1230055120394553,2630.1131418624891,323.78571428571428,0.5,0.36146040150011033
r_2c32bbfea98cba09c79281be6e8aa112,Tor browsing,d_1be06ce1b670864df8c500dc82b295ae,1,0,a_e7d8c038c18055500148c5915382bd98,a_1b37a0766c980d868a6921a5c1c57e97,p_a7cb8b89e1fb0b09ed6eecaf2ea9fdc9,p_2313704d6916acc778397dda2b5b461d,6,299,1,1,60,40,2,100,6.6889632107023411,334.4481605351171,50,0.5,0.59999999999999998
r_2005b23a9502dab064b77d6c8a053972,Tor browsing,d_1be06ce1b670864df8c500dc82b295ae,1,0,a_e7d8c038c18055500148c5915382bd98,a_69fb0b835452ca85c178bdeaaf11695b,p_e8fb290c3fa73f00b56a0e64bf3089c9,p_3d01955bb66b778c6aa471c3a2911a0a,6,18266,34,35,13308,14889,69,28197,3.7775101281068655,1543.6877258294101,408.6521739130435,0.49275362318840582,0.47196510267049685
r_5c58b8fa71484be212f2339ca6acb0b1,Tor browsing,d_1be06ce1b670864df8c500dc82b295ae,1,0,a_e7d8c038c18055500148c5915382bd98,a_71394ec0ae14eb2d17f693263a2fab11,p_a413830122a56137f489232975ea0c7c,p_e8fa32c526b9b4cdc16418a4dc18e34a,6,14262,79,99,18932,88312,178,107244,12.480717991866499,7519.5624737063526,602.49438202247188,0.4438202247191011,0.17653202043937191
r_e09bf90693dae2327199769777635997,Tor browsing,d_1be06ce1b670864df8c500dc82b295ae,1,0,a_e7d8c038c18055500148c5915382bd98,a_21bcc8f2d3907ae1fde10bf4be7b4d0a,p_9cd6f24702f85f07bd913a8880a952f6,p_2313704d6916acc778397dda2b5b461d,6,279,1,1,60,40,2,100,7.1684587813620064,358.42293906810033,50,0.5,0.59999999999999998
r_2f180fa18fda52f6a4fb05bdb925643b,Tor browsing,d_1be06ce1b670864df8c500dc82b295ae,1,0,a_e7d8c038c18055500148c5915382bd98,a_71394ec0ae14eb2d17f693263a2fab11,p_b597df260dcd80717cfb7ff0a9ee530c,p_e8fa32c526b9b4cdc16418a4dc18e34a,6,20328,34,32,11298,13618,66,24916,3.2467532467532467,1225.6985438803622,377.5151515151515,0.51515151515151514,0.45344357039653232
r_f8eae87b0c71b160237e5c30cb308673,Tor browsing,d_1be06ce1b670864df8c500dc82b295ae,1,0,a_e7d8c038c18055500148c5915382bd98,a_69fb0b835452ca85c178bdeaaf11695b,p_a83b5e75e1afeac629485edeff9a2783,p_3d01955bb66b778c6aa471c3a2911a0a,6,19376,21,19,6013,8717,40,14730,2.0644095788604457,760.21882741535921,368.25,0.52500000000000002,0.408214528173795
r_61bc8c23766dc13e77b73c52f4f19435,Tor browsing,d_1be06ce1b670864df8c500dc82b295ae,1,0,a_e7d8c038c18055500148c5915382bd98,a_71394ec0ae14eb2d17f693263a2fab11,p_c40a6d762274a19440acc892d7e81a5f,p_e8fa32c526b9b4cdc16418a4dc18e34a,6,19006,59,65,17370,39396,124,56766,6.524255498263706,2986.7410291486899,457.79032258064518,0.47580645161290325,0.30599302399323541
r_202916a703a549f3f46a7bb80ed5dcd5,Tor browsing,d_1be06ce1b670864df8c500dc82b295ae,1,0,a_e7d8c038c18055500148c5915382bd98,a_69fb0b835452ca85c178bdeaaf11695b,p_49166c9cfafdff4690e257a7f8907e7f,p_3d01955bb66b778c6aa471c3a2911a0a,6,18050,45,43,13962,25157,88,39119,4.8753462603878113,2167.2576177285318,444.53409090909093,0.51136363636363635,0.35691096398169686
r_f3c35fde8b0361815fef2d51e4498dfa,Tor browsing,d_1be06ce1b670864df8c500dc82b295ae,1,0,a_e7d8c038c18055500148c5915382bd98,a_71394ec0ae14eb2d17f693263a2fab11,p_86f88dfc7584d79edfa791c8de100645,p_e8fa32c526b9b4cdc16418a4dc18e34a,6,20324,46,48,16690,19744,94,36434,4.6250738043692179,1792.658925408384,387.59574468085106,0.48936170212765956,0.45808859856178297
r_917a2030b25e299bc738390a9b276217,Tor browsing,d_1be06ce1b670864df8c500dc82b295ae,1,0,a_e7d8c038c18055500148c5915382bd98,a_69fb0b835452ca85c178bdeaaf11695b,p_a59fbcabaa2f9a782a55c595cb0825c4,p_3d01955bb66b778c6aa471c3a2911a0a,6,20246,76,75,28901,30291,151,59192,7.4582633606638353,2923.6392373802232,392,0.50331125827814571,0.48825854845249356
r_a135e9e79088b9d45c2554e472799f69,Tor browsing,d_1be06ce1b670864df8c500dc82b295ae,1,0,a_e7d8c038c18055500148c5915382bd98,a_21bcc8f2d3907ae1fde10bf4be7b4d0a,p_2406f6898e65d8dfd0922ab1ca7d0285,p_2313704d6916acc778397dda2b5b461d,6,258,1,1,60,40,2,100,7.7519379844961236,387.59689922480618,50,0.5,0.59999999999999998
r_bddd0d63caec3cc3f8798dda887f1520,Tor browsing,d_1be06ce1b670864df8c500dc82b295ae,1,0,a_e7d8c038c18055500148c5915382bd98,a_69fb0b835452ca85c178bdeaaf11695b,p_8d651723521efc6635951ed807babbd7,p_3d01955bb66b778c6aa471c3a2911a0a,6,18118,26,23,7121,8959,49,16080,2.7044927696213712,887.51517827574799,328.16326530612247,0.53061224489795922,0.44284825870646766
r_ed49f627732aca164b43ffa31ab2352a,Tor browsing,d_1be06ce1b670864df8c500dc82b295ae,1,0,a_e7d8c038c18055500148c5915382bd98,a_71394ec0ae14eb2d17f693263a2fab11,p_929c6cabded7e7f0901ef6f78cc364a1,p_e8fa32c526b9b4cdc16418a4dc18e34a,6,17059,72,76,24919,48402,148,73321,8.6757723195966925,4298.0831232780347,495.41216216216219,0.48648648648648651,0.3398617040138569
r_ad644bac505da8b0e0435d414e15f650,Tor browsing,d_1be06ce1b670864df8c500dc82b295ae,1,0,a_e7d8c038c18055500148c5915382bd98,a_e2370a5f48648ec5a5dbdf8b657a0e89,p_9fc73ba6aec86e5208ef5752600d26c7,p_3dd478bd944ece2906a0c8e4425f63be,6,6050,14,16,3811,5893,30,9704,4.9586776859504136,1603.9669421487604,323.46666666666664,0.46666666666666667,0.39272464962901898
r_64e522b8135bce26f8c58ab38790baed,Tor browsing,d_1be06ce1b670864df8c500dc82b295ae,1,0,a_e7d8c038c18055500148c5915382bd98,a_cb7fd80135ee5308f791ebfa28c59393,p_7a0061d8477d4c648a2436f82bafa7ec,p_3dd478bd944ece2906a0c8e4425f63be,6,19784,14,15,3269,10905,29,14174,1.4658309745248688,716.43752527294782,488.75862068965517,0.48275862068965519,0.23063355439537181
r_b613601d6c718e4c5afb67b1ee376fa1,Tor browsing,d_1be06ce1b670864df8c500dc82b295ae,1,0,a_e7d8c038c18055500148c5915382bd98,a_71394ec0ae14eb2d17f693263a2fab11,p_221658733e417bb8e11d2f42865f9af1,p_e8fa32c526b9b4cdc16418a4dc18e34a,6,18864,43,41,14397,17772,84,32169,4.452926208651399,1705.3117048346055,382.96428571428572,0.51190476190476186,0.44754266529889025
r_0199b8fc7bbe3f2e23e05a2828337f32,Tor browsing,d_1be06ce1b670864df8c500dc82b295ae,1,0,a_e7d8c038c18055500148c5915382bd98,a_69fb0b835452ca85c178bdeaaf11695b,p_bbafc37ebd3f07b2c846d49fbeb82345,p_3d01955bb66b778c6aa471c3a2911a0a,6,18471,63,60,21249,24183,123,45432,6.6590872178008773,2459.6394347896703,369.36585365853659,0.51219512195121952,0.46770998415213944
r_73f7959c6fbd645e2e342b2525c7bb43,Tor browsing,d_1be06ce1b670864df8c500dc82b295ae,1,0,a_e7d8c038c18055500148c5915382bd98,a_e2370a5f48648ec5a5dbdf8b657a0e89,p_afe808803e13e90ad631b7456ee1af84,p_3dd478bd944ece2906a0c8e4425f63be,6,7865,19,17,5111,8067,36,13178,4.5772409408773047,1675.5244755244755,366.05555555555554,0.52777777777777779,0.38784337532250723
r_a11c9ace8507a2bec6325a2493cb4987,Tor browsing,d_1be06ce1b670864df8c500dc82b295ae,1,0,a_e7d8c038c18055500148c5915382bd98,a_69fb0b835452ca85c178bdeaaf11695b,p_8594ea0fc547f0006b95930fe12cdcd3,p_3d01955bb66b778c6aa471c3a2911a0a,6,20389,51,49,17491,18329,100,35820,4.9046054244935995,1756.8296630536074,358.19999999999999,0.51000000000000001,0.4883026242322725
r_7957f6adf9074d6495aa4feee7a74e1a,Tor browsing,d_1be06ce1b670864df8c500dc82b295ae,1,0,a_e7d8c038c18055500148c5915382bd98,a_71394ec0ae14eb2d17f693263a2fab11,p_d2675fbbea4b316cff515c8908c97987,p_e8fa32c526b9b4cdc16418a4dc18e34a,6,19335,32,30,9562,12398,62,21960,3.2066201189552626,1135.7641582622186,354.19354838709677,0.5161290322580645,0.43542805100182147
r_c518179f2895d4bc9cf7ede649b02040,Tor browsing,d_1be06ce1b670864df8c500dc82b295ae,1,0,a_e7d8c038c18055500148c5915382bd98,a_71394ec0ae14eb2d17f693263a2fab11,p_ad3a2ba2934b2f6b6c35423b3f57356e,p_e8fa32c526b9b4cdc16418a4dc18e34a,6,15126,44,44,12296,30800,88,43096,5.8177971704350124,2849.1339415575831,489.72727272727275,0.5,0.28531650269166514
r_3c3fa04c9d06d279da45607b60238a43,Tor browsing,d_1be06ce1b670864df8c500dc82b295ae,1,0,a_e7d8c038c18055500148c5915382bd98,a_69fb0b835452ca85c178bdeaaf11695b,p_41d5205e0cf0c79ad21b2818222ba0d3,p_3d01955bb66b778c6aa471c3a2911a0a,6,14175,67,68,15085,51437,135,66522,9.5238095238095237,4692.9100529100524,492.75555555555553,0.49629629629629629,0.22676708457352454
r_e06719ad3dab5552eb9f8fccebb2b165,Tor browsing,d_1be06ce1b670864df8c500dc82b295ae,1,0,a_e7d8c038c18055500148c5915382bd98,a_e2370a5f48648ec5a5dbdf8b657a0e89,p_422f8d1b6d7959a90e895e51343f0dfb,p_3dd478bd944ece2906a0c8e4425f63be,6,5118,14,15,3263,5841,29,9104,5.6662758890191478,1778.8198515044937,313.93103448275861,0.48275862068965519,0.35841388400702989
r_2be5c62548faf605c950350765357380,Tor browsing,d_1be06ce1b670864df8c500dc82b295ae,1,0,a_e7d8c038c18055500148c5915382bd98,a_71394ec0ae14eb2d17f693263a2fab11,p_c49cb159bdd7fe8f754225dd82834f8c,p_e8fa32c526b9b4cdc16418a4dc18e34a,6,18644,56,72,16558,60746,128,77304,6.8654795108345859,4146.3205320746629,603.9375,0.4375,0.21419331470557798
r_b20df4073bb97adc3af1f80166a9b25f,Tor browsing,d_1be06ce1b670864df8c500dc82b295ae,1,0,a_e7d8c038c18055500148c5915382bd98,a_69fb0b835452ca85c178bdeaaf11695b,p_021d4cb417ddd8159cd25ff04c1ac8b6,p_3d01955bb66b778c6aa471c3a2911a0a,6,18718,60,63,15713,44429,123,60142,6.5712148733839086,3213.0569505289027,488.95934959349592,0.48780487804878048,0.26126500615210668
r_6c0612e680d0c6d9bd99990749581a34,Tor browsing,d_1be06ce1b670864df8c500dc82b295ae,1,0,a_e7d8c038c18055500148c5915382bd98,a_e2370a5f48648ec5a5dbdf8b657a0e89,p_1a8e14c895e121c525ce18a4132df082,p_3dd478bd944ece2906a0c8e4425f63be,6,12655,15,15,3856,5841,30,9697,2.3706045041485582,766.25839589095222,323.23333333333335,0.5,0.39764875734763327
r_490a5d6b5bc0fe6ee8cac461359db250,Tor browsing,d_1be06ce1b670864df8c500dc82b295ae,1,0,a_e7d8c038c18055500148c5915382bd98,a_b04e0a86efad23a9a85ba7e68f1160c8,p_5dfbb63b9797982dfc0ba7b6b9f76b6d,p_2313704d6916acc778397dda2b5b461d,6,19278,9,0,540,0,9,540,0.46685340802987862,28.011204481792721,60,1,1
r_4ced315370d0cb4fee977631d3e2d4d2,Tor browsing,d_1be06ce1b670864df8c500dc82b295ae,1,0,a_e7d8c038c18055500148c5915382bd98,a_e2370a5f48648ec5a5dbdf8b657a0e89,p_05353438718c867e51aacf7586226101,p_3dd478bd944ece2906a0c8e4425f63be,6,20949,20,18,4634,6533,38,11167,1.813929065826531,533.05647047591765,293.86842105263156,0.52631578947368418,0.41497268738246618
r_8a7be83e03fd7a2a1f2b93f06bde6b8e,Tor browsing,d_1be06ce1b670864df8c500dc82b295ae,1,0,a_e7d8c038c18055500148c5915382bd98,a_71394ec0ae14eb2d17f693263a2fab11,p_e1e226e12054ac9beea6a124eec1563b,p_e8fa32c526b9b4cdc16418a4dc18e34a,6,20133,90,114,33761,84446,204,118207,10.132618089703472,5871.3058163214628,579.4460784313726,0.44117647058823528,0.28560914328254672
r_e6ef6c04dc7dc3eaddc0e1024c0de585,Tor browsing,d_1be06ce1b670864df8c500dc82b295ae,1,0,a_e7d8c038c18055500148c5915382bd98,a_69fb0b835452ca85c178bdeaaf11695b,p_ad0ecb818c415bfc63b1c7c770caeb5c,p_3d01955bb66b778c6aa471c3a2911a0a,6,13536,43,41,18119,17122,84,35241,6.2056737588652489,2603.5017730496456,419.53571428571428,0.51190476190476186,0.51414545557731051
r_7f039c7ea34dc47793f5831d087855fe,Tor browsing,d_1be06ce1b670864df8c500dc82b295ae,1,0,a_e7d8c038c18055500148c5915382bd98,a_8dddc3650faabc8fca61d2758620e52b,p_ad7e2631798a181c3075a3c915430703,p_2313704d6916acc778397dda2b5b461d,6,11230,8,0,480,0,8,480,0.7123775601068566,42.742653606411395,60,1,1
r_f3534d84f992d5849186b0ae92f16b9d,Tor browsing,d_1be06ce1b670864df8c500dc82b295ae,1,0,a_e7d8c038c18055500148c5915382bd98,a_69fb0b835452ca85c178bdeaaf11695b,p_fd6a1ac52ad2594c9ef9c20e721cd68f,p_3d01955bb66b778c6aa471c3a2911a0a,6,17341,35,38,12353,16083,73,28436,4.2096764892451413,1639.8131595640389,389.53424657534248,0.47945205479452052,0.43441412294274862
r_14437eefa37e90c1e405d4b350dc3033,Tor browsing,d_1be06ce1b670864df8c500dc82b295ae,1,0,a_e7d8c038c18055500148c5915382bd98,a_71394ec0ae14eb2d17f693263a2fab11,p_8b36007b46ebafacc7eb625b0a9985ff,p_e8fa32c526b9b4cdc16418a4dc18e34a,6,15687,60,62,21653,26280,122,47933,7.7771403072607894,3055.5874290814049,392.89344262295083,0.49180327868852458,0.4517347130369474
r_5d4c5845a9628e89853eeab94b0499a8,Tor browsing,d_1be06ce1b670864df8c500dc82b295ae,1,0,a_e7d8c038c18055500148c5915382bd98,a_15e18e2382938a77df9a10d4a7d0dad3,p_9dfc66ad7d3717c8bf72bff5dddc37fd,p_3dd478bd944ece2906a0c8e4425f63be,6,21570,16,17,3358,11068,33,14426,1.5299026425591098,668.7992582290218,437.15151515151513,0.48484848484848486,0.2327741577706918
r_fec1e55a369327deaceeb73fd0aabc95,Tor browsing,d_1be06ce1b670864df8c500dc82b295ae,1,0,a_e7d8c038c18055500148c5915382bd98,a_69fb0b835452ca85c178bdeaaf11695b,p_4aa0f03655e58ec5d7bf1ce8bae1d230,p_3d01955bb66b778c6aa471c3a2911a0a,6,20400,58,59,27200,27347,117,54547,5.7352941176470589,2673.872549019608,466.21367521367523,0.49572649572649574,0.49865253817808497
r_e0e282a636a5fee375ca963a972d4172,Tor browsing,d_1be06ce1b670864df8c500dc82b295ae,1,0,a_e7d8c038c18055500148c5915382bd98,a_71394ec0ae14eb2d17f693263a2fab11,p_2a7b5a6e9ef64d74c0ce1e0ed11d5432,p_e8fa32c526b9b4cdc16418a4dc18e34a,6,19323,64,62,20271,24716,126,44987,6.5207265952491849,2328.1581534958341,357.03968253968253,0.50793650793650791,0.45059683908684733
r_f15598de949e4aff7f6387bee897757a,Tor browsing,d_1be06ce1b670864df8c500dc82b295ae,1,0,a_e7d8c038c18055500148c5915382bd98,a_8ddbb68f650f9fd4ae6f810aa9f10bad,p_8f1677fa019c8daf6802a6009d7393ac,p_2313704d6916acc778397dda2b5b461d,6,213,1,1,60,40,2,100,9.3896713615023479,469.48356807511738,50,0.5,0.59999999999999998
r_8d262cd35b2717253943b154725436af,Tor browsing,d_1be06ce1b670864df8c500dc82b295ae,1,0,a_e7d8c038c18055500148c5915382bd98,a_e2370a5f48648ec5a5dbdf8b657a0e89,p_28fa523701cac197e5230cc8adbd4fec,p_3dd478bd944ece2906a0c8e4425f63be,6,20390,24,22,6460,8349,46,14809,2.2560078469838154,726.28739578224622,321.93478260869563,0.52173913043478259,0.43622121682760484
r_ed61b31048d56cafae4e42f1e080621e,Tor browsing,d_1be06ce1b670864df8c500dc82b295ae,1,0,a_e7d8c038c18055500148c5915382bd98,a_69fb0b835452ca85c178bdeaaf11695b,p_50e7b127d40339e2c173a5de16657a51,p_3d01955bb66b778c6aa471c3a2911a0a,6,19421,40,38,13133,16115,78,29248,4.0162710468050049,1505.9986612429846,374.97435897435895,0.51282051282051277,0.44902215536105033
r_23f86b134f6f436633ed355ee5a613e1,Tor browsing,d_1be06ce1b670864df8c500dc82b295ae,1,0,a_e7d8c038c18055500148c5915382bd98,a_71394ec0ae14eb2d17f693263a2fab11,p_72a11c6b361b8883524b1f989f666bb5,p_e8fa32c526b9b4cdc16418a4dc18e34a,6,17368,30,31,10452,14528,61,24980,3.5122063565177339,1438.2772915707048,409.50819672131149,0.49180327868852458,0.41841473178542832
r_ed49ebb1facd494dbe78150dad156e8a,Tor browsing,d_1be06ce1b670864df8c500dc82b295ae,1,0,a_e7d8c038c18055500148c5915382bd98,a_f5489e1581f3fe4ee7c6df1b4d0fac22,p_ca63bc87f9ef70847d97247f7cbe10bd,p_2313704d6916acc778397dda2b5b461d,6,19715,9,0,540,0,9,540,0.45650519908698961,27.390311945219377,60,1,1
r_d87fd777855782734d2d066c8ebdeb46,Tor browsing,d_1be06ce1b670864df8c500dc82b295ae,1,0,a_e7d8c038c18055500148c5915382bd98,a_69fb0b835452ca85c178bdeaaf11695b,p_63cfa5635ce8c355819a36604ed20169,p_3d01955bb66b778c6aa471c3a2911a0a,6,20374,39,41,18461,16863,80,35324,3.926573083341514,1733.7783449494455,441.55000000000001,0.48749999999999999,0.52261918242554639
r_8a84369f86076ff34dd7c5dcfee7a3fb,Tor browsing,d_1be06ce1b670864df8c500dc82b295ae,1,0,a_e7d8c038c18055500148c5915382bd98,a_71394ec0ae14eb2d17f693263a2fab11,p_d377a69c6898a138d92d21ac88f6f7b5,p_e8fa32c526b9b4cdc16418a4dc18e34a,6,18309,48,50,13052,34820,98,47872,5.3525588508383848,2614.6703806870937,488.48979591836735,0.48979591836734693,0.27264371657754011
r_bfa8aa4e045b7be8a193b9feae68ed09,Tor browsing,d_1be06ce1b670864df8c500dc82b295ae,1,0,a_e7d8c038c18055500148c5915382bd98,a_e2370a5f48648ec5a5dbdf8b657a0e89,p_8802389dc58cf4aa129d934a70cb8b43,p_3dd478bd944ece2906a0c8e4425f63be,6,15397,32,31,10073,12547,63,22620,4.0917061765278948,1469.1173605247775,359.04761904761904,0.50793650793650791,0.44531388152077805
r_e324b52b9108c11533bc4a1fad75efc4,Tor browsing,d_1be06ce1b670864df8c500dc82b295ae,1,0,a_e7d8c038c18055500148c5915382bd98,a_69fb0b835452ca85c178bdeaaf11695b,p_83fe1acc24f69004896b450276a08f3b,p_3d01955bb66b778c6aa471c3a2911a0a,6,14504,26,24,8124,10563,50,18687,3.4473248758963044,1288.403199117485,373.74000000000001,0.52000000000000002,0.43474072884893239
r_372ebfa4dc12169bbe83d2a354c02bb0,Tor browsing,d_1be06ce1b670864df8c500dc82b295ae,1,0,a_e7d8c038c18055500148c5915382bd98,a_71394ec0ae14eb2d17f693263a2fab11,p_404addd93f60531afda214746d2ef0cb,p_e8fa32c526b9b4cdc16418a4dc18e34a,6,12447,49,53,13605,34976,102,48581,8.1947457218606896,3903.0288422913154,476.28431372549022,0.48039215686274511,0.28004775529528003
r_528e60daff9ae0db08079e64c034978b,Tor browsing,d_1be06ce1b670864df8c500dc82b295ae,1,0,a_e7d8c038c18055500148c5915382bd98,a_e2370a5f48648ec5a5dbdf8b657a0e89,p_e5cb9e03e585de3eca5910097707a232,p_3dd478bd944ece2906a0c8e4425f63be,6,10462,33,35,6963,24555,68,31518,6.4997132479449435,3012.6170904224814,463.5,0.48529411764705882,0.22092137826004188
r_6c1765763a3e592974848dbce21a2c82,Tor browsing,d_1be06ce1b670864df8c500dc82b295ae,1,0,a_e7d8c038c18055500148c5915382bd98,a_7863a7175f25fefc6489337669d775c3,p_7fc6e3e051c96523dceb77bf30095541,p_2d36b619be089107b3d8a5a53b5aa6c4,6,258,1,1,60,40,2,100,7.7519379844961236,387.59689922480618,50,0.5,0.59999999999999998
r_e81dbd5485dca4574d9eb6ff567ba4f5,Tor browsing,d_1be06ce1b670864df8c500dc82b295ae,1,0,a_e7d8c038c18055500148c5915382bd98,a_71394ec0ae14eb2d17f693263a2fab11,p_819cf57b8aa16104b37580fc6416edf8,p_e8fa32c526b9b4cdc16418a4dc18e34a,6,16730,42,46,13812,18010,88,31822,5.260011954572624,1902.0920502092049,361.61363636363637,0.47727272727272729,0.43403934385016657
r_1f4615f8e1f6d2785f0f76058730fcab,Tor browsing,d_1be06ce1b670864df8c500dc82b295ae,1,0,a_e7d8c038c18055500148c5915382bd98,a_69fb0b835452ca85c178bdeaaf11695b,p_7e6524671e8ebaa878e2bb68a081ba8b,p_3d01955bb66b778c6aa471c3a2911a0a,6,15851,41,39,14724,18759,80,33483,5.0470001892625067,2112.3588417134565,418.53750000000002,0.51249999999999996,0.43974554251411163
r_6ef373c8bcde3a1965fc69d3307b21b0,Tor browsing,d_1be06ce1b670864df8c500dc82b295ae,1,0,a_e7d8c038c18055500148c5915382bd98,a_e2370a5f48648ec5a5dbdf8b657a0e89,p_ce6ac6b3a8e7c387c6a91d74ed3cf845,p_3dd478bd944ece2906a0c8e4425f63be,6,12816,29,30,8836,12451,59,21287,4.6036204744069913,1660.9706616729088,360.79661016949154,0.49152542372881358,0.41508902146850191
r_983c1517fc87155b3ffe284af21412c7,Tor browsing,d_1be06ce1b670864df8c500dc82b295ae,1,0,a_e7d8c038c18055500148c5915382bd98,a_697f19052045484030e4ef21940783fd,p_dcc104ab761d526dc009335a2a63291d,p_2313704d6916acc778397dda2b5b461d,6,11226,8,0,480,0,8,480,0.71263139141279164,42.757883484767504,60,1,1
r_4f64f6a4b6913b5d2dacad1143974fb8,Tor browsing,d_1be06ce1b670864df8c500dc82b295ae,1,0,a_e7d8c038c18055500148c5915382bd98,a_69fb0b835452ca85c178bdeaaf11695b,p_035db83742874f6fa4a9b1689858a4d5,p_3d01955bb66b778c6aa471c3a2911a0a,6,18103,46,45,15596,18065,91,33661,5.0267911395901228,1859.4155664806935,369.90109890109892,0.50549450549450547,0.46332551023439589
r_a12f516cbbc0d218627a68aba969cb85,Tor browsing,d_1be06ce1b670864df8c500dc82b295ae,1,0,a_e7d8c038c18055500148c5915382bd98,a_71394ec0ae14eb2d17f693263a2fab11,p_62446406fb9138ef8efd6aed442a2955,p_e8fa32c526b9b4cdc16418a4dc18e34a,6,17026,55,53,18174,22104,108,40278,6.3432397509691061,2365.6760249030895,372.94444444444446,0.5092592592592593,0.45121406226724264
r_c321bbf7004d9bf20c7acf0a903206f8,Tor browsing,d_1be06ce1b670864df8c500dc82b295ae,1,0,a_e7d8c038c18055500148c5915382bd98,a_e2370a5f48648ec5a5dbdf8b657a0e89,p_9e848034e875135e202affe214897507,p_3dd478bd944ece2906a0c8e4425f63be,6,15064,20,20,5175,9273,40,14448,2.6553372278279341,959.10780669144981,361.19999999999999,0.5,0.35818106312292358
r_756aaf772b2c971796b287b0986dbd43,Tor browsing,d_1be06ce1b670864df8c500dc82b295ae,1,0,a_e7d8c038c18055500148c5915382bd98,a_58597d7dc9015e05b95c2a7248b06cfe,p_b58687536686f0ddaf04d1ee2571d2d7,p_43df02fd0b2e49858e28f6f6da383215,6,11239,8,0,480,0,8,480,0.71180710027582517,42.70842601654951,60,1,1
r_a651ab50f90160ca2b1156d4770987a9,Tor browsing,d_1be06ce1b670864df8c500dc82b295ae,1,0,a_e7d8c038c18055500148c5915382bd98,a_69fb0b835452ca85c178bdeaaf11695b,p_1ee07c9ad4b2c78763ce995b1ef5c443,p_3d01955bb66b778c6aa471c3a2911a0a,6,16683,37,34,11368,18521,71,29889,4.2558292872984476,1791.5842474375113,420.97183098591552,0.52112676056338025,0.38034059352939209
r_355c8d3e948ebb8eb006bbe824825e82,Tor browsing,d_1be06ce1b670864df8c500dc82b295ae,1,0,a_e7d8c038c18055500148c5915382bd98,a_71394ec0ae14eb2d17f693263a2fab11,p_c5b3ca7130f30a741bff05dbe07edce9,p_e8fa32c526b9b4cdc16418a4dc18e34a,6,14654,56,57,16119,36770,113,52889,7.7112051317046539,3609.1852054046676,468.04424778761063,0.49557522123893805,0.30477036812947872
r_3dac3ef49106e3802dbb54f567510eaf,Tor browsing,d_1be06ce1b670864df8c500dc82b295ae,1,0,a_e7d8c038c18055500148c5915382bd98,a_75d004b3234b7f9cc3a6df4c2d0a16a3,p_08a3d6ca293e3c8c550a12d82b093ce4,p_2313704d6916acc778397dda2b5b461d,6,16923,17,16,3395,11023,33,14418,1.9500088636766533,851.97659989363592,436.90909090909093,0.51515151515151514,0.23546955194895269
r_2b0d284d4f9859aa79a5166807c38f8c,Tor browsing,d_1be06ce1b670864df8c500dc82b295ae,1,0,a_e7d8c038c18055500148c5915382bd98,a_69fb0b835452ca85c178bdeaaf11695b,p_545ea899eca1c7928c7e1ee413d5c781,p_3d01955bb66b778c6aa471c3a2911a0a,6,15971,59,56,19499,24937,115,44436,7.2005509986851166,2782.292905891929,386.39999999999998,0.5130434782608696,0.43881087406607255
r_9055b103bcdf940367628cd46df9722b,Tor browsing,d_1be06ce1b670864df8c500dc82b295ae,1,0,a_e7d8c038c18055500148c5915382bd98,a_71394ec0ae14eb2d17f693263a2fab11,p_9d2dfb91d45945d4a249aa1fda1c7185,p_e8fa32c526b9b4cdc16418a4dc18e34a,6,13921,45,55,13426,35058,100,48484,7.1833919977013148,3482.7957761655057,484.83999999999997,0.45000000000000001,0.27691609603168055
r_e6e4e9bf152d53ad5776fe28df2f9a37,Tor browsing,d_1be06ce1b670864df8c500dc82b295ae,1,0,a_e7d8c038c18055500148c5915382bd98,a_5c25e15c88206e70e411bb4233d657e5,p_6ccaf285394b06d69b9b83bac13a7cd4,p_2313704d6916acc778397dda2b5b461d,6,21338,17,15,3421,10935,32,14356,1.4996719467616457,672.79032711594334,448.625,0.53125,0.23829757592644191
r_d4462ebcf7c59ffb6737971895ee25bd,Tor browsing,d_1be06ce1b670864df8c500dc82b295ae,1,0,a_e7d8c038c18055500148c5915382bd98,a_71394ec0ae14eb2d17f693263a2fab11,p_842bc02c2a1923b3905b168d89773cbd,p_e8fa32c526b9b4cdc16418a4dc18e34a,6,20338,35,40,10758,29006,75,39764,3.6876782377814927,1955.1578326285769,530.18666666666661,0.46666666666666667,0.27054622271401269
r_0a80808151f287fe18f25997dcc05d9a,Tor browsing,d_1be06ce1b670864df8c500dc82b295ae,1,0,a_e7d8c038c18055500148c5915382bd98,a_69fb0b835452ca85c178bdeaaf11695b,p_0acf6d756181ddca405a44503b0140f3,p_3d01955bb66b778c6aa471c3a2911a0a,6,18397,25,25,7587,9587,50,17174,2.7178344295265533,933.5217698537806,343.48000000000002,0.5,0.44177244672178873
r_b054d33fd6af1a3a76d828f1b0903d3c,Tor browsing,d_1be06ce1b670864df8c500dc82b295ae,1,0,a_e7d8c038c18055500148c5915382bd98,a_5c25e15c88206e70e411bb4233d657e5,p_3a8e6475e7a09c12daec0a9854ad6ee0,p_2313704d6916acc778397dda2b5b461d,6,19400,17,16,3397,10965,33,14362,1.7010309278350517,740.30927835051557,435.21212121212119,0.51515151515151514,0.23652694610778444
r_40fe9e07b1a8e5f99916887b585b8e2d,Tor browsing,d_1be06ce1b670864df8c500dc82b295ae,1,0,a_e7d8c038c18055500148c5915382bd98,a_71394ec0ae14eb2d17f693263a2fab11,p_719242de8bbb03ef38fef00f2100188c,p_e8fa32c526b9b4cdc16418a4dc18e34a,6,18419,59,62,20012,24694,121,44706,6.5693034366686573,2427.1675986752807,369.47107438016531,0.48760330578512395,0.44763566411667338
r_9c836876aaa593c94dee4ad88d164bc7,Tor browsing,d_1be06ce1b670864df8c500dc82b295ae,1,0,a_e7d8c038c18055500148c5915382bd98,a_69fb0b835452ca85c178bdeaaf11695b,p_650f7273bf05e7d78f1cc0e6d4f144b7,p_3d01955bb66b778c6aa471c3a2911a0a,6,17390,45,46,16664,18163,91,34827,5.2328924669350201,2002.7027027027027,382.71428571428572,0.49450549450549453,0.47847934074137882
r_26a79b774e1a2c739738383eeeef4ddf,Tor browsing,d_1be06ce1b670864df8c500dc82b295ae,1,0,a_e7d8c038c18055500148c5915382bd98,a_e2370a5f48648ec5a5dbdf8b657a0e89,p_c9d47b2bd232d89189e5703f6d2c8be8,p_3dd478bd944ece2906a0c8e4425f63be,6,15415,19,20,5655,8170,39,13825,2.5300032435939022,896.85371391501792,354.4871794871795,0.48717948717948717,0.40904159132007234
r_c9da3f586eb2d97a0e9ad4f364222edc,Tor browsing,d_1be06ce1b670864df8c500dc82b295ae,1,0,a_e7d8c038c18055500148c5915382bd98,a_69fb0b835452ca85c178bdeaaf11695b,p_f4930eed2e70deff82231dd91c3e206f,p_3d01955bb66b778c6aa471c3a2911a0a,6,16241,59,60,17942,34475,119,52417,7.3271350286312424,3227.4490487038975,440.47899159663865,0.49579831932773111,0.34229353072476487
r_66a4788608e3e7bf4dd454d7488eb222,Tor browsing,d_1be06ce1b670864df8c500dc82b295ae,1,0,a_e7d8c038c18055500148c5915382bd98,a_71394ec0ae14eb2d17f693263a2fab11,p_bd0854ce549e56b8a1144dff2de01889,p_e8fa32c526b9b4cdc16418a4dc18e34a,6,15185,48,55,13582,36666,103,50248,6.7830095488969375,3309.0549884754691,487.84466019417476,0.46601941747572817,0.27029931539563762
r_47ccbfed396e21376a4f3ecaf7447eef,Tor browsing,d_1be06ce1b670864df8c500dc82b295ae,1,0,a_e7d8c038c18055500148c5915382bd98,a_6f9fe9def0d2232b7570060f4bd3a0fd,p_6af6e3e5944c653584cc7d1a99219892,p_2d36b619be089107b3d8a5a53b5aa6c4,6,20562,16,13,3347,6255,29,9602,1.4103686411827643,466.97792043575527,331.10344827586209,0.55172413793103448,0.34857321391376794
r_8770b7416e419e03e16bee16b308a8d9,Tor browsing,d_1be06ce1b670864df8c500dc82b295ae,1,0,a_e7d8c038c18055500148c5915382bd98,a_71394ec0ae14eb2d17f693263a2fab11,p_2464bb8d9e5f917c7d7471f14d0ff744,p_e8fa32c526b9b4cdc16418a4dc18e34a,6,19491,43,47,16527,20184,90,36711,4.6175157765122368,1883.4846852393412,407.89999999999998,0.4777777777777778,0.45019204053281031
r_b3b99e8866d6e961e1fa1759acd6eb24,Tor browsing,d_1be06ce1b670864df8c500dc82b295ae,1,0,a_e7d8c038c18055500148c5915382bd98,a_e2370a5f48648ec5a5dbdf8b657a0e89,p_f7673e8d1c2032fc1f73c7549135dd22,p_3dd478bd944ece2906a0c8e4425f63be,6,18528,30,34,10477,14236,64,24713,3.4542314335060453,1333.8190846286702,386.140625,0.46875,0.42394691053291789
r_6aac65cbad49a4f20158240e27e90bbe,Tor browsing,d_1be06ce1b670864df8c500dc82b295ae,1,0,a_e7d8c038c18055500148c5915382bd98,a_69fb0b835452ca85c178bdeaaf11695b,p_a80cab85d4113d1f7417b3596e03524e,p_3d01955bb66b778c6aa471c3a2911a0a,6,16549,38,37,10923,14477,75,25400,4.5319958909903919,1534.8359417487461,338.66666666666669,0.50666666666666671,0.43003937007874016
r_b398acbeaf2b1518f855f79932061968,Tor browsing,d_1be06ce1b670864df8c500dc82b295ae,1,0,a_e7d8c038c18055500148c5915382bd98,a_c1611769dc77d79f706dac42a9408c82,p_899f74480411d5109ee23ef8b987e7d8,p_2313704d6916acc778397dda2b5b461d,6,11237,8,0,480,0,8,480,0.71193379015751534,42.716027409450923,60,1,1
r_e832c88e75b8d6155e24fb54dcc86e1f,Tor browsing,d_1be06ce1b670864df8c500dc82b295ae,1,0,a_e7d8c038c18055500148c5915382bd98,a_69fb0b835452ca85c178bdeaaf11695b,p_206bdf5d4621822cb107cb1033d2a562,p_3d01955bb66b778c6aa471c3a2911a0a,6,17796,34,34,10987,13749,68,24736,3.8210833895257363,1389.9752753427738,363.76470588235293,0.5,0.44417043984476068
r_741b5b3e5f5367bee4e43093edfcc851,Tor browsing,d_1be06ce1b670864df8c500dc82b295ae,1,0,a_e7d8c038c18055500148c5915382bd98,a_71394ec0ae14eb2d17f693263a2fab11,p_be763cb8ce6da26381913a4eb6beb39c,p_e8fa32c526b9b4cdc16418a4dc18e34a,6,16741,60,63,22204,26332,123,48536,7.3472313481870861,2899.2294367122636,394.60162601626018,0.48780487804878048,0.45747486401846055
r_8a6f8622f406d0370a0c305ca9259185,Tor browsing,d_1be06ce1b670864df8c500dc82b295ae,1,0,a_e7d8c038c18055500148c5915382bd98,a_e2370a5f48648ec5a5dbdf8b657a0e89,p_fac8e1531ecb7f73e7ed9c62e72b0b36,p_3dd478bd944ece2906a0c8e4425f63be,6,14766,21,23,7298,9890,44,17188,2.9798185019639711,1164.0254639035622,390.63636363636363,0.47727272727272729,0.42459855713288341
r_14b0e3873ef28585c75b8c0d07b8d6d1,Tor browsing,d_1be06ce1b670864df8c500dc82b295ae,1,0,a_e7d8c038c18055500148c5915382bd98,a_159c39f7f38ced3cf0a8948386b1fca7,p_b64e92f9356ec7ba64f3cfb01a399b65,p_52493e7267d0883db73d7af93ccc6bf0,6,19502,9,0,540,0,9,540,0.46149112911496259,27.689467746897755,60,1,1
r_64987114ae92f5bb50bb8f2ad8927aed,Tor browsing,d_1be06ce1b670864df8c500dc82b295ae,1,0,a_e7d8c038c18055500148c5915382bd98,a_69fb0b835452ca85c178bdeaaf11695b,p_2cd04b08db3938f241cbb6f366ecaa82,p_3d01955bb66b778c6aa471c3a2911a0a,6,20104,51,50,16992,21633,101,38625,5.0238758456028654,1921.2594508555512,382.42574257425741,0.50495049504950495,0.43992233009708737
r_5d779cb1c16ca4640368ecacd6c26bd8,Tor browsing,d_1be06ce1b670864df8c500dc82b295ae,1,0,a_e7d8c038c18055500148c5915382bd98,a_71394ec0ae14eb2d17f693263a2fab11,p_959e653077b7f0fe19aab14cec943fe7,p_e8fa32c526b9b4cdc16418a4dc18e34a,6,18026,63,55,24986,27524,118,52510,6.546100077665594,2913.0145345611895,445,0.53389830508474578,0.47583317463340319
r_75ddca032beaa1994309d9115eb35bc8,Tor browsing,d_1be06ce1b670864df8c500dc82b295ae,1,0,a_e7d8c038c18055500148c5915382bd98,a_69fb0b835452ca85c178bdeaaf11695b,p_e070ea7ddc78d7ef4cee2c27dae26744,p_3d01955bb66b778c6aa471c3a2911a0a,6,20396,61,66,22280,37433,127,59713,6.2267111198274172,2927.6818984114529,470.18110236220474,0.48031496062992124,0.37311808148979286
r_5572e29fc89bf1ccd53b338f72010ff4,Tor browsing,d_1be06ce1b670864df8c500dc82b295ae,1,0,a_e7d8c038c18055500148c5915382bd98,a_71394ec0ae14eb2d17f693263a2fab11,p_7b9dc61988134decfadc840644520da8,p_e8fa32c526b9b4cdc16418a4dc18e34a,6,19334,46,45,16189,21688,91,37877,4.7067342505430849,1959.0876176683562,416.23076923076923,0.50549450549450547,0.42740977374132061
r_20960e3794c2c3e1daeae2203c8d3c7a,Tor browsing,d_1be06ce1b670864df8c500dc82b295ae,1,0,a_e7d8c038c18055500148c5915382bd98,a_e2370a5f48648ec5a5dbdf8b657a0e89,p_8a1b614d6f6dc8843e70732ff9b87f06,p_3dd478bd944ece2906a0c8e4425f63be,6,9339,16,14,3378,6294,30,9672,3.2123353678123996,1035.6569225827177,322.39999999999998,0.53333333333333333,0.34925558312655086
r_8aadf9b29aa66b4d98d1f2475985ec31,Tor browsing,d_1be06ce1b670864df8c500dc82b295ae,1,0,a_e7d8c038c18055500148c5915382bd98,a_667e43d14e60b98df49e3ecb8d92cf7c,p_1439bcbf7c472047184533f692a25152,p_3dd478bd944ece2906a0c8e4425f63be,6,20134,13,11,3234,6039,24,9273,1.1920135094864408,460.56421972782357,386.375,0.54166666666666663,0.3487544483985765
r_f6a54361fcd2c2decc3c1fab67acf90c,Tor browsing,d_1be06ce1b670864df8c500dc82b295ae,1,0,a_e7d8c038c18055500148c5915382bd98,a_e2370a5f48648ec5a5dbdf8b657a0e89,p_54a8cab878248fafd83d7d12469d77ae,p_3dd478bd944ece2906a0c8e4425f63be,6,19121,16,16,3908,6398,32,10306,1.6735526384603316,538.98854662413055,322.0625,0.5,0.37919658451387539
r_3c398271e3d9527037670e9163e28699,Tor browsing,d_1be06ce1b670864df8c500dc82b295ae,1,0,a_e7d8c038c18055500148c5915382bd98,a_71394ec0ae14eb2d17f693263a2fab11,p_a5115c273220aa2b6b8ba2943d287a41,p_e8fa32c526b9b4cdc16418a4dc18e34a,6,18078,36,39,12427,16038,75,28465,4.1486890142714907,1574.5657705498397,379.53333333333336,0.47999999999999998,0.43657122782364305
r_11182f0e95edc022e0066687e22825dc,Tor browsing,d_1be06ce1b670864df8c500dc82b295ae,1,0,a_e7d8c038c18055500148c5915382bd98,a_69fb0b835452ca85c178bdeaaf11695b,p_26ba002c0cda797fa327c715b53b00ac,p_3d01955bb66b778c6aa471c3a2911a0a,6,17131,72,66,26009,27623,138,53632,8.0555717704745788,3130.698733290526,388.63768115942031,0.52173913043478259,0.48495301312649164
r_e692af70a97e9eef8d77f887e9ae6c65,Tor browsing,d_1be06ce1b670864df8c500dc82b295ae,1,0,a_e7d8c038c18055500148c5915382bd98,a_69fb0b835452ca85c178bdeaaf11695b,p_0d3f1d0e86147dec03f5cf0095b01b3f,p_3d01955bb66b778c6aa471c3a2911a0a,6,17662,65,67,23554,26669,132,50223,7.4736722907937949,2843.5624504586117,380.47727272727275,0.49242424242424243,0.46898831212790953
r_cc41a9efc26a0f1e581be5b05627691c,Tor browsing,d_1be06ce1b670864df8c500dc82b295ae,1,0,a_e7d8c038c18055500148c5915382bd98,a_71394ec0ae14eb2d17f693263a2fab11,p_48a48d2a494df0023b283702657ddffd,p_e8fa32c526b9b4cdc16418a4dc18e34a,6,16598,41,40,14206,18190,81,32396,4.8801060368719122,1951.8014218580554,399.95061728395063,0.50617283950617287,0.43851092727497221
r_1db353b02cc8ef49f7c765168a1a16b8,Tor browsing,d_1be06ce1b670864df8c500dc82b295ae,1,0,a_e7d8c038c18055500148c5915382bd98,a_e2370a5f48648ec5a5dbdf8b657a0e89,p_1ba4b044e5d7b85b87d7b7bee97a5648,p_3dd478bd944ece2906a0c8e4425f63be,6,20373,17,17,4498,6450,34,10948,1.6688754724390122,537.37790212536197,322,0.5,0.41085129704055534
r_a315431214effa49d3064257a8db3272,Tor browsing,d_1be06ce1b670864df8c500dc82b295ae,1,0,a_e7d8c038c18055500148c5915382bd98,a_71394ec0ae14eb2d17f693263a2fab11,p_7c3f9682dc8c78d00ac45c7085924176,p_e8fa32c526b9b4cdc16418a4dc18e34a,6,19332,29,27,8365,11214,56,19579,2.8967515001034552,1012.7767432236706,349.625,0.5178571428571429,0.42724347515194849
r_61bd48d8e09358201ae868339f1dea8c,Tor browsing,d_1be06ce1b670864df8c500dc82b295ae,1,0,a_e7d8c038c18055500148c5915382bd98,a_69fb0b835452ca85c178bdeaaf11695b,p_8ff40125b1e743c4fb7d2d8ee6a74d4a,p_3d01955bb66b778c6aa471c3a2911a0a,6,18383,44,41,14937,16829,85,31766,4.6238372409291193,1728.0095740629931,373.7176470588235,0.51764705882352946,0.47021973178870491
r_6941b0ed17c1d565735ea86c1d84665e,Tor browsing,d_1be06ce1b670864df8c500dc82b295ae,1,0,a_e7d8c038c18055500148c5915382bd98,a_69fb0b835452ca85c178bdeaaf11695b,p_0744b19603479882d89ce7313ad0212f,p_3d01955bb66b778c6aa471c3a2911a0a,6,18556,64,64,22441,27027,128,49468,6.8980383703384343,2665.8762664367318,386.46875,0.5,0.45364680197299262
r_fcd2763732972c166d3c91e47915008b,Tor browsing,d_1be06ce1b670864df8c500dc82b295ae,1,0,a_e7d8c038c18055500148c5915382bd98,a_71394ec0ae14eb2d17f693263a2fab11,p_614ab3cbcf9877be156b1385ccb289d7,p_e8fa32c526b9b4cdc16418a4dc18e34a,6,16508,50,51,17969,23050,101,41019,6.118245699055004,2484.795250787497,406.12871287128712,0.49504950495049505,0.4380652868183037
r_e79fb8d8b3c130b753b66a1cb3e0bfd5,Tor browsing,d_1be06ce1b670864df8c500dc82b295ae,1,0,a_e7d8c038c18055500148c5915382bd98,a_44109c3d8dabe7ec3133755b354bb99b,p_beb852049e9e384fabcca7e3c8d978b5,p_e805c9d7b1b02a765dbe79d4dc8d4bd7,6,21358,15,11,3154,4951,26,8105,1.2173424477947372,379.48309766832102,311.73076923076923,0.57692307692307687,0.38914250462677358
r_9c63c725c8170432eed0d70f7301f956,Tor browsing,d_1be06ce1b670864df8c500dc82b295ae,1,0,a_e7d8c038c18055500148c5915382bd98,a_71394ec0ae14eb2d17f693263a2fab11,p_fec673586e16a4d5b0fb27282d03493f,p_e8fa32c526b9b4cdc16418a4dc18e34a,6,20350,74,72,28850,33702,146,62552,7.1744471744471738,3073.8083538083538,428.43835616438355,0.50684931506849318,0.46121626806496996
r_cd87406e6e02bf27bbb92515313c9edf,Tor browsing,d_1be06ce1b670864df8c500dc82b295ae,1,0,a_e7d8c038c18055500148c5915382bd98,a_69fb0b835452ca85c178bdeaaf11695b,p_73384c83d9089d773a6631ac38b9252c,p_3d01955bb66b778c6aa471c3a2911a0a,6,19406,44,42,20272,19049,86,39321,4.4316190868803469,2026.2290013397919,457.22093023255815,0.51162790697674421,0.51555148648304971
r_59948b2e6f97830e994901b064ccc885,Tor browsing,d_1be06ce1b670864df8c500dc82b295ae,1,0,a_e7d8c038c18055500148c5915382bd98,a_e2370a5f48648ec5a5dbdf8b657a0e89,p_fa02a36863b590c768333463ea34d353,p_3dd478bd944ece2906a0c8e4425f63be,6,6364,19,17,5106,8036,36,13142,5.6568196103079824,2065.0534255185416,365.05555555555554,0.52777777777777779,0.38852533860903971
r_159d3be51bc014482a9076098ff3311f,Tor browsing,d_1be06ce1b670864df8c500dc82b295ae,1,0,a_e7d8c038c18055500148c5915382bd98,a_972581ea814fbabfb53a0c68f5622f36,p_5725f86357b71c64d4dcd1ab16bd61ea,p_018bddd8ee5d54a934fb83e788d3889a,6,11343,15,12,3287,5122,27,8409,2.3803226659613861,741.33827029886277,311.44444444444446,0.55555555555555558,0.39089071233202521
r_e0bef4489d0dd10dad34dfa5554ec435,Tor browsing,d_1be06ce1b670864df8c500dc82b295ae,1,0,a_e7d8c038c18055500148c5915382bd98,a_71394ec0ae14eb2d17f693263a2fab11,p_9ebf63ce9a25f663e5906ef20e32ba35,p_e8fa32c526b9b4cdc16418a4dc18e34a,6,10335,26,26,8737,11162,52,19899,5.0314465408805029,1925.3991291727139,382.67307692307691,0.5,0.43906728981355847
r_5b2b4b2f2935c65e42840170c2072c30,Tor browsing,d_1be06ce1b670864df8c500dc82b295ae,1,0,a_e7d8c038c18055500148c5915382bd98,a_69fb0b835452ca85c178bdeaaf11695b,p_97966c55842e77ede6a2a6d93b750060,p_3d01955bb66b778c6aa471c3a2911a0a,6,9386,22,23,8208,9461,45,17669,4.7943746004687835,1882.4845514596209,392.64444444444445,0.48888888888888887,0.46454241892580223
r_970079396838801478cb2a728ffbea30,Tor browsing,d_1be06ce1b670864df8c500dc82b295ae,1,0,a_e7d8c038c18055500148c5915382bd98,a_71394ec0ae14eb2d17f693263a2fab11,p_1d93b7088df5de961b9c123c84ad48d5,p_e8fa32c526b9b4cdc16418a4dc18e34a,6,20331,62,63,22871,27460,125,50331,6.1482465200924699,2475.579164822193,402.64800000000002,0.496,0.45441179392422165
r_0c6b224c7d2a0596481547166af9a89f,Tor browsing,d_1be06ce1b670864df8c500dc82b295ae,1,0,a_e7d8c038c18055500148c5915382bd98,a_e2370a5f48648ec5a5dbdf8b657a0e89,p_c0b691d9a302918e4059cefe545c95fa,p_3dd478bd944ece2906a0c8e4425f63be,6,19443,25,27,7031,10700,52,17731,2.6744843902689914,911.94774468960543,340.98076923076923,0.48076923076923078,0.39653713834527099
r_3c08401abd358e6b83eb0a0acd7cd50c,Tor browsing,d_1be06ce1b670864df8c500dc82b295ae,1,0,a_e7d8c038c18055500148c5915382bd98,a_69fb0b835452ca85c178bdeaaf11695b,p_063475d3011127c74a5098ba0fa67f55,p_3d01955bb66b778c6aa471c3a2911a0a,6,10379,28,26,7752,10153,54,17905,5.2028133731573369,1725.118026784854,331.57407407407408,0.51851851851851849,0.43295168947221446
r_7cfc4ff9cd2c731279aac7656e5ee9fa,Tor browsing,d_1be06ce1b670864df8c500dc82b295ae,1,0,a_e7d8c038c18055500148c5915382bd98,a_8ad2ac5c69846a55f5d96df0ae8e51b2,p_d430b7e164b9cc844aa73dbe538cd64c,p_3dd478bd944ece2906a0c8e4425f63be,6,21282,17,15,3428,10909,32,14337,1.5036180810074242,673.66788835635748,448.03125,0.53125,0.23910162516565531
r_76a087498c6644b3d0ea004e2d7e79ad,Tor browsing,d_1be06ce1b670864df8c500dc82b295ae,1,0,a_e7d8c038c18055500148c5915382bd98,a_69fb0b835452ca85c178bdeaaf11695b,p_425c67231ee39113064645aab39e9c92,p_3d01955bb66b778c6aa471c3a2911a0a,6,20384,60,62,22745,25895,122,48640,5.9850863422291996,2386.1852433281006,398.68852459016392,0.49180327868852458,0.46761924342105265
r_c9c0300eb72bca69c49a39c9e9ebdb33,Tor browsing,d_1be06ce1b670864df8c500dc82b295ae,1,0,a_e7d8c038c18055500148c5915382bd98,a_71394ec0ae14eb2d17f693263a2fab11,p_dc8a6502b88cf8f3543f00de7edb182a,p_e8fa32c526b9b4cdc16418a4dc18e34a,6,19333,49,49,16826,20288,98,37114,5.0690529147054262,1919.7227538405837,378.71428571428572,0.5,0.45335991809020854
r_ec5c1e00c1804304f65448b71d9da7cf,Tor browsing,d_1be06ce1b670864df8c500dc82b295ae,1,0,a_e7d8c038c18055500148c5915382bd98,a_69fb0b835452ca85c178bdeaaf11695b,p_a0caa6492326868d3f0af88e7c203499,p_3d01955bb66b778c6aa471c3a2911a0a,6,18500,39,41,13095,16227,80,29322,4.3243243243243246,1584.9729729729729,366.52499999999998,0.48749999999999999,0.44659300184162065
r_2fa58e1a8f48e84603b32201c0866e06,Tor browsing,d_1be06ce1b670864df8c500dc82b295ae,1,0,a_e7d8c038c18055500148c5915382bd98,a_71394ec0ae14eb2d17f693263a2fab11,p_bdb5c0190dd831f4cc9fe50e3d33b9ba,p_e8fa32c526b9b4cdc16418a4dc18e34a,6,17436,57,58,21475,26586,115,48061,6.5955494379444826,2756.42349162652,417.92173913043479,0.4956521739130435,0.44682798943009927
r_0b04ab376f353e4aa89c15c7ed6e957b,Tor browsing,d_1be06ce1b670864df8c500dc82b295ae,1,0,a_e7d8c038c18055500148c5915382bd98,a_eaee78ccb79f2232523f3dd4d101e9df,p_c609805ef327d152a414429d0d318edc,p_64eab6039291da87b7bab47109b51546,6,11366,14,13,3244,8230,27,11474,2.375505894773887,1009.5020235790956,424.96296296296299,0.51851851851851849,0.28272616350008717
r_bddeb1ff7f23e914ec26f01769f62e6b,Tor browsing,d_1be06ce1b670864df8c500dc82b295ae,1,0,a_e7d8c038c18055500148c5915382bd98,a_71394ec0ae14eb2d17f693263a2fab11,p_76bef256a6d4b2d954e8c844ab182281,p_e8fa32c526b9b4cdc16418a4dc18e34a,6,10317,19,15,5652,7352,34,13004,3.2955316467965492,1260.4439274983038,382.47058823529414,0.55882352941176472,0.43463549677022456
r_e16e62fb644779aec83a171d27443ffc,Tor browsing,d_1be06ce1b670864df8c500dc82b295ae,1,0,a_e7d8c038c18055500148c5915382bd98,a_e2370a5f48648ec5a5dbdf8b657a0e89,p_e284109a92b032c64479577a4e17e3b0,p_3dd478bd944ece2906a0c8e4425f63be,6,8402,15,14,3321,6294,29,9615,3.4515591525827185,1144.3703880028565,331.55172413793105,0.51724137931034486,0.34539781591263652
r_16609f66e6a4af0f46e9986b92f85108,Tor browsing,d_1be06ce1b670864df8c500dc82b295ae,1,0,a_e7d8c038c18055500148c5915382bd98,a_69fb0b835452ca85c178bdeaaf11695b,p_efc59bfd5c9a64b4d9c389a712fd9f81,p_3d01955bb66b778c6aa471c3a2911a0a,6,7454,19,16,5085,7489,35,12574,4.6954655218674537,1686.8795277703248,359.25714285714287,0.54285714285714282,0.40440591697152856
r_17761b54a07ec8b9f7c2f2cc9fe7c866,Tor browsing,d_1be06ce1b670864df8c500dc82b295ae,1,0,a_e7d8c038c18055500148c5915382bd98,a_71394ec0ae14eb2d17f693263a2fab11,p_53df6d32aa03c755f35668ba7cbaeb56,p_e8fa32c526b9b4cdc16418a4dc18e34a,6,18069,54,55,20201,23794,109,43995,6.0324312358182528,2434.8331396314129,403.62385321100919,0.49541284403669728,0.4591658142970792
r_5cec8592827f2d0980266a2c11e8fec3,Tor browsing,d_1be06ce1b670864df8c500dc82b295ae,1,0,a_e7d8c038c18055500148c5915382bd98,a_69fb0b835452ca85c178bdeaaf11695b,p_e30a564ce73ddaf0d9769007a29fdffb,p_3d01955bb66b778c6aa471c3a2911a0a,6,15175,42,42,14254,18401,84,32655,5.535420098846787,2151.8945634266884,388.75,0.5,0.43650283264431172
r_acc67316e3240893d060c732342f5a02,Tor browsing,d_1be06ce1b670864df8c500dc82b295ae,1,0,a_e7d8c038c18055500148c5915382bd98,a_237f3810c92f149df98010cc9a7dd15d,p_1e2d5690e8acef6bf0ecd47b7fd50dcb,p_e2a4a4bf9c74500e61f176db310c2961,6,21301,16,15,3380,11490,31,14870,1.455330735646214,698.08929158255489,479.67741935483872,0.5161290322580645,0.22730329522528581
r_de21f859b52ed0b4137a37f361e301cc,Tor browsing,d_1be06ce1b670864df8c500dc82b295ae,1,0,a_e7d8c038c18055500148c5915382bd98,a_71394ec0ae14eb2d17f693263a2fab11,p_4b43542a237caaf37e6feca1a550ce20,p_e8fa32c526b9b4cdc16418a4dc18e34a,6,20415,64,64,23456,28528,128,51984,6.2698995836394813,2546.3629684055841,406.125,0.5,0.45121575869498309
r_3c006dd2971e502dedf6677dc380df50,Tor browsing,d_1be06ce1b670864df8c500dc82b295ae,1,0,a_e7d8c038c18055500148c5915382bd98,a_69fb0b835452ca85c178bdeaaf11695b,p_42f3860ea56e229afaeed7b294f675e9,p_3d01955bb66b778c6aa471c3a2911a0a,6,17412,52,48,20159,21415,100,41574,5.7431656328968534,2387.6636802205376,415.74000000000001,0.52000000000000002,0.48489440515706933
r_46002514fa56d64e1e0a88c9c3e236b4,Tor browsing,d_1be06ce1b670864df8c500dc82b295ae,1,0,a_e7d8c038c18055500148c5915382bd98,a_59eb261459aba1797a8adf9daeffce53,p_d20a83f762a78f99b7d6cb20e72ecb71,p_5b91bffc635f539b7237c9bbacd9a69d,6,19476,15,16,3318,10944,31,14262,1.591702608338468,732.28589032655577,460.06451612903226,0.4838709677419355,0.23264619267984854
r_1c18eb414edd6d597ba94859d114726c,Tor browsing,d_1be06ce1b670864df8c500dc82b295ae,1,0,a_e7d8c038c18055500148c5915382bd98,a_69fb0b835452ca85c178bdeaaf11695b,p_c258d3345f87dbe8a9fa30d8898d93e5,p_3d01955bb66b778c6aa471c3a2911a0a,6,18521,36,38,10830,14507,74,25337,3.9954646077425622,1368.0146860320717,342.39189189189187,0.48648648648648651,0.42743813395429608
r_f9e900ee2c99ba362ea2ac19f58dd822,Tor browsing,d_1be06ce1b670864df8c500dc82b295ae,1,0,a_e7d8c038c18055500148c5915382bd98,a_71394ec0ae14eb2d17f693263a2fab11,p_d06e2f8047bdf5bf3df3d7c6b9a96a12,p_e8fa32c526b9b4cdc16418a4dc18e34a,6,17463,68,64,27387,29556,132,56943,7.558838687510737,3260.7799347191203,431.38636363636363,0.51515151515151514,0.48095463884937567
r_16f804a5016f9a220475dcb97ef037b5,Tor browsing,d_1be06ce1b670864df8c500dc82b295ae,1,0,a_e7d8c038c18055500148c5915382bd98,a_e2370a5f48648ec5a5dbdf8b657a0e89,p_3e3feb813a1501771ea3acc4cff90705,p_3dd478bd944ece2906a0c8e4425f63be,6,10577,26,22,7077,9904,48,16981,4.5381488134631747,1605.4646875295452,353.77083333333331,0.54166666666666663,0.41675990813261882
r_f2de2023e68a15a300432d1f05059e81,Tor browsing,d_1be06ce1b670864df8c500dc82b295ae,1,0,a_e7d8c038c18055500148c5915382bd98,a_75f4459b795091194616c86b9dd9b2f2,p_fdd17b6e9cbc03a526bbc964cfc37389,p_2313704d6916acc778397dda2b5b461d,6,11208,8,0,480,0,8,480,0.7137758743754461,42.826552462526763,60,1,1
r_777d2b9d3d0a9c29ede7c4bd2bb1bcd9,Tor browsing,d_1be06ce1b670864df8c500dc82b295ae,1,0,a_e7d8c038c18055500148c5915382bd98,a_71394ec0ae14eb2d17f693263a2fab11,p_a2a1260cd8902216b9d2bb470c31cc87,p_e8fa32c526b9b4cdc16418a4dc18e34a,6,18388,58,59,21554,25610,117,47164,6.3628453339134214,2564.9336523819879,403.11111111111109,0.49572649572649574,0.45700110253583243
r_db131913e990c7f0aebd0e61eab1d818,Tor browsing,d_1be06ce1b670864df8c500dc82b295ae,1,0,a_e7d8c038c18055500148c5915382bd98,a_69fb0b835452ca85c178bdeaaf11695b,p_61e5b4380612b1a42002a4000aa0239e,p_3d01955bb66b778c6aa471c3a2911a0a,6,15436,39,40,12549,16689,79,29238,5.1179061933143304,1894.1435605079037,370.1012658227848,0.49367088607594939,0.42920172378411658
r_fdf472eab435b36fae8689c2c96a19b9,Tor browsing,d_1be06ce1b670864df8c500dc82b295ae,1,0,a_e7d8c038c18055500148c5915382bd98,a_71394ec0ae14eb2d17f693263a2fab11,p_80cf448684272bc4fbcdb1a4b4a69905,p_e8fa32c526b9b4cdc16418a4dc18e34a,6,20327,37,32,10907,13618,69,24525,3.3944999262065232,1206.523343336449,355.43478260869563,0.53623188405797106,0.44472986748216103
r_688766581bc2c6c09d6ea31576431115,Tor browsing,d_1be06ce1b670864df8c500dc82b295ae,1,0,a_e7d8c038c18055500148c5915382bd98,a_69fb0b835452ca85c178bdeaaf11695b,p_fecfb2deb2cb3de8bd155c546744d379,p_3d01955bb66b778c6aa471c3a2911a0a,6,19381,36,33,11370,12952,69,24322,3.5601878128063569,1254.9404055518291,352.49275362318838,0.52173913043478259,0.46747800345366336
r_771d61a5e5ca771db981328d782172e4,Tor browsing,d_1be06ce1b670864df8c500dc82b295ae,1,0,a_e7d8c038c18055500148c5915382bd98,a_b282424f0717adb21aefa5277bcfc450,p_aeb3538915391c0b82af10242418d6da,p_2313704d6916acc778397dda2b5b461d,6,7201,7,0,420,0,7,420,0.972087210109707,58.325232606582425,60,1,1
r_a16b98a809cad28379f595d92db6bf26,Tor browsing,d_1be06ce1b670864df8c500dc82b295ae,1,0,a_e7d8c038c18055500148c5915382bd98,a_69fb0b835452ca85c178bdeaaf11695b,p_a04826e7356054287a019e5048f4a959,p_3d01955bb66b778c6aa471c3a2911a0a,6,10376,23,21,5441,8979,44,14420,4.2405551272166537,1389.745566692367,327.72727272727275,0.52272727272727271,0.3773231622746186
r_41825858b0dcfdb249f4a83a5077ec57,Tor browsing,d_1be06ce1b670864df8c500dc82b295ae,1,0,a_e7d8c038c18055500148c5915382bd98,a_e2370a5f48648ec5a5dbdf8b657a0e89,p_77786fc65ae476d9b35d7c745cf2a3f7,p_3dd478bd944ece2906a0c8e4425f63be,6,9390,16,14,3369,5758,30,9127,3.1948881789137378,971.99148029818946,304.23333333333335,0.53333333333333333,0.36912457543552096
r_4fd34f76b31bec7551f489c529a11f75,Tor browsing,d_1be06ce1b670864df8c500dc82b295ae,1,0,a_e7d8c038c18055500148c5915382bd98,a_71394ec0ae14eb2d17f693263a2fab11,p_5ff79991de5a02b53bdc3d1df098a210,p_e8fa32c526b9b4cdc16418a4dc18e34a,6,8374,19,15,5081,7888,34,12969,4.0601862909004058,1548.7222354908047,381.44117647058823,0.55882352941176472,0.39178039941398718
r_c5c89b3bf75ca41a4ffbe914f0a22c35,Tor browsing,d_1be06ce1b670864df8c500dc82b295ae,1,0,a_e7d8c038c18055500148c5915382bd98,a_71394ec0ae14eb2d17f693263a2fab11,p_4c0c22b558b436ccd723aecbbc7773f9,p_e8fa32c526b9b4cdc16418a4dc18e34a,6,14502,55,49,16608,27146,104,43754,7.1714246310853671,3017.1010895048958,420.71153846153845,0.52884615384615385,0.37957672441376789
r_4a3ee755de22ba02ad7124d63d1bbc5c,Tor browsing,d_1be06ce1b670864df8c500dc82b295ae,1,0,a_e7d8c038c18055500148c5915382bd98,a_69fb0b835452ca85c178bdeaaf11695b,p_d0c098107ba35a92b156fcb3bae3912a,p_3d01955bb66b778c6aa471c3a2911a0a,6,13520,50,47,12084,29477,97,41561,7.1745562130177518,3074.0384615384614,428.46391752577318,0.51546391752577314,0.29075335049686002
r_af4e38fe07b9c718897504fb2ebf3758,Tor browsing,d_1be06ce1b670864df8c500dc82b295ae,1,0,a_e7d8c038c18055500148c5915382bd98,a_1e1ea36ad7de415e99786cba48db73bf,p_dd26e94875aec2644f6980e708496e46,p_2313704d6916acc778397dda2b5b461d,6,11230,8,0,480,0,8,480,0.7123775601068566,42.742653606411395,60,1,1
r_45a96e83e25c63e318c92c197a193a0f,Tor browsing,d_1be06ce1b670864df8c500dc82b295ae,1,0,a_e7d8c038c18055500148c5915382bd98,a_71394ec0ae14eb2d17f693263a2fab11,p_90b0ed92df038cd2167fd793f926dfa6,p_e8fa32c526b9b4cdc16418a4dc18e34a,6,18699,54,60,19734,41728,114,61462,6.0965827049574841,3286.913738702604,539.14035087719299,0.47368421052631576,0.32107643747356091
r_1d9d1986b7246465a507b449d214a476,Tor browsing,d_1be06ce1b670864df8c500dc82b295ae,1,0,a_e7d8c038c18055500148c5915382bd98,a_69fb0b835452ca85c178bdeaaf11695b,p_605c2d5b10fde35ea63da020bf842308,p_3d01955bb66b778c6aa471c3a2911a0a,6,17769,43,44,20741,18876,87,39617,4.8961674826945805,2229.5570938150713,455.36781609195401,0.4942528735632184,0.52353787515460537
r_d38e75ada66a3942a4b15f0e2a710bed,Tor browsing,d_1be06ce1b670864df8c500dc82b295ae,1,0,a_e7d8c038c18055500148c5915382bd98,a_e2370a5f48648ec5a5dbdf8b657a0e89,p_dd4ce3d6b21a6781bc3bfe29523fdc4e,p_3dd478bd944ece2906a0c8e4425f63be,6,10763,17,16,3418,6398,33,9816,3.0660596487968039,912.01337916937655,297.45454545454544,0.51515151515151514,0.34820700896495516
r_6127ff272e1ee834816d240d573642ba,Tor browsing,d_1be06ce1b670864df8c500dc82b295ae,1,0,a_e7d8c038c18055500148c5915382bd98,a_71394ec0ae14eb2d17f693263a2fab11,p_2099b29a44767bc9801a304d8100a5b2,p_e8fa32c526b9b4cdc16418a4dc18e34a,6,15251,35,41,10750,28522,76,39272,4.9832797849321357,2575.0442593928269,516.73684210526312,0.46052631578947367,0.27373192096149929
r_875c201b12d17cb73c9c1e4932d1eb6c,Tor browsing,d_1be06ce1b670864df8c500dc82b295ae,1,0,a_e7d8c038c18055500148c5915382bd98,a_69fb0b835452ca85c178bdeaaf11695b,p_c173d5e49219e5d83b3627c05eddecc6,p_3d01955bb66b778c6aa471c3a2911a0a,6,13347,48,42,14879,22109,90,36988,6.7430883344571813,2771.2594590544691,410.97777777777776,0.53333333333333333,0.40226559965394182
r_6e4624ce0432e4935ad839fdf6aa19a6,Tor browsing,d_1be06ce1b670864df8c500dc82b295ae,1,0,a_e7d8c038c18055500148c5915382bd98,a_71394ec0ae14eb2d17f693263a2fab11,p_6777d5019c0105af7920e3aa0d13f8ea,p_e8fa32c526b9b4cdc16418a4dc18e34a,6,18212,40,38,14197,17572,78,31769,4.282890401932792,1744.3992971667033,407.29487179487177,0.51282051282051277,0.44688218074223302
r_81e383a136fe6971c56d3c784e1dc5d7,Tor browsing,d_1be06ce1b670864df8c500dc82b295ae,1,0,a_e7d8c038c18055500148c5915382bd98,a_69fb0b835452ca85c178bdeaaf11695b,p_38df8e62237ef206647877fc21837be0,p_3d01955bb66b778c6aa471c3a2911a0a,6,16261,68,68,25212,28307,136,53519,8.3635692761822771,3291.2490006764651,393.52205882352939,0.5,0.47108503522113643
r_9cac28a0bcd92b48021cf179adb2f0eb,Tor browsing,d_1be06ce1b670864df8c500dc82b295ae,1,0,a_e7d8c038c18055500148c5915382bd98,a_bda600aaefa1633dc6972850ee0900e1,p_6508eb32e06582ea6f4789d0e2f85224,p_2313704d6916acc778397dda2b5b461d,6,0,1,0,60,0,1,60,,,60,1,1
r_a4066f1d8325e536e0a93d0473e2b753,Tor browsing,d_1be06ce1b670864df8c500dc82b295ae,1,0,a_e7d8c038c18055500148c5915382bd98,a_e2370a5f48648ec5a5dbdf8b657a0e89,p_b6441fe860652342d9dbc3e9b48fbeea,p_3dd478bd944ece2906a0c8e4425f63be,6,18371,16,16,4433,5862,32,10295,1.7418757824832618,560.39409939578684,321.71875,0.5,0.43059737736765419
r_fa4eca77af9ba2fd4d8bbc8bcf752096,Tor browsing,d_1be06ce1b670864df8c500dc82b295ae,1,0,a_e7d8c038c18055500148c5915382bd98,a_69fb0b835452ca85c178bdeaaf11695b,p_b0c3a14e4a80fdaf910a45ea8e243bbc,p_3d01955bb66b778c6aa471c3a2911a0a,6,17398,42,42,14804,18423,84,33227,4.8281411656512248,1909.8172203701574,395.5595238095238,0.5,0.44554127667258553
r_890c74221a03e8db6760b522bd90093c,Tor browsing,d_1be06ce1b670864df8c500dc82b295ae,1,0,a_e7d8c038c18055500148c5915382bd98,a_71394ec0ae14eb2d17f693263a2fab11,p_f98578f4f09ddc3632ce2db0996b3b16,p_e8fa32c526b9b4cdc16418a4dc18e34a,6,15349,49,53,21574,25790,102,47364,6.645384064108411,3085.8036354159881,464.35294117647061,0.48039215686274511,0.45549362384933706
r_81602da3ce39024e6fe0954791e37a7f,Tor browsing,d_1be06ce1b670864df8c500dc82b295ae,1,0,a_e7d8c038c18055500148c5915382bd98,a_71394ec0ae14eb2d17f693263a2fab11,p_7fe0c2bc655fa872df53244ad548fc67,p_e8fa32c526b9b4cdc16418a4dc18e34a,6,10327,26,25,11358,12696,51,24054,4.9385107001065167,2329.2340466737678,471.64705882352939,0.50980392156862742,0.47218757794961336
r_807b89bdc9f57a9c53312f47661d1fe5,Tor browsing,d_1be06ce1b670864df8c500dc82b295ae,1,0,a_e7d8c038c18055500148c5915382bd98,a_69fb0b835452ca85c178bdeaaf11695b,p_4dc9d7c833c3f60a789d2735fc7bb7c8,p_3d01955bb66b778c6aa471c3a2911a0a,6,5370,18,14,3781,5807,32,9588,5.9590316573556796,1785.4748603351954,299.625,0.5625,0.39434710054234462
r_aed9d5108b56c649257ffc6e9d532378,Tor browsing,d_1be06ce1b670864df8c500dc82b295ae,1,0,a_e7d8c038c18055500148c5915382bd98,a_37e02799dd74dc892c7d9d9c7b15b566,p_7820aeb5cf1815fe3bec67ce710a4e65,p_3dd478bd944ece2906a0c8e4425f63be,6,20119,17,16,3410,11026,33,14436,1.6402405686167305,717.53069238033697,437.45454545454544,0.51515151515151514,0.23621501801052924
r_308f877cfb1af2534eb510a995b2db65,Tor browsing,d_1be06ce1b670864df8c500dc82b295ae,1,0,a_e7d8c038c18055500148c5915382bd98,a_71394ec0ae14eb2d17f693263a2fab11,p_34f9b5ea367a48615c1095dd9831abd1,p_e8fa32c526b9b4cdc16418a4dc18e34a,6,19050,51,43,19597,22634,94,42231,4.9343832020997374,2216.8503937007872,449.2659574468085,0.54255319148936165,0.46404300158651229
r_ba8920817236f550e219c25909843ee7,Tor browsing,d_1be06ce1b670864df8c500dc82b295ae,1,0,a_e7d8c038c18055500148c5915382bd98,a_69fb0b835452ca85c178bdeaaf11695b,p_02468b8a38e3e2eb3de5cc04f46bbb68,p_3d01955bb66b778c6aa471c3a2911a0a,6,15099,63,59,22324,24645,122,46969,8.0800052983641297,3110.7358103185643,384.99180327868851,0.51639344262295084,0.47529221401349825
r_b658f0b8949f376fd26d9e32826c7dfb,Tor browsing,d_1be06ce1b670864df8c500dc82b295ae,1,0,a_e7d8c038c18055500148c5915382bd98,a_bda600aaefa1633dc6972850ee0900e1,p_9bd820f222f43b0e034569c62103b68a,p_2313704d6916acc778397dda2b5b461d,6,0,1,0,60,0,1,60,,,60,1,1
r_f5e5b094585b581fbbfa4af6afa02e00,Tor browsing,d_1be06ce1b670864df8c500dc82b295ae,1,0,a_e7d8c038c18055500148c5915382bd98,a_71394ec0ae14eb2d17f693263a2fab11,p_06380caa0d226ea1c4df4f72774e61bc,p_e8fa32c526b9b4cdc16418a4dc18e34a,6,20346,45,49,16093,20824,94,36917,4.6200727415708247,1814.4598446869163,392.7340425531915,0.47872340425531917,0.43592382913021099
r_4d9deb35d982a328b46e78f9ab9d8687,Tor browsing,d_1be06ce1b670864df8c500dc82b295ae,1,0,a_e7d8c038c18055500148c5915382bd98,a_69fb0b835452ca85c178bdeaaf11695b,p_85c674803e3d9f7b4f14a99f2d58df09,p_3d01955bb66b778c6aa471c3a2911a0a,6,19382,63,62,23352,25359,125,48711,6.4492828397482196,2513.2081312558043,389.68799999999999,0.504,0.47939890373837529
r_d49f9c81c81fdfc004119525ecad0c76,Tor browsing,d_1be06ce1b670864df8c500dc82b295ae,1,0,a_e7d8c038c18055500148c5915382bd98,a_e2370a5f48648ec5a5dbdf8b657a0e89,p_28e745242a5e103250a85f8cf671878d,p_3dd478bd944ece2906a0c8e4425f63be,6,9372,19,19,5117,8140,38,13257,4.0546308151941952,1414.5326504481434,348.86842105263156,0.5,0.38598476276684018
r_823c951ed052daf8dc868de644b1fdae,Tor browsing,d_1be06ce1b670864df8c500dc82b295ae,1,0,a_e7d8c038c18055500148c5915382bd98,a_ec00d985708365e2764c5429e33ba8a4,p_83db55d4a7ecd36bc20e343ea4a00450,p_d360bbf02a78338753c95a4441fac628,6,370,1,1,60,40,2,100,5.4054054054054053,270.27027027027026,50,0.5,0.59999999999999998
r_29e3d73fe0180d4aab2c8bbea78bec54,Tor browsing,d_1be06ce1b670864df8c500dc82b295ae,1,0,a_e7d8c038c18055500148c5915382bd98,a_71394ec0ae14eb2d17f693263a2fab11,p_8dd570b111007d5f3e52eeeafb42ba8b,p_e8fa32c526b9b4cdc16418a4dc18e34a,6,20341,62,58,21814,28752,120,50566,5.8994149746816769,2485.9151467479473,421.38333333333333,0.51666666666666672,0.43139659059447061
r_cdc4ffa4e1c2ab2734aa78b9f1f4ee8c,Tor browsing,d_1be06ce1b670864df8c500dc82b295ae,1,0,a_e7d8c038c18055500148c5915382bd98,a_69fb0b835452ca85c178bdeaaf11695b,p_cb74b73107a396e8937f1a322c681263,p_3d01955bb66b778c6aa471c3a2911a0a,6,19390,63,74,19201,46341,137,65542,7.0654976792160902,3380.1959773078906,478.40875912408757,0.45985401459854014,0.29295718775746848
r_5a6d9fb2eedaaec9c9d1ad0f46beb808,Tor browsing,d_1be06ce1b670864df8c500dc82b295ae,1,0,a_e7d8c038c18055500148c5915382bd98,a_e2370a5f48648ec5a5dbdf8b657a0e89,p_3b50a23143393dbb87c5c4b9ef553983,p_3dd478bd944ece2906a0c8e4425f63be,6,20393,29,38,7780,25216,67,32996,3.2854410827244642,1618.0061785906928,492.47761194029852,0.43283582089552236,0.23578615589768456
r_bbcc7da100638ec535cbdc9295ba98e4,Tor browsing,d_1be06ce1b670864df8c500dc82b295ae,1,0,a_e7d8c038c18055500148c5915382bd98,a_71394ec0ae14eb2d17f693263a2fab11,p_85d4d154eae694da1d1dfcdea7291117,p_e8fa32c526b9b4cdc16418a4dc18e34a,6,19350,27,25,7158,10574,52,17732,2.6873385012919893,916.38242894056839,341,0.51923076923076927,0.40367696819309723
r_996c66263f679d7d5a345db8e3c717ee,Tor browsing,d_1be06ce1b670864df8c500dc82b295ae,1,0,a_e7d8c038c18055500148c5915382bd98,a_69fb0b835452ca85c178bdeaaf11695b,p_b6478332aa7b4cb525c77ef27395c77e,p_3d01955bb66b778c6aa471c3a2911a0a,6,18412,49,49,17862,23065,98,40927,5.3226156854225506,2222.8437975233546,417.62244897959181,0.5,0.4364356048574291
r_48fe3598b988c2888e8dcaee166e88a4,Tor browsing,d_1be06ce1b670864df8c500dc82b295ae,1,0,a_e7d8c038c18055500148c5915382bd98,a_8ad2ac5c69846a55f5d96df0ae8e51b2,p_c5b8e70f05f5c41f4193e7eebc407385,p_3dd478bd944ece2906a0c8e4425f63be,6,11250,16,15,3373,10931,31,14304,2.7555555555555555,1271.4666666666667,461.41935483870969,0.5161290322580645,0.23580816554809844
r_e91b7e2c899c13dfb438090d295d329e,Tor browsing,d_1be06ce1b670864df8c500dc82b295ae,1,0,a_e7d8c038c18055500148c5915382bd98,a_69fb0b835452ca85c178bdeaaf11695b,p_1ad1195cedda468c457ca1e5130fa374,p_3d01955bb66b778c6aa471c3a2911a0a,6,10376,24,23,6998,9483,47,16481,4.5296838858905168,1588.3770239013108,350.65957446808511,0.51063829787234039,0.42461015715065831
r_9750fec71533976132c21c3a25f1aab3,Tor browsing,d_1be06ce1b670864df8c500dc82b295ae,1,0,a_e7d8c038c18055500148c5915382bd98,a_71394ec0ae14eb2d17f693263a2fab11,p_1d61c9074e6b8868628015625d4d8a60,p_e8fa32c526b9b4cdc16418a4dc18e34a,6,9324,17,15,5516,7308,32,12824,3.4320034320034321,1375.3753753753754,400.75,0.53125,0.43013100436681223
r_5b92958f32e9290300ce3ff8d4e5b6e4,Tor browsing,d_1be06ce1b670864df8c500dc82b295ae,1,0,a_e7d8c038c18055500148c5915382bd98,a_aae0f973f15256969b473a5c3b26b760,p_c19a0536fdee9b11ab87c480106cd2f4,p_2313704d6916acc778397dda2b5b461d,6,11193,8,0,480,0,8,480,0.71473242204949528,42.883945322969716,60,1,1
r_12797aee27af16a622c38fc5095e398b,Tor browsing,d_1be06ce1b670864df8c500dc82b295ae,1,0,a_e7d8c038c18055500148c5915382bd98,a_71394ec0ae14eb2d17f693263a2fab11,p_a3ecdbd0050fedc600042ca3b8d19902,p_e8fa32c526b9b4cdc16418a4dc18e34a,6,15875,42,44,15312,29368,86,44680,5.4173228346456694,2814.4881889763778,519.53488372093022,0.48837209302325579,0.34270367054610562
r_03f6b8c35aa217ed7b3acada0716f5ea,Tor browsing,d_1be06ce1b670864df8c500dc82b295ae,1,0,a_e7d8c038c18055500148c5915382bd98,a_e2370a5f48648ec5a5dbdf8b657a0e89,p_2cbb3061530e5c0e05e9a32811bce691,p_3dd478bd944ece2906a0c8e4425f63be,6,13925,29,35,5649,24010,64,29659,4.5960502692998206,2129.9102333931778,463.421875,0.453125,0.19046495161670993
r_fd0cee8fd2541534ddb24e2d3887a19b,Tor browsing,d_1be06ce1b670864df8c500dc82b295ae,1,0,a_e7d8c038c18055500148c5915382bd98,a_69fb0b835452ca85c178bdeaaf11695b,p_6af84501fb98ad06e794fc2b0b159f8a,p_3d01955bb66b778c6aa471c3a2911a0a,6,13832,21,18,5203,7672,39,12875,2.8195488721804511,930.81260844418739,330.12820512820514,0.53846153846153844,0.40411650485436895
r_2bcc68860402cdbee08fc727d5d1529e,Tor browsing,d_1be06ce1b670864df8c500dc82b295ae,1,0,a_e7d8c038c18055500148c5915382bd98,a_69fb0b835452ca85c178bdeaaf11695b,p_c69da791f26ce3e2116ec46d7d6dbe25,p_3d01955bb66b778c6aa471c3a2911a0a,6,20400,47,46,17843,18709,93,36552,4.5588235294117654,1791.7647058823532,393.03225806451616,0.5053763440860215,0.48815386298971331
r_44c6b41ab80ac19160a00ab937e255bd,Tor browsing,d_1be06ce1b670864df8c500dc82b295ae,1,0,a_e7d8c038c18055500148c5915382bd98,a_71394ec0ae14eb2d17f693263a2fab11,p_b1c3c1a3b878651af34f8287e1cedc2e,p_e8fa32c526b9b4cdc16418a4dc18e34a,6,18342,67,65,25177,30680,132,55857,7.1965979718678446,3045.3058554138047,423.15909090909093,0.50757575757575757,0.45074028322323073
r_65e61c2a9dd0bccce82264f42bcdf9fc,Tor browsing,d_1be06ce1b670864df8c500dc82b295ae,1,0,a_e7d8c038c18055500148c5915382bd98,a_e2370a5f48648ec5a5dbdf8b657a0e89,p_4c355e95558e4fce05aeefa7483ccb62,p_3dd478bd944ece2906a0c8e4425f63be,6,6362,16,14,3361,5758,30,9119,4.715498270983967,1433.3542911034265,303.96666666666664,0.53333333333333333,0.36857111525386554
r_ad2117cbd4487ac54b0553c97c4b934a,Tor browsing,d_1be06ce1b670864df8c500dc82b295ae,1,0,a_e7d8c038c18055500148c5915382bd98,a_69fb0b835452ca85c178bdeaaf11695b,p_4a2146bd2a69bbe9fd556c1e1a131d58,p_3d01955bb66b778c6aa471c3a2911a0a,6,20532,72,71,27601,27983,143,55584,6.9647379699980521,2707.18877849211,388.69930069930069,0.50349650349650354,0.49656375935521013
r_439127f99b130417ee45cb2c44c1a703,Tor browsing,d_1be06ce1b670864df8c500dc82b295ae,1,0,a_e7d8c038c18055500148c5915382bd98,a_e2370a5f48648ec5a5dbdf8b657a0e89,p_61e47d898671d7d0e6fcb7f8501478f2,p_3dd478bd944ece2906a0c8e4425f63be,6,19531,22,23,5822,8370,45,14192,2.3040294915774924,726.63970098817265,315.37777777777779,0.48888888888888887,0.41023111612175872
r_92aec6ca1b7365585cd8114cc750e1c7,Tor browsing,d_1be06ce1b670864df8c500dc82b295ae,1,0,a_e7d8c038c18055500148c5915382bd98,a_71394ec0ae14eb2d17f693263a2fab11,p_7f6c4504533822800ebe9c936ac61411,p_e8fa32c526b9b4cdc16418a4dc18e34a,6,17527,41,39,14237,18160,80,32397,4.5643863753066691,1848.4053175101271,404.96249999999998,0.51249999999999996,0.43945427045714108
r_418f90d2fb29bbaa2d463f9e7bc09fb0,Tor browsing,d_1be06ce1b670864df8c500dc82b295ae,1,0,a_e7d8c038c18055500148c5915382bd98,a_b04e0a86efad23a9a85ba7e68f1160c8,p_02f168e32aa2e0e608623733560e00cd,p_2313704d6916acc778397dda2b5b461d,6,19334,9,0,540,0,9,540,0.46550118961415127,27.930071376849074,60,1,1
r_05bb16f26f0d46a91d927f81c9ac9ebb,Tor browsing,d_1be06ce1b670864df8c500dc82b295ae,1,0,a_e7d8c038c18055500148c5915382bd98,a_71394ec0ae14eb2d17f693263a2fab11,p_077f829c9433080375b76dc194be8916,p_e8fa32c526b9b4cdc16418a4dc18e34a,6,20049,57,59,19913,25052,116,44965,5.7858247294129388,2242.755249638386,387.62931034482756,0.49137931034482757,0.44285555432002671
r_d9cef488ebd5f93fcec5a2f9caf4ee6b,Tor browsing,d_1be06ce1b670864df8c500dc82b295ae,1,0,a_e7d8c038c18055500148c5915382bd98,a_69fb0b835452ca85c178bdeaaf11695b,p_6bba68d25ca5b6b234fffdbabea506d1,p_3d01955bb66b778c6aa471c3a2911a0a,6,19049,51,53,20084,22715,104,42799,5.4596041786970444,2246.7846081159119,411.52884615384613,0.49038461538461536,0.46926330054440524
r_8aa52d6b10433ae36903afc4995aa08a,Tor browsing,d_1be06ce1b670864df8c500dc82b295ae,1,0,a_e7d8c038c18055500148c5915382bd98,a_e2370a5f48648ec5a5dbdf8b657a0e89,p_4f5ae3c4691368557bf301002af410f8,p_3dd478bd944ece2906a0c8e4425f63be,6,4973,16,14,3375,5758,30,9133,6.0325759099135334,1836.5171928413433,304.43333333333334,0.53333333333333333,0.36953903427132379
r_0bbd06b5897aa5069d81b25440df21cf,Tor browsing,d_1be06ce1b670864df8c500dc82b295ae,1,0,a_6a7d725e323045aa38ee40170a6b9ac7,a_f996ba757d02cdb550a8ef4f77976cdc,p_17aa210dda7d507fd2f6f3b3f3f59749,p_17aa210dda7d507fd2f6f3b3f3f59749,58,0,1,0,48,0,1,48,,,48,1,1
r_7a538c74a15326f247436f71f4b57729,Tor browsing,d_1be06ce1b670864df8c500dc82b295ae,1,0,a_e7d8c038c18055500148c5915382bd98,a_71394ec0ae14eb2d17f693263a2fab11,p_c258d3345f87dbe8a9fa30d8898d93e5,p_e8fa32c526b9b4cdc16418a4dc18e34a,6,20114,52,52,19649,22052,104,41701,5.1705279904544099,2073.23257432634,400.97115384615387,0.5,0.47118774130116786
r_7b785d9b8fad8bf7151f70dad5649531,Tor browsing,d_1be06ce1b670864df8c500dc82b295ae,1,0,a_e7d8c038c18055500148c5915382bd98,a_69fb0b835452ca85c178bdeaaf11695b,p_d0f8e9791f1d242ec58d604527dbb7ef,p_3d01955bb66b778c6aa471c3a2911a0a,6,18140,61,58,21188,25119,119,46307,6.5600882028665932,2552.7563395810362,389.1344537815126,0.51260504201680668,0.45755501328092946
r_6fa19fb1b145338f06877568a2d3059a,Tor browsing,d_1be06ce1b670864df8c500dc82b295ae,1,0,a_e7d8c038c18055500148c5915382bd98,a_71394ec0ae14eb2d17f693263a2fab11,p_80976509b174bc92611a640be3169e51,p_e8fa32c526b9b4cdc16418a4dc18e34a,6,19418,45,45,17108,20584,90,37692,4.634874858378824,1941.0855906890515,418.80000000000001,0.5,0.45388941950546535
r_58e0f96af48da3a7f244073d78cfa227,Tor browsing,d_1be06ce1b670864df8c500dc82b295ae,1,0,a_e7d8c038c18055500148c5915382bd98,a_69fb0b835452ca85c178bdeaaf11695b,p_2ce956557a9adad4279a3557fe6ac583,p_3d01955bb66b778c6aa471c3a2911a0a,6,17433,60,64,21618,24369,124,45987,7.1129467102621469,2637.9280674582687,370.86290322580646,0.4838709677419355,0.47008937308369758
r_bf6f4b361f9cd1e8fbddaa3ed671d0db,Tor browsing,d_1be06ce1b670864df8c500dc82b295ae,1,0,a_e7d8c038c18055500148c5915382bd98,a_e2370a5f48648ec5a5dbdf8b657a0e89,p_f0656bf3788143e2ca8e634c5cb2cc0c,p_3dd478bd944ece2906a0c8e4425f63be,6,8500,14,15,3262,5810,29,9072,3.4117647058823528,1067.2941176470588,312.82758620689657,0.48275862068965519,0.35956790123456789
r_2d5128a00fb30429a6aa4de0c58bdada,Tor browsing,d_1be06ce1b670864df8c500dc82b295ae,1,0,a_e7d8c038c18055500148c5915382bd98,a_269062b59af8c7981f8c9f9d45c4021f,p_81c991a53e49daa3c5405cd6f097fa5e,p_8beb4e10bed4eda0c778a9e8f697d7ab,6,18430,13,11,3198,6120,24,9318,1.3022246337493217,505.58871405317416,388.25,0.54166666666666663,0.34320669671603349
r_96143baa885aceb7744e7515e5bafc29,Tor browsing,d_1be06ce1b670864df8c500dc82b295ae,1,0,a_e7d8c038c18055500148c5915382bd98,a_71394ec0ae14eb2d17f693263a2fab11,p_45e1935655759cd0bff6115bc8603d62,p_e8fa32c526b9b4cdc16418a4dc18e34a,6,17440,52,50,15986,23446,102,39432,5.8486238532110084,2261.0091743119265,386.58823529411762,0.50980392156862742,0.40540677622235749
r_90b087b78da6a8aee4cbd83300e0edd4,Tor browsing,d_1be06ce1b670864df8c500dc82b295ae,1,0,a_e7d8c038c18055500148c5915382bd98,a_69fb0b835452ca85c178bdeaaf11695b,p_3e82b35acecb2748e20d12e30a5d224f,p_3d01955bb66b778c6aa471c3a2911a0a,6,16496,42,50,11661,34303,92,45964,5.5771096023278375,2786.3724539282252,499.60869565217394,0.45652173913043476,0.25369854668871289
r_b0a5eae51267439552b40e98f101f174,Tor browsing,d_1be06ce1b670864df8c500dc82b295ae,1,0,a_e7d8c038c18055500148c5915382bd98,a_ea5f06c714544db5521f2016d41bee3a,p_bdb93f0b0165dc5769ba4f72ba7f55f1,p_2313704d6916acc778397dda2b5b461d,6,21359,16,15,3370,10936,31,14306,1.4513788098693758,669.78791141907391,461.48387096774195,0.5161290322580645,0.23556549699426813
r_d4bc765ebd87bcb31a4f51d149be0e5e,Tor browsing,d_1be06ce1b670864df8c500dc82b295ae,1,0,a_e7d8c038c18055500148c5915382bd98,a_71394ec0ae14eb2d17f693263a2fab11,p_73295f7d791530eab1d4f16ced989f18,p_e8fa32c526b9b4cdc16418a4dc18e34a,6,20305,67,67,24134,28182,134,52316,6.5993597636050234,2576.5082491997046,390.41791044776119,0.5,0.46131202691337259
r_bba45bad97c0b6fe8b96fd068d8380f3,Tor browsing,d_1be06ce1b670864df8c500dc82b295ae,1,0,a_e7d8c038c18055500148c5915382bd98,a_e2370a5f48648ec5a5dbdf8b657a0e89,p_241f71882d33d4e6de1e327145ebb288,p_3dd478bd944ece2906a0c8e4425f63be,6,18317,28,30,8784,12398,58,21182,3.1664573893104766,1156.4120762133537,365.20689655172413,0.48275862068965519,0.41469171938438298
r_d2567f290b6bcc6b22d3ce75d771712b,Tor browsing,d_1be06ce1b670864df8c500dc82b295ae,1,0,a_e7d8c038c18055500148c5915382bd98,a_69fb0b835452ca85c178bdeaaf11695b,p_71c2379eb98a77c5bc4baddd9a9a4a4f,p_3d01955bb66b778c6aa471c3a2911a0a,6,12308,36,35,15051,14654,71,29705,5.7686057848553789,2413.4709132271691,418.38028169014086,0.50704225352112675,0.50668237670425853
r_2a04f1442c9d32e987d5d46ed8c4134f,Tor browsing,d_1be06ce1b670864df8c500dc82b295ae,1,0,a_e7d8c038c18055500148c5915382bd98,a_c456bce599ef57328d55661d5f50120d,p_a92fec6aba2930d1a767703577a7efae,p_2313704d6916acc778397dda2b5b461d,6,17918,15,16,3300,11010,31,14310,1.7301038062283738,798.63824087509772,461.61290322580646,0.4838709677419355,0.23060796645702306
r_28a72a191c3941a8793af5040ed5cb36,Tor browsing,d_1be06ce1b670864df8c500dc82b295ae,1,0,a_e7d8c038c18055500148c5915382bd98,a_69fb0b835452ca85c178bdeaaf11695b,p_7f9396f9a8cf3212bf3bdfb22321f55a,p_3d01955bb66b778c6aa471c3a2911a0a,6,16906,43,43,14864,17917,86,32781,5.0869513782089202,1939.0157340589142,381.17441860465118,0.5,0.45343339129373722
r_68c3785e0af17f26183a3cfd5a51e064,Tor browsing,d_1be06ce1b670864df8c500dc82b295ae,1,0,a_e7d8c038c18055500148c5915382bd98,a_71394ec0ae14eb2d17f693263a2fab11,p_e191d467469ba2e9b33e39255dd90f37,p_e8fa32c526b9b4cdc16418a4dc18e34a,6,14849,51,49,18022,21896,100,39918,6.7344602330123235,2688.2618358138593,399.18000000000001,0.51000000000000001,0.45147552482589309
r_de452f68aabcf8f1570c909fe836e245,Tor browsing,d_1be06ce1b670864df8c500dc82b295ae,1,0,a_e7d8c038c18055500148c5915382bd98,a_e2370a5f48648ec5a5dbdf8b657a0e89,p_2288ebb9e7ffb0e77a9183598fc13650,p_3dd478bd944ece2906a0c8e4425f63be,6,13885,19,20,5103,8706,39,13809,2.8087864602088586,994.52646741087506,354.07692307692309,0.48717948717948717,0.36954160330219421
r_64a31246d3ca0baeb068057d1c1fb721,Tor browsing,d_1be06ce1b670864df8c500dc82b295ae,1,0,a_e7d8c038c18055500148c5915382bd98,a_d190484c8ea30b97fcb6b3107a5a128d,p_ded00f7d52d9f4fca2dc2c50c53c8d0a,p_3dd478bd944ece2906a0c8e4425f63be,6,19222,14,15,3276,10918,29,14194,1.50868796171054,738.4247216730829,489.44827586206895,0.48275862068965519,0.23080174721713401
r_a6b051f7d05a25c705aaccd115426dcb,Tor browsing,d_1be06ce1b670864df8c500dc82b295ae,1,0,a_e7d8c038c18055500148c5915382bd98,a_69fb0b835452ca85c178bdeaaf11695b,p_51230b9bd96b2384c82803b370f05c46,p_3d01955bb66b778c6aa471c3a2911a0a,6,18271,69,69,28015,28939,138,56954,7.5529527666794367,3117.1802309671061,412.71014492753625,0.5,0.49188819046950172
r_06eb40cfb0b9efe0db02d86d5fe54532,Tor browsing,d_1be06ce1b670864df8c500dc82b295ae,1,0,a_e7d8c038c18055500148c5915382bd98,a_71394ec0ae14eb2d17f693263a2fab11,p_5c80d0197f3df34cdda36071117ea391,p_e8fa32c526b9b4cdc16418a4dc18e34a,6,17191,49,54,18414,22146,103,40560,5.9915071839916241,2359.3740910941774,393.78640776699029,0.47572815533980584,0.45399408284023668
r_e25deff3ecc78a3a0b828143191a4212,Tor browsing,d_1be06ce1b670864df8c500dc82b295ae,1,0,a_e7d8c038c18055500148c5915382bd98,a_e2370a5f48648ec5a5dbdf8b657a0e89,p_26eddb3e8507f845d5bb8b6b952e42e7,p_3dd478bd944ece2906a0c8e4425f63be,6,16515,35,38,8112,25194,73,33306,4.4202240387526492,2016.7120799273387,456.24657534246575,0.47945205479452052,0.24355971896955503
r_acd33afd58144225df9bb003cffa15ea,Tor browsing,d_1be06ce1b670864df8c500dc82b295ae,1,0,a_e7d8c038c18055500148c5915382bd98,a_71394ec0ae14eb2d17f693263a2fab11,p_67a17da9c94cf909ad70b731b086bd98,p_e8fa32c526b9b4cdc16418a4dc18e34a,6,15566,31,30,9533,11370,61,20903,3.9187973789027364,1342.8626493639983,342.67213114754099,0.50819672131147542,0.45605893890829069
r_24b561f6b200bc8ef63af8df12b91666,Tor browsing,d_1be06ce1b670864df8c500dc82b295ae,1,0,a_e7d8c038c18055500148c5915382bd98,a_69fb0b835452ca85c178bdeaaf11695b,p_dac98efa2c946074053e5ba9d6d0ba15,p_3d01955bb66b778c6aa471c3a2911a0a,6,14588,47,41,18287,25231,88,43518,6.0323553605703317,2983.1368247874966,494.52272727272725,0.53409090909090906,0.42021692173353553
r_4f372c5bf2e8284a82ce2961c418c059,Tor browsing,d_1be06ce1b670864df8c500dc82b295ae,1,0,a_e7d8c038c18055500148c5915382bd98,a_ec00d985708365e2764c5429e33ba8a4,p_91594a65b22690597d4ed631f4271ce2,p_d360bbf02a78338753c95a4441fac628,6,351,1,1,60,40,2,100,5.6980056980056988,284.90028490028493,50,0.5,0.59999999999999998
r_ff79872beea25dcc01148a24bee1ff7d,Tor browsing,d_1be06ce1b670864df8c500dc82b295ae,1,0,a_e7d8c038c18055500148c5915382bd98,a_69fb0b835452ca85c178bdeaaf11695b,p_ff7089304ba6b6457a0f34ef3fb832ab,p_3d01955bb66b778c6aa471c3a2911a0a,6,15923,48,43,17258,23201,91,40459,5.7150034541229671,2540.9156565973749,444.60439560439562,0.52747252747252749,0.42655527818285177
r_a087a1e758c74c3e89ecaa670cb14835,Tor browsing,d_1be06ce1b670864df8c500dc82b295ae,1,0,a_e7d8c038c18055500148c5915382bd98,a_71394ec0ae14eb2d17f693263a2fab11,p_41b5ac02fc0012c45d60b7e021e019ce,p_e8fa32c526b9b4cdc16418a4dc18e34a,6,14875,59,72,18482,47962,131,66444,8.8067226890756309,4466.8235294117649,507.20610687022901,0.45038167938931295,0.2781590512311119
r_d34e47b429ba89c0d2df277f37797a32,Tor browsing,d_1be06ce1b670864df8c500dc82b295ae,1,0,a_e7d8c038c18055500148c5915382bd98,a_59eb261459aba1797a8adf9daeffce53,p_f83ee87a5cf5745ca2398b3aea342471,p_5b91bffc635f539b7237c9bbacd9a69d,6,15562,17,16,3434,10991,33,14425,2.1205500578331833,926.93741164374762,437.12121212121212,0.51515151515151514,0.23805892547660312
r_0e24c95c6115981e274215400ceba8d4,Tor browsing,d_1be06ce1b670864df8c500dc82b295ae,1,0,a_e7d8c038c18055500148c5915382bd98,a_69fb0b835452ca85c178bdeaaf11695b,p_d6aba5fc979b9f5cd19126468d5a1617,p_3d01955bb66b778c6aa471c3a2911a0a,6,14618,49,41,16348,19421,90,35769,6.1567929949377476,2446.9147626214258,397.43333333333334,0.5444444444444444,0.45704380888478852
r_6b562c674dbe54cb953db44a36953375,Tor browsing,d_1be06ce1b670864df8c500dc82b295ae,1,0,a_e7d8c038c18055500148c5915382bd98,a_e2370a5f48648ec5a5dbdf8b657a0e89,p_21935d32da69af87dfc001fff94eb1ed,p_3dd478bd944ece2906a0c8e4425f63be,6,13582,18,16,3470,6934,34,10404,2.5033132086585184,766.01384184950666,306,0.52941176470588236,0.33352556708958092
r_282a1af26809430d8eeb3a925c16936c,Tor browsing,d_1be06ce1b670864df8c500dc82b295ae,1,0,a_e7d8c038c18055500148c5915382bd98,a_71394ec0ae14eb2d17f693263a2fab11,p_cfa4825b92240220638a08b94001eb9d,p_e8fa32c526b9b4cdc16418a4dc18e34a,6,12571,46,49,11885,34210,95,46095,7.5570758094025932,3666.7727308885533,485.21052631578948,0.48421052631578948,0.25783707560472935
r_af0fd2d94ae1f02c7fa676ca5b2319ed,Tor browsing,d_1be06ce1b670864df8c500dc82b295ae,1,0,a_e7d8c038c18055500148c5915382bd98,a_8ddbb68f650f9fd4ae6f810aa9f10bad,p_ad715681045a2c9ac01cbbfc938f9024,p_2313704d6916acc778397dda2b5b461d,6,200,1,1,60,40,2,100,10,500,50,0.5,0.59999999999999998
r_2073ce475a56c1b338c8fc0b4edd3da2,Tor browsing,d_1be06ce1b670864df8c500dc82b295ae,1,0,a_e7d8c038c18055500148c5915382bd98,a_69fb0b835452ca85c178bdeaaf11695b,p_5a8ff2e1666094d48a5f473aefab6b08,p_3d01955bb66b778c6aa471c3a2911a0a,6,18613,36,35,10806,14865,71,25671,3.8145382259710954,1379.1973351958309,361.56338028169012,0.50704225352112675,0.42094191889680965
r_f3550cdf052a2315fd7aad3388de1c4d,Tor browsing,d_1be06ce1b670864df8c500dc82b295ae,1,0,a_e7d8c038c18055500148c5915382bd98,a_71394ec0ae14eb2d17f693263a2fab11,p_83cfadac0ef136d403c031fc10cd881d,p_e8fa32c526b9b4cdc16418a4dc18e34a,6,17561,60,56,21612,25990,116,47602,6.6055463811855821,2710.6656796310003,410.36206896551727,0.51724137931034486,0.45401453720431917
r_e455cac2db35a1027ebb718e39097499,Tor browsing,d_1be06ce1b670864df8c500dc82b295ae,1,0,a_e7d8c038c18055500148c5915382bd98,a_e2370a5f48648ec5a5dbdf8b657a0e89,p_0ba562d7d8b9f6bcea41232e31e36c1c,p_3dd478bd944ece2906a0c8e4425f63be,6,3580,16,15,3377,5810,31,9187,8.6592178770949726,2566.2011173184355,296.35483870967744,0.5161290322580645,0.36758463045607925
r_5567316fc35bb324a0d5577e205532b8,Tor browsing,d_1be06ce1b670864df8c500dc82b295ae,1,0,a_e7d8c038c18055500148c5915382bd98,a_1259eb486295b09e76ffaae83d9c2b30,p_83e64aa8c69fc51be5957a5c79241d57,p_2313704d6916acc778397dda2b5b461d,6,11203,8,0,480,0,8,480,0.71409443898955638,42.845666339373388,60,1,1
r_96019023863e4ec44a765e2f66d702a5,Tor browsing,d_1be06ce1b670864df8c500dc82b295ae,1,0,a_e7d8c038c18055500148c5915382bd98,a_69fb0b835452ca85c178bdeaaf11695b,p_c66887a591976fac7628a4a79dc4512a,p_3d01955bb66b778c6aa471c3a2911a0a,6,18922,37,39,12446,16123,76,28569,4.0164887432618119,1509.8298277137724,375.90789473684208,0.48684210526315791,0.43564702999754978
r_7c40a246fa3fc62756fb7973a463c07d,Tor browsing,d_1be06ce1b670864df8c500dc82b295ae,1,0,a_e7d8c038c18055500148c5915382bd98,a_e2370a5f48648ec5a5dbdf8b657a0e89,p_43e7670ca04e5098d282a326e42d0008,p_3dd478bd944ece2906a0c8e4425f63be,6,17333,20,20,5731,7678,40,13409,2.3077366872439855,773.61103098136505,335.22500000000002,0.5,0.42739950779327318
r_e8ed8c1b4790000fc0a4e388356f3dff,Tor browsing,d_1be06ce1b670864df8c500dc82b295ae,1,0,a_e7d8c038c18055500148c5915382bd98,a_71394ec0ae14eb2d17f693263a2fab11,p_def2d257c77794b99048219ee93a22b4,p_e8fa32c526b9b4cdc16418a4dc18e34a,6,15323,54,54,19707,23742,108,43449,7.048228153755792,2835.5413430790313,402.30555555555554,0.5,0.45356625008630808
r_1687bfe09020fae597a5ba4c759c6b28,Tor browsing,d_1be06ce1b670864df8c500dc82b295ae,1,0,a_e7d8c038c18055500148c5915382bd98,a_71394ec0ae14eb2d17f693263a2fab11,p_f9ac11db22d20f08d16fe80229d18876,p_e8fa32c526b9b4cdc16418a4dc18e34a,6,19706,78,76,29516,33374,154,62890,7.8148787171419878,3191.4137826042829,408.3766233766234,0.50649350649350644,0.46932739704245507
r_c2b7f796337f9ced8221661149f40ce2,Tor browsing,d_1be06ce1b670864df8c500dc82b295ae,1,0,a_e7d8c038c18055500148c5915382bd98,a_69fb0b835452ca85c178bdeaaf11695b,p_11ebe40f3c52657b58aac3ead20211d9,p_3d01955bb66b778c6aa471c3a2911a0a,6,15780,29,29,8332,11895,58,20227,3.6755386565272499,1281.8124207858048,348.74137931034483,0.5,0.41192465516388987
r_8abb226df04bf83b8b524dfa22f61dce,Tor browsing,d_1be06ce1b670864df8c500dc82b295ae,1,0,a_e7d8c038c18055500148c5915382bd98,a_e2370a5f48648ec5a5dbdf8b657a0e89,p_beeb03fad312a049f2d374c3bb9b3d14,p_3dd478bd944ece2906a0c8e4425f63be,6,6779,19,18,5127,7574,37,12701,5.4580321581354179,1873.5801740669715,343.27027027027026,0.51351351351351349,0.40366900244075271
r_3aac611d69de16052ce4d75bbe6110fb,Tor browsing,d_1be06ce1b670864df8c500dc82b295ae,1,0,a_e7d8c038c18055500148c5915382bd98,a_e2370a5f48648ec5a5dbdf8b657a0e89,p_657539fa3dd3b185779bd483e335cd97,p_3dd478bd944ece2906a0c8e4425f63be,6,15480,22,20,5812,8192,42,14004,2.7131782945736433,904.65116279069764,333.42857142857144,0.52380952380952384,0.41502427877749215
r_549852361573d871d3ceff1f9742061f,Tor browsing,d_1be06ce1b670864df8c500dc82b295ae,1,0,a_e7d8c038c18055500148c5915382bd98,a_6cbc945777cbd94104009c2e24fefb00,p_c225115beb57581676cc1e52688175fb,p_3dd478bd944ece2906a0c8e4425f63be,6,19834,17,16,3392,10996,33,14388,1.6638096198447112,725.42099425229401,436,0.51515151515151514,0.23575201556852932
r_8c39f4140b3895290b75ca6de5122720,Tor browsing,d_1be06ce1b670864df8c500dc82b295ae,1,0,a_e7d8c038c18055500148c5915382bd98,a_71394ec0ae14eb2d17f693263a2fab11,p_78068425e1ac605544bc8b4e93cd43f9,p_e8fa32c526b9b4cdc16418a4dc18e34a,6,18810,53,49,18114,21918,102,40032,5.4226475279106863,2128.2296650717703,392.47058823529414,0.51960784313725494,0.45248800959232616
r_154e302d930db2d0a38c3254f1b904b5,Tor browsing,d_1be06ce1b670864df8c500dc82b295ae,1,0,a_e7d8c038c18055500148c5915382bd98,a_69fb0b835452ca85c178bdeaaf11695b,p_fe5a774d40f1d4cd6587bc2a2875b327,p_3d01955bb66b778c6aa471c3a2911a0a,6,17842,55,56,18726,22345,111,41071,6.2212756417441994,2301.9280349736578,370.00900900900899,0.49549549549549549,0.45594214896155438
r_289165bb28ba81c0be6b62960f086e17,Tor browsing,d_1be06ce1b670864df8c500dc82b295ae,1,0,a_e7d8c038c18055500148c5915382bd98,a_d5149490270b83f8f54418a28437e1c4,p_c5931aaef6aa8a7ed89ac784d378e2ea,p_2313704d6916acc778397dda2b5b461d,6,18981,17,15,3417,10943,32,14360,1.6858964227385278,756.54601970391434,448.75,0.53125,0.23795264623955431
r_68dca61d6fee2f42503ad8262df61079,Tor browsing,d_1be06ce1b670864df8c500dc82b295ae,1,0,a_e7d8c038c18055500148c5915382bd98,a_71394ec0ae14eb2d17f693263a2fab11,p_dddbc054bbb465f86e2f75473795b2fe,p_e8fa32c526b9b4cdc16418a4dc18e34a,6,17642,63,60,23379,27204,123,50583,6.971998639610022,2867.1919283527945,411.2439024390244,0.51219512195121952,0.46219085463495641
r_449af57b2cb9f1b8e41d0c8a0d8ee330,Tor browsing,d_1be06ce1b670864df8c500dc82b295ae,1,0,a_e7d8c038c18055500148c5915382bd98,a_69fb0b835452ca85c178bdeaaf11695b,p_3d30f2281ecf3fe75a91d6a2cbde344b,p_3d01955bb66b778c6aa471c3a2911a0a,6,13983,46,48,15613,18735,94,34348,6.7224486876921974,2456.4113566473575,365.40425531914894,0.48936170212765956,0.45455339466635614
r_900cd6ba90be823de65c97f84cd1b64a,Tor browsing,d_1be06ce1b670864df8c500dc82b295ae,1,0,a_e7d8c038c18055500148c5915382bd98,a_667e43d14e60b98df49e3ecb8d92cf7c,p_a2168301730b7ef3dff5a7cbdc78bb9c,p_3dd478bd944ece2906a0c8e4425f63be,6,44991,14,12,3797,6113,26,9910,0.57789335644906759,220.26627547731769,381.15384615384613,0.53846153846153844,0.38314833501513623
r_c800655c3ccb2d4d61c0f2fde5c5dc61,Tor browsing,d_1be06ce1b670864df8c500dc82b295ae,1,0,a_e7d8c038c18055500148c5915382bd98,a_69fb0b835452ca85c178bdeaaf11695b,p_802dabe84b5a7118a49a0e29db660050,p_3d01955bb66b778c6aa471c3a2911a0a,6,43999,41,39,12641,19295,80,31936,1.8182231414350325,725.83467806086503,399.19999999999999,0.51249999999999996,0.39582289579158314
r_f685baa896cea92caa754efee0326e6b,Tor browsing,d_1be06ce1b670864df8c500dc82b295ae,1,0,a_e7d8c038c18055500148c5915382bd98,a_e2370a5f48648ec5a5dbdf8b657a0e89,p_677169e19dc4ad9339bedc0c11ea6c93,p_3dd478bd944ece2906a0c8e4425f63be,6,43028,21,21,4712,8802,42,13514,0.97610858045923588,314.07455610300269,321.76190476190476,0.5,0.34867544768388337
r_a84d64d2c05e9584986895398a389ca3,Tor browsing,d_1be06ce1b670864df8c500dc82b295ae,1,0,a_e7d8c038c18055500148c5915382bd98,a_71394ec0ae14eb2d17f693263a2fab11,p_b3acc1826055271067620f206354dddc,p_e8fa32c526b9b4cdc16418a4dc18e34a,6,40932,2436,4634,314865,6042716,7070,6357581,172.7254959444933,155320.55604417081,899.23352192362097,0.34455445544554453,0.049525912450034064
r_c7fb47e8e9c24863b29bdc91494e84c7,Tor browsing,d_1be06ce1b670864df8c500dc82b295ae,1,0,a_e7d8c038c18055500148c5915382bd98,a_71394ec0ae14eb2d17f693263a2fab11,p_a6543930fdaf184373d1d89738692a8e,p_e8fa32c526b9b4cdc16418a4dc18e34a,6,19649,67,70,22531,29824,137,52355,6.9723650058527147,2664.5121889154661,382.15328467153284,0.48905109489051096,0.43035049183459079
r_d0bf65e856f7991df0fe0186bf6a6558,Tor browsing,d_1be06ce1b670864df8c500dc82b295ae,1,0,a_e7d8c038c18055500148c5915382bd98,a_69fb0b835452ca85c178bdeaaf11695b,p_aa53ba8b515e92e8d40f260fa07c2853,p_3d01955bb66b778c6aa471c3a2911a0a,6,18699,45,45,16581,20143,90,36724,4.8130916091769613,1963.9552917268302,408.04444444444442,0.5,0.45150310423701123
r_b5e44dbdd65d7c6b75c380fc691ace7b,Tor browsing,d_1be06ce1b670864df8c500dc82b295ae,1,0,a_e7d8c038c18055500148c5915382bd98,a_f16176952400ecbba885387c415482be,p_dd5486fc9ca90066757af7765faca99f,p_2313704d6916acc778397dda2b5b461d,6,0,1,0,60,0,1,60,,,60,1,1
r_72c2b9818388aace650ba51daade10e3,Tor browsing,d_1be06ce1b670864df8c500dc82b295ae,1,0,a_e7d8c038c18055500148c5915382bd98,a_71394ec0ae14eb2d17f693263a2fab11,p_3b0f8ce970398ec225f0648877605dc6,p_e8fa32c526b9b4cdc16418a4dc18e34a,6,21132,42,42,12743,16784,84,29527,3.9750141964792727,1397.2648116600415,351.51190476190476,0.5,0.43157110441291024
r_6a9d55bb75fe36813f2551a763535863,Tor browsing,d_1be06ce1b670864df8c500dc82b295ae,1,0,a_e7d8c038c18055500148c5915382bd98,a_69fb0b835452ca85c178bdeaaf11695b,p_868852042b60c07ffbb7298cb1bab09a,p_3d01955bb66b778c6aa471c3a2911a0a,6,19609,41,40,13208,16733,81,29941,4.130756285379162,1526.9009128461419,369.64197530864197,0.50617283950617287,0.44113423065361879
r_9e0aad1bc65f5a24beea941cbf591441,Tor browsing,d_1be06ce1b670864df8c500dc82b295ae,1,0,a_e7d8c038c18055500148c5915382bd98,a_e2370a5f48648ec5a5dbdf8b657a0e89,p_8f6970e14e243e19940486e0770e1426,p_3dd478bd944ece2906a0c8e4425f63be,6,18943,39,38,11476,14444,77,25920,4.064826057118724,1368.3154727339913,336.6233766233766,0.50649350649350644,0.44274691358024693
r_46a71502c29f433b5a4ddc3ae6906fa8,Tor browsing,d_1be06ce1b670864df8c500dc82b295ae,1,0,a_e7d8c038c18055500148c5915382bd98,a_de5178f2393fb63712d8f2850f86ee67,p_b4d4b02c3c7395de515898c71bcf5050,p_135abb979b9b69497d97e09f6e5681ce,6,21370,15,14,3296,8342,29,11638,1.357042583060365,544.59522695367332,401.31034482758622,0.51724137931034486,0.28321017356934181
r_1b272b715ec956a4018cb19adfef39b0,Tor browsing,d_1be06ce1b670864df8c500dc82b295ae,1,0,a_e7d8c038c18055500148c5915382bd98,a_e2370a5f48648ec5a5dbdf8b657a0e89,p_eaa49a20ec79dd03f1c685f1b220f5ae,p_3dd478bd944ece2906a0c8e4425f63be,6,20366,18,14,4557,5758,32,10315,1.5712461946381224,506.48139055288226,322.34375,0.5625,0.44178380998545808
r_3dd697397efc164e7d592eb122d0a37e,Tor browsing,d_1be06ce1b670864df8c500dc82b295ae,1,0,a_e7d8c038c18055500148c5915382bd98,a_69fb0b835452ca85c178bdeaaf11695b,p_c5632627939b51bbcce91eee1adb6e3d,p_3d01955bb66b778c6aa471c3a2911a0a,6,19387,57,56,22021,23943,113,45964,5.8286480631350903,2370.8670758755866,406.76106194690266,0.50442477876106195,0.47909233313027588
r_4db16d16b744209a03a5ccfd65d2f14b,Tor browsing,d_1be06ce1b670864df8c500dc82b295ae,1,0,a_e7d8c038c18055500148c5915382bd98,a_71394ec0ae14eb2d17f693263a2fab11,p_ad7f06b0db378d99c39dcd75afdb7acd,p_e8fa32c526b9b4cdc16418a4dc18e34a,6,17322,59,56,20583,24426,115,45009,6.6389562406188665,2598.372012469692,391.38260869565215,0.5130434782608696,0.45730853829234153
r_2bc8b2468416a45f3673a8d5827729a7,Tor browsing,d_1be06ce1b670864df8c500dc82b295ae,1,0,a_e7d8c038c18055500148c5915382bd98,a_75f4459b795091194616c86b9dd9b2f2,p_2455a582476d559ab582fef4b67248ec,p_2313704d6916acc778397dda2b5b461d,6,11208,8,0,480,0,8,480,0.7137758743754461,42.826552462526763,60,1,1
r_a37a3a40fe5275567e1e0f0bd08527dc,Tor browsing,d_1be06ce1b670864df8c500dc82b295ae,1,0,a_e7d8c038c18055500148c5915382bd98,a_71394ec0ae14eb2d17f693263a2fab11,p_8e9b25d2828533c0f8f6d93dd5e70b27,p_e8fa32c526b9b4cdc16418a4dc18e34a,6,16538,39,37,12554,18034,76,30588,4.5954770830813878,1849.5585923328092,402.4736842105263,0.51315789473684215,0.41042238786452201
r_f26eafb762d7705d62d63544b67fac15,Tor browsing,d_1be06ce1b670864df8c500dc82b295ae,1,0,a_e7d8c038c18055500148c5915382bd98,a_69fb0b835452ca85c178bdeaaf11695b,p_b102fb6fcc411983c3dda4bc30384a0f,p_3d01955bb66b778c6aa471c3a2911a0a,6,13640,66,67,20376,49909,133,70285,9.7507331378299114,5152.859237536657,528.45864661654139,0.49624060150375937,0.28990538521732945
r_c45d6c00c4e78d25e94907105db88360,Tor browsing,d_1be06ce1b670864df8c500dc82b295ae,1,0,a_e7d8c038c18055500148c5915382bd98,a_e2370a5f48648ec5a5dbdf8b657a0e89,p_b9ca49399eff161da3d748d55fc4936a,p_3dd478bd944ece2906a0c8e4425f63be,6,7624,16,14,3367,5758,30,9125,3.9349422875131168,1196.8782791185729,304.16666666666669,0.53333333333333333,0.36898630136986299
r_e6c67323b1ab99e659c6e4890f9a9916,Tor browsing,d_1be06ce1b670864df8c500dc82b295ae,1,0,a_e7d8c038c18055500148c5915382bd98,a_71394ec0ae14eb2d17f693263a2fab11,p_e181aa34166600538cdc2690a9dd0e9c,p_e8fa32c526b9b4cdc16418a4dc18e34a,6,18752,50,48,17466,32190,98,49656,5.2261092150170647,2648.0375426621163,506.69387755102042,0.51020408163265307,0.35173997100048332
r_a2233b5d3de9b8beaf77458b92a1f20e,Tor browsing,d_1be06ce1b670864df8c500dc82b295ae,1,0,a_e7d8c038c18055500148c5915382bd98,a_e2370a5f48648ec5a5dbdf8b657a0e89,p_f01c328ce1ec635c5a554de918f0464c,p_3dd478bd944ece2906a0c8e4425f63be,6,17789,28,34,7160,25522,62,32682,3.4852999044353248,1837.2027657541175,527.12903225806451,0.45161290322580644,0.21908083960589927
r_0d8c2a7492bbcbfa4cee46b281824176,Tor browsing,d_1be06ce1b670864df8c500dc82b295ae,1,0,a_e7d8c038c18055500148c5915382bd98,a_69fb0b835452ca85c178bdeaaf11695b,p_b5c72e8d6403447dd1037e2f7a848d76,p_3d01955bb66b778c6aa471c3a2911a0a,6,15811,38,38,13585,18195,76,31780,4.806780089810891,2009.9930428182911,418.15789473684208,0.5,0.42747010698552551
r_bb827b72c8b5fe6223b57a6c34d0568d,Tor browsing,d_1be06ce1b670864df8c500dc82b295ae,1,0,a_e7d8c038c18055500148c5915382bd98,a_9536d41f235ff42e69d368cfb858ac03,p_9ad516ab40f0ccc0df3d31281e52914e,p_64eab6039291da87b7bab47109b51546,6,20679,17,14,3402,8301,31,11703,1.4991053726002226,565.93645727549688,377.51612903225805,0.54838709677419351,0.2906946936682902
r_c5f96c50b30c127d26d94e4200434396,Tor browsing,d_1be06ce1b670864df8c500dc82b295ae,1,0,a_e7d8c038c18055500148c5915382bd98,a_69fb0b835452ca85c178bdeaaf11695b,p_86432536a1b2a43a1444ba80e6a129ab,p_3d01955bb66b778c6aa471c3a2911a0a,6,19726,55,57,24064,22485,112,46549,5.6777856635911998,2359.7789719152388,415.61607142857144,0.49107142857142855,0.5169606221401104
r_c7da4f31916b79384915550d1cd65902,Tor browsing,d_1be06ce1b670864df8c500dc82b295ae,1,0,a_e7d8c038c18055500148c5915382bd98,a_71394ec0ae14eb2d17f693263a2fab11,p_37fa33cd56bf531658ed66424afda23c,p_e8fa32c526b9b4cdc16418a4dc18e34a,6,17684,60,74,18468,54924,134,73392,7.5774711603709566,4150.1922641936208,547.70149253731347,0.44776119402985076,0.25163505559189014
r_de86c64e78548898f1fcc54c28b69731,Tor browsing,d_1be06ce1b670864df8c500dc82b295ae,1,0,a_e7d8c038c18055500148c5915382bd98,a_911a1816cbdd9fe4611a9b8ab87bb54d,p_b978ee8db91186693a822449d9519874,p_2313704d6916acc778397dda2b5b461d,6,17343,15,16,3287,11018,31,14305,1.7874646831574699,824.82846105056797,461.45161290322579,0.4838709677419355,0.22977979727368053
r_d33aded365ce32652965b7f3ca404f01,Tor browsing,d_1be06ce1b670864df8c500dc82b295ae,1,0,a_e7d8c038c18055500148c5915382bd98,a_69fb0b835452ca85c178bdeaaf11695b,p_91d0ddd0b479d5b057d75ce70a96eade,p_3d01955bb66b778c6aa471c3a2911a0a,6,16350,68,68,19979,36455,136,56434,8.3180428134556568,3451.6207951070332,414.95588235294116,0.5,0.35402416982670021
r_2bc1b64b7016f299aa16090bff522df9,Tor browsing,d_1be06ce1b670864df8c500dc82b295ae,1,0,a_e7d8c038c18055500148c5915382bd98,a_71394ec0ae14eb2d17f693263a2fab11,p_41bf7c5f2c8f20fce87c5ce06a274b9a,p_e8fa32c526b9b4cdc16418a4dc18e34a,6,14324,41,46,14265,33628,87,47893,6.0737224239039378,3343.5492879084054,550.49425287356325,0.47126436781609193,0.29785146054747041
r_83d6e4dfd014ea6772c611cf4bcef8cd,Tor browsing,d_1be06ce1b670864df8c500dc82b295ae,1,0,a_e7d8c038c18055500148c5915382bd98,a_69fb0b835452ca85c178bdeaaf11695b,p_21f13b453d15693ca9a40c80c8abab28,p_3d01955bb66b778c6aa471c3a2911a0a,6,17173,46,51,15605,30823,97,46428,5.6484015605892974,2703.5462644849476,478.63917525773195,0.47422680412371132,0.33611182906866544
r_4dda822081fb3e858798848f6d49032b,Tor browsing,d_1be06ce1b670864df8c500dc82b295ae,1,0,a_e7d8c038c18055500148c5915382bd98,a_71394ec0ae14eb2d17f693263a2fab11,p_595d41fec4c189cc9c9b5414c9b22850,p_e8fa32c526b9b4cdc16418a4dc18e34a,6,13107,50,57,16843,38422,107,55265,8.1635767147325868,4216.4492256046387,516.49532710280369,0.46728971962616822,0.30476793630688503
r_698cc1556e53cda4c25b7998fa39e034,Tor browsing,d_1be06ce1b670864df8c500dc82b295ae,1,0,a_e7d8c038c18055500148c5915382bd98,a_5c25e15c88206e70e411bb4233d657e5,p_054713ef58b93e7c89e8670805108f78,p_2313704d6916acc778397dda2b5b461d,6,18001,14,15,3252,10957,29,14209,1.6110216099105603,789.34503638686738,489.9655172413793,0.48275862068965519,0.22886902667323528
r_506b9c39d705289a484fd0815369f448,Tor browsing,d_1be06ce1b670864df8c500dc82b295ae,1,0,a_e7d8c038c18055500148c5915382bd98,a_69fb0b835452ca85c178bdeaaf11695b,p_dc62931973be02431883110b38d0e437,p_3d01955bb66b778c6aa471c3a2911a0a,6,17067,43,46,12264,28441,89,40705,5.2147418995722736,2385.0120114841507,457.35955056179773,0.48314606741573035,0.30128976784178846
r_65812380f7d4df9b6d3535fd5d92e987,Tor browsing,d_1be06ce1b670864df8c500dc82b295ae,1,0,a_e7d8c038c18055500148c5915382bd98,a_71394ec0ae14eb2d17f693263a2fab11,p_87e5d3ccc38cf9bd4df8ea337cbf4bb7,p_e8fa32c526b9b4cdc16418a4dc18e34a,6,15000,65,66,17111,38332,131,55443,8.7333333333333325,3696.1999999999998,423.2290076335878,0.49618320610687022,0.30862327074653245
r_85c517698dd18ae0815a3b0243117f9d,Tor browsing,d_1be06ce1b670864df8c500dc82b295ae,1,0,a_e7d8c038c18055500148c5915382bd98,a_8ad2ac5c69846a55f5d96df0ae8e51b2,p_d8786e3837ab3dc22c2ad91d6176ebf6,p_3dd478bd944ece2906a0c8e4425f63be,6,21272,16,15,3363,10931,31,14294,1.4573147799924784,671.96314403911254,461.09677419354841,0.5161290322580645,0.2352735413460193
r_619e949f4501d0ced167022d48192475,Tor browsing,d_1be06ce1b670864df8c500dc82b295ae,1,0,a_e7d8c038c18055500148c5915382bd98,a_71394ec0ae14eb2d17f693263a2fab11,p_3eeaf37579c6b67dfc2ce6cb712dc557,p_e8fa32c526b9b4cdc16418a4dc18e34a,6,20336,86,89,29363,54886,175,84249,8.6054287962234461,4142.8501180173098,481.42285714285714,0.49142857142857144,0.34852639200465285
r_69870d1567ffd0feedc17f3a20ac7170,Tor browsing,d_1be06ce1b670864df8c500dc82b295ae,1,0,a_e7d8c038c18055500148c5915382bd98,a_69fb0b835452ca85c178bdeaaf11695b,p_4b0af392273be7c1442aadf723fd45a9,p_3d01955bb66b778c6aa471c3a2911a0a,6,13392,36,34,14012,14835,70,28847,5.2270011947431305,2154.0471923536443,412.10000000000002,0.51428571428571423,0.48573508510417029
r_1f14fc567ad41b688ddeaaf224b22d87,Tor browsing,d_1be06ce1b670864df8c500dc82b295ae,1,0,a_e7d8c038c18055500148c5915382bd98,a_d190484c8ea30b97fcb6b3107a5a128d,p_7c7a52ee7476e229262de075174154c9,p_3dd478bd944ece2906a0c8e4425f63be,6,21389,14,15,3270,10940,29,14210,1.3558371125344804,664.36018514189539,490,0.48275862068965519,0.23011963406052077
r_7c9f520c75f3c1f3a2746db8d30d71df,Tor browsing,d_1be06ce1b670864df8c500dc82b295ae,1,0,a_e7d8c038c18055500148c5915382bd98,a_71394ec0ae14eb2d17f693263a2fab11,p_b8d6b45af02ebcba6350345fe0697203,p_e8fa32c526b9b4cdc16418a4dc18e34a,6,20360,62,66,23376,27560,128,50936,6.2868369351669946,2501.7681728880157,397.9375,0.484375,0.45892885189257104
r_10d58cf68eec2429f99c518ac37b4df7,Tor browsing,d_1be06ce1b670864df8c500dc82b295ae,1,0,a_e7d8c038c18055500148c5915382bd98,a_69fb0b835452ca85c178bdeaaf11695b,p_999ee2ce9539ecc7556770b3ff97c224,p_3d01955bb66b778c6aa471c3a2911a0a,6,19410,54,54,24485,24387,108,48872,5.564142194744977,2517.8773827923751,452.51851851851853,0.5,0.5010026190865936
r_76154514a70284bf886fc4b604c3ca69,Tor browsing,d_1be06ce1b670864df8c500dc82b295ae,1,0,a_e7d8c038c18055500148c5915382bd98,a_ef39829e394acd752cfa7bb53a9900ed,p_172e7ccae93efd13a965786644f3789c,p_2d36b619be089107b3d8a5a53b5aa6c4,6,19250,16,13,3345,8251,29,11596,1.5064935064935066,602.38961038961043,399.86206896551727,0.55172413793103448,0.28846153846153844
r_cacf80228ffa2e34abf2025b90bf9d76,Tor browsing,d_1be06ce1b670864df8c500dc82b295ae,1,0,a_e7d8c038c18055500148c5915382bd98,a_71394ec0ae14eb2d17f693263a2fab11,p_2bf2aa2c59fdbd635275266ba29f4559,p_e8fa32c526b9b4cdc16418a4dc18e34a,6,18231,63,64,21834,26428,127,48262,6.9661565465416047,2647.2491909385112,380.01574803149606,0.49606299212598426,0.45240561932783557
r_2850367a543ee6d372f3602fc9f47c3c,Tor browsing,d_1be06ce1b670864df8c500dc82b295ae,1,0,a_e7d8c038c18055500148c5915382bd98,a_69fb0b835452ca85c178bdeaaf11695b,p_24f80af26e7cc39d2b64acb005b1f485,p_3d01955bb66b778c6aa471c3a2911a0a,6,17300,32,34,11089,14803,66,25892,3.8150289017341037,1496.6473988439307,392.30303030303031,0.48484848484848486,0.4282790050980998
r_cfdc2d5dadd53205e0dee08de47835b6,Tor browsing,d_1be06ce1b670864df8c500dc82b295ae,1,0,a_e7d8c038c18055500148c5915382bd98,a_e2370a5f48648ec5a5dbdf8b657a0e89,p_ab0fcbf97a423003613d2e70c3c3f545,p_3dd478bd944ece2906a0c8e4425f63be,6,8270,14,13,3261,5706,27,8967,3.2648125755743655,1084.2805320435309,332.11111111111109,0.51851851851851849,0.36366677818668453
r_5f5b4d10fa9f71a913684a1973f0819c,Tor browsing,d_1be06ce1b670864df8c500dc82b295ae,1,0,a_e7d8c038c18055500148c5915382bd98,a_60056c2ac85e779e06ca490b67480ca1,p_bc96ffc4a95fcfa9f766537b430bf3d8,p_2d36b619be089107b3d8a5a53b5aa6c4,6,19513,9,0,540,0,9,540,0.46123097422231329,27.673858453338799,60,1,1
r_f61ed0e1ff98ac7624c7fc2a7077ab54,Tor browsing,d_1be06ce1b670864df8c500dc82b295ae,1,0,a_e7d8c038c18055500148c5915382bd98,a_71394ec0ae14eb2d17f693263a2fab11,p_8c2189610b9978b0149fa1c75a359f89,p_e8fa32c526b9b4cdc16418a4dc18e34a,6,18793,57,62,19869,24694,119,44563,6.3321449475868681,2371.2552546160805,374.47899159663865,0.47899159663865548,0.44586316002064491
r_1d66114beab2fdf9e80f3c5f802fcee5,Tor browsing,d_1be06ce1b670864df8c500dc82b295ae,1,0,a_e7d8c038c18055500148c5915382bd98,a_69fb0b835452ca85c178bdeaaf11695b,p_fd0b9931fd52c7d746beec0f04ecb815,p_3d01955bb66b778c6aa471c3a2911a0a,6,15846,39,40,12560,16981,79,29541,4.9854852959737475,1864.2559636501326,373.9367088607595,0.49367088607594939,0.42517179513218917
r_d9cd9cda0ae64b6ae4ea97912cd8b399,Tor browsing,d_1be06ce1b670864df8c500dc82b295ae,1,0,a_e7d8c038c18055500148c5915382bd98,a_e2370a5f48648ec5a5dbdf8b657a0e89,p_0f077cc9f39ef991c58511bde1eac0a8,p_3dd478bd944ece2906a0c8e4425f63be,6,10810,15,14,3856,5758,29,9614,2.6827012025901942,889.36170212765956,331.51724137931035,0.51724137931034486,0.40108175577283128
r_fa729740829ffb5285e95ee0d41ef285,Tor browsing,d_1be06ce1b670864df8c500dc82b295ae,1,0,a_e7d8c038c18055500148c5915382bd98,a_71394ec0ae14eb2d17f693263a2fab11,p_02a021f238a2eb41078be8aabb412aca,p_e8fa32c526b9b4cdc16418a4dc18e34a,6,18090,64,64,22929,26396,128,49325,7.075732448866777,2726.6445550027638,385.3515625,0.5,0.46485554992397365
r_37e7ac4dd6088f3ef0d6ef662839be74,Tor browsing,d_1be06ce1b670864df8c500dc82b295ae,1,0,a_e7d8c038c18055500148c5915382bd98,a_69fb0b835452ca85c178bdeaaf11695b,p_97643aa8fc7d2aabdaab6165ca481fc1,p_3d01955bb66b778c6aa471c3a2911a0a,6,17159,41,40,13240,15181,81,28421,4.7205548108864157,1656.3319540765781,350.87654320987656,0.50617283950617287,0.46585271454206395
r_c225bffaf4e7bd4573790afd2e836fc5,Tor browsing,d_1be06ce1b670864df8c500dc82b295ae,1,0,a_e7d8c038c18055500148c5915382bd98,a_e2370a5f48648ec5a5dbdf8b657a0e89,p_1c5c1965f88a43162a7324c0654fdd16,p_3dd478bd944ece2906a0c8e4425f63be,6,16176,27,26,7665,10648,53,18313,3.2764589515331357,1132.1092977250248,345.52830188679246,0.50943396226415094,0.41855512477475015
r_15b03d75d3e8dde6b8b417397baff782,Tor browsing,d_1be06ce1b670864df8c500dc82b295ae,1,0,a_e7d8c038c18055500148c5915382bd98,a_20bc269271f4e5c791dcc5e69afaff14,p_6521ab1de2bfd59c6537f1d29a5151b0,p_3dd478bd944ece2906a0c8e4425f63be,6,21281,15,15,3317,10891,30,14208,1.4097081904045863,667.6377989756121,473.60000000000002,0.5,0.23346002252252251
r_8f3d13d55fcf11264b89de0166506119,Tor browsing,d_1be06ce1b670864df8c500dc82b295ae,1,0,a_e7d8c038c18055500148c5915382bd98,a_71394ec0ae14eb2d17f693263a2fab11,p_99fdffbce4f7bc41b391cb5b5a415cc8,p_e8fa32c526b9b4cdc16418a4dc18e34a,6,20358,39,44,14692,17906,83,32598,4.0770213184006288,1601.2378426171529,392.74698795180723,0.46987951807228917,0.45070249708571081
r_02418711b60fc4e1c66062771d015206,Tor browsing,d_1be06ce1b670864df8c500dc82b295ae,1,0,a_e7d8c038c18055500148c5915382bd98,a_69fb0b835452ca85c178bdeaaf11695b,p_0a2f638d4583888bdb0777e40e69b01c,p_3d01955bb66b778c6aa471c3a2911a0a,6,19403,80,78,37526,32167,158,69693,8.1430706591764164,3591.8672370252025,441.09493670886076,0.50632911392405067,0.53844718981820272
r_d8f63be63baa5af400e9791376db249f,Tor browsing,d_1be06ce1b670864df8c500dc82b295ae,1,0,a_e7d8c038c18055500148c5915382bd98,a_e2370a5f48648ec5a5dbdf8b657a0e89,p_8ba89537774e6ca8862190f371c10145,p_3dd478bd944ece2906a0c8e4425f63be,6,10398,6,4,620,1430,10,2050,0.96172340834775927,197.15329871129063,205,0.59999999999999998,0.30243902439024389
r_787e781f2d02b215ee82a062ca3d119f,Tor browsing,d_1be06ce1b670864df8c500dc82b295ae,1,0,a_e7d8c038c18055500148c5915382bd98,a_893243e5083f322d109d866089bf6995,p_1df5b101c1f18fff9f1b0b740f2f7849,p_3919451a0dfaecc18e4c3b5d9eae72c2,6,21409,17,14,3409,8347,31,11756,1.4479891634359383,549.11485823718999,379.22580645161293,0.54838709677419351,0.28997958489282066
r_f4232634373eef62ed0750c2f8afe1a2,Tor browsing,d_1be06ce1b670864df8c500dc82b295ae,1,0,a_e7d8c038c18055500148c5915382bd98,a_69fb0b835452ca85c178bdeaaf11695b,p_ba54854fd903732ce66b0e12c1a355d0,p_3d01955bb66b778c6aa471c3a2911a0a,6,20442,80,83,34400,30741,163,65141,7.9737794736327166,3186.6255747969867,399.63803680981596,0.49079754601226994,0.52808523049999234
r_815f7398936aa69504faf671253b876f,Tor browsing,d_1be06ce1b670864df8c500dc82b295ae,1,0,a_e7d8c038c18055500148c5915382bd98,a_71394ec0ae14eb2d17f693263a2fab11,p_cbe87375caa9afb91024470413f54cda,p_e8fa32c526b9b4cdc16418a4dc18e34a,6,18334,29,33,11021,13626,62,24647,3.3816952110832332,1344.3329333478782,397.53225806451616,0.46774193548387094,0.4471538118229399
r_d1c6697c9c7a9dd92e6875454067c8db,Tor browsing,d_1be06ce1b670864df8c500dc82b295ae,1,0,a_e7d8c038c18055500148c5915382bd98,a_36d1183e911f7c68a27b9a994f3994e4,p_dd3b18c86b216084029210c8f5bc79bc,p_2313704d6916acc778397dda2b5b461d,6,19572,9,0,540,0,9,540,0.45984058859595345,27.590435315757205,60,1,1
r_2c4466873b0965a8d5e7f4a0cb63d51a,Tor browsing,d_1be06ce1b670864df8c500dc82b295ae,1,0,a_e7d8c038c18055500148c5915382bd98,a_71394ec0ae14eb2d17f693263a2fab11,p_33443fd40a7b801e36fb72df2137fcb1,p_e8fa32c526b9b4cdc16418a4dc18e34a,6,20270,39,40,14198,17698,79,31896,3.8973852984706463,1573.5569807597435,403.74683544303798,0.49367088607594939,0.44513418610484073
r_196fbb7eacd7307ce22a894586b47e1d,Tor browsing,d_1be06ce1b670864df8c500dc82b295ae,1,0,a_e7d8c038c18055500148c5915382bd98,a_69fb0b835452ca85c178bdeaaf11695b,p_ea723a8d8df5c835c6dab807ecc73977,p_3d01955bb66b778c6aa471c3a2911a0a,6,19450,66,61,21980,24145,127,46125,6.5295629820051415,2371.46529562982,363.18897637795277,0.51968503937007871,0.47653116531165313
r_536eb98f2f26d3a653c573cc6c18d118,Tor browsing,d_1be06ce1b670864df8c500dc82b295ae,1,0,a_e7d8c038c18055500148c5915382bd98,a_e2370a5f48648ec5a5dbdf8b657a0e89,p_4dfd8e47d8ac4474471e9455d1c04b1f,p_3dd478bd944ece2906a0c8e4425f63be,6,18449,24,25,6988,10060,49,17048,2.6559705133069542,924.0609247113664,347.91836734693879,0.48979591836734693,0.40990145471609574
r_10a6da49f028f412215bca8ab5303956,Tor browsing,d_1be06ce1b670864df8c500dc82b295ae,1,0,a_e7d8c038c18055500148c5915382bd98,a_eaee78ccb79f2232523f3dd4d101e9df,p_fa02a36863b590c768333463ea34d353,p_64eab6039291da87b7bab47109b51546,6,21342,17,14,3406,8304,31,11710,1.4525349076937495,548.68334739012278,377.74193548387098,0.54838709677419351,0.29086251067463709
r_fa1339d7cf4e7afe76e7f96706f91ef3,Tor browsing,d_1be06ce1b670864df8c500dc82b295ae,1,0,a_e7d8c038c18055500148c5915382bd98,a_69fb0b835452ca85c178bdeaaf11695b,p_d79933c9658c77c5ef51d35629bcb32e,p_3d01955bb66b778c6aa471c3a2911a0a,6,20402,71,70,25506,24757,141,50263,6.9110871483187921,2463.6310165670029,356.47517730496452,0.50354609929078009,0.50745080874599602
r_9cc7fd4353e5d5f0aaa0f532a77a9864,Tor browsing,d_1be06ce1b670864df8c500dc82b295ae,1,0,a_e7d8c038c18055500148c5915382bd98,a_71394ec0ae14eb2d17f693263a2fab11,p_7e3d2e93e73f32f06001ed574d748972,p_e8fa32c526b9b4cdc16418a4dc18e34a,6,19322,73,74,25488,31126,147,56614,7.6079080840492708,2930.0279474174517,385.1292517006803,0.49659863945578231,0.45020666266294557
r_0b106865a433545ea5990208530b9ba7,Tor browsing,d_1be06ce1b670864df8c500dc82b295ae,1,0,a_e7d8c038c18055500148c5915382bd98,a_a7df7c5585644eefa6db00d7725b0a75,p_73c380fc1f998f8f94ba711ad61ad21c,p_2313704d6916acc778397dda2b5b461d,6,11227,8,0,480,0,8,480,0.71256791662955377,42.754074997773223,60,1,1
r_7537c387f8997729cf2acfe0e58123c6,Tor browsing,d_1be06ce1b670864df8c500dc82b295ae,1,0,a_e7d8c038c18055500148c5915382bd98,a_71394ec0ae14eb2d17f693263a2fab11,p_99906063d279744ac6b153b63c24dd38,p_e8fa32c526b9b4cdc16418a4dc18e34a,6,17372,55,60,19823,24076,115,43899,6.6198480313147599,2526.9974671885793,381.73043478260871,0.47826086956521741,0.45155926103100297
r_13d205afcc7a30157cc72faa6a2b5c20,Tor browsing,d_1be06ce1b670864df8c500dc82b295ae,1,0,a_e7d8c038c18055500148c5915382bd98,a_69fb0b835452ca85c178bdeaaf11695b,p_a55807601a4210899d9b31d6690b78a9,p_3d01955bb66b778c6aa471c3a2911a0a,6,17110,35,31,10752,14075,66,24827,3.8573933372296905,1451.0227936879019,376.16666666666669,0.53030303030303028,0.43307689209328554
r_3fc5eb70a5374ab425ef26c207d7d498,Tor browsing,d_1be06ce1b670864df8c500dc82b295ae,1,0,a_e7d8c038c18055500148c5915382bd98,a_e2370a5f48648ec5a5dbdf8b657a0e89,p_7a2e08942229673b177601ed9fb61356,p_3dd478bd944ece2906a0c8e4425f63be,6,15410,22,20,5270,8728,42,13998,2.7255029201817003,908.37118754055803,333.28571428571428,0.52380952380952384,0.37648235462208884
r_0a0693148d94094cef7c5473e9f67fcf,Tor browsing,d_1be06ce1b670864df8c500dc82b295ae,1,0,a_e7d8c038c18055500148c5915382bd98,a_69fb0b835452ca85c178bdeaaf11695b,p_58cf1cc402da972ec340507ec330dfec,p_3d01955bb66b778c6aa471c3a2911a0a,6,10378,20,21,6212,8775,41,14987,3.9506648679899787,1444.1125457698979,365.53658536585368,0.48780487804878048,0.41449256021885633
r_a86a3db9e4d33c6d4c7710b4ef1e602d,Tor browsing,d_1be06ce1b670864df8c500dc82b295ae,1,0,a_e7d8c038c18055500148c5915382bd98,a_71394ec0ae14eb2d17f693263a2fab11,p_c2eacd892b141fe41674048c1757cd55,p_e8fa32c526b9b4cdc16418a4dc18e34a,6,8313,22,20,6865,9220,42,16085,5.0523276795380729,1934.9212077469024,382.97619047619048,0.52380952380952384,0.42679515076157909
r_d98c357c3cdc543bec874405b8f22026,Tor browsing,d_1be06ce1b670864df8c500dc82b295ae,1,0,a_e7d8c038c18055500148c5915382bd98,a_916592aac949494ee370e7a9592802f4,p_59c66cc7af192bc75310cad4265dbcbe,p_570451000db5bc942dd5e80a742b2309,6,3069,4,0,240,0,4,240,1.3033561420658195,78.201368523949171,60,1,1
r_ff196c5e975b3112e0d0918fe46eb15d,Tor browsing,d_1be06ce1b670864df8c500dc82b295ae,1,0,a_e7d8c038c18055500148c5915382bd98,a_71394ec0ae14eb2d17f693263a2fab11,p_033f7233b44ca71178462a6f6965c5e3,p_e8fa32c526b9b4cdc16418a4dc18e34a,6,20385,66,69,26734,32496,135,59230,6.6225165562913899,2905.567819475104,438.74074074074076,0.48888888888888887,0.45135910855985145
r_7f7a486529574773b6a32edcffd64da0,Tor browsing,d_1be06ce1b670864df8c500dc82b295ae,1,0,a_e7d8c038c18055500148c5915382bd98,a_69fb0b835452ca85c178bdeaaf11695b,p_5a51c1be61f87f107dbee9e7fcaf0af9,p_3d01955bb66b778c6aa471c3a2911a0a,6,18422,47,43,19899,19557,90,39456,4.8854630333297147,2141.7869938117469,438.39999999999998,0.52222222222222225,0.50433394160583944
r_d2128bdd27db25592b97243068372541,Tor browsing,d_1be06ce1b670864df8c500dc82b295ae,1,0,a_e7d8c038c18055500148c5915382bd98,a_e2370a5f48648ec5a5dbdf8b657a0e89,p_4aaf8aeab400bc7a8dba9085031a8173,p_3dd478bd944ece2906a0c8e4425f63be,6,7406,18,16,4529,6410,34,10939,4.5908722657304892,1477.0456386713477,321.73529411764707,0.52941176470588236,0.41402321967273059
r_f7e37d3acff47f869b1d8ebc384ba84c,Tor browsing,d_1be06ce1b670864df8c500dc82b295ae,1,0,a_e7d8c038c18055500148c5915382bd98,a_237f3810c92f149df98010cc9a7dd15d,p_b5d6da10e3fe8a9fd5788cae80c6c27e,p_e2a4a4bf9c74500e61f176db310c2961,6,19875,14,15,3263,11454,29,14717,1.4591194968553458,740.47798742138366,507.48275862068965,0.48275862068965519,0.22171638241489433
r_8cce3fd5df95926429a8cf001f69c362,Tor browsing,d_1be06ce1b670864df8c500dc82b295ae,1,0,a_e7d8c038c18055500148c5915382bd98,a_71394ec0ae14eb2d17f693263a2fab11,p_a11225c2f31c79bbba8046a348379a90,p_e8fa32c526b9b4cdc16418a4dc18e34a,6,18909,41,44,14291,18934,85,33225,4.4952139192976892,1757.0997937490085,390.88235294117646,0.4823529411764706,0.43012791572610987
r_5770743635cb0baedebbdaec837ecda6,Tor browsing,d_1be06ce1b670864df8c500dc82b295ae,1,0,a_e7d8c038c18055500148c5915382bd98,a_69fb0b835452ca85c178bdeaaf11695b,p_baa0d9ad04a7ec93ef421cb865eba0d1,p_3d01955bb66b778c6aa471c3a2911a0a,6,17961,46,52,19309,20507,98,39816,5.4562663548800181,2216.8030733255387,406.28571428571428,0.46938775510204084,0.48495579666465743
r_5d6818345350892c137bd0adc3635839,Tor browsing,d_1be06ce1b670864df8c500dc82b295ae,1,0,a_e7d8c038c18055500148c5915382bd98,a_e2370a5f48648ec5a5dbdf8b657a0e89,p_c6db21d51f7bcfc100302aa393177552,p_3dd478bd944ece2906a0c8e4425f63be,6,13949,29,29,8859,11854,58,20713,4.1580041580041582,1484.9093124955193,357.12068965517244,0.5,0.42770240911504853
r_75ec6b6b0b6e66f706e8e7df302db9b9,Tor browsing,d_1be06ce1b670864df8c500dc82b295ae,1,0,a_e7d8c038c18055500148c5915382bd98,a_69fb0b835452ca85c178bdeaaf11695b,p_5c71e83d2f81404d384e47277123b9f8,p_3d01955bb66b778c6aa471c3a2911a0a,6,20434,73,73,36799,31313,146,68112,7.1449544876186746,3333.2680826074188,466.52054794520546,0.5,0.54027190509748646
r_080b079fd54e41509ad11c436e5f3ad5,Tor browsing,d_1be06ce1b670864df8c500dc82b295ae,1,0,a_e7d8c038c18055500148c5915382bd98,a_71394ec0ae14eb2d17f693263a2fab11,p_9232e92270df0ee94d87f83e13a3407d,p_e8fa32c526b9b4cdc16418a4dc18e34a,6,19367,30,31,9491,11958,61,21449,3.149687612949863,1107.5024526256002,351.62295081967216,0.49180327868852458,0.44249149144482258
r_51410c6d7e0e210240f17179417f9f58,Tor browsing,d_1be06ce1b670864df8c500dc82b295ae,1,0,a_e7d8c038c18055500148c5915382bd98,a_d5149490270b83f8f54418a28437e1c4,p_43143875a1ee18bb02c8c7c21e90330e,p_2313704d6916acc778397dda2b5b461d,6,20945,14,15,3277,10943,29,14220,1.384578658391024,678.92098352828839,490.34482758620692,0.48275862068965519,0.23045007032348805
r_5857d4b742478227e4e3bdbceaf7c25a,Tor browsing,d_1be06ce1b670864df8c500dc82b295ae,1,0,a_e7d8c038c18055500148c5915382bd98,a_71394ec0ae14eb2d17f693263a2fab11,p_17a455f43eeddb6d846531a2490960a2,p_e8fa32c526b9b4cdc16418a4dc18e34a,6,19928,68,67,24207,27656,135,51863,6.7743877960658363,2602.5190686471296,384.17037037037039,0.50370370370370365,0.46674893469332662
r_d125d648c0c342c045c711516a1fa48a,Tor browsing,d_1be06ce1b670864df8c500dc82b295ae,1,0,a_e7d8c038c18055500148c5915382bd98,a_69fb0b835452ca85c178bdeaaf11695b,p_9229a43f286af58722c9826ab6381adb,p_3d01955bb66b778c6aa471c3a2911a0a,6,17928,33,32,11128,14641,65,25769,3.6256135653726012,1437.3605533244088,396.44615384615383,0.50769230769230766,0.4318367030152509
r_6a1f22c99e0a82bbdedddbb451fa2bf9,Tor browsing,d_1be06ce1b670864df8c500dc82b295ae,1,0,a_e7d8c038c18055500148c5915382bd98,a_e2370a5f48648ec5a5dbdf8b657a0e89,p_54bd095dfc79c2d6acabb7c2fcc27549,p_3dd478bd944ece2906a0c8e4425f63be,6,13921,24,21,5904,9294,45,15198,3.2325263989655917,1091.7319158106459,337.73333333333335,0.53333333333333333,0.3884721673904461
r_d079c1115e8aae188fe97f4b3d6161e3,Tor browsing,d_1be06ce1b670864df8c500dc82b295ae,1,0,a_e7d8c038c18055500148c5915382bd98,a_b3473f2ec0e1aa6e23367b95b4c6097a,p_37cd22c8fe65d90a319dec08728fc3ef,p_2313704d6916acc778397dda2b5b461d,6,19393,9,0,540,0,9,540,0.46408497911617591,27.845098746970557,60,1,1
r_55af0088ce229c1db18ead58f1b83b06,Tor browsing,d_1be06ce1b670864df8c500dc82b295ae,1,0,a_e7d8c038c18055500148c5915382bd98,a_71394ec0ae14eb2d17f693263a2fab11,p_382d3655f1d0b29f831809bb73ad89c1,p_e8fa32c526b9b4cdc16418a4dc18e34a,6,20348,39,34,13076,15800,73,28876,3.5875761745626109,1419.1075289954788,395.56164383561645,0.53424657534246578,0.45283280232719214
r_ab6d2abd585e11a22bece016210d9fc3,Tor browsing,d_1be06ce1b670864df8c500dc82b295ae,1,0,a_e7d8c038c18055500148c5915382bd98,a_69fb0b835452ca85c178bdeaaf11695b,p_aab0ead7f46ae92d2fc13338b20d661f,p_3d01955bb66b778c6aa471c3a2911a0a,6,18400,56,56,20322,23929,112,44251,6.0869565217391308,2404.945652173913,395.09821428571428,0.5,0.45924385889584418
r_f8e600a7a4266e83ff74ee1f24c547f1,Tor browsing,d_1be06ce1b670864df8c500dc82b295ae,1,0,a_e7d8c038c18055500148c5915382bd98,a_e2370a5f48648ec5a5dbdf8b657a0e89,p_a4d92db2c81e67df25862ae75ba5b403,p_3dd478bd944ece2906a0c8e4425f63be,6,11335,21,18,5211,8088,39,13299,3.4406704896338769,1173.2686369651522,341,0.53846153846153844,0.39183397247913376
r_cd344bcc43689c5c426a68aac96d1c3d,Tor browsing,d_1be06ce1b670864df8c500dc82b295ae,1,0,a_e7d8c038c18055500148c5915382bd98,a_425fa51d14cdc682086cb8f4fa1bdaa1,p_3193cf4376360f45acbed79090ef2531,p_2313704d6916acc778397dda2b5b461d,6,11200,8,0,480,0,8,480,0.7142857142857143,42.857142857142861,60,1,1
r_f65482e71b584216ec755dedcf64e9ee,Tor browsing,d_1be06ce1b670864df8c500dc82b295ae,1,0,a_e7d8c038c18055500148c5915382bd98,a_69fb0b835452ca85c178bdeaaf11695b,p_3284923f8573f80d7bea7d95bebd8167,p_3d01955bb66b778c6aa471c3a2911a0a,6,18520,43,43,18101,19031,86,37132,4.6436285097192229,2004.9676025917927,431.76744186046511,0.5,0.48747710869331035
r_20c9f5cd405d1ee9cb702eb46b669a58,Tor browsing,d_1be06ce1b670864df8c500dc82b295ae,1,0,a_e7d8c038c18055500148c5915382bd98,a_71394ec0ae14eb2d17f693263a2fab11,p_019fa5a4a631dc13b208992d9672861a,p_e8fa32c526b9b4cdc16418a4dc18e34a,6,12848,55,66,18667,58532,121,77199,9.417808219178081,6008.6394769613944,638.00826446280996,0.45454545454545453,0.24180365030635112
r_50d469514fdb34d56124be6c26be35bf,Tor browsing,d_1be06ce1b670864df8c500dc82b295ae,1,0,a_e7d8c038c18055500148c5915382bd98,a_692d9816428e3e6025388ebb468afe2c,p_843f6a8276e60ebfb194829460d809aa,p_3257404394153b8e93ea83a444bf5577,6,19190,16,13,3200,8100,29,11300,1.5112037519541426,588.84835852006245,389.65517241379308,0.55172413793103448,0.2831858407079646
r_8c2571cfdd55c9230c4e36c710e50ee1,Tor browsing,d_1be06ce1b670864df8c500dc82b295ae,1,0,a_e7d8c038c18055500148c5915382bd98,a_71394ec0ae14eb2d17f693263a2fab11,p_ec33b7164049700502ab4bc5d1019e07,p_e8fa32c526b9b4cdc16418a4dc18e34a,6,18206,64,61,16575,38138,125,54713,6.865868395034604,3005.2180599802264,437.70400000000001,0.51200000000000001,0.30294445561383948
r_bd3f2cb9d0f085553e3892802a807d81,Tor browsing,d_1be06ce1b670864df8c500dc82b295ae,1,0,a_e7d8c038c18055500148c5915382bd98,a_69fb0b835452ca85c178bdeaaf11695b,p_137176a4905d24f58de6710c83fed2ad,p_3d01955bb66b778c6aa471c3a2911a0a,6,17632,52,49,23440,22535,101,45975,5.7282214156079849,2607.4750453720508,455.19801980198019,0.51485148514851486,0.50984230560087007
r_701802a041cc6936987268d7b959f8ae,Tor browsing,d_1be06ce1b670864df8c500dc82b295ae,1,0,a_e7d8c038c18055500148c5915382bd98,a_e2370a5f48648ec5a5dbdf8b657a0e89,p_ecbaa93e7be14adbb132d0ef070717a0,p_3dd478bd944ece2906a0c8e4425f63be,6,10225,35,35,7055,22490,70,29545,6.8459657701711496,2889.4865525672371,422.07142857142856,0.5,0.23878828905060079
r_155ea8d3c1eed870a885dd7fb3287c64,Tor browsing,d_1be06ce1b670864df8c500dc82b295ae,1,0,a_e7d8c038c18055500148c5915382bd98,a_f5489e1581f3fe4ee7c6df1b4d0fac22,p_f00eea112a1faa622b02cd8835569f35,p_2313704d6916acc778397dda2b5b461d,6,11208,8,0,480,0,8,480,0.7137758743754461,42.826552462526763,60,1,1
r_f3dc12a70f55d964e6c0dea7f1dd49fe,Tor browsing,d_1be06ce1b670864df8c500dc82b295ae,1,0,a_e7d8c038c18055500148c5915382bd98,a_71394ec0ae14eb2d17f693263a2fab11,p_fcd2fb1907554720b911e95a4b5f7ee8,p_e8fa32c526b9b4cdc16418a4dc18e34a,6,17359,53,60,19703,24546,113,44249,6.5095915663344659,2549.0523647675554,391.5840707964602,0.46902654867256638,0.44527559944857509
r_8792ab97c8f530176a4f59302f81c197,Tor browsing,d_1be06ce1b670864df8c500dc82b295ae,1,0,a_e7d8c038c18055500148c5915382bd98,a_69fb0b835452ca85c178bdeaaf11695b,p_45c3bf199ddcf43d0f27efc50f1bd85f,p_3d01955bb66b778c6aa471c3a2911a0a,6,16409,50,54,17432,20073,104,37505,6.3379852519958559,2285.6359315010059,360.625,0.48076923076923078,0.46479136115184644
r_ec52e6347f7af7348a17ae50bf22ebe2,Tor browsing,d_1be06ce1b670864df8c500dc82b295ae,1,0,a_e7d8c038c18055500148c5915382bd98,a_58597d7dc9015e05b95c2a7248b06cfe,p_9478134586a95e55f441397f3d9111d5,p_43df02fd0b2e49858e28f6f6da383215,6,19699,9,0,540,0,9,540,0.45687598355246456,27.412559013147874,60,1,1
r_40e8e3d81a056cf7a79b4bfeba5d0564,Tor browsing,d_1be06ce1b670864df8c500dc82b295ae,1,0,a_e7d8c038c18055500148c5915382bd98,a_69fb0b835452ca85c178bdeaaf11695b,p_35f9c62449d12d29b6a088088671c2e0,p_3d01955bb66b778c6aa471c3a2911a0a,6,20403,54,59,22892,26121,113,49013,5.5384012155075242,2402.2447679262855,433.74336283185841,0.47787610619469029,0.46705975965560159
r_1dab16798547f3a8c4dac59da0dda784,Tor browsing,d_1be06ce1b670864df8c500dc82b295ae,1,0,a_e7d8c038c18055500148c5915382bd98,a_71394ec0ae14eb2d17f693263a2fab11,p_c20629435669aa51bb554a092a1ad1b1,p_e8fa32c526b9b4cdc16418a4dc18e34a,6,19342,55,62,20375,22606,117,42981,6.0490125116327169,2222.1590321579984,367.35897435897436,0.47008547008547008,0.47404667178520743
r_1490aa03c32cced1ad59437935a388c3,Tor browsing,d_1be06ce1b670864df8c500dc82b295ae,1,0,a_e7d8c038c18055500148c5915382bd98,a_7863a7175f25fefc6489337669d775c3,p_dfdd5c875b1bf29a1237bd8f9aa7bd4e,p_2d36b619be089107b3d8a5a53b5aa6c4,6,576,1,1,60,40,2,100,3.4722222222222223,173.61111111111111,50,0.5,0.59999999999999998
r_90ad0beeb0c86a89e1bbfce10ea1b309,Tor browsing,d_1be06ce1b670864df8c500dc82b295ae,1,0,a_e7d8c038c18055500148c5915382bd98,a_69fb0b835452ca85c178bdeaaf11695b,p_37ff919dfcb7fe9691d4f0fd961cba26,p_3d01955bb66b778c6aa471c3a2911a0a,6,19441,28,31,9324,11953,59,21277,3.0348233115580476,1094.4395864410267,360.62711864406782,0.47457627118644069,0.43821967382619731
r_24f05cb814352b448dd83165fc41a533,Tor browsing,d_1be06ce1b670864df8c500dc82b295ae,1,0,a_e7d8c038c18055500148c5915382bd98,a_71394ec0ae14eb2d17f693263a2fab11,p_a8934f722ae3807784e92eda7f2b3b8d,p_e8fa32c526b9b4cdc16418a4dc18e34a,6,18386,74,69,36270,38392,143,74662,7.7776569128684869,4060.8071358642446,522.11188811188811,0.5174825174825175,0.48578929040207869
r_530e1f6bbea6ba45543374aa97cad829,Tor browsing,d_1be06ce1b670864df8c500dc82b295ae,1,0,a_e7d8c038c18055500148c5915382bd98,a_85f22f8defd8889ff18d1bc9d340c13e,p_40bd96f81b40d21b8f4359c7c62bc964,p_2313704d6916acc778397dda2b5b461d,6,20845,18,16,3498,10998,34,14496,1.6310865915087551,695.41856560326221,426.35294117647061,0.52941176470588236,0.24130794701986755
r_0000131ea317820d44107529d65a3748,Tor browsing,d_1be06ce1b670864df8c500dc82b295ae,1,0,a_e7d8c038c18055500148c5915382bd98,a_69fb0b835452ca85c178bdeaaf11695b,p_44936f50589e9f3d01f950c6aafc6a00,p_3d01955bb66b778c6aa471c3a2911a0a,6,19887,46,45,16677,18053,91,34730,4.5758535726856744,1746.3669733997083,381.64835164835165,0.50549450549450547,0.48019003743161531
r_add7a08bd717f450589e1b4fd8331e96,Tor browsing,d_1be06ce1b670864df8c500dc82b295ae,1,0,a_e7d8c038c18055500148c5915382bd98,a_71394ec0ae14eb2d17f693263a2fab11,p_ee3d9f24e417695ae0d44dbea9e12ab1,p_e8fa32c526b9b4cdc16418a4dc18e34a,6,18822,49,47,18436,21836,96,40272,5.1004144086707051,2139.6238444373607,419.5,0.51041666666666663,0.45778704807310289
r_652d81e889e02adb3c9f769e320e0249,Tor browsing,d_1be06ce1b670864df8c500dc82b295ae,1,0,a_e7d8c038c18055500148c5915382bd98,a_e2370a5f48648ec5a5dbdf8b657a0e89,p_497378f2478a79aba25dec585c09dbb8,p_3dd478bd944ece2906a0c8e4425f63be,6,17871,25,27,7039,10700,52,17739,2.9097420401768228,992.61373174416656,341.13461538461536,0.48076923076923078,0.39680929026438921
r_1bebe5563d528e71feb903055e20043a,Tor browsing,d_1be06ce1b670864df8c500dc82b295ae,1,0,a_e7d8c038c18055500148c5915382bd98,a_8dddc3650faabc8fca61d2758620e52b,p_d5f05e1fb6ee9ae580fff32a73f431b6,p_2313704d6916acc778397dda2b5b461d,6,19500,9,0,540,0,9,540,0.46153846153846156,27.692307692307693,60,1,1
r_cdff41a29dbd8bc6c283796e0dcf5f28,Tor browsing,d_1be06ce1b670864df8c500dc82b295ae,1,0,a_e7d8c038c18055500148c5915382bd98,a_e2370a5f48648ec5a5dbdf8b657a0e89,p_930b1f5a4c526d071f749edd1f3e4c71,p_3dd478bd944ece2906a0c8e4425f63be,6,19909,19,17,4058,6986,36,11044,1.8082274348284697,554.72399417348936,306.77777777777777,0.52777777777777779,0.36743933357479175
r_4ff71e5e2858b50b05ef2d70d976133d,Tor browsing,d_1be06ce1b670864df8c500dc82b295ae,1,0,a_e7d8c038c18055500148c5915382bd98,a_69fb0b835452ca85c178bdeaaf11695b,p_2566ccb875420681f25f7e2c7217e5e2,p_3d01955bb66b778c6aa471c3a2911a0a,6,18927,60,61,24333,25251,121,49584,6.3929835684471916,2619.7495641147566,409.78512396694214,0.49586776859504134,0.49074298160697
r_0ce56b4d59e9e5bc5b8de5438d5b12a5,Tor browsing,d_1be06ce1b670864df8c500dc82b295ae,1,0,a_e7d8c038c18055500148c5915382bd98,a_71394ec0ae14eb2d17f693263a2fab11,p_edbd1708dee341c4f7f01c9e9978683d,p_e8fa32c526b9b4cdc16418a4dc18e34a,6,16905,53,54,20241,24770,107,45011,6.3294883170659562,2662.5850340136053,420.66355140186914,0.49532710280373832,0.44969007575925884
r_218782dcc619aad65bd20a270f6022e0,Tor browsing,d_1be06ce1b670864df8c500dc82b295ae,1,0,a_e7d8c038c18055500148c5915382bd98,a_0ddcb392b31a5465913844470f9d96e8,p_5dca0be8b5cf41664965c43663088efb,p_2313704d6916acc778397dda2b5b461d,6,21383,15,15,3318,10916,30,14234,1.4029836786232055,665.6689893840902,474.46666666666664,0.5,0.233103835885907
r_102ac65d2a8b1269ae3933afff3b39d9,Tor browsing,d_1be06ce1b670864df8c500dc82b295ae,1,0,a_e7d8c038c18055500148c5915382bd98,a_71394ec0ae14eb2d17f693263a2fab11,p_1473c431dc29298c2dd3ad06f9094e6e,p_e8fa32c526b9b4cdc16418a4dc18e34a,6,20326,60,61,24335,27344,121,51679,5.9529666437075663,2542.5071337203581,427.09917355371903,0.49586776859504134,0.47088759457419843
r_bc89b94d4149ace45ccf2fa45f2359c1,Tor browsing,d_1be06ce1b670864df8c500dc82b295ae,1,0,a_e7d8c038c18055500148c5915382bd98,a_69fb0b835452ca85c178bdeaaf11695b,p_1af75489014b5ca3bec8785810bb30c6,p_3d01955bb66b778c6aa471c3a2911a0a,6,17380,52,49,20677,22461,101,43138,5.8112773302646721,2482.0483314154203,427.10891089108912,0.51485148514851486,0.47932217534424404
r_eaef29230d61250413dbae661bd019c1,Tor browsing,d_1be06ce1b670864df8c500dc82b295ae,1,0,a_e7d8c038c18055500148c5915382bd98,a_16320838a47ee1ecc3b078d4880a5c10,p_721ed1564fdd369c0582e4550927c20a,p_2313704d6916acc778397dda2b5b461d,6,11206,8,0,480,0,8,480,0.71390326610744248,42.834195966446551,60,1,1
r_06090e687ffe2141d9d4f9914b7bef0c,Tor browsing,d_1be06ce1b670864df8c500dc82b295ae,1,0,a_e7d8c038c18055500148c5915382bd98,a_71394ec0ae14eb2d17f693263a2fab11,p_1e192a779c6d792cc48f6438383a1212,p_e8fa32c526b9b4cdc16418a4dc18e34a,6,18632,47,50,16190,20362,97,36552,5.2060970373550877,1961.786174323744,376.82474226804123,0.4845360824742268,0.44293061939155176
r_2e4b92ece9d5d70bd7f11544e85fa101,Tor browsing,d_1be06ce1b670864df8c500dc82b295ae,1,0,a_e7d8c038c18055500148c5915382bd98,a_69fb0b835452ca85c178bdeaaf11695b,p_04fa3a03fc9aa7dc04dc9200ae8bf34c,p_3d01955bb66b778c6aa471c3a2911a0a,6,17680,58,54,19380,22709,112,42089,6.3348416289592757,2380.5995475113123,375.79464285714283,0.5178571428571429,0.46045284991327901
r_af8f4398043ed11c2376581cddc4f639,Tor browsing,d_1be06ce1b670864df8c500dc82b295ae,1,0,a_e7d8c038c18055500148c5915382bd98,a_71394ec0ae14eb2d17f693263a2fab11,p_75bb58c53f73d2609a2e682fd4b850f3,p_e8fa32c526b9b4cdc16418a4dc18e34a,6,19901,52,55,17532,21148,107,38680,5.3766142404904276,1943.6209235716799,361.49532710280374,0.48598130841121495,0.45325749741468457
r_04ecbe0602bce1902dff211398305221,Tor browsing,d_1be06ce1b670864df8c500dc82b295ae,1,0,a_e7d8c038c18055500148c5915382bd98,a_e2370a5f48648ec5a5dbdf8b657a0e89,p_fd29a33eb433c7370832b8f493729dd9,p_3dd478bd944ece2906a0c8e4425f63be,6,18951,17,16,3950,6398,33,10348,1.7413329111920215,546.03978681863748,313.57575757575756,0.51515151515151514,0.38171627367607269
r_23a32b62c3fc714ea2aeaf25055a2ba5,Tor browsing,d_1be06ce1b670864df8c500dc82b295ae,1,0,a_e7d8c038c18055500148c5915382bd98,a_69fb0b835452ca85c178bdeaaf11695b,p_ccaec16f321d53f31fefc4e3615efee1,p_3d01955bb66b778c6aa471c3a2911a0a,6,16963,51,53,19034,22679,104,41713,6.1309909803690381,2459.0579496551318,401.08653846153845,0.49038461538461536,0.45630858485364273
r_b97617c2911ee6299ab594c289f7e660,Tor browsing,d_1be06ce1b670864df8c500dc82b295ae,1,0,a_e7d8c038c18055500148c5915382bd98,a_71394ec0ae14eb2d17f693263a2fab11,p_a6c967e1a8eff231e993c660561896e4,p_e8fa32c526b9b4cdc16418a4dc18e34a,6,17864,60,66,23270,27560,126,50830,7.053291536050156,2845.3873712494401,403.41269841269843,0.47619047619047616,0.4578005115089514
r_2f8f6edf5f937c8209e02f56040cf952,Tor browsing,d_1be06ce1b670864df8c500dc82b295ae,1,0,a_e7d8c038c18055500148c5915382bd98,a_e2370a5f48648ec5a5dbdf8b657a0e89,p_3674ef6cb1676d62f87878a19d1d65e6,p_3dd478bd944ece2906a0c8e4425f63be,6,16953,16,16,4449,5862,32,10311,1.8875715212646731,608.21093611750132,322.21875,0.5,0.43148094268257203
r_d4e70e66e5eba5e7c55f7c31d809afd1,Tor browsing,d_1be06ce1b670864df8c500dc82b295ae,1,0,a_e7d8c038c18055500148c5915382bd98,a_69fb0b835452ca85c178bdeaaf11695b,p_ee3e34d90b2e4c29fdfd9f2ebf9a336c,p_3d01955bb66b778c6aa471c3a2911a0a,6,13961,33,33,10650,14157,66,24807,4.7274550533629398,1776.8784471026431,375.86363636363637,0.5,0.4293143064457613
r_853db699dcf378c9ecbcce4714fbf8d5,Tor browsing,d_1be06ce1b670864df8c500dc82b295ae,1,0,a_e7d8c038c18055500148c5915382bd98,a_48e6ee8f6653b5543f3ff18a911215d1,p_4816ae7da91ace25fd3311f7b224cbdc,p_2313704d6916acc778397dda2b5b461d,6,19408,9,0,540,0,9,540,0.46372629843363561,27.823577906018134,60,1,1
r_55f128a0aea173ac90db9a300807a670,Tor browsing,d_1be06ce1b670864df8c500dc82b295ae,1,0,a_e7d8c038c18055500148c5915382bd98,a_71394ec0ae14eb2d17f693263a2fab11,p_ee995b797fce2ab2205e72d2f9e62111,p_e8fa32c526b9b4cdc16418a4dc18e34a,6,19771,52,50,18530,21960,102,40490,5.1590713671539117,2047.9490162359009,396.96078431372547,0.50980392156862742,0.45764386268214374
r_279aa166740bd05c53f5f602a45068b0,Tor browsing,d_1be06ce1b670864df8c500dc82b295ae,1,0,a_e7d8c038c18055500148c5915382bd98,a_e2370a5f48648ec5a5dbdf8b657a0e89,p_71a38ad51f7e0ee29195f7782930dd09,p_3dd478bd944ece2906a0c8e4425f63be,6,17815,21,20,5762,8170,41,13932,2.3014313780522029,782.03760875666569,339.80487804878049,0.51219512195121952,0.41358024691358025
r_8c4153bdf7ac8ca3e4751caf87af07f2,Tor browsing,d_1be06ce1b670864df8c500dc82b295ae,1,0,a_e7d8c038c18055500148c5915382bd98,a_69fb0b835452ca85c178bdeaaf11695b,p_28f7005165ab943d2e2e96ac4a124da4,p_3d01955bb66b778c6aa471c3a2911a0a,6,16845,48,44,15676,18215,92,33891,5.4615612941525677,2011.93232413179,368.38043478260869,0.52173913043478259,0.46254167773155114
r_8ffe9ad849b72d57cd831b3ca44c8f4c,Tor browsing,d_1be06ce1b670864df8c500dc82b295ae,1,0,a_e7d8c038c18055500148c5915382bd98,a_e6685d1fdec03993494a8919c338cc15,p_0d1fbed77f14178849fd1c8bd5bf7030,p_2d36b619be089107b3d8a5a53b5aa6c4,6,287,1,1,60,40,2,100,6.9686411149825789,348.43205574912895,50,0.5,0.59999999999999998
r_fb4b3a4aa48e1ba4cca524e89f1884da,Tor browsing,d_1be06ce1b670864df8c500dc82b295ae,1,0,a_e7d8c038c18055500148c5915382bd98,a_71394ec0ae14eb2d17f693263a2fab11,p_1a81160b83b0abf3c4c1b5e4c566cbef,p_e8fa32c526b9b4cdc16418a4dc18e34a,6,20695,54,59,19710,24528,113,44238,5.4602561005073689,2137.6177820729645,391.48672566371681,0.47787610619469029,0.44554455445544555
r_77aa57c4a48873c21a827d5c7c28b348,Tor browsing,d_1be06ce1b670864df8c500dc82b295ae,1,0,a_e7d8c038c18055500148c5915382bd98,a_69fb0b835452ca85c178bdeaaf11695b,p_45012779a25e78a87b4ed776d5bfe731,p_3d01955bb66b778c6aa471c3a2911a0a,6,18426,37,41,13002,16717,78,29719,4.2331488114620646,1612.8839683056551,381.0128205128205,0.47435897435897434,0.43749789696826946
r_3b9e220ba25497bc8aa34783a0bac906,Tor browsing,d_1be06ce1b670864df8c500dc82b295ae,1,0,a_e7d8c038c18055500148c5915382bd98,a_e2370a5f48648ec5a5dbdf8b657a0e89,p_b2bccc9fe80723e9596bd4f100c7ea7c,p_3dd478bd944ece2906a0c8e4425f63be,6,7629,17,18,5556,8088,35,13644,4.5877572421025041,1788.4388517499017,389.82857142857142,0.48571428571428571,0.40721196130167109
r_930bec0aa2d87da4af37350420d8f7a4,Tor browsing,d_1be06ce1b670864df8c500dc82b295ae,1,0,a_e7d8c038c18055500148c5915382bd98,a_71394ec0ae14eb2d17f693263a2fab11,p_50073427af6d5955fe0ec38dc7196723,p_e8fa32c526b9b4cdc16418a4dc18e34a,6,108118,105,101,39288,48258,206,87546,1.9053256627018629,809.72641003348201,424.98058252427182,0.50970873786407767,0.44876978959632652
r_c428a5d91c8bf7410c77edf9208ccf82,Tor browsing,d_1be06ce1b670864df8c500dc82b295ae,1,0,a_e7d8c038c18055500148c5915382bd98,a_69fb0b835452ca85c178bdeaaf11695b,p_6e28331541a724ffc616f1c77ab8d698,p_3d01955bb66b778c6aa471c3a2911a0a,6,18415,60,57,21661,21827,117,43488,6.3535161553081734,2361.5530817268532,371.69230769230768,0.51282051282051277,0.49809142752023544
r_a002fe9edb17ad3a3adb0ca8efe26ebd,Tor browsing,d_1be06ce1b670864df8c500dc82b295ae,1,0,a_e7d8c038c18055500148c5915382bd98,a_e2370a5f48648ec5a5dbdf8b657a0e89,p_74a70872e2beb949e3a85a5d7cb8d5ce,p_3dd478bd944ece2906a0c8e4425f63be,6,12366,16,16,3912,6398,32,10310,2.5877405790069545,833.73766779880316,322.1875,0.5,0.37943743937924346
r_d9dfa2381f8644437f6fde244be9df6c,Tor browsing,d_1be06ce1b670864df8c500dc82b295ae,1,0,a_e7d8c038c18055500148c5915382bd98,a_a48fa200e080157795d8eab9e508626a,p_f44d649b549b307cbbdd7a5bf9769310,p_3dd478bd944ece2906a0c8e4425f63be,6,21417,17,17,3406,11057,34,14463,1.5875239295886445,675.30466451884013,425.38235294117646,0.5,0.23549747631888265
r_5b647e1bfa52df210577ea053d3717cb,Tor browsing,d_1be06ce1b670864df8c500dc82b295ae,1,0,a_e7d8c038c18055500148c5915382bd98,a_71394ec0ae14eb2d17f693263a2fab11,p_e24693882652c64359fe4752c31948da,p_e8fa32c526b9b4cdc16418a4dc18e34a,6,20352,73,71,28211,32622,144,60833,7.0754716981132075,2989.0428459119498,422.45138888888891,0.50694444444444442,0.46374500682195519
r_e75a6c5f3175990425c3803548d263c2,Tor browsing,d_1be06ce1b670864df8c500dc82b295ae,1,0,a_e7d8c038c18055500148c5915382bd98,a_69fb0b835452ca85c178bdeaaf11695b,p_07319552892220eabf15b3984b4f878e,p_3d01955bb66b778c6aa471c3a2911a0a,6,19400,57,54,19421,20129,111,39550,5.7216494845360826,2038.6597938144332,356.30630630630628,0.51351351351351349,0.49104930467762326
r_c8837762f94a81a0048b7d0269436767,Tor browsing,d_1be06ce1b670864df8c500dc82b295ae,1,0,a_e7d8c038c18055500148c5915382bd98,a_8ad3d004aaea95dd920f5565cb97ee42,p_d6263f091996b96064070923759db9b6,p_7aed2817a1259e69653af05a7fa83c69,6,8256,14,11,3801,3956,25,7757,3.0281007751937983,939.5591085271318,310.27999999999997,0.56000000000000005,0.49000902410725794
r_6ef0b02fea84b67078de80cec328fc5e,Tor browsing,d_1be06ce1b670864df8c500dc82b295ae,1,0,a_e7d8c038c18055500148c5915382bd98,a_71394ec0ae14eb2d17f693263a2fab11,p_ae94fa06339958eb9e0ec1d8c39ceae7,p_e8fa32c526b9b4cdc16418a4dc18e34a,6,20306,57,60,19926,24076,117,44002,5.7618437900128034,2166.9457303260119,376.08547008547009,0.48717948717948717,0.4528430525885187
r_218a38894c6e845301487487a9d6843a,Tor browsing,d_1be06ce1b670864df8c500dc82b295ae,1,0,a_e7d8c038c18055500148c5915382bd98,a_69fb0b835452ca85c178bdeaaf11695b,p_e60d7ae99e70a74200fdc3a5c50d188d,p_3d01955bb66b778c6aa471c3a2911a0a,6,19371,49,44,17376,20211,93,37587,4.8009911723710701,1940.3747870528111,404.16129032258067,0.5268817204301075,0.46228749301620242
r_0fe9497686ce609354de35dcbdad5d1f,Tor browsing,d_1be06ce1b670864df8c500dc82b295ae,1,0,a_e7d8c038c18055500148c5915382bd98,a_e2370a5f48648ec5a5dbdf8b657a0e89,p_fa928dc539d46f582d4828896eab2fe4,p_3dd478bd944ece2906a0c8e4425f63be,6,12103,24,26,7003,9554,50,16557,4.1312071387259355,1368.0079319177064,331.13999999999999,0.47999999999999998,0.42296309717944069
r_a12b7191acdfbbcea5df9039b77fae2b,Tor browsing,d_1be06ce1b670864df8c500dc82b295ae,1,0,a_e7d8c038c18055500148c5915382bd98,a_44109c3d8dabe7ec3133755b354bb99b,p_e8d7175d100685ae5c2ebfc186f1a848,p_e805c9d7b1b02a765dbe79d4dc8d4bd7,6,20939,15,11,3161,4951,26,8112,1.2417020870146616,387.41105114857442,312,0.57692307692307687,0.3896696252465483
r_7a2ccf4e4e86c66b9056c77372d37e2e,Tor browsing,d_1be06ce1b670864df8c500dc82b295ae,1,0,a_e7d8c038c18055500148c5915382bd98,a_69fb0b835452ca85c178bdeaaf11695b,p_094a980b947fc9060b0531f7646f0b23,p_3d01955bb66b778c6aa471c3a2911a0a,6,20534,56,54,19328,20665,110,39993,5.3569689295802085,1947.6478036427391,363.57272727272726,0.50909090909090904,0.48328457480059012
r_99ec749e632f7b0da27e96fb9b4f76fb,Tor browsing,d_1be06ce1b670864df8c500dc82b295ae,1,0,a_e7d8c038c18055500148c5915382bd98,a_71394ec0ae14eb2d17f693263a2fab11,p_d46c6b39e55ea56f44314a2b4b7089f8,p_e8fa32c526b9b4cdc16418a4dc18e34a,6,18929,65,58,21356,25558,123,46914,6.4979660837867828,2478.4193565428709,381.41463414634148,0.52845528455284552,0.45521592701538988
r_674e4e67f2481e28cf69ba94ec021fa1,Tor browsing,d_1be06ce1b670864df8c500dc82b295ae,1,0,a_e7d8c038c18055500148c5915382bd98,a_d11f27298fc9f9656afb9f653adf887a,p_bf5a5126336295f14278ae96cc555a83,p_2313704d6916acc778397dda2b5b461d,6,21389,18,16,3455,10990,34,14445,1.5896021319369771,675.34714105381272,424.85294117647061,0.52941176470588236,0.23918310834198683
r_58f1789a00066854250ec653365c997c,Tor browsing,d_1be06ce1b670864df8c500dc82b295ae,1,0,a_e7d8c038c18055500148c5915382bd98,a_69fb0b835452ca85c178bdeaaf11695b,p_ee19ec25a4663f6fcfdfb2c0818da18c,p_3d01955bb66b778c6aa471c3a2911a0a,6,17386,35,33,12075,14971,68,27046,3.9111929138387209,1555.6194639365008,397.73529411764707,0.51470588235294112,0.44646158396805441
r_954c4489defd35dade3f496a07a766ee,Tor browsing,d_1be06ce1b670864df8c500dc82b295ae,1,0,a_e7d8c038c18055500148c5915382bd98,a_ce6f4d7e2bcae8ee8380c8776a11b271,p_748c2313e7197ddb196a8f50d616fc00,p_2313704d6916acc778397dda2b5b461d,6,317,1,1,60,40,2,100,6.309148264984227,315.45741324921136,50,0.5,0.59999999999999998
r_4f70230497b790eb5243dc3170946cfd,Tor browsing,d_1be06ce1b670864df8c500dc82b295ae,1,0,a_e7d8c038c18055500148c5915382bd98,a_71394ec0ae14eb2d17f693263a2fab11,p_cee6d1c87711eb84fd86184a26cfe1ad,p_e8fa32c526b9b4cdc16418a4dc18e34a,6,18435,57,56,18335,22238,113,40573,6.1296446975861141,2200.8679142934639,359.05309734513276,0.50442477876106195,0.45190151085697383
r_38085261fd34e12a54a02a9937d76b43,Tor browsing,d_1be06ce1b670864df8c500dc82b295ae,1,0,a_e7d8c038c18055500148c5915382bd98,a_69fb0b835452ca85c178bdeaaf11695b,p_6512ede85f7f7898755db9fab2fdce62,p_3d01955bb66b778c6aa471c3a2911a0a,6,17502,43,38,12782,16605,81,29387,4.6280425094274946,1679.0652496857504,362.80246913580248,0.53086419753086422,0.43495423146289175
r_c59869ae98d2c4798575dbbb31d66fa0,Tor browsing,d_1be06ce1b670864df8c500dc82b295ae,1,0,a_e7d8c038c18055500148c5915382bd98,a_1b37a0766c980d868a6921a5c1c57e97,p_f6a5b683e6321c6b115df83eb178f8c2,p_2313704d6916acc778397dda2b5b461d,6,335,1,1,60,40,2,100,5.9701492537313428,298.50746268656712,50,0.5,0.59999999999999998
r_c4af35a7aa951a14c87b018c01e0b08b,Tor browsing,d_1be06ce1b670864df8c500dc82b295ae,1,0,a_e7d8c038c18055500148c5915382bd98,a_71394ec0ae14eb2d17f693263a2fab11,p_14f0ecd78772a679bd4c2b61750fad0c,p_e8fa32c526b9b4cdc16418a4dc18e34a,6,20344,44,40,14942,18256,84,33198,4.1289815178922531,1631.8324813212739,395.21428571428572,0.52380952380952384,0.45008735465991928
r_80f44c9d628ec7d726270de7808286bd,Tor browsing,d_1be06ce1b670864df8c500dc82b295ae,1,0,a_e7d8c038c18055500148c5915382bd98,a_69fb0b835452ca85c178bdeaaf11695b,p_897bda4e6bc40bd26b679924d3ce4b99,p_3d01955bb66b778c6aa471c3a2911a0a,6,17410,49,43,14734,16341,92,31075,5.2843193566915563,1784.8937392303274,337.77173913043481,0.53260869565217395,0.47414320193081255
r_fd44b5d274b9307b21fc2d4cad781ffa,Tor browsing,d_1be06ce1b670864df8c500dc82b295ae,1,0,a_e7d8c038c18055500148c5915382bd98,a_e2370a5f48648ec5a5dbdf8b657a0e89,p_52a1a9b929e72352c12f8a257f1f11fe,p_3dd478bd944ece2906a0c8e4425f63be,6,23661,19,18,4599,6502,37,11101,1.5637547018300155,469.16867418959464,300.02702702702703,0.51351351351351349,0.41428700117106565
r_051582c9da33d62487d4e99385f05104,Tor browsing,d_1be06ce1b670864df8c500dc82b295ae,1,0,a_e7d8c038c18055500148c5915382bd98,a_71394ec0ae14eb2d17f693263a2fab11,p_0d3f1d0e86147dec03f5cf0095b01b3f,p_e8fa32c526b9b4cdc16418a4dc18e34a,6,22661,49,58,15814,32644,107,48458,4.7217686774634835,2138.3875380609857,452.87850467289718,0.45794392523364486,0.32634446324652278
r_c25c17413d1bb484db5c87bfc987239f,Tor browsing,d_1be06ce1b670864df8c500dc82b295ae,1,0,a_e7d8c038c18055500148c5915382bd98,a_69fb0b835452ca85c178bdeaaf11695b,p_a06025ecd0fe0b4dfa0a27a7532e0908,p_3d01955bb66b778c6aa471c3a2911a0a,6,22706,41,35,11596,17180,76,28776,3.3471329164097594,1267.3302210869374,378.63157894736844,0.53947368421052633,0.40297470113983874
r_8e78ecda871c26527c9cdbca0286b4a0,Tor browsing,d_1be06ce1b670864df8c500dc82b295ae,1,0,a_e7d8c038c18055500148c5915382bd98,a_2d7bf6217aa191f1963a700a89da0656,p_fd85d0edae8b157775005ae95e5d7fb0,p_2313704d6916acc778397dda2b5b461d,6,19306,9,0,540,0,9,540,0.46617631824303324,27.970579094581993,60,1,1
r_fefe279320bfa5da78756f25c3e0d519,Tor browsing,d_1be06ce1b670864df8c500dc82b295ae,1,0,a_e7d8c038c18055500148c5915382bd98,a_71394ec0ae14eb2d17f693263a2fab11,p_26a62099a7448d04df211af3421cb4a0,p_e8fa32c526b9b4cdc16418a4dc18e34a,6,19158,69,70,28521,32592,139,61113,7.255454640359118,3189.9467585342936,439.66187050359713,0.49640287769784175,0.46669284767561731
r_2bbc0efd44b9aee08043cbd486853656,Tor browsing,d_1be06ce1b670864df8c500dc82b295ae,1,0,a_e7d8c038c18055500148c5915382bd98,a_69fb0b835452ca85c178bdeaaf11695b,p_c1bb036cc3b443b9b3b411da0fe2aab5,p_3d01955bb66b778c6aa471c3a2911a0a,6,18235,42,42,12759,16299,84,29058,4.6065259117082533,1593.5289278859336,345.92857142857144,0.5,0.4390873425562668
r_473c9c43d4f2d1856b85a958cd7dd570,Tor browsing,d_1be06ce1b670864df8c500dc82b295ae,1,0,a_e7d8c038c18055500148c5915382bd98,a_61d6a218021f54e3ea41e0ecf2d9ca7b,p_28fa523701cac197e5230cc8adbd4fec,p_013608c8f0af35c440aae1093951f7d0,6,20167,16,12,3339,6175,28,9514,1.3884068031933356,471.76079734219263,339.78571428571428,0.5714285714285714,0.3509564851797351
r_3d49b2a4f83609c1867017a344566382,Tor browsing,d_1be06ce1b670864df8c500dc82b295ae,1,0,a_e7d8c038c18055500148c5915382bd98,a_69fb0b835452ca85c178bdeaaf11695b,p_dfd50ba18050170119682928fbc36b36,p_3d01955bb66b778c6aa471c3a2911a0a,6,19244,89,87,31712,33549,176,65261,9.1457077530658903,3391.2388276865518,370.80113636363637,0.50568181818181823,0.4859257443189654
r_3c869c919a4e63e6f0de3a2271ba02c0,Tor browsing,d_1be06ce1b670864df8c500dc82b295ae,1,0,a_e7d8c038c18055500148c5915382bd98,a_71394ec0ae14eb2d17f693263a2fab11,p_26da443f101a15927df4e2e9edbb876f,p_e8fa32c526b9b4cdc16418a4dc18e34a,6,18199,35,37,12326,16470,72,28796,3.9562613330402767,1582.2847409198307,399.94444444444446,0.4861111111111111,0.42804556188359494
r_ef3b34ac9b791125afe7a8ab69847edc,Tor browsing,d_1be06ce1b670864df8c500dc82b295ae,1,0,a_e7d8c038c18055500148c5915382bd98,a_916592aac949494ee370e7a9592802f4,p_44362cc0153bd892b2b48fd22a5d541a,p_570451000db5bc942dd5e80a742b2309,6,3098,4,0,240,0,4,240,1.2911555842479019,77.469335054874122,60,1,1
r_a7a70234a4f658399702be3d6e7e84a8,Tor browsing,d_1be06ce1b670864df8c500dc82b295ae,1,0,a_e7d8c038c18055500148c5915382bd98,a_69fb0b835452ca85c178bdeaaf11695b,p_a0becf824bfbada6acd379b47e953e3b,p_3d01955bb66b778c6aa471c3a2911a0a,6,18312,46,50,14474,34903,96,49377,5.2424639580602879,2696.4285714285711,514.34375,0.47916666666666669,0.29313243007878159
r_9a250bcf4bbb91b58d41742c2040c783,Tor browsing,d_1be06ce1b670864df8c500dc82b295ae,1,0,a_e7d8c038c18055500148c5915382bd98,a_71394ec0ae14eb2d17f693263a2fab11,p_46e2081a99b93b7fb2f49042d76b4629,p_e8fa32c526b9b4cdc16418a4dc18e34a,6,17246,34,33,10769,16732,67,27501,3.8849588310332832,1594.6306389887511,410.46268656716416,0.5074626865671642,0.39158576051779936
r_8cbc4a54caf959eb7a7eb2dab7aa322d,Tor browsing,d_1be06ce1b670864df8c500dc82b295ae,1,0,a_e7d8c038c18055500148c5915382bd98,a_e2370a5f48648ec5a5dbdf8b657a0e89,p_07be78dcbc7aa32d5a4d666ebdf494fc,p_3dd478bd944ece2906a0c8e4425f63be,6,13298,22,20,5300,8750,42,14050,3.1583696796510754,1056.5498571213716,334.52380952380952,0.52380952380952384,0.37722419928825623
r_78e29b2bd8efd2744b71353caa81351f,Tor browsing,d_1be06ce1b670864df8c500dc82b295ae,1,0,a_e7d8c038c18055500148c5915382bd98,a_838767ae237b031a3400278c3cfa6317,p_52717b037f6e590bd608fabf07a6a945,p_2313704d6916acc778397dda2b5b461d,6,7190,7,0,420,0,7,420,0.97357440890125169,58.414464534075101,60,1,1
r_8fa660b5670e4c19aff8bc417920425c,Tor browsing,d_1be06ce1b670864df8c500dc82b295ae,1,0,a_e7d8c038c18055500148c5915382bd98,a_71394ec0ae14eb2d17f693263a2fab11,p_fe1b9c3978a2adf477d6fa83506a457a,p_e8fa32c526b9b4cdc16418a4dc18e34a,6,10313,28,24,8807,11572,52,20379,5.0421797731019096,1976.0496460777658,391.90384615384613,0.53846153846153844,0.43216055743657689
r_aa0bb1510c3304277b7eca077295c4ca,Tor browsing,d_1be06ce1b670864df8c500dc82b295ae,1,0,a_e7d8c038c18055500148c5915382bd98,a_69fb0b835452ca85c178bdeaaf11695b,p_90dc30018f0b0fdae3004b44194b735c,p_3d01955bb66b778c6aa471c3a2911a0a,6,7448,14,13,3270,5701,27,8971,3.6251342642320084,1204.4844253490869,332.25925925925924,0.51851851851851849,0.36450785865566826
r_1da5f842092de0d4142e910b4ef6e1ab,Tor browsing,d_1be06ce1b670864df8c500dc82b295ae,1,0,a_e7d8c038c18055500148c5915382bd98,a_71394ec0ae14eb2d17f693263a2fab11,p_e8c11686c1a4b8db3db05cbc86b89357,p_e8fa32c526b9b4cdc16418a4dc18e34a,6,20334,29,23,9932,11520,52,21452,2.5572932035015246,1054.9818038752828,412.53846153846155,0.55769230769230771,0.46298713406675368
r_8c5ca85a612c03eb48d09d2c9ee893b7,Tor browsing,d_1be06ce1b670864df8c500dc82b295ae,1,0,a_e7d8c038c18055500148c5915382bd98,a_69fb0b835452ca85c178bdeaaf11695b,p_38c1e53c7c9473483eea9f46eec6aaaa,p_3d01955bb66b778c6aa471c3a2911a0a,6,18401,21,19,6283,7097,40,13380,2.173794902450954,727.13439486984407,334.5,0.52500000000000002,0.46958146487294472
r_20bc765c8b4d35829c8684e6c575e17c,Tor browsing,d_1be06ce1b670864df8c500dc82b295ae,1,0,a_e7d8c038c18055500148c5915382bd98,a_e2370a5f48648ec5a5dbdf8b657a0e89,p_7a0a7c3fe0e9a4c0f41ef9b3ebe7699e,p_3dd478bd944ece2906a0c8e4425f63be,6,13394,4,3,530,164,7,694,0.52262206958339552,51.814245184410929,99.142857142857139,0.5714285714285714,0.76368876080691639
r_7c73a33afa9913d1295821d0c6dca4a1,Tor browsing,d_1be06ce1b670864df8c500dc82b295ae,1,0,a_e7d8c038c18055500148c5915382bd98,a_a4c91776a834f03fdfeff0928a4d4107,p_f69b1f2481b03d015c619f2caa209058,p_346156c425c7ac656c5ba25e35116854,6,11229,8,0,480,0,8,480,0.71244100097960639,42.746460058776385,60,1,1
r_10c71eaa5208f190a37d6fb99d3403a3,Tor browsing,d_1be06ce1b670864df8c500dc82b295ae,1,0,a_e7d8c038c18055500148c5915382bd98,a_69fb0b835452ca85c178bdeaaf11695b,p_967f1d836bcef7599945663c1975b56a,p_3d01955bb66b778c6aa471c3a2911a0a,6,16471,41,47,11633,29431,88,41064,5.3427235747677733,2493.1091008439075,466.63636363636363,0.46590909090909088,0.28328949931813752
r_88fc834726fe96f984ac702b688feb7d,Tor browsing,d_1be06ce1b670864df8c500dc82b295ae,1,0,a_e7d8c038c18055500148c5915382bd98,a_71394ec0ae14eb2d17f693263a2fab11,p_618f5cb5dca7e81fd3dcb9a4c4ce8ebc,p_e8fa32c526b9b4cdc16418a4dc18e34a,6,15443,45,46,15486,25852,91,41338,5.8926374409117397,2676.8115003561484,454.26373626373629,0.49450549450549453,0.3746189946296386
r_3e09340ef0a7defd9b0ead5269591118,Tor browsing,d_1be06ce1b670864df8c500dc82b295ae,1,0,a_e7d8c038c18055500148c5915382bd98,a_e2370a5f48648ec5a5dbdf8b657a0e89,p_3e82b35acecb2748e20d12e30a5d224f,p_3dd478bd944ece2906a0c8e4425f63be,6,7474,4,3,531,164,7,695,0.93658014450093652,92.989028632592991,99.285714285714292,0.5714285714285714,0.76402877697841731
r_e6b543a4627a624ee4306d6389d276bc,Tor browsing,d_1be06ce1b670864df8c500dc82b295ae,1,0,a_e7d8c038c18055500148c5915382bd98,a_80009f8dc6b9e2b568a46faf4af2f052,p_c21a28f821fdcb7c3428e0acabfa0c94,p_2313704d6916acc778397dda2b5b461d,6,11186,8,0,480,0,8,480,0.71517968889683536,42.910781333810121,60,1,1
r_5e995335e82c7296d857a1848299f121,Tor browsing,d_1be06ce1b670864df8c500dc82b295ae,1,0,a_e7d8c038c18055500148c5915382bd98,a_69fb0b835452ca85c178bdeaaf11695b,p_957d19d2c420713fb5529c1b5256d174,p_3d01955bb66b778c6aa471c3a2911a0a,6,16407,68,66,18352,40001,134,58353,8.1672456878161768,3556.5916986652037,435.47014925373134,0.5074626865671642,0.31449968296402925
r_b2a858ee4db86d8fdefc122327f181dc,Tor browsing,d_1be06ce1b670864df8c500dc82b295ae,1,0,a_e7d8c038c18055500148c5915382bd98,a_71394ec0ae14eb2d17f693263a2fab11,p_898d51f8c37cf32f7076af208707ce79,p_e8fa32c526b9b4cdc16418a4dc18e34a,6,14984,43,39,12312,16640,82,28952,5.4725040042712223,1932.1943406300054,353.07317073170731,0.52439024390243905,0.42525559546836145
r_14f4f0a9a94a2df0ad1c7c47cc5b6526,Tor browsing,d_1be06ce1b670864df8c500dc82b295ae,1,0,a_e7d8c038c18055500148c5915382bd98,a_68080e05dbd647c57e8bf90261b24d94,p_1f5bbbf0c6486fdf3d9de3a9baf79735,p_2313704d6916acc778397dda2b5b461d,6,2025,3,0,180,0,3,180,1.4814814814814816,88.888888888888886,60,1,1
r_c3a362b85e9e3613ceeacb14cfd13052,Tor browsing,d_1be06ce1b670864df8c500dc82b295ae,1,0,a_e7d8c038c18055500148c5915382bd98,a_71394ec0ae14eb2d17f693263a2fab11,p_902ef2399045e0e2c56e49ab46856f7f,p_e8fa32c526b9b4cdc16418a4dc18e34a,6,17413,53,51,20233,24122,104,44355,5.9725492448170909,2547.2348245563658,426.49038461538464,0.50961538461538458,0.45616052305264343
r_819e30630424daf72aa5693111c858d9,Tor browsing,d_1be06ce1b670864df8c500dc82b295ae,1,0,a_e7d8c038c18055500148c5915382bd98,a_69fb0b835452ca85c178bdeaaf11695b,p_513a8a95f7351b7ab38e87bf5871a16f,p_3d01955bb66b778c6aa471c3a2911a0a,6,17034,51,52,16406,19969,103,36375,6.0467300692732184,2135.4350123282848,353.15533980582524,0.49514563106796117,0.45102405498281789
r_bfc0c8c548e2200ff86f8b24c0910fce,Tor browsing,d_1be06ce1b670864df8c500dc82b295ae,1,0,a_e7d8c038c18055500148c5915382bd98,a_71394ec0ae14eb2d17f693263a2fab11,p_318947ce48f7e09a48cb84aab0d01004,p_e8fa32c526b9b4cdc16418a4dc18e34a,6,19717,72,69,26011,30932,141,56943,7.1511893290054269,2888.0154181670641,403.85106382978722,0.51063829787234039,0.4567901234567901
r_7a73cbadccff1d6c74e3a2eecb0ad279,Tor browsing,d_1be06ce1b670864df8c500dc82b295ae,1,0,a_e7d8c038c18055500148c5915382bd98,a_69fb0b835452ca85c178bdeaaf11695b,p_b2a7735dd010e7fb9ee7f9bcbcdd31b1,p_3d01955bb66b778c6aa471c3a2911a0a,6,17774,47,46,16230,18105,93,34335,5.2323618768988407,1931.7542477776526,369.19354838709677,0.5053763440860215,0.47269550021843598
r_0717bf9ee2158687edd133810014b558,Tor browsing,d_1be06ce1b670864df8c500dc82b295ae,1,0,a_e7d8c038c18055500148c5915382bd98,a_a4b193b39a845b1181776c77eda2ad83,p_38eb43a0d9a1df65dd873a7493feb5e7,p_3dd478bd944ece2906a0c8e4425f63be,6,292,1,1,60,40,2,100,6.8493150684931514,342.46575342465758,50,0.5,0.59999999999999998
r_067c3cf94565bf012a4d81db9f0fd204,Tor browsing,d_1be06ce1b670864df8c500dc82b295ae,1,0,a_e7d8c038c18055500148c5915382bd98,a_69fb0b835452ca85c178bdeaaf11695b,p_cdfc383e3731f19d15e7fa206b85e49b,p_3d01955bb66b778c6aa471c3a2911a0a,6,18170,40,41,13686,16717,81,30403,4.4578976334617497,1673.2526141992294,375.34567901234567,0.49382716049382713,0.45015294543301648
r_f7b6f17eaab8a8180fbaeb3911d13dd7,Tor browsing,d_1be06ce1b670864df8c500dc82b295ae,1,0,a_e7d8c038c18055500148c5915382bd98,a_71394ec0ae14eb2d17f693263a2fab11,p_3ce2043085b4d7dbe00922546564dd83,p_e8fa32c526b9b4cdc16418a4dc18e34a,6,17112,62,54,21753,25842,116,47595,6.7788686302010293,2781.3814866760172,410.30172413793105,0.53448275862068961,0.4570438071225969
r_d169943533dd839929fc6992d33408f6,Tor browsing,d_1be06ce1b670864df8c500dc82b295ae,1,0,a_e7d8c038c18055500148c5915382bd98,a_69fb0b835452ca85c178bdeaaf11695b,p_a8ac2bc0091d9a59f72bc66d9c0c3edd,p_3d01955bb66b778c6aa471c3a2911a0a,6,20418,55,55,20835,23877,110,44712,5.3874032716230777,2189.8325007346461,406.4727272727273,0.5,0.46598228663446056
r_da5c43561a7cb2e0381c83533e81d9f1,Tor browsing,d_1be06ce1b670864df8c500dc82b295ae,1,0,a_e7d8c038c18055500148c5915382bd98,a_71394ec0ae14eb2d17f693263a2fab11,p_58e4944f02b536a2705f17a1c2c78dd2,p_e8fa32c526b9b4cdc16418a4dc18e34a,6,19420,60,61,23812,27278,121,51090,6.2306900102986607,2630.7929969104016,422.23140495867767,0.49586776859504134,0.46607946760618518
r_9d0e627125ea243bac12d9659ac2ce88,Tor browsing,d_1be06ce1b670864df8c500dc82b295ae,1,0,a_e7d8c038c18055500148c5915382bd98,a_69fb0b835452ca85c178bdeaaf11695b,p_84d2fa252e0c2632b3d9721eb1333c8d,p_3d01955bb66b778c6aa471c3a2911a0a,6,20482,44,46,17043,20149,90,37192,4.3941021384630412,1815.8382970413047,413.24444444444447,0.48888888888888887,0.45824370832437084
r_48fad9db439a1950c672538438b27782,Tor browsing,d_1be06ce1b670864df8c500dc82b295ae,1,0,a_e7d8c038c18055500148c5915382bd98,a_71394ec0ae14eb2d17f693263a2fab11,p_7c15de3fb35dc54df74463d7c9bcf768,p_e8fa32c526b9b4cdc16418a4dc18e34a,6,17432,63,66,26087,29168,129,55255,7.4001835704451588,3169.7452960073429,428.33333333333331,0.48837209302325579,0.47212017012035112
r_d6cab53d8112a8da33ab655386015bed,Tor browsing,d_1be06ce1b670864df8c500dc82b295ae,1,0,a_e7d8c038c18055500148c5915382bd98,a_7f9a3d6cb1fa2e3871b0adaae0231dfa,p_2daea87e9a6b33c1952d130a59c2ed10,p_2313704d6916acc778397dda2b5b461d,6,21286,17,16,3408,11036,33,14444,1.5503147608756929,678.5680729117729,437.69696969696969,0.51515151515151514,0.23594572140681253
r_5dbd2892a05f2a315f6c323177efde70,Tor browsing,d_1be06ce1b670864df8c500dc82b295ae,1,0,a_e7d8c038c18055500148c5915382bd98,a_71394ec0ae14eb2d17f693263a2fab11,p_b98f59abd11f6afe7cfa3cb1dc370e1c,p_e8fa32c526b9b4cdc16418a4dc18e34a,6,20347,62,56,22838,25498,118,48336,5.7993807440900378,2375.583624121492,409.62711864406782,0.52542372881355937,0.47248427672955973
r_eafb85920ad218136d63fd190dcb61ce,Tor browsing,d_1be06ce1b670864df8c500dc82b295ae,1,0,a_e7d8c038c18055500148c5915382bd98,a_69fb0b835452ca85c178bdeaaf11695b,p_a328191163aa6a60e992493697c62ac6,p_3d01955bb66b778c6aa471c3a2911a0a,6,17390,28,27,11444,11231,55,22675,3.1627372052903966,1303.9102932719954,412.27272727272725,0.50909090909090904,0.50469680264608596
r_f18da81b9f5a425e9285a8607349e0bb,Tor browsing,d_1be06ce1b670864df8c500dc82b295ae,1,0,a_e7d8c038c18055500148c5915382bd98,a_9c52f32b516e62ecb0173efa9901c631,p_3aca85defaa756c407353bb3cf901081,p_2313704d6916acc778397dda2b5b461d,6,19345,9,0,540,0,9,540,0.46523649521840271,27.914189713104165,60,1,1
r_21d883fe2783f4469ce1e4a62427b38f,Tor browsing,d_1be06ce1b670864df8c500dc82b295ae,1,0,a_e7d8c038c18055500148c5915382bd98,a_71394ec0ae14eb2d17f693263a2fab11,p_a9a28cfeb6bca8abe20063621b01958e,p_e8fa32c526b9b4cdc16418a4dc18e34a,6,20335,60,60,20574,24634,120,45208,5.9011556429800835,2223.1620358986966,376.73333333333335,0.5,0.45509644310741459
r_7db91ceeb0240df87828735e1d67bdf8,Tor browsing,d_1be06ce1b670864df8c500dc82b295ae,1,0,a_e7d8c038c18055500148c5915382bd98,a_69fb0b835452ca85c178bdeaaf11695b,p_49362a584f6b0e22387f07ee40c2f5d3,p_3d01955bb66b778c6aa471c3a2911a0a,6,19961,57,55,24153,25485,112,49638,5.6109413356044291,2486.7491608636842,443.19642857142856,0.5089285714285714,0.48658285990571737
r_9231b34f957494bec3df74c2c7671ac7,Tor browsing,d_1be06ce1b670864df8c500dc82b295ae,1,0,a_e7d8c038c18055500148c5915382bd98,a_71394ec0ae14eb2d17f693263a2fab11,p_7ef3d2ade7a0cd1ef9c9eb3cc41dcb05,p_e8fa32c526b9b4cdc16418a4dc18e34a,6,14143,35,35,11307,17438,70,28745,4.9494449551014634,2032.4542176341652,410.64285714285717,0.5,0.39335536615063488
r_fc67a6a0d6f354cb8fc8f317b2350ea2,Tor browsing,d_1be06ce1b670864df8c500dc82b295ae,1,0,a_e7d8c038c18055500148c5915382bd98,a_69fb0b835452ca85c178bdeaaf11695b,p_7820aeb5cf1815fe3bec67ce710a4e65,p_3d01955bb66b778c6aa471c3a2911a0a,6,13196,36,39,9207,26893,75,36100,5.6835404668081235,2735.6774780236437,481.33333333333331,0.47999999999999998,0.25504155124653738
r_39ec3a217c5874e2a84359401da0460a,Tor browsing,d_1be06ce1b670864df8c500dc82b295ae,1,0,a_e7d8c038c18055500148c5915382bd98,a_e2370a5f48648ec5a5dbdf8b657a0e89,p_656acde5ec67adf9c688d8e822977117,p_3dd478bd944ece2906a0c8e4425f63be,6,11183,24,25,6468,11580,49,18048,4.381650719842618,1613.8782079942771,368.32653061224488,0.48979591836734693,0.3583776595744681
r_41d09405fb29582e82415291835bcdfc,Tor browsing,d_1be06ce1b670864df8c500dc82b295ae,1,0,a_e7d8c038c18055500148c5915382bd98,a_5482ccd300b968cc8bff27e24532b89c,p_ac2f132eec320c0fbbfee0f8a384d44a,p_2313704d6916acc778397dda2b5b461d,6,7182,7,0,420,0,7,420,0.97465886939571145,58.479532163742689,60,1,1
r_c6027743db5b984a6546ca0c5b60da41,Tor browsing,d_1be06ce1b670864df8c500dc82b295ae,1,0,a_e7d8c038c18055500148c5915382bd98,a_71394ec0ae14eb2d17f693263a2fab11,p_6dfcc87568d1b22129ef853fba13d1b6,p_e8fa32c526b9b4cdc16418a4dc18e34a,6,11098,27,24,8782,11046,51,19828,4.5954225986664259,1786.6282213011352,388.78431372549022,0.52941176470588236,0.44290901755093809
r_c863d49f5d299c8051ebcb4fade82d5e,Tor browsing,d_1be06ce1b670864df8c500dc82b295ae,1,0,a_e7d8c038c18055500148c5915382bd98,a_69fb0b835452ca85c178bdeaaf11695b,p_18403da4e7c77d2019e28ca9b1bc5c20,p_3d01955bb66b778c6aa471c3a2911a0a,6,9442,20,20,7819,9259,40,17078,4.2363905952128782,1808.7269646261384,426.94999999999999,0.5,0.45784049654526293
r_be10d9b121349b395445aa766c60dd34,Tor browsing,d_1be06ce1b670864df8c500dc82b295ae,1,0,a_e7d8c038c18055500148c5915382bd98,a_48e6ee8f6653b5543f3ff18a911215d1,p_23eb95b05e22b894fe5d0fafe9e01c38,p_2313704d6916acc778397dda2b5b461d,6,19574,9,0,540,0,9,540,0.45979360376008988,27.587616225605391,60,1,1
r_5561f08ff652eaa2fcfd717c936eea05,Tor browsing,d_1be06ce1b670864df8c500dc82b295ae,1,0,a_e7d8c038c18055500148c5915382bd98,a_71394ec0ae14eb2d17f693263a2fab11,p_98c43612a1913ab8a6be824a474e2f55,p_e8fa32c526b9b4cdc16418a4dc18e34a,6,20367,50,48,17942,21866,98,39808,4.8117052094073749,1954.5342956743752,406.20408163265307,0.51020408163265307,0.45071342443729906
r_9dcfe8740240ae756eb7e2372dccac02,Tor browsing,d_1be06ce1b670864df8c500dc82b295ae,1,0,a_e7d8c038c18055500148c5915382bd98,a_69fb0b835452ca85c178bdeaaf11695b,p_3c361cacfcf27dd5c4422175da6ad625,p_3d01955bb66b778c6aa471c3a2911a0a,6,18192,56,53,19789,22971,109,42760,5.991644678979771,2350.4837291116974,392.29357798165137,0.51376146788990829,0.46279232927970065
r_b4c571e4168beb6f410af2435bb35e68,Tor browsing,d_1be06ce1b670864df8c500dc82b295ae,1,0,a_e7d8c038c18055500148c5915382bd98,a_69fb0b835452ca85c178bdeaaf11695b,p_d5c747ee20acb4fb96ddb8ec606526a5,p_3d01955bb66b778c6aa471c3a2911a0a,6,20426,35,31,11275,15705,66,26980,3.2311759522177619,1320.8655634975032,408.78787878787881,0.53030303030303028,0.41790214974054857
r_062a6ec7c88b3fdcb09e6a51f1d2c7ce,Tor browsing,d_1be06ce1b670864df8c500dc82b295ae,1,0,a_e7d8c038c18055500148c5915382bd98,a_e2370a5f48648ec5a5dbdf8b657a0e89,p_de4da5df3d164de30f0e245cc8a9ad2c,p_3dd478bd944ece2906a0c8e4425f63be,6,18373,22,19,5271,8676,41,13947,2.2315354052141729,759.10303162248942,340.17073170731709,0.53658536585365857,0.37793073779307379
r_ff65671a5507efa96b53e667875e2059,Tor browsing,d_1be06ce1b670864df8c500dc82b295ae,1,0,a_e7d8c038c18055500148c5915382bd98,a_71394ec0ae14eb2d17f693263a2fab11,p_604a9c8e9630bcc422d2c1b1ee915c71,p_e8fa32c526b9b4cdc16418a4dc18e34a,6,17356,63,61,24453,27836,124,52289,7.1445033417838202,3012.7333486978564,421.68548387096774,0.50806451612903225,0.46765093996825335
r_51fc01e20eb59f0d6f42261e84c3a6ef,Tor browsing,d_1be06ce1b670864df8c500dc82b295ae,1,0,a_e7d8c038c18055500148c5915382bd98,a_ef39829e394acd752cfa7bb53a9900ed,p_6ca5cb9afd63adb80cb06fd2e0fb712a,p_2d36b619be089107b3d8a5a53b5aa6c4,6,21398,16,14,3369,8325,30,11694,1.4020001869333583,546.49967286662309,389.80000000000001,0.53333333333333333,0.28809645972293485
r_1c57c5c01dbd504272a227f8710a01cc,Tor browsing,d_1be06ce1b670864df8c500dc82b295ae,1,0,a_e7d8c038c18055500148c5915382bd98,a_71394ec0ae14eb2d17f693263a2fab11,p_f5bcc20679de9f2921cb1072a712fb49,p_e8fa32c526b9b4cdc16418a4dc18e34a,6,20327,62,59,22276,25610,121,47886,5.9526737836375263,2355.7829487873269,395.75206611570246,0.51239669421487599,0.46518815520193796
r_438bab7af7809b3edc5c206c9c33c8bd,Tor browsing,d_1be06ce1b670864df8c500dc82b295ae,1,0,a_e7d8c038c18055500148c5915382bd98,a_69fb0b835452ca85c178bdeaaf11695b,p_3b3c14e3f9be01856ee6202c6b6e113c,p_3d01955bb66b778c6aa471c3a2911a0a,6,18408,58,54,19920,22753,112,42673,6.0843111690569316,2318.1768796175575,381.00892857142856,0.5178571428571429,0.46680570852764042
r_9a2e344804056250298bceac96fd84d5,Tor browsing,d_1be06ce1b670864df8c500dc82b295ae,1,0,a_e7d8c038c18055500148c5915382bd98,a_f16176952400ecbba885387c415482be,p_9506bdc77078d5598a555996de2f5730,p_2313704d6916acc778397dda2b5b461d,6,0,1,0,60,0,1,60,,,60,1,1
r_1f534a33e07cac5fb78e309d3a6173a2,Tor browsing,d_1be06ce1b670864df8c500dc82b295ae,1,0,a_e7d8c038c18055500148c5915382bd98,a_69fb0b835452ca85c178bdeaaf11695b,p_897b146809606fbda2ac9b6c7968cbc8,p_3d01955bb66b778c6aa471c3a2911a0a,6,14823,62,60,21819,24179,122,45998,8.2304526748971192,3103.1505093435876,377.03278688524591,0.50819672131147542,0.47434671072655332
r_7e4b822cf67e6289f8c3c5bdf6d70472,Tor browsing,d_1be06ce1b670864df8c500dc82b295ae,1,0,a_e7d8c038c18055500148c5915382bd98,a_71394ec0ae14eb2d17f693263a2fab11,p_cb032c7c0b2a5696685483e104a9e69e,p_e8fa32c526b9b4cdc16418a4dc18e34a,6,12456,54,60,12806,45172,114,57978,9.1522157996146447,4654.6242774566472,508.57894736842104,0.47368421052631576,0.22087688433543759
r_35ff24cf910979883edbfc418684b159,Tor browsing,d_1be06ce1b670864df8c500dc82b295ae,1,0,a_e7d8c038c18055500148c5915382bd98,a_69fb0b835452ca85c178bdeaaf11695b,p_dc47fcb5eb9c636616fc72dfa8824b04,p_3d01955bb66b778c6aa471c3a2911a0a,6,20454,42,39,14299,16613,81,30912,3.9601056028160748,1511.2936344969198,381.62962962962962,0.51851851851851849,0.46257116977225671
r_67068bf9d4af7670bf17ffdf9282dddf,Tor browsing,d_1be06ce1b670864df8c500dc82b295ae,1,0,a_e7d8c038c18055500148c5915382bd98,a_71394ec0ae14eb2d17f693263a2fab11,p_d72e3ac488ebb2f9eeb38d2ae24d2445,p_e8fa32c526b9b4cdc16418a4dc18e34a,6,18336,48,45,16202,20616,93,36818,5.0719895287958119,2007.9624781849914,395.89247311827955,0.5161290322580645,0.44005649410614373
r_27b7523d212d605615cb560560c50cd4,Tor browsing,d_1be06ce1b670864df8c500dc82b295ae,1,0,a_e7d8c038c18055500148c5915382bd98,a_e2370a5f48648ec5a5dbdf8b657a0e89,p_a55b80824dad951ec371839fbfb9cd36,p_3dd478bd944ece2906a0c8e4425f63be,6,13340,21,20,5763,8728,41,14491,3.073463268365817,1086.2818590704649,353.4390243902439,0.51219512195121952,0.39769512110965427
r_1fe86fb7e02231ac7f644943918efc64,Tor browsing,d_1be06ce1b670864df8c500dc82b295ae,1,0,a_e7d8c038c18055500148c5915382bd98,a_db61c1ebde21a4bbe71e70376a9b29fe,p_5de81b725bcd64fa4dae345913a8d7e9,p_3dd478bd944ece2906a0c8e4425f63be,6,21352,16,16,3353,11019,32,14372,1.4986886474334957,673.0985387785687,449.125,0.5,0.23330086278875592
r_2fec3c3acbcf71949772c6d3c1c27b60,Tor browsing,d_1be06ce1b670864df8c500dc82b295ae,1,0,a_e7d8c038c18055500148c5915382bd98,a_69fb0b835452ca85c178bdeaaf11695b,p_5659f5ec9001f22529a219f1bb1277d7,p_3d01955bb66b778c6aa471c3a2911a0a,6,20391,57,59,19902,23561,116,43463,5.6887842675690257,2131.4795743220052,374.68103448275861,0.49137931034482757,0.45790672526056647
r_c72d92313669351eaf74ab464a841677,Tor browsing,d_1be06ce1b670864df8c500dc82b295ae,1,0,a_e7d8c038c18055500148c5915382bd98,a_71394ec0ae14eb2d17f693263a2fab11,p_7482e026fecb63810b2e2c7dda3abea5,p_e8fa32c526b9b4cdc16418a4dc18e34a,6,19317,42,43,14839,17854,85,32693,4.400269192938862,1692.4470673500025,384.62352941176471,0.49411764705882355,0.45388921175786867
r_1e657509b31fd286a4ac1fae676a2959,Tor browsing,d_1be06ce1b670864df8c500dc82b295ae,1,0,a_e7d8c038c18055500148c5915382bd98,a_e2370a5f48648ec5a5dbdf8b657a0e89,p_68bdaf1a19963bfbcd6dbbf7bb5c22cd,p_3dd478bd944ece2906a0c8e4425f63be,6,17359,19,20,5115,8706,39,13821,2.2466731954605677,796.18641626821818,354.38461538461536,0.48717948717948717,0.37008899500759712
r_d9bada5b4fb8769e76cb0e4c98096adf,Tor browsing,d_1be06ce1b670864df8c500dc82b295ae,1,0,a_e7d8c038c18055500148c5915382bd98,a_fad4c2dbbf26ae5f443ab5b920d706fb,p_17995b6b5273bdf0f19b9b2e61e4c676,p_2313704d6916acc778397dda2b5b461d,6,11209,8,0,480,0,8,480,0.7137121955571416,42.822731733428498,60,1,1
r_ddae0dec0945b52a8102daa0f586f507,Tor browsing,d_1be06ce1b670864df8c500dc82b295ae,1,0,a_e7d8c038c18055500148c5915382bd98,a_71394ec0ae14eb2d17f693263a2fab11,p_e1fc00f189fbe9a823e1b0a0b329e108,p_e8fa32c526b9b4cdc16418a4dc18e34a,6,16986,54,58,18722,23414,112,42136,6.5936653714823974,2480.6311079712705,376.21428571428572,0.48214285714285715,0.4443231441048035
r_92c1aecff0b6fd820fc5cf7bb1bf314d,Tor browsing,d_1be06ce1b670864df8c500dc82b295ae,1,0,a_e7d8c038c18055500148c5915382bd98,a_69fb0b835452ca85c178bdeaaf11695b,p_e338268ba02e1dbe54a36ca26512f33d,p_3d01955bb66b778c6aa471c3a2911a0a,6,16025,56,53,20904,23205,109,44109,6.8018720748829962,2752.5117004680192,404.66972477064218,0.51376146788990829,0.47391688770999119
r_a57717a1429bde3a52ea4b0602e60eba,Tor browsing,d_1be06ce1b670864df8c500dc82b295ae,1,0,a_e7d8c038c18055500148c5915382bd98,a_71394ec0ae14eb2d17f693263a2fab11,p_5e0141b0814ad62628f1ebc959798291,p_e8fa32c526b9b4cdc16418a4dc18e34a,6,14562,54,56,17053,38414,110,55467,7.553907430298036,3809.02348578492,504.24545454545455,0.49090909090909091,0.30744406584095046
r_3740a97b53e876c8df4d551d12d462dd,Tor browsing,d_1be06ce1b670864df8c500dc82b295ae,1,0,a_e7d8c038c18055500148c5915382bd98,a_e2370a5f48648ec5a5dbdf8b657a0e89,p_ce5970149b4f338f1d8b311d5ffd320e,p_3dd478bd944ece2906a0c8e4425f63be,6,11568,24,25,6461,10060,49,16521,4.23582295988935,1428.1639004149379,337.16326530612247,0.48979591836734693,0.39107802191150659
r_574e468aebfb8ae08a5b68bc41f1eaed,Tor browsing,d_1be06ce1b670864df8c500dc82b295ae,1,0,a_e7d8c038c18055500148c5915382bd98,a_69fb0b835452ca85c178bdeaaf11695b,p_7db8d1feeabaf14b6caeb6462c06302a,p_3d01955bb66b778c6aa471c3a2911a0a,6,4600,14,13,3260,5701,27,8961,5.8695652173913047,1948.0434782608697,331.88888888888891,0.51851851851851849,0.36379868318268049
r_e093d50b8fcf3d89f6bb41692d02da3c,Tor browsing,d_1be06ce1b670864df8c500dc82b295ae,1,0,a_e7d8c038c18055500148c5915382bd98,a_71394ec0ae14eb2d17f693263a2fab11,p_13d7e4b37f1bf8f2719bef531db40e9b,p_e8fa32c526b9b4cdc16418a4dc18e34a,6,20325,51,51,19033,21520,102,40553,5.0184501845018454,1995.2275522755228,397.57843137254901,0.5,0.46933642393904274
r_7d7a91f06de53ce9710da951bc6effce,Tor browsing,d_1be06ce1b670864df8c500dc82b295ae,1,0,a_e7d8c038c18055500148c5915382bd98,a_69fb0b835452ca85c178bdeaaf11695b,p_a59a5c0e7e1687c1713498091eea400d,p_3d01955bb66b778c6aa471c3a2911a0a,6,16385,25,26,7047,11179,51,18226,3.112602990540128,1112.3588648153798,357.37254901960785,0.49019607843137253,0.38664545155272689
r_52ac5710450edc622ba7438d792e618a,Tor browsing,d_1be06ce1b670864df8c500dc82b295ae,1,0,a_e7d8c038c18055500148c5915382bd98,a_71394ec0ae14eb2d17f693263a2fab11,p_03546bc70cca2948525eb6abc12c8fb4,p_e8fa32c526b9b4cdc16418a4dc18e34a,6,18478,40,41,14197,17750,81,31947,4.3835912977594971,1728.9208788829958,394.40740740740739,0.49382716049382713,0.44439227470498011
r_edbce28152b466093514cbf56571ebc0,Tor browsing,d_1be06ce1b670864df8c500dc82b295ae,1,0,a_e7d8c038c18055500148c5915382bd98,a_69fb0b835452ca85c178bdeaaf11695b,p_e65347a74c9762a413146cd173c2e2c4,p_3d01955bb66b778c6aa471c3a2911a0a,6,16526,48,50,16791,19887,98,36678,5.9300496187825242,2219.4118358949536,374.26530612244898,0.48979591836734693,0.45779486340585634
r_bd46c1a99475c91f4aa9b23bb1a9811c,Tor browsing,d_1be06ce1b670864df8c500dc82b295ae,1,0,a_e7d8c038c18055500148c5915382bd98,a_e2370a5f48648ec5a5dbdf8b657a0e89,p_657539fa3dd3b185779bd483e335cd97,p_3dd478bd944ece2906a0c8e4425f63be,6,15510,30,28,8889,12294,58,21183,3.7395228884590588,1365.7640232108317,365.22413793103448,0.51724137931034486,0.41962894774111315
r_08af799887992b731c5e9bb8129a5d24,Tor browsing,d_1be06ce1b670864df8c500dc82b295ae,1,0,a_e7d8c038c18055500148c5915382bd98,a_ec00d985708365e2764c5429e33ba8a4,p_ea44a6a030d7c0d36e43d2c35d7e567e,p_d360bbf02a78338753c95a4441fac628,6,322,1,1,60,40,2,100,6.2111801242236027,310.55900621118013,50,0.5,0.59999999999999998
r_c095a5bdf8d5f21103a225199c9f5b82,Tor browsing,d_1be06ce1b670864df8c500dc82b295ae,1,0,a_e7d8c038c18055500148c5915382bd98,a_71394ec0ae14eb2d17f693263a2fab11,p_482805e7a96ac43be2ce2a9a03e1887a,p_e8fa32c526b9b4cdc16418a4dc18e34a,6,17413,66,65,22548,26000,131,48548,7.5231149141446041,2788.0319301671166,370.59541984732823,0.50381679389312972,0.46444755705693336
r_6f143deeec6212b5e3b66497724f224a,Tor browsing,d_1be06ce1b670864df8c500dc82b295ae,1,0,a_e7d8c038c18055500148c5915382bd98,a_e2370a5f48648ec5a5dbdf8b657a0e89,p_2d26487b2273b0167d9bcdde33b982e9,p_3dd478bd944ece2906a0c8e4425f63be,6,16487,21,17,4722,6998,38,11720,2.3048462424940865,710.86310426396562,308.42105263157896,0.55263157894736847,0.40290102389078497
r_0ac8cc42b4e2320f99aa452fa115ce09,Tor browsing,d_1be06ce1b670864df8c500dc82b295ae,1,0,a_e7d8c038c18055500148c5915382bd98,a_69fb0b835452ca85c178bdeaaf11695b,p_0d903efce57b1424207fbce66f4d3cc9,p_3d01955bb66b778c6aa471c3a2911a0a,6,15055,39,42,12539,16737,81,29276,5.380272334772501,1944.6031218864166,361.4320987654321,0.48148148148148145,0.42830304686432574
r_71cca6548d47492a50cc34f4d425d1ed,Tor browsing,d_1be06ce1b670864df8c500dc82b295ae,1,0,a_e7d8c038c18055500148c5915382bd98,a_8191a1e6efaf3f63f44f10e11a56d0d6,p_cf669a553fd2dc6fa4841640a5dd3816,p_2313704d6916acc778397dda2b5b461d,6,349,1,1,60,40,2,100,5.7306590257879657,286.53295128939828,50,0.5,0.59999999999999998
r_c5662c6410b631870723e00d59cb6d43,Tor browsing,d_1be06ce1b670864df8c500dc82b295ae,1,0,a_e7d8c038c18055500148c5915382bd98,a_71394ec0ae14eb2d17f693263a2fab11,p_a1414304aa72182a0d7a9ed41ec9727b,p_e8fa32c526b9b4cdc16418a4dc18e34a,6,20338,54,53,19768,23220,107,42988,5.2610876192349298,2113.6788278100107,401.75700934579442,0.50467289719626163,0.45984926025867684
r_4b0744ef49239bee8dccbc71a6f5f4cb,Tor browsing,d_1be06ce1b670864df8c500dc82b295ae,1,0,a_e7d8c038c18055500148c5915382bd98,a_69fb0b835452ca85c178bdeaaf11695b,p_7976738565da3427f96369952b87bd3f,p_3d01955bb66b778c6aa471c3a2911a0a,6,19390,30,30,9974,11365,60,21339,3.0943785456420834,1100.515729757607,355.64999999999998,0.5,0.46740709499039318
r_05f75e24717a4949d05263a78e58343c,Tor browsing,d_1be06ce1b670864df8c500dc82b295ae,1,0,a_e7d8c038c18055500148c5915382bd98,a_e2370a5f48648ec5a5dbdf8b657a0e89,p_5e0c51cc22955c97019d3989f6b7ecb8,p_3dd478bd944ece2906a0c8e4425f63be,6,2347,12,11,2617,5066,23,7683,9.7997443544951004,3273.5406902428631,334.04347826086956,0.52173913043478259,0.34062215280489394
r_a5c37f4ab8706cb366e5aeaa1c2f0496,Tor browsing,d_1be06ce1b670864df8c500dc82b295ae,1,0,a_e7d8c038c18055500148c5915382bd98,a_61d6a218021f54e3ea41e0ecf2d9ca7b,p_f037455401660a61360f153c893b85a8,p_013608c8f0af35c440aae1093951f7d0,6,30499,16,12,3343,6153,28,9496,0.91806288730778063,311.3544706383816,339.14285714285717,0.5714285714285714,0.35204296545914071
r_6b8100fa8a2208c067c34d51b8b161ed,Tor browsing,d_1be06ce1b670864df8c500dc82b295ae,1,0,a_e7d8c038c18055500148c5915382bd98,a_e2370a5f48648ec5a5dbdf8b657a0e89,p_11e8bcca841a449095c92f6aca749438,p_3dd478bd944ece2906a0c8e4425f63be,6,29575,22,19,5269,7090,41,12359,1.386306001690617,417.88672865595942,301.4390243902439,0.53658536585365857,0.42632899101869082
r_38070bd2c780a9ed4b79c28fd0b93318,Tor browsing,d_1be06ce1b670864df8c500dc82b295ae,1,0,a_e7d8c038c18055500148c5915382bd98,a_71394ec0ae14eb2d17f693263a2fab11,p_f20fe860b325dba04ab72a57484e41cd,p_e8fa32c526b9b4cdc16418a4dc18e34a,6,28510,1292,2417,171394,3121012,3709,3292406,130.09470361276743,115482.49736934408,887.68023726071715,0.34834187112429227,0.052057370810282812
r_0b718db898ef72065d2ce61843d2e3ee,Tor browsing,d_1be06ce1b670864df8c500dc82b295ae,1,0,a_e7d8c038c18055500148c5915382bd98,a_69fb0b835452ca85c178bdeaaf11695b,p_3ab70d6440b7427c9600fc81aa74ee9b,p_3d01955bb66b778c6aa471c3a2911a0a,6,27573,76,74,27824,46225,150,74049,5.4401044500054399,2685.5619627896854,493.66000000000003,0.50666666666666671,0.37575119177841698
r_256ff2d554329dda474ee80e1f9e3e89,Tor browsing,d_1be06ce1b670864df8c500dc82b295ae,1,0,a_e7d8c038c18055500148c5915382bd98,a_71394ec0ae14eb2d17f693263a2fab11,p_5ea9e43cff683370d5a56324cc861a6a,p_e8fa32c526b9b4cdc16418a4dc18e34a,6,14490,43,41,12287,18254,84,30541,5.7971014492753623,2107.7294685990337,363.58333333333331,0.51190476190476186,0.40231164663894436
r_8bcc77ccfdf15d731649768b337a5e9f,Tor browsing,d_1be06ce1b670864df8c500dc82b295ae,1,0,a_e7d8c038c18055500148c5915382bd98,a_69fb0b835452ca85c178bdeaaf11695b,p_dbb968a483b3dac608531e4a1e0e2b49,p_3d01955bb66b778c6aa471c3a2911a0a,6,13551,41,42,10008,27597,83,37605,6.1250092244114827,2775.0719504095637,453.07228915662648,0.49397590361445781,0.26613482249700837
r_9b2302d6a0043de47289c05e89d843d7,Tor browsing,d_1be06ce1b670864df8c500dc82b295ae,1,0,a_e7d8c038c18055500148c5915382bd98,a_e2370a5f48648ec5a5dbdf8b657a0e89,p_db95fef2991c5908400d27a0a4edd076,p_3dd478bd944ece2906a0c8e4425f63be,6,11547,25,26,6527,10626,51,17153,4.4167316186022338,1485.494067723218,336.33333333333331,0.49019607843137253,0.38051652772109834
r_ffb3f284a765cf2522b39311fcec9ca2,Tor browsing,d_1be06ce1b670864df8c500dc82b295ae,1,0,a_e7d8c038c18055500148c5915382bd98,a_0e312907542d34f19aad4b317a0e4f60,p_f2aceaaf6e862c3c42ec6354fd2f95ad,p_2313704d6916acc778397dda2b5b461d,6,175,1,1,60,40,2,100,11.428571428571429,571.42857142857144,50,0.5,0.59999999999999998
r_21895291c4e8397576ab621110f4f04c,Tor browsing,d_1be06ce1b670864df8c500dc82b295ae,1,0,a_e7d8c038c18055500148c5915382bd98,a_69fb0b835452ca85c178bdeaaf11695b,p_0761e05cd6b2873da3e88ab6a1049328,p_3d01955bb66b778c6aa471c3a2911a0a,6,16614,53,53,20099,31003,106,51102,6.3801613097387744,3075.839653304442,482.09433962264148,0.5,0.39331141638292044
r_b92dd5dc8338fd066f3709a322c73253,Tor browsing,d_1be06ce1b670864df8c500dc82b295ae,1,0,a_e7d8c038c18055500148c5915382bd98,a_71394ec0ae14eb2d17f693263a2fab11,p_2cde763ee5f83846424c0f31e43fa8ed,p_e8fa32c526b9b4cdc16418a4dc18e34a,6,12544,36,43,9237,27576,79,36813,6.297831632653061,2934.7098214285711,465.98734177215192,0.45569620253164556,0.25091679569717218
r_e39a42c3dcaf220903f5e77eceb6f695,Tor browsing,d_1be06ce1b670864df8c500dc82b295ae,1,0,a_e7d8c038c18055500148c5915382bd98,a_e2370a5f48648ec5a5dbdf8b657a0e89,p_33b477c641a000ac5580427b7237353f,p_3dd478bd944ece2906a0c8e4425f63be,6,6587,16,12,3381,5654,28,9035,4.2507970244420834,1371.6411112797937,322.67857142857144,0.5714285714285714,0.37421140011068066
r_9823dd385a1969d4a5097a64ca2f3818,Tor browsing,d_1be06ce1b670864df8c500dc82b295ae,1,0,a_e7d8c038c18055500148c5915382bd98,a_71394ec0ae14eb2d17f693263a2fab11,p_93161bc924ebf1f533fa508e3cb7aced,p_e8fa32c526b9b4cdc16418a4dc18e34a,6,20346,78,76,29579,31340,154,60919,7.5690553425734786,2994.1511845080113,395.5779220779221,0.50649350649350644,0.48554638126036215
r_f09147e43a662b9b0726504ea9a00809,Tor browsing,d_1be06ce1b670864df8c500dc82b295ae,1,0,a_e7d8c038c18055500148c5915382bd98,a_69fb0b835452ca85c178bdeaaf11695b,p_5ac87b290860469a89c9010b0462007a,p_3d01955bb66b778c6aa471c3a2911a0a,6,19406,52,52,17512,19969,104,37481,5.3591672678553026,1931.412965062352,360.39423076923077,0.5,0.46722339318588085
r_704e8571ee10f2873be42de6f075153d,Tor browsing,d_1be06ce1b670864df8c500dc82b295ae,1,0,a_e7d8c038c18055500148c5915382bd98,a_71394ec0ae14eb2d17f693263a2fab11,p_df0a05fa8ef9dd7a7e62b6b2dab026b1,p_e8fa32c526b9b4cdc16418a4dc18e34a,6,10327,21,18,6834,9116,39,15950,3.7765081824343953,1544.4950130725283,408.97435897435895,0.53846153846153844,0.42846394984326019
r_c5c4a76f1274f6723c7095490ae8e557,Tor browsing,d_1be06ce1b670864df8c500dc82b295ae,1,0,a_e7d8c038c18055500148c5915382bd98,a_69fb0b835452ca85c178bdeaaf11695b,p_f49889313689dfa8ca1e4ee8d7b28adc,p_3d01955bb66b778c6aa471c3a2911a0a,6,8379,21,21,8871,9825,42,18696,5.0125313283208026,2231.2925170068029,445.14285714285717,0.5,0.47448652118100126
r_0bcb30b12bbf1e446d174d5568e4e5d7,Tor browsing,d_1be06ce1b670864df8c500dc82b295ae,1,0,a_e7d8c038c18055500148c5915382bd98,a_e2370a5f48648ec5a5dbdf8b657a0e89,p_25aa52dd5755a07ea0cc317624ab52b9,p_3dd478bd944ece2906a0c8e4425f63be,6,297,2,1,100,60,3,160,10.101010101010102,538.7205387205388,53.333333333333336,0.66666666666666663,0.625
r_714ad51d42add7ba8588ccb70de8abdf,Tor browsing,d_1be06ce1b670864df8c500dc82b295ae,1,0,a_e7d8c038c18055500148c5915382bd98,a_c1611769dc77d79f706dac42a9408c82,p_04af28741745235c82caecc2e4ff5eb9,p_2313704d6916acc778397dda2b5b461d,6,11186,8,0,480,0,8,480,0.71517968889683536,42.910781333810121,60,1,1
r_4d1e35b7a9a110af9910da3ec2266a18,Tor browsing,d_1be06ce1b670864df8c500dc82b295ae,1,0,a_e7d8c038c18055500148c5915382bd98,a_69fb0b835452ca85c178bdeaaf11695b,p_9e8d90697a94a0f4516046219eb3199d,p_3d01955bb66b778c6aa471c3a2911a0a,6,18342,42,41,13261,14651,83,27912,4.5251335732199331,1521.7533529604189,336.28915662650604,0.50602409638554213,0.47510031527658353
r_bdf981384f669c60c72afb418e5efe77,Tor browsing,d_1be06ce1b670864df8c500dc82b295ae,1,0,a_e7d8c038c18055500148c5915382bd98,a_71394ec0ae14eb2d17f693263a2fab11,p_4a5f8f536f02389bf36f8e903daad46f,p_e8fa32c526b9b4cdc16418a4dc18e34a,6,16337,40,42,14253,17310,82,31563,5.0192813858113485,1931.9948582971169,384.91463414634148,0.48780487804878048,0.45157304438741563
r_2520982cc8894b17df5ecb84ab0ad622,Tor browsing,d_1be06ce1b670864df8c500dc82b295ae,1,0,a_e7d8c038c18055500148c5915382bd98,a_e2370a5f48648ec5a5dbdf8b657a0e89,p_f1e4c95b5ebd8384e4a20fecfb61043d,p_3dd478bd944ece2906a0c8e4425f63be,6,11319,32,43,8990,31798,75,40788,6.6260270341902991,3603.4985422740524,543.84000000000003,0.42666666666666669,0.22040796312640973
r_872832392125367ddc599ca4a035c879,Tor browsing,d_1be06ce1b670864df8c500dc82b295ae,1,0,a_e7d8c038c18055500148c5915382bd98,a_6cbc945777cbd94104009c2e24fefb00,p_287bf0a966d92478e9597dc157dc10d7,p_3dd478bd944ece2906a0c8e4425f63be,6,18630,15,16,3291,10996,31,14287,1.6639828234031133,766.88137412775097,460.87096774193549,0.4838709677419355,0.23034926856582907
r_f29158fefe7511194d539eeb895a1d57,Tor browsing,d_1be06ce1b670864df8c500dc82b295ae,1,0,a_e7d8c038c18055500148c5915382bd98,a_69fb0b835452ca85c178bdeaaf11695b,p_284f8371fa52f9cc4388a0c72c4f1fce,p_3d01955bb66b778c6aa471c3a2911a0a,6,17649,42,44,15384,17431,86,32815,4.8727973256275137,1859.3121423310101,381.56976744186045,0.48837209302325579,0.46880999542891971
r_3ba4f6ad0ca77d622d98ecc69e930794,Tor browsing,d_1be06ce1b670864df8c500dc82b295ae,1,0,a_e7d8c038c18055500148c5915382bd98,a_71394ec0ae14eb2d17f693263a2fab11,p_7a0061d8477d4c648a2436f82bafa7ec,p_e8fa32c526b9b4cdc16418a4dc18e34a,6,15603,65,64,21931,26920,129,48851,8.267640838300327,3130.8722681535601,378.68992248062017,0.50387596899224807,0.44893656219934086
r_b707526e038958bc13ac59a3d896d322,Tor browsing,d_1be06ce1b670864df8c500dc82b295ae,1,0,a_e7d8c038c18055500148c5915382bd98,a_e2370a5f48648ec5a5dbdf8b657a0e89,p_9d15ff3192411dfdc11218eb06ee9826,p_3dd478bd944ece2906a0c8e4425f63be,6,12627,15,15,3852,5810,30,9662,2.3758612497030174,765.18571315435179,322.06666666666666,0.5,0.39867522252121712
r_488bcd02e708d413c73120e26d5bb25e,Tor browsing,d_1be06ce1b670864df8c500dc82b295ae,1,0,a_e7d8c038c18055500148c5915382bd98,a_71394ec0ae14eb2d17f693263a2fab11,p_4ef67e660c6ed72ca028719c80b0722b,p_e8fa32c526b9b4cdc16418a4dc18e34a,6,10312,24,21,7562,9294,45,16856,4.3638479441427469,1634.6004654771141,374.57777777777778,0.53333333333333333,0.44862363550071194
r_1ddbaabe81e0ade4dad01916492ff8e5,Tor browsing,d_1be06ce1b670864df8c500dc82b295ae,1,0,a_e7d8c038c18055500148c5915382bd98,a_e2370a5f48648ec5a5dbdf8b657a0e89,p_4bc3383371c70e46cbe373edd12f95c3,p_3dd478bd944ece2906a0c8e4425f63be,6,9349,15,15,3857,5810,30,9667,3.2088993475237992,1034.0143330837523,322.23333333333335,0.5,0.39898624185372916
r_0bc7ed75067d38d8b80b15205148abda,Tor browsing,d_1be06ce1b670864df8c500dc82b295ae,1,0,a_e7d8c038c18055500148c5915382bd98,a_69fb0b835452ca85c178bdeaaf11695b,p_7930ef30745c0c57bb8db4b8d1fffe09,p_3d01955bb66b778c6aa471c3a2911a0a,6,8396,17,15,3428,6341,32,9769,3.8113387327298711,1163.5302525011909,305.28125,0.53125,0.35090592691165934
r_45d53194ae72f963a612546b7b1ccc1e,Tor browsing,d_1be06ce1b670864df8c500dc82b295ae,1,0,a_e7d8c038c18055500148c5915382bd98,a_61d6a218021f54e3ea41e0ecf2d9ca7b,p_de32a9492e6e494080e1c8c9937c4cc3,p_2d36b619be089107b3d8a5a53b5aa6c4,6,21347,16,12,3357,6166,28,9523,1.3116597179931606,446.1048390874596,340.10714285714283,0.5714285714285714,0.3525149637719206
r_c94f3560346e2ed693c5c5db89a7d5bd,Tor browsing,d_1be06ce1b670864df8c500dc82b295ae,1,0,a_e7d8c038c18055500148c5915382bd98,a_e2370a5f48648ec5a5dbdf8b657a0e89,p_3325ab9b4913eafffae4d4dd9f5ac5b4,p_3dd478bd944ece2906a0c8e4425f63be,6,20361,33,31,10632,14058,64,24690,3.143264083296498,1212.6123471342271,385.78125,0.515625,0.43061968408262452
r_d408ccf1367d558065313ce154029dbc,Tor browsing,d_1be06ce1b670864df8c500dc82b295ae,1,0,a_e7d8c038c18055500148c5915382bd98,a_69fb0b835452ca85c178bdeaaf11695b,p_dd46df5cf9d84054b47dcad1924f423e,p_3d01955bb66b778c6aa471c3a2911a0a,6,19383,74,69,40035,33829,143,73864,7.3775989268947022,3810.7620079451067,516.53146853146848,0.5174825174825175,0.54200963933716018
r_b24b7a2f52cbfc7f8160d20c0a7630df,Tor browsing,d_1be06ce1b670864df8c500dc82b295ae,1,0,a_e7d8c038c18055500148c5915382bd98,a_71394ec0ae14eb2d17f693263a2fab11,p_4b36016a6edecdbc85aa83568884c367,p_e8fa32c526b9b4cdc16418a4dc18e34a,6,13329,41,42,13200,16216,83,29416,6.2270237827293871,2206.9172481056344,354.40963855421688,0.49397590361445781,0.44873538210497688
r_120d7f6433e3edc7e0541237596dd9c2,Tor browsing,d_1be06ce1b670864df8c500dc82b295ae,1,0,a_e7d8c038c18055500148c5915382bd98,a_71394ec0ae14eb2d17f693263a2fab11,p_13d26b72460a40afca3d22b67d172ac1,p_e8fa32c526b9b4cdc16418a4dc18e34a,6,18783,77,79,27904,33574,156,61478,8.3053825267529149,3273.0660703827925,394.08974358974359,0.49358974358974361,0.45388594293893753
r_021aad9ecea350ff8b2bf881c2af9c93,Tor browsing,d_1be06ce1b670864df8c500dc82b295ae,1,0,a_e7d8c038c18055500148c5915382bd98,a_69fb0b835452ca85c178bdeaaf11695b,p_11c9a3706f17ff0f54bd764145a2cbf5,p_3d01955bb66b778c6aa471c3a2911a0a,6,17846,46,47,14577,17621,93,32198,5.211251821136389,1804.2138294295639,346.21505376344084,0.4946236559139785,0.45272998322877195
r_fae278277b30f012430ed8e60e0738c8,Tor browsing,d_1be06ce1b670864df8c500dc82b295ae,1,0,a_e7d8c038c18055500148c5915382bd98,a_35343ba01db784c968aa553ae21835eb,p_c2ce86ef3324d1ccb95702235877074a,p_2313704d6916acc778397dda2b5b461d,6,21289,17,16,3410,11005,33,14415,1.550096293860679,677.1102447273239,436.81818181818181,0.51515151515151514,0.23655913978494625
r_e0b020f6f693f0fb96ea2c7c01741c57,Tor browsing,d_1be06ce1b670864df8c500dc82b295ae,1,0,a_e7d8c038c18055500148c5915382bd98,a_69fb0b835452ca85c178bdeaaf11695b,p_704d7b6b07cd97be309c9fb4bf89780e,p_3d01955bb66b778c6aa471c3a2911a0a,6,20369,62,62,22301,23739,124,46040,6.0876822622612794,2260.2975109234621,371.29032258064518,0.5,0.48438314509122504
r_7fd45f9eb343eef76c478667163d0fae,Tor browsing,d_1be06ce1b670864df8c500dc82b295ae,1,0,a_e7d8c038c18055500148c5915382bd98,a_71394ec0ae14eb2d17f693263a2fab11,p_016fb2dad075ffd59b999c7bf974ef8a,p_e8fa32c526b9b4cdc16418a4dc18e34a,6,18317,49,48,16785,20192,97,36977,5.2956270131571763,2018.7257738712672,381.20618556701032,0.50515463917525771,0.45393082186223871
r_8ccc54ec8c90d49f195936fbb4502b4c,Tor browsing,d_1be06ce1b670864df8c500dc82b295ae,1,0,a_e7d8c038c18055500148c5915382bd98,a_e2370a5f48648ec5a5dbdf8b657a0e89,p_8b769ee9d278b434b80f11868d7ffcfa,p_3dd478bd944ece2906a0c8e4425f63be,6,10362,18,16,5034,7984,34,13018,3.2812198417293956,1256.3211735186258,382.88235294117646,0.52941176470588236,0.38669534490705176
r_9b40c9aef4c12f92ad499c9749e5e45c,Tor browsing,d_1be06ce1b670864df8c500dc82b295ae,1,0,a_e7d8c038c18055500148c5915382bd98,a_85f22f8defd8889ff18d1bc9d340c13e,p_8fe61abe0f2a4eded7056a9e7a2efd9b,p_2313704d6916acc778397dda2b5b461d,6,19367,17,16,3400,11020,33,14420,1.7039293643827127,744.56549801208234,436.969696969697,0.51515151515151514,0.23578363384188628
r_db14f99f97398d022ebbd1b240044a8c,Tor browsing,d_1be06ce1b670864df8c500dc82b295ae,1,0,a_e7d8c038c18055500148c5915382bd98,a_e2370a5f48648ec5a5dbdf8b657a0e89,p_fe1bd88ad90f1ae01fb804cfea19af8b,p_3dd478bd944ece2906a0c8e4425f63be,6,18386,17,16,3419,7470,33,10889,1.7948439029696508,592.24409877080393,329.969696969697,0.51515151515151514,0.31398659197355128
r_b95becca8d53ab54ec495631f25be711,Tor browsing,d_1be06ce1b670864df8c500dc82b295ae,1,0,a_e7d8c038c18055500148c5915382bd98,a_71394ec0ae14eb2d17f693263a2fab11,p_ff1c6eaf2a5a585001380914a8f9b78e,p_e8fa32c526b9b4cdc16418a4dc18e34a,6,17346,59,63,21627,26332,122,47959,7.0333218032975902,2764.8449210192553,393.10655737704917,0.48360655737704916,0.45094768448049377
r_ba8fe31ee43c0b6d9be843df5d3bb46b,Tor browsing,d_1be06ce1b670864df8c500dc82b295ae,1,0,a_e7d8c038c18055500148c5915382bd98,a_69fb0b835452ca85c178bdeaaf11695b,p_84bc2778671ab8247ac7a01f7614bf19,p_3d01955bb66b778c6aa471c3a2911a0a,6,16417,43,45,17554,19605,88,37159,5.3602972528476576,2263.4464274837055,422.26136363636363,0.48863636363636365,0.47240237896606474
r_10a8498843078d2987fc51cf27708204,Tor browsing,d_1be06ce1b670864df8c500dc82b295ae,1,0,a_e7d8c038c18055500148c5915382bd98,a_237f3810c92f149df98010cc9a7dd15d,p_38138fae36bb689a45106c9fd6550cd8,p_e2a4a4bf9c74500e61f176db310c2961,6,17593,14,15,3276,11454,29,14730,1.6483828795543682,837.26482123571873,507.93103448275861,0.48275862068965519,0.22240325865580449
r_35dfeba78109930d81deeec01b269c4f,Tor browsing,d_1be06ce1b670864df8c500dc82b295ae,1,0,a_e7d8c038c18055500148c5915382bd98,a_69fb0b835452ca85c178bdeaaf11695b,p_e9dc1bf8650ca2f87a05e65753e61bfd,p_3d01955bb66b778c6aa471c3a2911a0a,6,16670,49,48,16513,28015,97,44528,5.8188362327534486,2671.1457708458306,459.05154639175259,0.50515463917525771,0.37084531081566657
r_acaab93ed3ffb2312ece75bd6f75de7a,Tor browsing,d_1be06ce1b670864df8c500dc82b295ae,1,0,a_e7d8c038c18055500148c5915382bd98,a_71394ec0ae14eb2d17f693263a2fab11,p_04ea05a6a5978b1eb0fb1a06a6d70e1e,p_e8fa32c526b9b4cdc16418a4dc18e34a,6,15620,49,54,16302,31070,103,47372,6.5941101152368757,3032.7784891165174,459.92233009708735,0.47572815533980584,0.34412733260153677
r_dcca54d63520042bcba2a2582eb790bb,Tor browsing,d_1be06ce1b670864df8c500dc82b295ae,1,0,a_e7d8c038c18055500148c5915382bd98,a_159c39f7f38ced3cf0a8948386b1fca7,p_9a2e70e246a50b683218a67940ba25c3,p_52493e7267d0883db73d7af93ccc6bf0,6,7169,7,0,420,0,7,420,0.97642627981587393,58.585576788952437,60,1,1
r_85bb7611fbb8d7e24e1a95ccca6a8b42,Tor browsing,d_1be06ce1b670864df8c500dc82b295ae,1,0,a_e7d8c038c18055500148c5915382bd98,a_71394ec0ae14eb2d17f693263a2fab11,p_dd16ad6cb8c5f3b2c84a3b7a216d1864,p_e8fa32c526b9b4cdc16418a4dc18e34a,6,10324,34,27,11253,12800,61,24053,5.9085625726462609,2329.8140255714839,394.31147540983608,0.55737704918032782,0.46784184924957384
r_bae557857427e2dee404a3cc98716258,Tor browsing,d_1be06ce1b670864df8c500dc82b295ae,1,0,a_e7d8c038c18055500148c5915382bd98,a_69fb0b835452ca85c178bdeaaf11695b,p_8aa166c27ee1fbccbd257ea916ae162a,p_3d01955bb66b778c6aa471c3a2911a0a,6,7401,25,22,8123,9385,47,17508,6.350493176597757,2365.6262667207134,372.51063829787233,0.53191489361702127,0.46395933287639934
r_36e1647006aa724c56a8d2e232266a3d,Tor browsing,d_1be06ce1b670864df8c500dc82b295ae,1,0,a_e7d8c038c18055500148c5915382bd98,a_71394ec0ae14eb2d17f693263a2fab11,p_6056cc99be26a8bbb95c87d48465bc2e,p_e8fa32c526b9b4cdc16418a4dc18e34a,6,20461,56,52,18264,23146,108,41410,5.2783343922584436,2023.8502516983531,383.42592592592592,0.51851851851851849,0.44105288577638252
r_a70147278f238f061a51b02692217419,Tor browsing,d_1be06ce1b670864df8c500dc82b295ae,1,0,a_e7d8c038c18055500148c5915382bd98,a_69fb0b835452ca85c178bdeaaf11695b,p_a13b7a3864f667738c1b25dfae39cb37,p_3d01955bb66b778c6aa471c3a2911a0a,6,20108,69,71,26901,28395,140,55296,6.9624030236721701,2749.950268549831,394.97142857142859,0.49285714285714288,0.48649088541666669
r_2021cee939267e4c9b4c2c1a38fc0bc8,Tor browsing,d_1be06ce1b670864df8c500dc82b295ae,1,0,a_e7d8c038c18055500148c5915382bd98,a_e2370a5f48648ec5a5dbdf8b657a0e89,p_66aff43f657c412f711bdfe4bc71a45d,p_3dd478bd944ece2906a0c8e4425f63be,6,6484,16,13,3374,5706,29,9080,4.4725478099938307,1400.3701418877235,313.10344827586209,0.55172413793103448,0.37158590308370043
r_4eab1ddc0ee3240285353d46213b4ad2,Tor browsing,d_1be06ce1b670864df8c500dc82b295ae,1,0,a_e7d8c038c18055500148c5915382bd98,a_71394ec0ae14eb2d17f693263a2fab11,p_0cd786253eed310832f0d68f03a53e75,p_e8fa32c526b9b4cdc16418a4dc18e34a,6,20368,84,83,31322,35816,167,67138,8.199135899450118,3296.2490180675572,402.0239520958084,0.50299401197604787,0.46653162143644433
r_db6b9ce28a6927ce5173598e36c1829b,Tor browsing,d_1be06ce1b670864df8c500dc82b295ae,1,0,a_e7d8c038c18055500148c5915382bd98,a_69fb0b835452ca85c178bdeaaf11695b,p_fb3d72d23d22b5d62845d4bcdd857fa3,p_3d01955bb66b778c6aa471c3a2911a0a,6,14420,45,41,18740,18697,86,37437,5.9639389736477115,2596.1858529819697,435.31395348837208,0.52325581395348841,0.50057429815423249
r_d1ea13dc2fafbf172c5d5f43d1de9b87,Tor browsing,d_1be06ce1b670864df8c500dc82b295ae,1,0,a_e7d8c038c18055500148c5915382bd98,a_71394ec0ae14eb2d17f693263a2fab11,p_077f829c9433080375b76dc194be8916,p_e8fa32c526b9b4cdc16418a4dc18e34a,6,18782,54,54,20315,23764,108,44079,5.7501863486316687,2346.8746672345865,408.13888888888891,0.5,0.4608770616393294
r_cf6f663be24b1d9071ff99e812a2ee07,Tor browsing,d_1be06ce1b670864df8c500dc82b295ae,1,0,a_e7d8c038c18055500148c5915382bd98,a_e2370a5f48648ec5a5dbdf8b657a0e89,p_db00d6f4fbf8bd0359ced1d936b9bd72,p_3dd478bd944ece2906a0c8e4425f63be,6,17819,27,24,7671,10522,51,18193,2.8621134743812786,1020.9888321454628,356.72549019607845,0.52941176470588236,0.42164568790194029
r_e2c29b1345e4de115fc163647c761bf6,Tor browsing,d_1be06ce1b670864df8c500dc82b295ae,1,0,a_e7d8c038c18055500148c5915382bd98,a_69fb0b835452ca85c178bdeaaf11695b,p_3ff66329bf047f5bca83bc49b28eeebb,p_3d01955bb66b778c6aa471c3a2911a0a,6,15835,37,37,11420,15437,74,26857,4.6731922955478371,1696.053047047679,362.93243243243245,0.5,0.42521502773950925
r_56b9ff6e3299dc58b6f586b388714731,Tor browsing,d_1be06ce1b670864df8c500dc82b295ae,1,0,a_e7d8c038c18055500148c5915382bd98,a_36d1183e911f7c68a27b9a994f3994e4,p_44eb19627599a757ba4343bbe98e8fd4,p_2313704d6916acc778397dda2b5b461d,6,11192,8,0,480,0,8,480,0.71479628305932807,42.887776983559682,60,1,1
r_2df316b691a916d03a4c5af1ed6d981b,Tor browsing,d_1be06ce1b670864df8c500dc82b295ae,1,0,a_e7d8c038c18055500148c5915382bd98,a_69fb0b835452ca85c178bdeaaf11695b,p_a528b850f21620ee70283feebe9f049f,p_3d01955bb66b778c6aa471c3a2911a0a,6,16419,63,65,24022,25515,128,49537,7.7958462756562517,3017.0534137279978,387.0078125,0.4921875,0.48493045602277085
r_cde353079b11cd15ad903a8f5af5ffa8,Tor browsing,d_1be06ce1b670864df8c500dc82b295ae,1,0,a_e7d8c038c18055500148c5915382bd98,a_71394ec0ae14eb2d17f693263a2fab11,p_92eae68fff4e416344351d9ae5a519f8,p_e8fa32c526b9b4cdc16418a4dc18e34a,6,14233,51,50,11604,34372,101,45976,7.0961849223635207,3230.2395840652007,455.20792079207922,0.50495049504950495,0.25239255263615801
r_172ddb8604676735ab5abf23999a23d4,Tor browsing,d_1be06ce1b670864df8c500dc82b295ae,1,0,a_e7d8c038c18055500148c5915382bd98,a_69fb0b835452ca85c178bdeaaf11695b,p_df0e9e5ad273c96c5a341fe52aae1d7f,p_3d01955bb66b778c6aa471c3a2911a0a,6,20392,59,56,21041,23897,115,44938,5.6394664574342883,2203.7073362102788,390.76521739130436,0.5130434782608696,0.46822288486358982
r_d486a4bde6a92c09c5563d89fdcfb8f4,Tor browsing,d_1be06ce1b670864df8c500dc82b295ae,1,0,a_e7d8c038c18055500148c5915382bd98,a_71394ec0ae14eb2d17f693263a2fab11,p_0af40ab08b9128210a85eaf3a9381994,p_e8fa32c526b9b4cdc16418a4dc18e34a,6,18371,52,52,16458,20444,104,36902,5.6610962930706012,2008.7093789124165,354.82692307692309,0.5,0.44599208714974797
r_bfb38e63cd4a6e5c56433103bd74095e,Tor browsing,d_1be06ce1b670864df8c500dc82b295ae,1,0,a_e7d8c038c18055500148c5915382bd98,a_69fb0b835452ca85c178bdeaaf11695b,p_aca312e6f9929ab0231abcad630465b4,p_3d01955bb66b778c6aa471c3a2911a0a,6,10376,34,32,15961,14685,66,30646,6.3608326908249815,2953.5466461063997,464.33333333333331,0.51515151515151514,0.52081837760229721
r_1a70d60ddc440b946e7a6c0310c20b50,Tor browsing,d_1be06ce1b670864df8c500dc82b295ae,1,0,a_e7d8c038c18055500148c5915382bd98,a_e2370a5f48648ec5a5dbdf8b657a0e89,p_7d87b0fe2c40e36ff214b6f6b7a99d6e,p_3dd478bd944ece2906a0c8e4425f63be,6,5348,14,14,3261,5758,28,9019,5.2356020942408374,1686.4248317127899,322.10714285714283,0.5,0.36157001884909634
r_553980157cb12ca6b59d3623e63b7e57,Tor browsing,d_1be06ce1b670864df8c500dc82b295ae,1,0,a_e7d8c038c18055500148c5915382bd98,a_71394ec0ae14eb2d17f693263a2fab11,p_83db2c806c6afbb4c64ecd0d842e5eee,p_e8fa32c526b9b4cdc16418a4dc18e34a,6,3319,17,13,5000,6712,30,11712,9.0388671286532087,3528.7737270262128,390.39999999999998,0.56666666666666665,0.42691256830601093
r_bce97617cc40d32a7d24e8f97b4de276,Tor browsing,d_1be06ce1b670864df8c500dc82b295ae,1,0,a_e7d8c038c18055500148c5915382bd98,a_71394ec0ae14eb2d17f693263a2fab11,p_86761105a7030de4b55211e445b251a6,p_e8fa32c526b9b4cdc16418a4dc18e34a,6,20320,46,47,16154,20184,93,36338,4.5767716535433074,1788.2874015748032,390.73118279569894,0.4946236559139785,0.44454840662667178
r_723ff6f0152b499f78c5849e41feea2b,Tor browsing,d_1be06ce1b670864df8c500dc82b295ae,1,0,a_e7d8c038c18055500148c5915382bd98,a_e2370a5f48648ec5a5dbdf8b657a0e89,p_2beb0b51d3fbaeb550ec91a4bc01bcd9,p_3dd478bd944ece2906a0c8e4425f63be,6,19349,27,25,7674,10574,52,18248,2.687477389012352,943.0978345134115,350.92307692307691,0.51923076923076927,0.42053923717667691
r_6e1a98104ca6ab0b1d0aad71012ae9aa,Tor browsing,d_1be06ce1b670864df8c500dc82b295ae,1,0,a_e7d8c038c18055500148c5915382bd98,a_69fb0b835452ca85c178bdeaaf11695b,p_8f86fc4a972bfa411ec9c45c8cdbd77d,p_3d01955bb66b778c6aa471c3a2911a0a,6,16385,42,42,14653,15771,84,30424,5.1266402197131518,1856.8202624351538,362.1904761904762,0.5,0.48162634762029977
r_7aaf7253553a37c2339951fd015921c3,Tor browsing,d_1be06ce1b670864df8c500dc82b295ae,1,0,a_e7d8c038c18055500148c5915382bd98,a_632075e135ca9c4d3f98c225b0d0fac4,p_67f29899d689a917d5d34ed14f249f2b,p_2313704d6916acc778397dda2b5b461d,6,20555,15,16,3300,11012,31,14312,1.5081488688883484,696.27827779129166,461.67741935483872,0.4838709677419355,0.23057574063722749
r_d6bd099475f6bd9da741de5f002940cf,Tor browsing,d_1be06ce1b670864df8c500dc82b295ae,1,0,a_e7d8c038c18055500148c5915382bd98,a_71394ec0ae14eb2d17f693263a2fab11,p_02dbc83dbf2ab0c85beab442e46788f0,p_e8fa32c526b9b4cdc16418a4dc18e34a,6,19640,76,78,29452,32428,154,61880,7.8411405295315681,3150.7128309572299,401.81818181818181,0.4935064935064935,0.47595345830639946
r_7823879df79580032d19f727e1ac1da4,Tor browsing,d_1be06ce1b670864df8c500dc82b295ae,1,0,a_e7d8c038c18055500148c5915382bd98,a_69fb0b835452ca85c178bdeaaf11695b,p_a03c30e8a8bd1da3fe6e1c80031f9e0d,p_3d01955bb66b778c6aa471c3a2911a0a,6,17710,51,52,18275,19977,103,38252,5.8159232072275548,2159.9096555618294,371.378640776699,0.49514563106796117,0.47775279723936004
r_f8edad1cf2a2ecb018c9cbe83fd55074,Tor browsing,d_1be06ce1b670864df8c500dc82b295ae,1,0,a_e7d8c038c18055500148c5915382bd98,a_69fb0b835452ca85c178bdeaaf11695b,p_4478e47c50d2c205170c706f4701e125,p_3d01955bb66b778c6aa471c3a2911a0a,6,20389,63,58,21905,23653,121,45558,5.9345725636372553,2234.4401392907939,376.51239669421489,0.52066115702479343,0.48081566354976074
r_9098d3d88fb37e3a24faa30f1ef24efa,Tor browsing,d_1be06ce1b670864df8c500dc82b295ae,1,0,a_e7d8c038c18055500148c5915382bd98,a_71394ec0ae14eb2d17f693263a2fab11,p_137176a4905d24f58de6710c83fed2ad,p_e8fa32c526b9b4cdc16418a4dc18e34a,6,19368,54,56,18170,22840,110,41010,5.6794712928541928,2117.4101610904586,372.81818181818181,0.49090909090909091,0.44306266764203855
r_61364b1b7058270537e0484fa8abc0f9,Tor browsing,d_1be06ce1b670864df8c500dc82b295ae,1,0,a_e7d8c038c18055500148c5915382bd98,a_e2370a5f48648ec5a5dbdf8b657a0e89,p_2ea93075214b52d49907f378be266d3c,p_3dd478bd944ece2906a0c8e4425f63be,6,13353,17,20,4999,8706,37,13705,2.7709129034673858,1026.3611173519059,370.40540540540542,0.45945945945945948,0.36475738781466616
r_5b07a725ce5aaf4fe20dcca83ebb1c4d,Tor browsing,d_1be06ce1b670864df8c500dc82b295ae,1,0,a_e7d8c038c18055500148c5915382bd98,a_de5178f2393fb63712d8f2850f86ee67,p_05bfc601268c2e51e9f2a0c1ffdd88ef,p_135abb979b9b69497d97e09f6e5681ce,6,19452,16,15,3356,8372,31,11728,1.5936664610322844,602.92000822537523,378.32258064516128,0.5161290322580645,0.28615279672578448
r_250cbc690d28c56047aa1cb902e51121,Tor browsing,d_1be06ce1b670864df8c500dc82b295ae,1,0,a_e7d8c038c18055500148c5915382bd98,a_69fb0b835452ca85c178bdeaaf11695b,p_fa358bec74864807a700342883b325d5,p_3d01955bb66b778c6aa471c3a2911a0a,6,18493,41,46,14808,18049,87,32857,4.7044827772670743,1776.7263288811985,377.66666666666669,0.47126436781609193,0.45068022034878413
r_1a330c92aaa093a5307c47aa81f38b58,Tor browsing,d_1be06ce1b670864df8c500dc82b295ae,1,0,a_e7d8c038c18055500148c5915382bd98,a_71394ec0ae14eb2d17f693263a2fab11,p_86ee442257c8a8a922ed2189cff4c249,p_e8fa32c526b9b4cdc16418a4dc18e34a,6,17427,47,47,18302,21817,94,40119,5.3939289608079415,2302.1174040282322,426.79787234042556,0.5,0.45619282634163366
r_b7f843e6353c3e6786d0ec263c3684ba,Tor browsing,d_1be06ce1b670864df8c500dc82b295ae,1,0,a_e7d8c038c18055500148c5915382bd98,a_e2370a5f48648ec5a5dbdf8b657a0e89,p_69a4b94e7e81d51599148a280a351b81,p_3dd478bd944ece2906a0c8e4425f63be,6,15468,19,20,5113,8706,39,13819,2.52133436772692,893.39281096457205,354.33333333333331,0.48717948717948717,0.36999782907591
r_6b5de454690c64e8822975b79d395bbb,Tor browsing,d_1be06ce1b670864df8c500dc82b295ae,1,0,a_e7d8c038c18055500148c5915382bd98,a_44109c3d8dabe7ec3133755b354bb99b,p_16120f5ab57d11418c49ce7923fdd106,p_e805c9d7b1b02a765dbe79d4dc8d4bd7,6,21370,13,11,3082,4951,24,8033,1.1230697239120262,375.90079550772111,334.70833333333331,0.54166666666666663,0.38366737209012824
r_7e27623915e5d5f8235859b4413006a0,Tor browsing,d_1be06ce1b670864df8c500dc82b295ae,1,0,a_e7d8c038c18055500148c5915382bd98,a_69fb0b835452ca85c178bdeaaf11695b,p_40cd1532fb9d97010279d014ba318f8b,p_3d01955bb66b778c6aa471c3a2911a0a,6,20398,76,76,36866,33055,152,69921,7.4517109520541229,3427.8360623590547,460.00657894736844,0.5,0.52725218460834367
r_c0119850d9cd65c3389850ca4bf400ce,Tor browsing,d_1be06ce1b670864df8c500dc82b295ae,1,0,a_e7d8c038c18055500148c5915382bd98,a_e2370a5f48648ec5a5dbdf8b657a0e89,p_265637e3fc989f44429319cdff6d6474,p_3dd478bd944ece2906a0c8e4425f63be,6,18384,39,38,10968,15494,77,26462,4.1884247171453435,1439.4038294168843,343.66233766233768,0.50649350649350644,0.41448114277076564
r_8cbc25c37b898652d02771e1224e20ab,Tor browsing,d_1be06ce1b670864df8c500dc82b295ae,1,0,a_e7d8c038c18055500148c5915382bd98,a_71394ec0ae14eb2d17f693263a2fab11,p_f5d5b241b366400bb54dc9f0cab49afc,p_e8fa32c526b9b4cdc16418a4dc18e34a,6,10344,35,38,12377,16033,73,28410,7.05723124516628,2746.5197215777262,389.17808219178085,0.47945205479452052,0.43565645899331223
r_a7a9b567bbe5530cb1f6d9d23fab4006,Tor browsing,d_1be06ce1b670864df8c500dc82b295ae,1,0,a_e7d8c038c18055500148c5915382bd98,a_69fb0b835452ca85c178bdeaaf11695b,p_a3e81ea00b114bfbfa8113cbee92bd96,p_3d01955bb66b778c6aa471c3a2911a0a,6,15554,40,42,12585,22937,82,35522,5.2719557670052719,2283.7855214092838,433.19512195121951,0.48780487804878048,0.35428748381284836
r_e3a520996fac630a10518ac04867c3a6,Tor browsing,d_1be06ce1b670864df8c500dc82b295ae,1,0,a_e7d8c038c18055500148c5915382bd98,a_71394ec0ae14eb2d17f693263a2fab11,p_9d759813e92435511bea16157fe6ddbc,p_e8fa32c526b9b4cdc16418a4dc18e34a,6,13499,50,51,13691,34941,101,48632,7.4820357063486185,3602.6372323875839,481.50495049504951,0.49504950495049505,0.28152245435104456
r_89512b32e931027ba12f579f19973545,Tor browsing,d_1be06ce1b670864df8c500dc82b295ae,1,0,a_e7d8c038c18055500148c5915382bd98,a_9c52f32b516e62ecb0173efa9901c631,p_9b388c52413ac1dbaeb5eb8c54d0781f,p_2313704d6916acc778397dda2b5b461d,6,11186,8,0,480,0,8,480,0.71517968889683536,42.910781333810121,60,1,1
r_8782beef7abc9a0fc82147e615cbd4d4,Tor browsing,d_1be06ce1b670864df8c500dc82b295ae,1,0,a_e7d8c038c18055500148c5915382bd98,a_69fb0b835452ca85c178bdeaaf11695b,p_2404d6c929911773da1035743af950d2,p_3d01955bb66b778c6aa471c3a2911a0a,6,17910,39,40,13126,16687,79,29813,4.4109436069235066,1664.6007816862088,377.37974683544303,0.49367088607594939,0.44027773119109115
r_ae1776b618c0e5a4fcde47c1c9f0ea43,Tor browsing,d_1be06ce1b670864df8c500dc82b295ae,1,0,a_e7d8c038c18055500148c5915382bd98,a_71394ec0ae14eb2d17f693263a2fab11,p_7094dd1a6c438c82c91102a75e70286b,p_e8fa32c526b9b4cdc16418a4dc18e34a,6,16851,62,56,21721,25993,118,47714,7.0025517773425916,2831.523351729868,404.35593220338984,0.52542372881355937,0.4552332648698495
r_f2263fef03f439c32e51054d254a1e03,Tor browsing,d_1be06ce1b670864df8c500dc82b295ae,1,0,a_e7d8c038c18055500148c5915382bd98,a_69fb0b835452ca85c178bdeaaf11695b,p_c8becd7fadbb85cdfc27efe3b4e4b52e,p_3d01955bb66b778c6aa471c3a2911a0a,6,20718,49,48,16774,19203,97,35977,4.6819191041606336,1736.509315571001,370.89690721649487,0.50515463917525771,0.4662423214831698
r_19f60b1f82164bb96bd23a6c3a3ef268,Tor browsing,d_1be06ce1b670864df8c500dc82b295ae,1,0,a_e7d8c038c18055500148c5915382bd98,a_71394ec0ae14eb2d17f693263a2fab11,p_72ad1d317069cb80eedc451b2d1e1dde,p_e8fa32c526b9b4cdc16418a4dc18e34a,6,18046,59,55,21568,26477,114,48045,6.3171894048542612,2662.3628504931844,421.44736842105266,0.51754385964912286,0.44891247788531585
r_89a8209a7e873c89fbb02d0794389a89,Tor browsing,d_1be06ce1b670864df8c500dc82b295ae,1,0,a_e7d8c038c18055500148c5915382bd98,a_04069d9e8bbc9b707bd92e9478763963,p_ac32590f7e4e326341486dca1c3ebc50,p_2d36b619be089107b3d8a5a53b5aa6c4,6,21384,15,16,3303,10984,31,14287,1.4496820052375607,668.11634867190423,460.87096774193549,0.4838709677419355,0.23118919297263246
r_530faa4529656522e9421acea5f9b36f,Tor browsing,d_1be06ce1b670864df8c500dc82b295ae,1,0,a_e7d8c038c18055500148c5915382bd98,a_71394ec0ae14eb2d17f693263a2fab11,p_bfe31601f5561a1dd9d62476dee458fd,p_e8fa32c526b9b4cdc16418a4dc18e34a,6,20372,78,75,25776,30755,153,56531,7.5103082662477911,2774.936186923228,369.48366013071893,0.50980392156862742,0.45596221542162707
r_0973bcbb9fd85e0af0a67198d5bbb384,Tor browsing,d_1be06ce1b670864df8c500dc82b295ae,1,0,a_e7d8c038c18055500148c5915382bd98,a_e2370a5f48648ec5a5dbdf8b657a0e89,p_006d3c0e545fb9fa3f7263838bc184ea,p_3dd478bd944ece2906a0c8e4425f63be,6,19369,19,16,4072,6934,35,11006,1.8070112034694614,568.22758015385409,314.45714285714286,0.54285714285714282,0.36998001090314375
r_ad60f7c1cbb808178750b73da68831b1,Tor browsing,d_1be06ce1b670864df8c500dc82b295ae,1,0,a_e7d8c038c18055500148c5915382bd98,a_69fb0b835452ca85c178bdeaaf11695b,p_cfcc5d3cefdf87340aa719c0acdd4a6d,p_3d01955bb66b778c6aa471c3a2911a0a,6,12014,32,32,13280,12575,64,25855,5.3271183619111042,2152.0725819876811,403.984375,0.5,0.51363372655192419
r_370c7156df00e5cc08ff6b76f772c269,Tor browsing,d_1be06ce1b670864df8c500dc82b295ae,1,0,a_e7d8c038c18055500148c5915382bd98,a_cded9b227a15a8600e6d8509d3a0a353,p_2ab5e59c897136540e72f91340f05ce6,p_3dd478bd944ece2906a0c8e4425f63be,6,21265,14,15,3262,10938,29,14200,1.3637432400658358,667.76393134258171,489.65517241379308,0.48275862068965519,0.22971830985915492
r_88bb25349b59b3984c7274d96929c83b,Tor browsing,d_1be06ce1b670864df8c500dc82b295ae,1,0,a_e7d8c038c18055500148c5915382bd98,a_71394ec0ae14eb2d17f693263a2fab11,p_1d6458cacaf340d6283ca75b5c4f2280,p_e8fa32c526b9b4cdc16418a4dc18e34a,6,20327,76,72,28338,31649,148,59987,7.2809563634574701,2951.0995228021839,405.31756756756755,0.51351351351351349,0.47240235384333273
r_2763e67310c16457d14caeeb0c35a7f0,Tor browsing,d_1be06ce1b670864df8c500dc82b295ae,1,0,a_e7d8c038c18055500148c5915382bd98,a_69fb0b835452ca85c178bdeaaf11695b,p_843f6a8276e60ebfb194829460d809aa,p_3d01955bb66b778c6aa471c3a2911a0a,6,17385,41,43,16411,17915,84,34326,4.8317515099223467,1974.4607420189816,408.64285714285717,0.48809523809523808,0.47809240808716424
r_5f43172bde578a8a3017c3e61fe5dd08,Tor browsing,d_1be06ce1b670864df8c500dc82b295ae,1,0,a_e7d8c038c18055500148c5915382bd98,a_e2370a5f48648ec5a5dbdf8b657a0e89,p_c39da673cd560839a05cf50899500d87,p_3dd478bd944ece2906a0c8e4425f63be,6,7338,19,18,5111,8088,37,13199,5.0422458435541015,1798.7189970019078,356.72972972972974,0.51351351351351349,0.38722630502310779
r_37742a2ac524ee22b539eca3754c598b,Tor browsing,d_1be06ce1b670864df8c500dc82b295ae,1,0,a_e7d8c038c18055500148c5915382bd98,a_bda600aaefa1633dc6972850ee0900e1,p_5cee31359571c6302a02aa31f11081b2,p_2313704d6916acc778397dda2b5b461d,6,0,1,0,60,0,1,60,,,60,1,1
r_f8c0ba9ce6c39307c02940c2a9ef5fb7,Tor browsing,d_1be06ce1b670864df8c500dc82b295ae,1,0,a_e7d8c038c18055500148c5915382bd98,a_e2370a5f48648ec5a5dbdf8b657a0e89,p_bffb5f42e62bc14e704de8308240a08f,p_3dd478bd944ece2906a0c8e4425f63be,6,20360,17,16,5041,5862,33,10903,1.6208251473477406,535.51080550098231,330.39393939393938,0.51515151515151514,0.46234981197835456
r_692c2e931945726e95421b612ebd5013,Tor browsing,d_1be06ce1b670864df8c500dc82b295ae,1,0,a_e7d8c038c18055500148c5915382bd98,a_71394ec0ae14eb2d17f693263a2fab11,p_db4e37583cf48af634322f6e9e631fd7,p_e8fa32c526b9b4cdc16418a4dc18e34a,6,19331,56,56,18272,22307,112,40579,5.7938027003259016,2099.1671408618281,362.3125,0.5,0.45028216565218465
r_cafe9fac8c85a9e2f0908a92231b97bc,Tor browsing,d_1be06ce1b670864df8c500dc82b295ae,1,0,a_e7d8c038c18055500148c5915382bd98,a_69fb0b835452ca85c178bdeaaf11695b,p_071f4bb403056be658809de498245f07,p_3d01955bb66b778c6aa471c3a2911a0a,6,18396,54,59,22352,23539,113,45891,6.1426397042835399,2494.6183953033269,406.11504424778764,0.47787610619469029,0.48706718092872242
r_9dbfa72cc52238db625454b291992ec1,Tor browsing,d_1be06ce1b670864df8c500dc82b295ae,1,0,a_e7d8c038c18055500148c5915382bd98,a_b282424f0717adb21aefa5277bcfc450,p_6d92bd1060699278e22ee06c9d31539a,p_2313704d6916acc778397dda2b5b461d,6,19329,9,0,540,0,9,540,0.46562160484246468,27.937296290547881,60,1,1
r_e9ff056a9ce90e332c1376a5672b7365,Tor browsing,d_1be06ce1b670864df8c500dc82b295ae,1,0,a_e7d8c038c18055500148c5915382bd98,a_69fb0b835452ca85c178bdeaaf11695b,p_8c95e8df78df336cd8fdf40bf0ee8a5f,p_3d01955bb66b778c6aa471c3a2911a0a,6,20386,64,61,23411,25765,125,49176,6.131658981654077,2412.243696654567,393.40800000000002,0.51200000000000001,0.47606556043598502
r_7dc31eb6ebb81f8f43065e84b1cfc509,Tor browsing,d_1be06ce1b670864df8c500dc82b295ae,1,0,a_e7d8c038c18055500148c5915382bd98,a_e2370a5f48648ec5a5dbdf8b657a0e89,p_ada547329588cc6a9d7581b258498ebf,p_3dd478bd944ece2906a0c8e4425f63be,6,18394,19,19,5657,8118,38,13775,2.0658910514298143,748.88550614330768,362.5,0.5,0.4106715063520871
r_0e19cc798e9707f83fbfdfbf24fa4a05,Tor browsing,d_1be06ce1b670864df8c500dc82b295ae,1,0,a_e7d8c038c18055500148c5915382bd98,a_71394ec0ae14eb2d17f693263a2fab11,p_1727d2b37b8fabddbf7e16b781f640d0,p_e8fa32c526b9b4cdc16418a4dc18e34a,6,16369,42,45,14338,18497,87,32835,5.3149245525077893,2005.9258354206122,377.41379310344826,0.48275862068965519,0.43666818943200852
r_6ee2d34b32cdf94a7331e989d483319d,Tor browsing,d_1be06ce1b670864df8c500dc82b295ae,1,0,a_e7d8c038c18055500148c5915382bd98,a_c4dd81d8583981e5ee90450df492c4c6,p_08962fc91c7670a7971890e0f3300de9,p_2313704d6916acc778397dda2b5b461d,6,19307,9,0,540,0,9,540,0.46615217278707211,27.969130367224324,60,1,1
r_91499876fe074f006328894b4ce1c601,Tor browsing,d_1be06ce1b670864df8c500dc82b295ae,1,0,a_e7d8c038c18055500148c5915382bd98,a_71394ec0ae14eb2d17f693263a2fab11,p_b5ddd5280ce402e9e58d673983d6a198,p_e8fa32c526b9b4cdc16418a4dc18e34a,6,20340,49,44,17921,21661,93,39582,4.5722713864306783,1946.0176991150443,425.61290322580646,0.5268817204301075,0.45275630337021877
r_e2d34fb46b8a84e1bf3dcb35c9249707,Tor browsing,d_1be06ce1b670864df8c500dc82b295ae,1,0,a_e7d8c038c18055500148c5915382bd98,a_69fb0b835452ca85c178bdeaaf11695b,p_6ff9e00fb054e2488f3b10bd920c655d,p_3d01955bb66b778c6aa471c3a2911a0a,6,20762,79,80,38230,31711,159,69941,7.6582217512763702,3368.7024371447837,439.88050314465409,0.49685534591194969,0.54660356586265568
r_4550a57dee55ac4cc2dd68ef24c8490e,Tor browsing,d_1be06ce1b670864df8c500dc82b295ae,1,0,a_e7d8c038c18055500148c5915382bd98,a_68080e05dbd647c57e8bf90261b24d94,p_c64d175052d75209cc6a4d3d72a54852,p_2313704d6916acc778397dda2b5b461d,6,3070,4,0,240,0,4,240,1.3029315960912053,78.175895765472319,60,1,1
r_be373107b613cf52809f92e36b48ac59,Tor browsing,d_1be06ce1b670864df8c500dc82b295ae,1,0,a_e7d8c038c18055500148c5915382bd98,a_69fb0b835452ca85c178bdeaaf11695b,p_5315c6d594c0868df1c9fba6b61c1be3,p_3d01955bb66b778c6aa471c3a2911a0a,6,18764,39,34,12573,15861,73,28434,3.8904284800682158,1515.3485397569816,389.50684931506851,0.53424657534246578,0.44218189491453891
r_ec638073fa124b724353f0d68096884b,Tor browsing,d_1be06ce1b670864df8c500dc82b295ae,1,0,a_e7d8c038c18055500148c5915382bd98,a_e2370a5f48648ec5a5dbdf8b657a0e89,p_4450602ce170014bb2bf9296208e9638,p_3dd478bd944ece2906a0c8e4425f63be,6,17753,25,25,7572,10060,50,17632,2.8164253928913423,993.18425054920294,352.63999999999999,0.5,0.4294464609800363
r_406a3283088da54d7e4f1ecdfed05ef8,Tor browsing,d_1be06ce1b670864df8c500dc82b295ae,1,0,a_e7d8c038c18055500148c5915382bd98,a_71394ec0ae14eb2d17f693263a2fab11,p_ac371ef0b44d561f7d7f9b31da6c9ba2,p_e8fa32c526b9b4cdc16418a4dc18e34a,6,15722,53,50,16500,20387,103,36887,6.5513293474112713,2346.2027731840735,358.126213592233,0.5145631067961165,0.44731206115975819
r_72c96a56ae7cc6ccdef7e6fafc63ea4a,Tor browsing,d_1be06ce1b670864df8c500dc82b295ae,1,0,a_e7d8c038c18055500148c5915382bd98,a_0cab75a85066ac07aecb959b1d69389d,p_160cca76c4330b42e015fa660d3421fb,p_2313704d6916acc778397dda2b5b461d,6,11220,8,0,480,0,8,480,0.71301247771836007,42.780748663101605,60,1,1
r_0068c0351135411bf6d383cfa4f7bec2,Tor browsing,d_1be06ce1b670864df8c500dc82b295ae,1,0,a_e7d8c038c18055500148c5915382bd98,a_71394ec0ae14eb2d17f693263a2fab11,p_1679e90a2583b050d8854e992e01cb6c,p_e8fa32c526b9b4cdc16418a4dc18e34a,6,17795,28,25,9299,11583,53,20882,2.9783647091879737,1173.4756954200618,394,0.52830188679245282,0.44531175174791687
r_74adf032970ffe9008afd67ab8afc085,Tor browsing,d_1be06ce1b670864df8c500dc82b295ae,1,0,a_e7d8c038c18055500148c5915382bd98,a_69fb0b835452ca85c178bdeaaf11695b,p_ab1e8669aa40f9cfec1dabb6882adafe,p_3d01955bb66b778c6aa471c3a2911a0a,6,16337,69,69,25585,28315,138,53900,8.447083307828855,3299.2593499418499,390.57971014492756,0.5,0.47467532467532469
r_bfb265d49e4fbcdf175e0c1c8f45e1e0,Tor browsing,d_1be06ce1b670864df8c500dc82b295ae,1,0,a_e7d8c038c18055500148c5915382bd98,a_e2370a5f48648ec5a5dbdf8b657a0e89,p_26b3f9486cca444a58bc82ee61c20f73,p_3dd478bd944ece2906a0c8e4425f63be,6,7968,21,18,5206,8602,39,13808,4.8945783132530121,1732.9317269076305,354.05128205128204,0.53846153846153844,0.37702780996523755
r_6823385a9899fea7d41477463f65b9f9,Tor browsing,d_1be06ce1b670864df8c500dc82b295ae,1,0,a_e7d8c038c18055500148c5915382bd98,a_a7df7c5585644eefa6db00d7725b0a75,p_7a0560c78d67ab390e7c18b59605f8d8,p_2313704d6916acc778397dda2b5b461d,6,19260,9,0,540,0,9,540,0.46728971962616817,28.037383177570092,60,1,1
r_0e127d518e0953a4efd2c19245e216c9,Tor browsing,d_1be06ce1b670864df8c500dc82b295ae,1,0,a_e7d8c038c18055500148c5915382bd98,a_69fb0b835452ca85c178bdeaaf11695b,p_04c171b5db4c3c25f3f21ad6a1583c4a,p_3d01955bb66b778c6aa471c3a2911a0a,6,20403,34,30,9084,16441,64,25525,3.1367936087830222,1251.0415135029164,398.828125,0.53125,0.35588638589618021
r_b9a280bde270a03ac04b73a89e99a67d,Tor browsing,d_1be06ce1b670864df8c500dc82b295ae,1,0,a_e7d8c038c18055500148c5915382bd98,a_71394ec0ae14eb2d17f693263a2fab11,p_4c66769b324c51e680e543c96d582e6b,p_e8fa32c526b9b4cdc16418a4dc18e34a,6,18350,79,80,30598,49685,159,80283,8.6648501362397816,4375.0953678474107,504.92452830188677,0.49685534591194969,0.38112676407209495
r_8a8601ea20a83e7fa616a31ac684483e,Tor browsing,d_1be06ce1b670864df8c500dc82b295ae,1,0,a_e7d8c038c18055500148c5915382bd98,a_9536d41f235ff42e69d368cfb858ac03,p_ebcc35430a93ece921a70a13047aa4dc,p_64eab6039291da87b7bab47109b51546,6,21334,15,14,3288,8303,29,11591,1.3593325208587232,543.311146526671,399.68965517241378,0.51724137931034486,0.2836683633853852
r_19f45046fdafb15bb35da8b01ab4944b,Tor browsing,d_1be06ce1b670864df8c500dc82b295ae,1,0,a_e7d8c038c18055500148c5915382bd98,a_71394ec0ae14eb2d17f693263a2fab11,p_6eaf03f0a7c25f11265eefc2301e2219,p_e8fa32c526b9b4cdc16418a4dc18e34a,6,20363,90,97,31260,58597,187,89857,9.1833226931198748,4412.7584344153611,480.51871657754009,0.48128342245989303,0.34788608566945256
r_dff13b8cb15af2d0168dc8756fff8a8a,Tor browsing,d_1be06ce1b670864df8c500dc82b295ae,1,0,a_e7d8c038c18055500148c5915382bd98,a_69fb0b835452ca85c178bdeaaf11695b,p_9d01ec6078b0e0c593e028c263d79cea,p_3d01955bb66b778c6aa471c3a2911a0a,6,19389,38,36,15165,14905,74,30070,3.8165970395585127,1550.8793645881685,406.35135135135135,0.51351351351351349,0.50432324575989362
r_ffa88021c0cf845523412cb4700c8d01,Tor browsing,d_1be06ce1b670864df8c500dc82b295ae,1,0,a_e7d8c038c18055500148c5915382bd98,a_71394ec0ae14eb2d17f693263a2fab11,p_45ccb199fb7232c9994229f189a712e4,p_e8fa32c526b9b4cdc16418a4dc18e34a,6,20469,58,60,19974,24101,118,44075,5.7648150862279541,2153.2561434364161,373.5169491525424,0.49152542372881358,0.4531820760068066
r_a21f91b52466ee7dae29257c0f9e2a78,Tor browsing,d_1be06ce1b670864df8c500dc82b295ae,1,0,a_e7d8c038c18055500148c5915382bd98,a_69fb0b835452ca85c178bdeaaf11695b,p_6431e90124b439d915a3e7be35d95e90,p_3d01955bb66b778c6aa471c3a2911a0a,6,19469,40,40,14808,14097,80,28905,4.109096512404335,1484.6679336380912,361.3125,0.5,0.51229891022314478
r_83fb2f82556c50b1453f11a8e159d8df,Tor browsing,d_1be06ce1b670864df8c500dc82b295ae,1,0,a_e7d8c038c18055500148c5915382bd98,a_e2370a5f48648ec5a5dbdf8b657a0e89,p_c3673749efdf0f4ba59c585a5d91e453,p_3dd478bd944ece2906a0c8e4425f63be,6,14461,20,18,5165,8624,38,13789,2.6277574164995503,953.53018463453429,362.86842105263156,0.52631578947368418,0.37457393574588438
r_32374bad1c460f8e82a7a4a655df6475,Tor browsing,d_1be06ce1b670864df8c500dc82b295ae,1,0,a_e7d8c038c18055500148c5915382bd98,a_75d004b3234b7f9cc3a6df4c2d0a16a3,p_1f5bbbf0c6486fdf3d9de3a9baf79735,p_2313704d6916acc778397dda2b5b461d,6,18592,18,17,3455,11099,35,14554,1.8825301204819278,782.80981067125651,415.82857142857142,0.51428571428571423,0.23739178232788236
r_4a736f177fa69c2cc26df5a40ed85af1,Tor browsing,d_1be06ce1b670864df8c500dc82b295ae,1,0,a_e7d8c038c18055500148c5915382bd98,a_71394ec0ae14eb2d17f693263a2fab11,p_6faec0b8a5280f03013895c92a1a1a93,p_e8fa32c526b9b4cdc16418a4dc18e34a,6,17595,64,67,18201,37381,131,55582,7.4452969593634561,3158.9656152316002,424.29007633587787,0.48854961832061067,0.3274621280270591
r_8959c3ae92aad306029a3ca37eb17f29,Tor browsing,d_1be06ce1b670864df8c500dc82b295ae,1,0,a_e7d8c038c18055500148c5915382bd98,a_69fb0b835452ca85c178bdeaaf11695b,p_81b48e56a10ddccfb3b8bcbd1ef5ad97,p_3d01955bb66b778c6aa471c3a2911a0a,6,16665,36,33,11398,12737,69,24135,4.1404140414041404,1448.2448244824484,349.78260869565219,0.52173913043478259,0.47226020302465299
r_4617d24a3938b9f2fd4fcf1b16f16bda,Tor browsing,d_1be06ce1b670864df8c500dc82b295ae,1,0,a_e7d8c038c18055500148c5915382bd98,a_e2370a5f48648ec5a5dbdf8b657a0e89,p_d7a7aa108ed47b3a8165f2cb34c61dce,p_3dd478bd944ece2906a0c8e4425f63be,6,8681,21,22,5213,11938,43,17151,4.953346388664901,1975.6940444649235,398.86046511627904,0.48837209302325579,0.30394729170310769
r_0383b6f0a822e56404471860d2cc2cb8,Tor browsing,d_1be06ce1b670864df8c500dc82b295ae,1,0,a_e7d8c038c18055500148c5915382bd98,a_c4dd81d8583981e5ee90450df492c4c6,p_5c659e547455b9c0260619382d1095a2,p_2313704d6916acc778397dda2b5b461d,6,19275,9,0,540,0,9,540,0.46692607003891057,28.015564202334634,60,1,1
r_81fc8257299cd7a0dc844fcc55924fba,Tor browsing,d_1be06ce1b670864df8c500dc82b295ae,1,0,a_e7d8c038c18055500148c5915382bd98,a_71394ec0ae14eb2d17f693263a2fab11,p_778b146d45f6250fc8ae26044bb9291f,p_e8fa32c526b9b4cdc16418a4dc18e34a,6,19828,61,60,21664,26693,121,48357,6.1024813395198709,2438.8238854145652,399.64462809917353,0.50413223140495866,0.44800132348987737
r_bf0f4f3675c21055273602b5faa6d287,Tor browsing,d_1be06ce1b670864df8c500dc82b295ae,1,0,a_e7d8c038c18055500148c5915382bd98,a_69fb0b835452ca85c178bdeaaf11695b,p_46548e4a2a554c6f4609f49ba9d126cf,p_3d01955bb66b778c6aa471c3a2911a0a,6,18892,47,46,16238,18641,93,34879,4.9227186110522974,1846.231208977345,375.04301075268819,0.5053763440860215,0.46555233808308727
r_59c0886c0833bf660fe9bc93b03aa1eb,Tor browsing,d_1be06ce1b670864df8c500dc82b295ae,1,0,a_e7d8c038c18055500148c5915382bd98,a_e2370a5f48648ec5a5dbdf8b657a0e89,p_86ac32146a4a650101fd8b8097ad58be,p_3dd478bd944ece2906a0c8e4425f63be,6,4849,14,12,3268,5654,26,8922,5.3619302949061662,1839.9670035058775,343.15384615384613,0.53846153846153844,0.36628558619143692
r_69573ac23ff13df2f0b8a005bb8db393,Tor browsing,d_1be06ce1b670864df8c500dc82b295ae,1,0,a_e7d8c038c18055500148c5915382bd98,a_71394ec0ae14eb2d17f693263a2fab11,p_06f00d190df4ce57fa81234fd777e551,p_e8fa32c526b9b4cdc16418a4dc18e34a,6,6008,28,23,10934,12081,51,23015,8.4886817576564582,3830.7256990679093,451.27450980392155,0.5490196078431373,0.47508146860742995
r_bbe816feb2435528403ff0a418e47a41,Tor browsing,d_1be06ce1b670864df8c500dc82b295ae,1,0,a_e7d8c038c18055500148c5915382bd98,a_69fb0b835452ca85c178bdeaaf11695b,p_4eb675cf4c45a07e195cd96fc976bc6c,p_3d01955bb66b778c6aa471c3a2911a0a,6,3093,12,10,3193,4985,22,8178,7.1128354348528937,2644.0349175557712,371.72727272727275,0.54545454545454541,0.3904377598434825
r_2a69c829c114404b5d6a378124c0b470,Tor browsing,d_07128c50bdc12202e87dc8310ed290a4,0,0,a_e7d8c038c18055500148c5915382bd98,a_71394ec0ae14eb2d17f693263a2fab11,p_78ad9cf63caa93db95c61b22824edbe8,p_e8fa32c526b9b4cdc16418a4dc18e34a,6,14840,44,42,17405,23562,86,40967,5.7951482479784371,2760.579514824798,476.36046511627904,0.51162790697674421,0.42485415090194545
r_42880169079aa158f5ac1c09d6dab7a3,Tor browsing,d_07128c50bdc12202e87dc8310ed290a4,0,0,a_e7d8c038c18055500148c5915382bd98,a_69fb0b835452ca85c178bdeaaf11695b,p_ab7ebee5692424a0e7e3c9f595c70025,p_3d01955bb66b778c6aa471c3a2911a0a,6,19396,22,21,5288,8288,43,13576,2.2169519488554341,699.93813157352031,315.72093023255815,0.51162790697674421,0.38951090159104301
r_325236fe8bf75531c822cf270042472b,Tor browsing,d_07128c50bdc12202e87dc8310ed290a4,0,0,a_e7d8c038c18055500148c5915382bd98,a_e2370a5f48648ec5a5dbdf8b657a0e89,p_ca5ddbe5c5a149c35e4494a9112386e0,p_3dd478bd944ece2906a0c8e4425f63be,6,14621,16,15,4439,5834,31,10273,2.1202380138157446,702.619519868682,331.38709677419354,0.5161290322580645,0.43210357247152731
r_bee54c814c36cf5ccc552218cfe3721d,Tor browsing,d_07128c50bdc12202e87dc8310ed290a4,0,0,a_e7d8c038c18055500148c5915382bd98,a_69fb0b835452ca85c178bdeaaf11695b,p_66c1cd5c9b07867211d54cb66831e128,p_3d01955bb66b778c6aa471c3a2911a0a,6,16361,79,83,17374,66186,162,83560,9.9015952570136303,5107.2672819509808,515.80246913580243,0.48765432098765432,0.20792245093346098
r_2e6774e3766c4fe76207f58d3de8f156,Tor browsing,d_07128c50bdc12202e87dc8310ed290a4,0,0,a_e7d8c038c18055500148c5915382bd98,a_71394ec0ae14eb2d17f693263a2fab11,p_d3483e886941a497e090694abe057895,p_e8fa32c526b9b4cdc16418a4dc18e34a,6,13309,35,43,9705,32318,78,42023,5.8606957697798485,3157.4874145315202,538.75641025641028,0.44871794871794873,0.23094495871308568
r_2c2bcc176646c210792f8b02612fd3d9,Tor browsing,d_07128c50bdc12202e87dc8310ed290a4,0,0,a_e7d8c038c18055500148c5915382bd98,a_71394ec0ae14eb2d17f693263a2fab11,p_80fcffe7143de83681125cab76ebe95e,p_e8fa32c526b9b4cdc16418a4dc18e34a,6,4695,23,21,8001,9290,44,17291,9.3716719914802979,3682.8541001064959,392.97727272727275,0.52272727272727271,0.46272627378404951
r_5027e70818ff01adcd86765f87f11ff6,Tor browsing,d_07128c50bdc12202e87dc8310ed290a4,0,0,a_e7d8c038c18055500148c5915382bd98,a_b6c48b91a0b370a6737984911a271ac6,p_2de934346ea9b552db053807549d0a66,p_018bddd8ee5d54a934fb83e788d3889a,6,273,2,2,104,104,4,208,14.652014652014651,761.90476190476181,52,0.5,0.5
r_f4e3800851a48349015e5aad9a632e4c,Tor browsing,d_07128c50bdc12202e87dc8310ed290a4,0,0,a_e7d8c038c18055500148c5915382bd98,a_69fb0b835452ca85c178bdeaaf11695b,p_fdcf26955796a45dfb0968e47d517766,p_3d01955bb66b778c6aa471c3a2911a0a,6,16390,66,64,19828,41564,130,61392,7.9316656497864546,3745.6985967053079,472.24615384615385,0.50769230769230766,0.32297367735209798
r_68bf15db31ebcf35b883778f411ffc0f,Tor browsing,d_07128c50bdc12202e87dc8310ed290a4,0,0,a_e7d8c038c18055500148c5915382bd98,a_838767ae237b031a3400278c3cfa6317,p_dbaccacf985f234dfda557323bfce16b,p_2313704d6916acc778397dda2b5b461d,6,19297,9,0,540,0,9,540,0.46639373995957917,27.983624397574751,60,1,1
r_cdb2471e5d3db7a83b1c9ac1aceb37e5,Tor browsing,d_07128c50bdc12202e87dc8310ed290a4,0,0,a_e7d8c038c18055500148c5915382bd98,a_69fb0b835452ca85c178bdeaaf11695b,p_4085c93bb83097f9363e61c332664fc9,p_3d01955bb66b778c6aa471c3a2911a0a,6,16958,42,44,16128,30352,86,46480,5.0713527538624845,2740.8892558084681,540.46511627906978,0.48837209302325579,0.34698795180722891
r_f14aef5d0ce2a36004f267980627e487,Tor browsing,d_07128c50bdc12202e87dc8310ed290a4,0,0,a_e7d8c038c18055500148c5915382bd98,a_e2370a5f48648ec5a5dbdf8b657a0e89,p_6ae21486e19b59215485fb07cdfef992,p_3dd478bd944ece2906a0c8e4425f63be,6,8989,22,17,6896,7264,39,14160,4.3386361108020912,1575.2586494604516,363.07692307692309,0.5641025641025641,0.48700564971751414
r_465edc6e8172f4621c8dcbc596708e23,Tor browsing,d_07128c50bdc12202e87dc8310ed290a4,0,0,a_e7d8c038c18055500148c5915382bd98,a_69fb0b835452ca85c178bdeaaf11695b,p_27a706ba1fd1db8827c3bf1e94319359,p_3d01955bb66b778c6aa471c3a2911a0a,6,11888,58,59,14612,45656,117,60268,9.8418573351278607,5069.6500672947514,515.11111111111109,0.49572649572649574,0.24245038826574633
r_617de60709370d4c63334865e2d677ff,Tor browsing,d_07128c50bdc12202e87dc8310ed290a4,0,0,a_e7d8c038c18055500148c5915382bd98,a_69fb0b835452ca85c178bdeaaf11695b,p_8367eb1297839157778b1a51d0ef4d87,p_3d01955bb66b778c6aa471c3a2911a0a,6,14462,657,1177,84820,1531004,1834,1615824,126.81510164569217,111728.94482090998,881.03816793893134,0.35823336968375136,0.052493340858905425
r_d2bd6cf0a19705465ba329849e78e913,Tor browsing,d_07128c50bdc12202e87dc8310ed290a4,0,0,a_71394ec0ae14eb2d17f693263a2fab11,a_e7d8c038c18055500148c5915382bd98,p_e8fa32c526b9b4cdc16418a4dc18e34a,p_dc51cff53d2fc77dbad9616021528b28,6,14412,374,151,481246,23800,525,505046,36.427976686094922,35043.436025534276,961.99238095238093,0.71238095238095234,0.95287557965017045
r_3bb5f3fd69ca40bec5b99f6667c3add9,Tor browsing,d_07128c50bdc12202e87dc8310ed290a4,0,0,a_e7d8c038c18055500148c5915382bd98,a_71394ec0ae14eb2d17f693263a2fab11,p_ce5481ea6ca36a297ea8030c1d58c41e,p_e8fa32c526b9b4cdc16418a4dc18e34a,6,15600,58,50,16831,27564,108,44395,6.9230769230769234,2845.8333333333335,411.06481481481484,0.53703703703703709,0.37911927018808422
r_096e1dd177706ea1639fcefdc9e3afd5,Tor browsing,d_07128c50bdc12202e87dc8310ed290a4,0,0,a_e7d8c038c18055500148c5915382bd98,a_69fb0b835452ca85c178bdeaaf11695b,p_7f2264b3fa7c88311497863d3ce1e049,p_3d01955bb66b778c6aa471c3a2911a0a,6,15651,50,60,14691,47360,110,62051,7.0283049006453266,3964.6667944540286,564.10000000000002,0.45454545454545453,0.23675686129151827
r_37b94bb9b60e7378645e846a92d415e1,Tor browsing,d_07128c50bdc12202e87dc8310ed290a4,0,0,a_e7d8c038c18055500148c5915382bd98,a_e2370a5f48648ec5a5dbdf8b657a0e89,p_e3c0b757fb01228bae2d9574e38bc5e2,p_3dd478bd944ece2906a0c8e4425f63be,6,9916,22,24,5802,12602,46,18404,4.6389673255344892,1855.9903186768859,400.08695652173913,0.47826086956521741,0.31525755270593347
r_b3bacaf77445638d66e48dcbe46f883e,Tor browsing,d_07128c50bdc12202e87dc8310ed290a4,0,0,a_e7d8c038c18055500148c5915382bd98,a_71394ec0ae14eb2d17f693263a2fab11,p_0bb4dfad7be713fbd2690570bf7f0b7f,p_e8fa32c526b9b4cdc16418a4dc18e34a,6,17482,65,69,14587,61056,134,75643,7.6650268847957905,4326.9076764672236,564.5,0.48507462686567165,0.1928400512935764
r_afcfca98d3d746d47c3a3bb256f6fd5b,Tor browsing,d_07128c50bdc12202e87dc8310ed290a4,0,0,a_e7d8c038c18055500148c5915382bd98,a_69fb0b835452ca85c178bdeaaf11695b,p_1026ca35b228869e83e49d9bb0f3905a,p_3d01955bb66b778c6aa471c3a2911a0a,6,20536,63,72,18057,54306,135,72363,6.5738215816127772,3523.7144526684842,536.02222222222224,0.46666666666666667,0.2495336014261432
r_859c180653e5983bf305c239640b0a89,Tor browsing,d_07128c50bdc12202e87dc8310ed290a4,0,0,a_e7d8c038c18055500148c5915382bd98,a_4ba20bcab22798247aa87e8b6193253b,p_3b86535c5be21b4cd15dfaedfdfea718,p_2313704d6916acc778397dda2b5b461d,6,11200,8,0,480,0,8,480,0.7142857142857143,42.857142857142861,60,1,1
r_9574c0b9b62b4697723ec1e36016c24d,Tor browsing,d_07128c50bdc12202e87dc8310ed290a4,0,0,a_e7d8c038c18055500148c5915382bd98,a_71394ec0ae14eb2d17f693263a2fab11,p_63cfa5635ce8c355819a36604ed20169,p_e8fa32c526b9b4cdc16418a4dc18e34a,6,18897,53,47,16824,27946,100,44770,5.29184526644441,2369.1591257871623,447.69999999999999,0.53000000000000003,0.37578735760553944
r_66f8ee910b499381f31ea434fe838ba9,Tor browsing,d_07128c50bdc12202e87dc8310ed290a4,0,0,a_e7d8c038c18055500148c5915382bd98,a_9536d41f235ff42e69d368cfb858ac03,p_612520af2d6fc4dfc562b1b07e5aeb05,p_64eab6039291da87b7bab47109b51546,6,21386,15,13,3595,8248,28,11843,1.3092677452539045,553.77349668007105,422.96428571428572,0.5357142857142857,0.30355484252300935
r_bd2e7da3655937eea97dcaaa937ed73e,Tor browsing,d_07128c50bdc12202e87dc8310ed290a4,0,0,a_e7d8c038c18055500148c5915382bd98,a_71394ec0ae14eb2d17f693263a2fab11,p_52b200ac49aa996a6044d90776f4e8d0,p_e8fa32c526b9b4cdc16418a4dc18e34a,6,20334,99,92,42747,60274,191,103021,9.3931346513229084,5066.4404445755881,539.37696335078533,0.51832460732984298,0.41493481911454944
r_2d04c4c3c3f9a1c682888c3671d7db90,Tor browsing,d_07128c50bdc12202e87dc8310ed290a4,0,0,a_e7d8c038c18055500148c5915382bd98,a_71394ec0ae14eb2d17f693263a2fab11,p_f66140e259ca5e25f0d3b75c4869fe1a,p_e8fa32c526b9b4cdc16418a4dc18e34a,6,18641,56,48,20445,21350,104,41795,5.5790998336999094,2242.1007456681509,401.875,0.53846153846153844,0.4891733460940304
r_9e11450b474647ae1273cfb9e3002d8b,Tor browsing,d_07128c50bdc12202e87dc8310ed290a4,0,0,a_fd460a466b39ea36c13c185c35103a31,a_e7d8c038c18055500148c5915382bd98,p_3919451a0dfaecc18e4c3b5d9eae72c2,p_56cb40b765f2da7e1cc13b84fb7692e8,6,474578,68,68,38912,4608,136,43520,0.28657038463645595,91.702523083665909,320,0.5,0.89411764705882357
r_1dea36895eff9c772574bc31377d38db,Tor browsing,d_07128c50bdc12202e87dc8310ed290a4,0,0,a_e7d8c038c18055500148c5915382bd98,a_71394ec0ae14eb2d17f693263a2fab11,p_85bd285ac8f3c2d9bdced888f993b384,p_e8fa32c526b9b4cdc16418a4dc18e34a,6,16394,68,101,11959,109342,169,121301,10.308649505916799,7399.1094302793708,717.75739644970417,0.40236686390532544,0.098589459278983688
r_fb4d899040ae7499c44b9f76ca9aca89,Tor browsing,d_07128c50bdc12202e87dc8310ed290a4,0,0,a_e7d8c038c18055500148c5915382bd98,a_838767ae237b031a3400278c3cfa6317,p_1baf238668ffd7da3277ebbb6ea47f09,p_2313704d6916acc778397dda2b5b461d,6,11202,8,0,480,0,8,480,0.71415818603820747,42.849491162292445,60,1,1
r_8f05ca09970efc7bceacef32ded798a0,Tor browsing,d_07128c50bdc12202e87dc8310ed290a4,0,0,a_e7d8c038c18055500148c5915382bd98,a_b04e0a86efad23a9a85ba7e68f1160c8,p_64e1569a76039872a6463afbfb69c3bd,p_2313704d6916acc778397dda2b5b461d,6,11201,8,0,480,0,8,480,0.71422194446924381,42.853316668154626,60,1,1
r_c31dc111b4b553bdb8235d6544c5fc67,Tor browsing,d_07128c50bdc12202e87dc8310ed290a4,0,0,a_e7d8c038c18055500148c5915382bd98,a_e2370a5f48648ec5a5dbdf8b657a0e89,p_e6025f6e636553025e51702bebd5fae0,p_3dd478bd944ece2906a0c8e4425f63be,6,21491,22,16,4771,7494,38,12265,1.7681820296868458,570.70401563445159,322.76315789473682,0.57894736842105265,0.38899306971055853
r_eb7f1538c3a647998af99b937ff7ff12,Tor browsing,d_07128c50bdc12202e87dc8310ed290a4,0,0,a_e7d8c038c18055500148c5915382bd98,a_69fb0b835452ca85c178bdeaaf11695b,p_00889382a36525aa443bb0766135ab5c,p_3d01955bb66b778c6aa471c3a2911a0a,6,15498,21,18,6385,8122,39,14507,2.5164537359659311,936.05626532455801,371.97435897435895,0.53846153846153844,0.44013234990004824
r_37e92cde4da4be64edc2d3e45dfe2579,Tor browsing,d_07128c50bdc12202e87dc8310ed290a4,0,0,a_e7d8c038c18055500148c5915382bd98,a_69fb0b835452ca85c178bdeaaf11695b,p_bf7a554d96b7ac95770c09809f56036e,p_3d01955bb66b778c6aa471c3a2911a0a,6,17380,56,43,24348,16962,99,41310,5.6962025316455698,2376.8699654775605,417.27272727272725,0.56565656565656564,0.58939724037763253
r_58d3931bfe9583032f9a794a8a60adce,Tor browsing,d_07128c50bdc12202e87dc8310ed290a4,0,0,a_e7d8c038c18055500148c5915382bd98,a_db61c1ebde21a4bbe71e70376a9b29fe,p_f254ae8ac00cd8b926adffffe04e72a8,p_3dd478bd944ece2906a0c8e4425f63be,6,17404,16,16,3346,10970,32,14316,1.8386577798207309,822.56952424729946,447.375,0.5,0.23372450405141101
r_e90348c376b21b792ceb0150cbf9b59b,Tor browsing,d_07128c50bdc12202e87dc8310ed290a4,0,0,a_e7d8c038c18055500148c5915382bd98,a_71394ec0ae14eb2d17f693263a2fab11,p_77d902f0b00316bad94e5b1d6617787b,p_e8fa32c526b9b4cdc16418a4dc18e34a,6,18328,39,38,11532,18114,77,29646,4.2012221737232647,1617.5250982103885,385.01298701298703,0.50649350649350644,0.38899008297915399
r_aa798799ca3ac72fb0e5dc836fae3fd6,Tor browsing,d_07128c50bdc12202e87dc8310ed290a4,0,0,a_e7d8c038c18055500148c5915382bd98,a_71394ec0ae14eb2d17f693263a2fab11,p_20caec289f8e741263af5d38c2eebb7b,p_e8fa32c526b9b4cdc16418a4dc18e34a,6,19350,50,44,17774,21118,94,38892,4.8578811369509038,2009.9224806201548,413.74468085106383,0.53191489361702127,0.45700915355343003
r_0d740e074510305e2ff2b8003eecad37,Tor browsing,d_07128c50bdc12202e87dc8310ed290a4,0,0,a_e7d8c038c18055500148c5915382bd98,a_69fb0b835452ca85c178bdeaaf11695b,p_d2b40d28978364ad0669201f52ac391f,p_3d01955bb66b778c6aa471c3a2911a0a,6,14593,58,63,11535,60302,121,71837,8.2916466799150275,4922.702665661619,593.69421487603302,0.47933884297520662,0.16057185016078065
r_9486f91de31cfa03b16838e1f2970a64,Tor browsing,d_07128c50bdc12202e87dc8310ed290a4,0,0,a_e7d8c038c18055500148c5915382bd98,a_69fb0b835452ca85c178bdeaaf11695b,p_21fe315fa7822c7b8557178e1613eee4,p_3d01955bb66b778c6aa471c3a2911a0a,6,19734,63,62,22365,25352,125,47717,6.3342454646802464,2418.0095267051788,381.73599999999999,0.504,0.46870088228513945
r_bf32a0a5b2b099926c44ef8f3a3a6402,Tor browsing,d_07128c50bdc12202e87dc8310ed290a4,0,0,a_e7d8c038c18055500148c5915382bd98,a_71394ec0ae14eb2d17f693263a2fab11,p_534a16b529fa2ba430bcd48b6ba22dba,p_e8fa32c526b9b4cdc16418a4dc18e34a,6,19704,96,98,34721,72874,194,107595,9.8457166057653271,5460.5663824604144,554.61340206185571,0.49484536082474229,0.3227008689994888
r_49a99589515177da2f01f71a40cdc107,Tor browsing,d_07128c50bdc12202e87dc8310ed290a4,0,0,a_e7d8c038c18055500148c5915382bd98,a_e2370a5f48648ec5a5dbdf8b657a0e89,p_0a3138300db7db596cc72fe222c72c84,p_3dd478bd944ece2906a0c8e4425f63be,6,19343,16,14,3373,6854,30,10227,1.5509486635992349,528.71839942097915,340.89999999999998,0.53333333333333333,0.32981323946416347
r_58421c9aa01d048a4bfb3ef5e4abe94c,Tor browsing,d_07128c50bdc12202e87dc8310ed290a4,0,0,a_e7d8c038c18055500148c5915382bd98,a_69fb0b835452ca85c178bdeaaf11695b,p_147832a7b84a26e8d706824547642f84,p_3d01955bb66b778c6aa471c3a2911a0a,6,20758,59,70,15274,52026,129,67300,6.2144715290490415,3242.1235186434146,521.7054263565891,0.4573643410852713,0.22695393759286775
r_7c589ad4a6c9d9291befb8255365bc24,Tor browsing,d_07128c50bdc12202e87dc8310ed290a4,0,0,a_e7d8c038c18055500148c5915382bd98,a_71394ec0ae14eb2d17f693263a2fab11,p_17364dea43bb2322145d494c598bc8fc,p_e8fa32c526b9b4cdc16418a4dc18e34a,6,13443,85,97,21287,90270,182,111557,13.538644647772076,8298.5196756676341,612.95054945054949,0.46703296703296704,0.19081725037424815
r_ea3bc60904a05e84c2a6a01253228975,Tor browsing,d_07128c50bdc12202e87dc8310ed290a4,0,0,a_e7d8c038c18055500148c5915382bd98,a_69fb0b835452ca85c178bdeaaf11695b,p_15a06f7b4fad66e90d99ef181f4c3d37,p_3d01955bb66b778c6aa471c3a2911a0a,6,19459,65,61,28751,41850,126,70601,6.475152885554242,3628.1926101032941,560.32539682539687,0.51587301587301593,0.40723219217858103
r_8b455ba48c8114af4aa49337bc5ff2d9,Tor browsing,d_07128c50bdc12202e87dc8310ed290a4,0,0,a_e7d8c038c18055500148c5915382bd98,a_71394ec0ae14eb2d17f693263a2fab11,p_fd190a6a3d502a7345b96e47a0dd522a,p_e8fa32c526b9b4cdc16418a4dc18e34a,6,16390,94,99,20235,90374,193,110609,11.775472849298351,6748.566198901769,573.10362694300522,0.48704663212435234,0.18294171360377545
r_3dd7c3181fe1de8d55ba6a2267d8d1a8,Tor browsing,d_07128c50bdc12202e87dc8310ed290a4,0,0,a_e7d8c038c18055500148c5915382bd98,a_69fb0b835452ca85c178bdeaaf11695b,p_45c3bf199ddcf43d0f27efc50f1bd85f,p_3d01955bb66b778c6aa471c3a2911a0a,6,15434,27,23,7701,10536,50,18237,3.2396008811714396,1181.6120253984709,364.74000000000001,0.54000000000000004,0.42227340023030102
r_ed894912336daf62c885cd78ffea9255,Tor browsing,d_07128c50bdc12202e87dc8310ed290a4,0,0,a_e7d8c038c18055500148c5915382bd98,a_69fb0b835452ca85c178bdeaaf11695b,p_ff75e57f20118ce89ebb603b525eaa21,p_3d01955bb66b778c6aa471c3a2911a0a,6,17064,45,41,10778,27538,86,38316,5.0398499765588376,2245.4289732770744,445.53488372093022,0.52325581395348841,0.28129241048126108
r_2a6e150f79fa279364a5facba243bb94,Tor browsing,d_07128c50bdc12202e87dc8310ed290a4,0,0,a_e7d8c038c18055500148c5915382bd98,a_893243e5083f322d109d866089bf6995,p_d2675fbbea4b316cff515c8908c97987,p_3919451a0dfaecc18e4c3b5d9eae72c2,6,17742,14,16,3237,8434,30,11671,1.6909029421711192,657.81760793597107,389.03333333333336,0.46666666666666667,0.27735412561048756
r_201dac873d35dc9b6f8e7ce0eac0ed0f,Tor browsing,d_07128c50bdc12202e87dc8310ed290a4,0,0,a_e7d8c038c18055500148c5915382bd98,a_69fb0b835452ca85c178bdeaaf11695b,p_543a7ecf15c2ae0667f9817be354c4a8,p_3d01955bb66b778c6aa471c3a2911a0a,6,18015,69,87,15257,79858,156,95115,8.6594504579517064,5279.7668609492084,609.71153846153845,0.44230769230769229,0.16040582452820271
r_c7dd9c9d45ca72d95d556a1e39c72a3c,Tor browsing,d_07128c50bdc12202e87dc8310ed290a4,0,0,a_e7d8c038c18055500148c5915382bd98,a_e2370a5f48648ec5a5dbdf8b657a0e89,p_7e61ba712afc48cac0b03bd4c9d0ba68,p_3dd478bd944ece2906a0c8e4425f63be,6,13341,31,29,8946,12928,60,21874,4.4974139869574996,1639.6072258451391,364.56666666666666,0.51666666666666672,0.4089786961689677
r_6c22f52ca9e5bb7d636e19839db9c6a7,Tor browsing,d_07128c50bdc12202e87dc8310ed290a4,0,0,a_e7d8c038c18055500148c5915382bd98,a_69fb0b835452ca85c178bdeaaf11695b,p_828c7aa54c0aafc254d5ed96662ee1ed,p_3d01955bb66b778c6aa471c3a2911a0a,6,16385,53,50,18624,20964,103,39588,6.286237412267317,2416.1122978333838,384.34951456310682,0.5145631067961165,0.47044558957259774
r_2ef9815c7a3463b06faeba46bf83d4e6,Tor browsing,d_07128c50bdc12202e87dc8310ed290a4,0,0,a_e7d8c038c18055500148c5915382bd98,a_b3473f2ec0e1aa6e23367b95b4c6097a,p_721ed1564fdd369c0582e4550927c20a,p_2313704d6916acc778397dda2b5b461d,6,7167,7,0,420,0,7,420,0.97669875819729313,58.601925491837591,60,1,1
r_a011f0f7990ead82db53ab18e1238895,Tor browsing,d_07128c50bdc12202e87dc8310ed290a4,0,0,a_e7d8c038c18055500148c5915382bd98,a_b2ce6218e704befe601e07edc341da1d,p_c5640112d8245950c8a59859f64c436a,p_2313704d6916acc778397dda2b5b461d,6,11201,8,0,480,0,8,480,0.71422194446924381,42.853316668154626,60,1,1
r_602fd91c60f01694b9d4b905f524c9de,Tor browsing,d_07128c50bdc12202e87dc8310ed290a4,0,0,a_e52ea202de58db21990f572d122f8628,a_e7d8c038c18055500148c5915382bd98,p_3dd478bd944ece2906a0c8e4425f63be,p_5433c5fe330556964f0f178e0276724e,6,465192,87,87,28108,29092,174,57200,0.3740391064334726,122.9599821149117,328.73563218390802,0.5,0.49139860139860142
r_b788e7805cf2b7951b8a773a7ccfed55,Tor browsing,d_07128c50bdc12202e87dc8310ed290a4,0,0,a_e7d8c038c18055500148c5915382bd98,a_58597d7dc9015e05b95c2a7248b06cfe,p_f00eea112a1faa622b02cd8835569f35,p_43df02fd0b2e49858e28f6f6da383215,6,19450,9,0,540,0,9,540,0.46272493573264784,27.763496143958871,60,1,1
r_1ccf6414ca7cd6e6bbcc724e20b280ea,Tor browsing,d_07128c50bdc12202e87dc8310ed290a4,0,0,a_e7d8c038c18055500148c5915382bd98,a_ff5a60cf27149316554a882e3a6c0f94,p_f6bb079d4649413bcaa6a1db5e39017c,p_2313704d6916acc778397dda2b5b461d,6,115,1,1,60,40,2,100,17.391304347826086,869.56521739130426,50,0.5,0.59999999999999998
r_ae1f9e1dd35ca637e50a947848cee0dd,Tor browsing,d_07128c50bdc12202e87dc8310ed290a4,0,0,a_e7d8c038c18055500148c5915382bd98,a_c456bce599ef57328d55661d5f50120d,p_7bdb35b6fb362c144018678530ed4fda,p_2313704d6916acc778397dda2b5b461d,6,21390,18,16,3442,10990,34,14432,1.5895278167367928,674.70780738662927,424.47058823529414,0.52941176470588236,0.23849778270509978
r_3dae490f7c79259104b27b078fe653b5,Tor browsing,d_07128c50bdc12202e87dc8310ed290a4,0,0,a_e7d8c038c18055500148c5915382bd98,a_71394ec0ae14eb2d17f693263a2fab11,p_c5773018a90dc0545564725f67940537,p_e8fa32c526b9b4cdc16418a4dc18e34a,6,20340,92,88,35082,36722,180,71804,8.8495575221238933,3530.1868239921337,398.9111111111111,0.51111111111111107,0.48858002339702522
r_c5a133306ffb609bd3b40ea45c58552a,Tor browsing,d_07128c50bdc12202e87dc8310ed290a4,0,0,a_e7d8c038c18055500148c5915382bd98,a_71394ec0ae14eb2d17f693263a2fab11,p_7d7701dc28e2969f96465ee0efd48e0d,p_e8fa32c526b9b4cdc16418a4dc18e34a,6,13986,40,42,12151,17764,82,29915,5.8630058630058626,2138.9246389246387,364.8170731707317,0.48780487804878048,0.4061841885341802
r_5a9438bf02becaf1873b92c255c04812,Tor browsing,d_07128c50bdc12202e87dc8310ed290a4,0,0,a_e7d8c038c18055500148c5915382bd98,a_972a4e8706947a42df038fdffbbadac4,p_5af6fdeead1897b4ec964484a3aabbdd,p_2313704d6916acc778397dda2b5b461d,6,323,1,1,60,40,2,100,6.1919504643962844,309.59752321981421,50,0.5,0.59999999999999998
r_0ea897d68eb18cf834883fa97c75114d,Tor browsing,d_07128c50bdc12202e87dc8310ed290a4,0,0,a_e7d8c038c18055500148c5915382bd98,a_e2370a5f48648ec5a5dbdf8b657a0e89,p_ca5a362f46e64c7c9ce793a19f6e74d8,p_3dd478bd944ece2906a0c8e4425f63be,6,14166,29,30,8830,12444,59,21274,4.1649018777354225,1501.7647889312439,360.57627118644069,0.49152542372881358,0.4150606373977625
r_ea16ab52d7b57ba3024c5b56598ff3bc,Tor browsing,d_07128c50bdc12202e87dc8310ed290a4,0,0,a_e7d8c038c18055500148c5915382bd98,a_71394ec0ae14eb2d17f693263a2fab11,p_468ac3a072c10cc6d776b9342cf14fe7,p_e8fa32c526b9b4cdc16418a4dc18e34a,6,18020,86,86,21915,72170,172,94085,9.5449500554938957,5221.1431742508321,547.00581395348843,0.5,0.23292767178615081
r_b404db98bb967d70212aff5e00c418f4,Tor browsing,d_07128c50bdc12202e87dc8310ed290a4,0,0,a_e7d8c038c18055500148c5915382bd98,a_71394ec0ae14eb2d17f693263a2fab11,p_1b003d75b0e21d15d8807c4ed5db9c62,p_e8fa32c526b9b4cdc16418a4dc18e34a,6,20320,21,19,5771,7052,40,12823,1.9685039370078741,631.05314960629926,320.57499999999999,0.52500000000000002,0.45005069016610777
r_d7ff6e66937d0ec0c7120885f357cf27,Tor browsing,d_07128c50bdc12202e87dc8310ed290a4,0,0,a_e7d8c038c18055500148c5915382bd98,a_71394ec0ae14eb2d17f693263a2fab11,p_7fe0c2bc655fa872df53244ad548fc67,p_e8fa32c526b9b4cdc16418a4dc18e34a,6,6526,25,22,9805,10950,47,20755,7.2019613852283175,3180.3555010726327,441.59574468085106,0.53191489361702127,0.47241628523247409
r_f114c9ca048288ad33e127c39c705e71,Tor browsing,d_07128c50bdc12202e87dc8310ed290a4,0,0,a_e7d8c038c18055500148c5915382bd98,a_e2370a5f48648ec5a5dbdf8b657a0e89,p_8c3e34eb996d7034d62aade1354e0c81,p_3dd478bd944ece2906a0c8e4425f63be,6,6557,15,13,3308,6266,28,9574,4.2702455391184992,1460.1189568400182,341.92857142857144,0.5357142857142857,0.34551911426780862
r_1ce125bc5c1c86f0c8b819e5ce3cbad1,Tor browsing,d_07128c50bdc12202e87dc8310ed290a4,0,0,a_e7d8c038c18055500148c5915382bd98,a_04069d9e8bbc9b707bd92e9478763963,p_be785a773b210a527c09b7b40f0aea9f,p_2d36b619be089107b3d8a5a53b5aa6c4,6,17018,16,16,3342,11035,32,14377,1.8803619696791631,844.81137618991647,449.28125,0.5,0.23245461501008555
r_08b5fff295e4978dc4046baad16efcf5,Tor browsing,d_07128c50bdc12202e87dc8310ed290a4,0,0,a_e7d8c038c18055500148c5915382bd98,a_69fb0b835452ca85c178bdeaaf11695b,p_991bf12e771eb9e89f262b6aef5ddb26,p_3d01955bb66b778c6aa471c3a2911a0a,6,21017,83,72,39637,43200,155,82837,7.3749821573012326,3941.4283675120141,534.43225806451608,0.53548387096774197,0.47849390972633005
r_1497800c95d3ecaf4a492375fb60c6f3,Tor browsing,d_07128c50bdc12202e87dc8310ed290a4,0,0,a_e7d8c038c18055500148c5915382bd98,a_71394ec0ae14eb2d17f693263a2fab11,p_6795da6ec068a1512974aaaab68479f4,p_e8fa32c526b9b4cdc16418a4dc18e34a,6,17545,57,56,15621,37796,113,53417,6.4405813622114554,3044.5711028783126,472.71681415929203,0.50442477876106195,0.29243499260535033
r_50c0def481eff2dff75e22670fb822b9,Tor browsing,d_07128c50bdc12202e87dc8310ed290a4,0,0,a_e7d8c038c18055500148c5915382bd98,a_69fb0b835452ca85c178bdeaaf11695b,p_c633724c100d8ff38ccbd00d32ef18f1,p_3d01955bb66b778c6aa471c3a2911a0a,6,17187,38,36,13548,15960,74,29508,4.3055797986850521,1716.8790364810611,398.75675675675677,0.51351351351351349,0.45912972753151687
r_5264df03baa3ac33dca90bec5910c935,Tor browsing,d_07128c50bdc12202e87dc8310ed290a4,0,0,a_6878ef13f2236ea9c61109e910406224,a_e7d8c038c18055500148c5915382bd98,p_2313704d6916acc778397dda2b5b461d,p_9d613f7701b4b285823b2d0e29479e53,6,466763,64,64,36560,4400,128,40960,0.27422910556320873,87.753313780226804,320,0.5,0.892578125
r_e382e908ffbc4d4d94d6376bb33aead3,Tor browsing,d_07128c50bdc12202e87dc8310ed290a4,0,0,a_08fd3d3e57002770a06b877f6aaa7eb2,a_e7d8c038c18055500148c5915382bd98,p_2313704d6916acc778397dda2b5b461d,p_79475ea5a85b4d135fcff2d703e01b11,6,465573,75,75,43028,4984,150,48012,0.32218363178277093,103.12453686102931,320.07999999999998,0.5,0.89619261851203869
r_d49f5f3d3bb9bb2cd5b87adf6ac6a2d2,Tor browsing,d_07128c50bdc12202e87dc8310ed290a4,0,0,a_e7d8c038c18055500148c5915382bd98,a_667e43d14e60b98df49e3ecb8d92cf7c,p_e7cbf611ae2bc6d255bebe94f635d30c,p_3dd478bd944ece2906a0c8e4425f63be,6,21757,14,11,3265,6065,25,9330,1.1490554763984004,428.82750379188303,373.19999999999999,0.56000000000000005,0.34994640943194
r_1868f46408cca592a784e0114cd16139,Tor browsing,d_07128c50bdc12202e87dc8310ed290a4,0,0,a_e7d8c038c18055500148c5915382bd98,a_69fb0b835452ca85c178bdeaaf11695b,p_29a36fdb0b5e08726c318a43377627f9,p_3d01955bb66b778c6aa471c3a2911a0a,6,18000,101,110,21141,97622,211,118763,11.722222222222221,6597.9444444444443,562.85781990521332,0.47867298578199052,0.17800998627518672
r_496ac59e0e00460396ffac31fd0a54c2,Tor browsing,d_07128c50bdc12202e87dc8310ed290a4,0,0,a_dd0463b3a84f510aa33cdcc52359ef1d,a_e7d8c038c18055500148c5915382bd98,p_2d36b619be089107b3d8a5a53b5aa6c4,p_7fae9115c9320d57a61453f3a35878cc,6,474667,172,205,74660,141948,377,216608,0.79424101528018598,456.3367581904788,574.55702917771885,0.45623342175066312,0.34467794356625792
r_510b045b93f6ab8697e2a3565c1cddf0,Tor browsing,d_07128c50bdc12202e87dc8310ed290a4,0,0,a_e7d8c038c18055500148c5915382bd98,a_71394ec0ae14eb2d17f693263a2fab11,p_6bba68d25ca5b6b234fffdbabea506d1,p_e8fa32c526b9b4cdc16418a4dc18e34a,6,16993,46,43,14042,20496,89,34538,5.2374507150002945,2032.4839639851705,388.06741573033707,0.5168539325842697,0.40656668017835429
r_1628a12c1c2fecd189057c31e67e555f,Tor browsing,d_07128c50bdc12202e87dc8310ed290a4,0,0,a_e7d8c038c18055500148c5915382bd98,a_69fb0b835452ca85c178bdeaaf11695b,p_c8a34c37e771cfb72088d8ee85381e43,p_3d01955bb66b778c6aa471c3a2911a0a,6,13106,53,58,14308,43570,111,57878,8.4694033267205864,4416.1452769723792,521.4234234234234,0.47747747747747749,0.2472096478800235
r_fad6a83bded92d36c7dda385eb3d792b,Tor browsing,d_07128c50bdc12202e87dc8310ed290a4,0,0,a_2dbed1e84462981f702ef10992aeca1b,a_e7d8c038c18055500148c5915382bd98,p_e7d36acc8d64a944ec8309329b855410,p_3d880a1e71428f7a18a4ac171ab066ce,6,471441,217,275,79614,219192,492,298806,1.0436088503121281,633.81419944383288,607.32926829268297,0.44105691056910568,0.26644043292303365
r_e35f566049d4934ff7a9213c70a88118,Tor browsing,d_07128c50bdc12202e87dc8310ed290a4,0,0,a_e7d8c038c18055500148c5915382bd98,a_e2370a5f48648ec5a5dbdf8b657a0e89,p_6a250de07b79edfcfe8c68048b1ea124,p_3dd478bd944ece2906a0c8e4425f63be,6,15338,20,16,4119,6958,36,11077,2.3471117485982527,722.19324553396791,307.69444444444446,0.55555555555555558,0.37185158436399746
r_33320684fbf5a313d7bb199c5f704afe,Tor browsing,d_07128c50bdc12202e87dc8310ed290a4,0,0,a_e7d8c038c18055500148c5915382bd98,a_5c25e15c88206e70e411bb4233d657e5,p_aa5d4033a7ac4c817f3acf358e98f024,p_2313704d6916acc778397dda2b5b461d,6,2191,12,14,3168,10878,26,14046,11.8667275216796,6410.7713372889093,540.23076923076928,0.46153846153846156,0.22554463904314395
r_9b45be0ebbab8b58ed948e55da734fcb,Tor browsing,d_07128c50bdc12202e87dc8310ed290a4,0,0,a_e7d8c038c18055500148c5915382bd98,a_8dc87cb3aedc0cff2e4e0d0af3f91dde,p_85fc1e3789d3e17b571efc46c7b19b81,p_3dd478bd944ece2906a0c8e4425f63be,6,1752,12,9,1037,3928,21,4965,11.986301369863014,2833.9041095890411,236.42857142857142,0.5714285714285714,0.20886203423967775
r_759754d36c1664d028ec6ca0f0eba3c4,Tor browsing,d_07128c50bdc12202e87dc8310ed290a4,0,0,a_e7d8c038c18055500148c5915382bd98,a_71394ec0ae14eb2d17f693263a2fab11,p_0570d70dbfb9c041c296f1c31f192ff4,p_e8fa32c526b9b4cdc16418a4dc18e34a,6,16648,74,75,22356,54908,149,77264,8.950024026910139,4641.0379625180203,518.55033557046977,0.49664429530201343,0.28934562021122384
r_69817a79fd18b947f6e945bfeb758eed,Tor browsing,d_07128c50bdc12202e87dc8310ed290a4,0,0,a_e7d8c038c18055500148c5915382bd98,a_69fb0b835452ca85c178bdeaaf11695b,p_399a317976b0869f4a5f6bfc1a98af74,p_3d01955bb66b778c6aa471c3a2911a0a,6,13699,43,42,12831,17846,85,30677,6.204832469523323,2239.3605372654938,360.90588235294115,0.50588235294117645,0.41826123806108811
r_b439bd71620ccf94ca4ad4a59aac4449,Tor browsing,d_07128c50bdc12202e87dc8310ed290a4,0,0,a_e7d8c038c18055500148c5915382bd98,a_71394ec0ae14eb2d17f693263a2fab11,p_1a4fe34b2966e049feb6163baf1b0fc7,p_e8fa32c526b9b4cdc16418a4dc18e34a,6,16047,32,31,11132,18244,63,29376,3.9259674705552436,1830.6225462703308,466.28571428571428,0.50793650793650791,0.37894880174291939
r_daa1632fde1476d67513868550e4b6bc,Tor browsing,d_07128c50bdc12202e87dc8310ed290a4,0,0,a_e7d8c038c18055500148c5915382bd98,a_69fb0b835452ca85c178bdeaaf11695b,p_12cdb3e920863c309ce77827b722b0ec,p_3d01955bb66b778c6aa471c3a2911a0a,6,16037,63,69,18014,53345,132,71359,8.2309658913761936,4449.6476897175289,540.59848484848487,0.47727272727272729,0.2524418783895514
r_0f62bb1b7fe23f6fe49f835d1db41e35,Tor browsing,d_07128c50bdc12202e87dc8310ed290a4,0,0,a_e7d8c038c18055500148c5915382bd98,a_71394ec0ae14eb2d17f693263a2fab11,p_5588ac64b3f8e0e7bbdd55f9f97c02b1,p_e8fa32c526b9b4cdc16418a4dc18e34a,6,18137,39,47,14750,18068,86,32818,4.7416882615647573,1809.4502949771186,381.60465116279067,0.45348837209302323,0.44944847339874461
r_9e66afc671ee48a8138f753c2b08fb97,Tor browsing,d_07128c50bdc12202e87dc8310ed290a4,0,0,a_e7d8c038c18055500148c5915382bd98,a_71394ec0ae14eb2d17f693263a2fab11,p_fb24baf161e98604fbcace2c841367a9,p_e8fa32c526b9b4cdc16418a4dc18e34a,6,20339,69,59,34440,26244,128,60684,6.2933280888932597,2983.6275136437389,474.09375,0.5390625,0.56753015621910219
r_b55d984776bfb5b06cb18db6c97160b2,Tor browsing,d_07128c50bdc12202e87dc8310ed290a4,0,0,a_e7d8c038c18055500148c5915382bd98,a_69fb0b835452ca85c178bdeaaf11695b,p_7c50fb9228f572db89c197dddeaae47e,p_3d01955bb66b778c6aa471c3a2911a0a,6,4718,11,7,3231,3863,18,7094,3.8151759220008477,1503.603221704112,394.11111111111109,0.61111111111111116,0.45545531435015507
r_905e5b4f5953f1794e5e12b6161d30a2,Tor browsing,d_07128c50bdc12202e87dc8310ed290a4,0,0,a_e7d8c038c18055500148c5915382bd98,a_69fb0b835452ca85c178bdeaaf11695b,p_cc167c46b31d0a4d9c3f0a250565e408,p_3d01955bb66b778c6aa471c3a2911a0a,6,13982,38,45,12628,37846,83,50474,5.9362036904591617,3609.9270490630811,608.1204819277109,0.45783132530120479,0.25018821571502159
r_7859dd50f6d217d19caa7dfb7b7702dd,Tor browsing,d_07128c50bdc12202e87dc8310ed290a4,0,0,a_e7d8c038c18055500148c5915382bd98,a_8ca90129e24bccc2d5ddc8a9eb8cf078,p_4d80264640157e3e11712f06bfceaf25,p_7aed2817a1259e69653af05a7fa83c69,6,244,2,1,104,52,3,156,12.295081967213115,639.34426229508199,52,0.66666666666666663,0.66666666666666663
r_9a837c0d4959c83c92513a35fdf0971c,Tor browsing,d_07128c50bdc12202e87dc8310ed290a4,0,0,a_e7d8c038c18055500148c5915382bd98,a_71394ec0ae14eb2d17f693263a2fab11,p_abe12d5cca0501eff9d830b40ff1ba02,p_e8fa32c526b9b4cdc16418a4dc18e34a,6,10644,71,80,17562,68350,151,85912,14.186396091694851,8071.4017286734306,568.95364238410593,0.47019867549668876,0.20441847471831642
r_4eb36e0eb4da01ee41f26fa8e63d9b3e,Tor browsing,d_07128c50bdc12202e87dc8310ed290a4,0,0,a_e7d8c038c18055500148c5915382bd98,a_71394ec0ae14eb2d17f693263a2fab11,p_9f3fa74ef9a387de5177d6b71c4916f6,p_e8fa32c526b9b4cdc16418a4dc18e34a,6,20018,71,70,25418,30410,141,55828,7.0436607053651707,2788.889999000899,395.94326241134752,0.50354609929078009,0.45529125170165508
r_665612a38af0bf613a51ac8ddde3ce87,Tor browsing,d_07128c50bdc12202e87dc8310ed290a4,0,0,a_e7d8c038c18055500148c5915382bd98,a_69fb0b835452ca85c178bdeaaf11695b,p_0f90644fc41a9f6bb4e53155e9887d29,p_3d01955bb66b778c6aa471c3a2911a0a,6,17673,41,33,15822,13694,74,29516,4.187178181406666,1670.1182594918805,398.86486486486484,0.55405405405405406,0.53604824501965032
r_95a804768579fc3f4f9f019303e77f0f,Tor browsing,d_07128c50bdc12202e87dc8310ed290a4,0,0,a_e7d8c038c18055500148c5915382bd98,a_8ad3d004aaea95dd920f5565cb97ee42,p_5eef1afad8a4c1d643f613d9f7ac2513,p_7aed2817a1259e69653af05a7fa83c69,6,17388,14,15,3271,11453,29,14724,1.6678168852081894,846.79089026915108,507.72413793103448,0.48275862068965519,0.22215430589513718
r_d6990b83281f12b8efee4ef949175fe0,Tor browsing,d_07128c50bdc12202e87dc8310ed290a4,0,0,a_e7d8c038c18055500148c5915382bd98,a_69fb0b835452ca85c178bdeaaf11695b,p_9ce3a314094dda2f0f55355b99986058,p_3d01955bb66b778c6aa471c3a2911a0a,6,14482,79,74,20432,59124,153,79556,10.564839110620081,5493.4401325783738,519.97385620915031,0.5163398692810458,0.25682538086379408
r_582f34f9c11e7de6208c1506161a2067,Tor browsing,d_07128c50bdc12202e87dc8310ed290a4,0,0,a_e7d8c038c18055500148c5915382bd98,a_71394ec0ae14eb2d17f693263a2fab11,p_59378d6016d10f9576cd8b637d0edefe,p_e8fa32c526b9b4cdc16418a4dc18e34a,6,16385,30,23,10847,10990,53,21837,3.2346658529142505,1332.7433628318583,412.01886792452831,0.56603773584905659,0.49672574071529974
r_95681b698c39a4871d0f36b3592d917a,Tor browsing,d_07128c50bdc12202e87dc8310ed290a4,0,0,a_e7d8c038c18055500148c5915382bd98,a_f25159fbb0831b4c302c6e345dec53d5,p_0a159baba028cd9971614b4aee0fabe7,p_e2a4a4bf9c74500e61f176db310c2961,6,17886,20,22,3561,11361,42,14922,2.3482053002348207,834.28379738342846,355.28571428571428,0.47619047619047616,0.2386409328508243
r_6eb5fe91e19b84bcbf9b45b4850fa0fc,Tor browsing,d_07128c50bdc12202e87dc8310ed290a4,0,0,a_e7d8c038c18055500148c5915382bd98,a_69fb0b835452ca85c178bdeaaf11695b,p_60e224d2f974444d26ad92946996bc19,p_3d01955bb66b778c6aa471c3a2911a0a,6,16931,49,54,15200,32480,103,47680,6.0835154450416393,2816.136081743547,462.91262135922329,0.47572815533980584,0.31879194630872482
r_19e2f9f596010f33cbbbf445db8a8573,Tor browsing,d_07128c50bdc12202e87dc8310ed290a4,0,0,a_e7d8c038c18055500148c5915382bd98,a_d1650a987b214ef6ba20ba80747afe40,p_903405b2c5e1a1ea953319c03501d3c5,p_3dd478bd944ece2906a0c8e4425f63be,6,63543,26,29,4940,25647,55,30587,0.8655556080134712,481.35907967832804,556.12727272727273,0.47272727272727272,0.16150652237878838
r_992fbadd2dbbcd32346cf910aef0a441,Tor browsing,d_07128c50bdc12202e87dc8310ed290a4,0,0,a_e7d8c038c18055500148c5915382bd98,a_81335f0cfb531489bed078158a61f877,p_da16e4a50ab70df20183358ab9f75124,p_64eab6039291da87b7bab47109b51546,6,17756,13,13,3201,8219,26,11420,1.4642937598558234,643.16287452128859,439.23076923076923,0.5,0.28029772329246933
r_d3bcb2cac39edc00c23664b6fee48ab1,Tor browsing,d_07128c50bdc12202e87dc8310ed290a4,0,0,a_e7d8c038c18055500148c5915382bd98,a_e2370a5f48648ec5a5dbdf8b657a0e89,p_399996434f385a3e277e34ee8adfa621,p_3dd478bd944ece2906a0c8e4425f63be,6,17685,20,16,5174,6958,36,12132,2.0356234096692112,686.00508905852428,337,0.55555555555555558,0.42647543686119355
r_b1baf5110b48597df6deb18b291e2c14,Tor browsing,d_07128c50bdc12202e87dc8310ed290a4,0,0,a_e7d8c038c18055500148c5915382bd98,a_81335f0cfb531489bed078158a61f877,p_0944b7986479adb37cfc58449d892e40,p_64eab6039291da87b7bab47109b51546,6,18641,15,14,3303,8293,29,11596,1.5557105305509362,622.06963145753991,399.86206896551727,0.51724137931034486,0.2848395998620214
r_3443e3429819f4854dbb055ee9754728,Tor browsing,d_07128c50bdc12202e87dc8310ed290a4,0,0,a_e7d8c038c18055500148c5915382bd98,a_69fb0b835452ca85c178bdeaaf11695b,p_0409719b272c2f4b7824dcb1f6d170ae,p_3d01955bb66b778c6aa471c3a2911a0a,6,16692,28,24,7762,10052,52,17814,3.1152647975077881,1067.2178289000719,342.57692307692309,0.53846153846153844,0.43572471090153814
r_58bdc19badf8cb23be28823eaff847ce,Tor browsing,d_07128c50bdc12202e87dc8310ed290a4,0,0,a_e7d8c038c18055500148c5915382bd98,a_e2370a5f48648ec5a5dbdf8b657a0e89,p_2ed4efadd545c4a4a10676bcafd040e5,p_3dd478bd944ece2906a0c8e4425f63be,6,11002,17,15,3419,6370,32,9789,2.9085620796218867,889.7473186693328,305.90625,0.53125,0.34926958831341304
r_ce16bbb2f4589bf28006862f071a77bd,Tor browsing,d_07128c50bdc12202e87dc8310ed290a4,0,0,a_e7d8c038c18055500148c5915382bd98,a_697f19052045484030e4ef21940783fd,p_64a6c2398ffba7538e2e6c16001f7490,p_2313704d6916acc778397dda2b5b461d,6,5120,6,0,360,0,6,360,1.171875,70.3125,60,1,1
r_7928ca2271852863931e74a625b04dd8,Tor browsing,d_07128c50bdc12202e87dc8310ed290a4,0,0,a_e7d8c038c18055500148c5915382bd98,a_71394ec0ae14eb2d17f693263a2fab11,p_e387c19c0d3b8d01751cf12dc425ad43,p_e8fa32c526b9b4cdc16418a4dc18e34a,6,19433,50,48,19537,34758,98,54295,5.0429681469665004,2793.9587299953687,554.03061224489795,0.51020408163265307,0.35983055529975133
r_9962d0c7a7f47c98a113d1fdef5aa194,Tor browsing,d_07128c50bdc12202e87dc8310ed290a4,0,0,a_e7d8c038c18055500148c5915382bd98,a_71394ec0ae14eb2d17f693263a2fab11,p_86ee442257c8a8a922ed2189cff4c249,p_e8fa32c526b9b4cdc16418a4dc18e34a,6,18988,79,84,30072,71464,163,101536,8.5843690752053927,5347.3772909205818,622.92024539877298,0.48466257668711654,0.29617081626221242
r_8d4e4018416b6c06eef49ba24e037955,Tor browsing,d_07128c50bdc12202e87dc8310ed290a4,0,0,a_e7d8c038c18055500148c5915382bd98,a_71394ec0ae14eb2d17f693263a2fab11,p_162787360ed08a538e5d9c971714dd4c,p_e8fa32c526b9b4cdc16418a4dc18e34a,6,20317,42,34,23109,16069,76,39178,3.7407097504552835,1928.3358763596987,515.5,0.55263157894736847,0.5898463423349839
r_2012ca30e98a1d6a97856397ece99963,Tor browsing,d_07128c50bdc12202e87dc8310ed290a4,0,0,a_e7d8c038c18055500148c5915382bd98,a_f87c6ab03244a8d75cddc98dabeaf754,p_61ce73ee0e26c3fafeb4c4c1a9bed653,p_2313704d6916acc778397dda2b5b461d,6,258,1,1,60,40,2,100,7.7519379844961236,387.59689922480618,50,0.5,0.59999999999999998
r_b812a2c333484ebfc6359072b19afbfb,Tor browsing,d_07128c50bdc12202e87dc8310ed290a4,0,0,a_fd460a466b39ea36c13c185c35103a31,a_e7d8c038c18055500148c5915382bd98,p_3919451a0dfaecc18e4c3b5d9eae72c2,p_56cb40b765f2da7e1cc13b84fb7692e8,6,476682,91,93,29388,32532,184,61920,0.3860015691802921,129.89791936762873,336.52173913043481,0.49456521739130432,0.47461240310077518
r_583d18260f4af163ea2c4827ba3f56b0,Tor browsing,d_07128c50bdc12202e87dc8310ed290a4,0,0,a_e7d8c038c18055500148c5915382bd98,a_69fb0b835452ca85c178bdeaaf11695b,p_9766c6487e8cfd09ade754de884e1455,p_3d01955bb66b778c6aa471c3a2911a0a,6,19991,48,46,16157,20734,94,36891,4.7021159521784801,1845.3804211895354,392.45744680851061,0.51063829787234039,0.43796589954189369
r_4a87df5230c38e01afcf228bb9d4f3d5,Tor browsing,d_07128c50bdc12202e87dc8310ed290a4,0,0,a_e7d8c038c18055500148c5915382bd98,a_e2370a5f48648ec5a5dbdf8b657a0e89,p_ea723a8d8df5c835c6dab807ecc73977,p_3dd478bd944ece2906a0c8e4425f63be,6,20392,26,24,8124,9496,50,17620,2.4519419380149077,864.06433895645353,352.39999999999998,0.52000000000000002,0.46106696935300795
r_79a98c62b58ace08046c11e85cdb9b5a,Tor browsing,d_07128c50bdc12202e87dc8310ed290a4,0,0,a_e7d8c038c18055500148c5915382bd98,a_7824f11e372ca72adb30c1d21138f21a,p_ebf3b67100341aea927c9b3a08408bd4,p_53b18b33cc21a2933da3a83a094344d3,6,2987,19,22,4591,20169,41,24760,13.726146635420154,8289.2534315366593,603.90243902439022,0.46341463414634149,0.1854200323101777
r_fda1b9d0fbd902cd71ff62e0f90da1ef,Tor browsing,d_07128c50bdc12202e87dc8310ed290a4,0,0,a_e7d8c038c18055500148c5915382bd98,a_69fb0b835452ca85c178bdeaaf11695b,p_54c3cc57cda223aea1834d86eac14b50,p_3d01955bb66b778c6aa471c3a2911a0a,6,15582,36,36,11892,18060,72,29952,4.6207162110127067,1922.2179437812861,416,0.5,0.39703525641025639
r_97669ee53bd87d44485c2b00206d4300,Tor browsing,d_07128c50bdc12202e87dc8310ed290a4,0,0,a_e7d8c038c18055500148c5915382bd98,a_69fb0b835452ca85c178bdeaaf11695b,p_379ba2d77ef15a44cb953c77e4701aef,p_3d01955bb66b778c6aa471c3a2911a0a,6,16389,47,40,18860,15746,87,34606,5.3084385868570383,2111.538226859479,397.77011494252872,0.54022988505747127,0.54499219788475983
r_934e67dcd22fabbc9abc6cf6029e8293,Tor browsing,d_07128c50bdc12202e87dc8310ed290a4,0,0,a_e7d8c038c18055500148c5915382bd98,a_c12c5450a6a98d73f1fd45746e0d0ea5,p_1c59f6f8a67034e2d406d61655ca825f,p_ebe9cfafe284f540917a29fe9616a45d,6,17947,15,16,3296,11030,31,14326,1.7273081852120131,798.23926004346129,462.12903225806451,0.4838709677419355,0.23007119921820465
r_12e0413a17eb9947933db72d89ba59fe,Tor browsing,d_07128c50bdc12202e87dc8310ed290a4,0,0,a_e7d8c038c18055500148c5915382bd98,a_71394ec0ae14eb2d17f693263a2fab11,p_d96d6c3ad3d5cbfa14712d30471b36cb,p_e8fa32c526b9b4cdc16418a4dc18e34a,6,14515,50,58,14256,43510,108,57766,7.440578711677575,3979.7450912848776,534.87037037037032,0.46296296296296297,0.24678876847972855
r_d8ac6636b68ea7ec290860511d9d4e12,Tor browsing,d_07128c50bdc12202e87dc8310ed290a4,0,0,a_e7d8c038c18055500148c5915382bd98,a_d1650a987b214ef6ba20ba80747afe40,p_903405b2c5e1a1ea953319c03501d3c5,p_3dd478bd944ece2906a0c8e4425f63be,6,269,2,1,104,52,3,156,11.152416356877323,579.92565055762077,52,0.66666666666666663,0.66666666666666663
r_1a24e08a6c36ea2db18c09352b6c6be2,Tor browsing,d_07128c50bdc12202e87dc8310ed290a4,0,0,a_e7d8c038c18055500148c5915382bd98,a_69fb0b835452ca85c178bdeaaf11695b,p_99cf2e14643ad361f7f443e1cb5234d4,p_3d01955bb66b778c6aa471c3a2911a0a,6,19985,58,71,16246,50480,129,66726,6.4548411308481359,3338.8041030773079,517.25581395348843,0.44961240310077522,0.24347330875520787
r_f0404e1d5db2cf4112717754b3167b56,Tor browsing,d_07128c50bdc12202e87dc8310ed290a4,0,0,a_e7d8c038c18055500148c5915382bd98,a_71394ec0ae14eb2d17f693263a2fab11,p_5f10a962328bd5ff6befb44e0536e49e,p_e8fa32c526b9b4cdc16418a4dc18e34a,6,20353,83,78,30893,48590,161,79483,7.9103817619024213,3905.2228172750943,493.68322981366458,0.51552795031055898,0.38867430771359912
r_706d721f066bb4f89f99188a8b75a661,Tor browsing,d_07128c50bdc12202e87dc8310ed290a4,0,0,a_e7d8c038c18055500148c5915382bd98,a_e2370a5f48648ec5a5dbdf8b657a0e89,p_a7a2a3f3a40ca12cfd5bf344b5281aad,p_3dd478bd944ece2906a0c8e4425f63be,6,1274,9,6,873,1696,15,2569,11.773940345368917,2016.4835164835165,171.26666666666668,0.59999999999999998,0.3398209420007785
r_985555dac001eccad3e53f483779d99d,Tor browsing,d_07128c50bdc12202e87dc8310ed290a4,0,0,a_e7d8c038c18055500148c5915382bd98,a_69fb0b835452ca85c178bdeaaf11695b,p_8778f76077da0c1bab9f297bbc94a765,p_3d01955bb66b778c6aa471c3a2911a0a,6,19381,53,41,23521,17694,94,41215,4.8501109333883701,2126.567256591507,438.45744680851061,0.56382978723404253,0.57069028266407862
r_5cff9d62aa196c998e7c85167ba604b3,Tor browsing,d_07128c50bdc12202e87dc8310ed290a4,0,0,a_e7d8c038c18055500148c5915382bd98,a_69fb0b835452ca85c178bdeaaf11695b,p_a8698047435001b33d3ffaa1c7777c3d,p_3d01955bb66b778c6aa471c3a2911a0a,6,15752,83,98,18079,83032,181,101111,11.490604367699339,6418.9309294057894,558.62430939226522,0.4585635359116022,0.17880349319065186
r_836a066050ff577c518de624e77949a8,Tor browsing,d_07128c50bdc12202e87dc8310ed290a4,0,0,a_e7d8c038c18055500148c5915382bd98,a_71394ec0ae14eb2d17f693263a2fab11,p_7a18d9ca50312290ec50d05eebcf6f41,p_e8fa32c526b9b4cdc16418a4dc18e34a,6,18919,55,49,27733,27234,104,54967,5.4971192980601513,2905.3861197737724,528.52884615384619,0.52884615384615385,0.50453908708861683
r_1796a3343d03db6f6f83287c80255619,Tor browsing,d_07128c50bdc12202e87dc8310ed290a4,0,0,a_e7d8c038c18055500148c5915382bd98,a_2dbed1e84462981f702ef10992aeca1b,p_3d880a1e71428f7a18a4ac171ab066ce,p_e7d36acc8d64a944ec8309329b855410,6,482424,73,73,9692,37028,146,46720,0.30263834303434323,96.84426977098984,320,0.5,0.20744863013698631
r_098e48647b0eb9d1ae4e0af152f34041,Tor browsing,d_07128c50bdc12202e87dc8310ed290a4,0,0,a_e7d8c038c18055500148c5915382bd98,a_71394ec0ae14eb2d17f693263a2fab11,p_0973022eefb27fd00c4feb405778aa8d,p_e8fa32c526b9b4cdc16418a4dc18e34a,6,11054,16,14,3389,6256,30,9645,2.7139497014655327,872.53482902116878,321.5,0.53333333333333333,0.35137376879212029
r_2834fe43d6c569253887a5e6af68f6f4,Tor browsing,d_07128c50bdc12202e87dc8310ed290a4,0,0,a_e7d8c038c18055500148c5915382bd98,a_e2370a5f48648ec5a5dbdf8b657a0e89,p_6c1d99169c616df746a49c84e09ee272,p_3dd478bd944ece2906a0c8e4425f63be,6,6055,21,18,5796,6558,39,12354,6.4409578860445915,2040.297274979356,316.76923076923077,0.53846153846153844,0.4691597863040311
r_666dc8dfe92eb175998cea5ef7fa8e61,Tor browsing,d_07128c50bdc12202e87dc8310ed290a4,0,0,a_e7d8c038c18055500148c5915382bd98,a_71394ec0ae14eb2d17f693263a2fab11,p_8e6123f4d69700fc31aedec35c49f97a,p_e8fa32c526b9b4cdc16418a4dc18e34a,6,16115,49,39,14760,19842,88,34602,5.4607508532423212,2147.1920570896682,393.20454545454544,0.55681818181818177,0.42656493844286458
r_c28a32a78b682b4501ddce9eb6e518ad,Tor browsing,d_07128c50bdc12202e87dc8310ed290a4,0,0,a_e7d8c038c18055500148c5915382bd98,a_e2370a5f48648ec5a5dbdf8b657a0e89,p_b8122ad1141c91618b0cf37f6039335e,p_3dd478bd944ece2906a0c8e4425f63be,6,10088,17,15,3419,6370,32,9789,3.1720856463124507,970.36082474226816,305.90625,0.53125,0.34926958831341304
r_b0469fbb76297c75cb8dca1466109db7,Tor browsing,d_07128c50bdc12202e87dc8310ed290a4,0,0,a_e52ea202de58db21990f572d122f8628,a_e7d8c038c18055500148c5915382bd98,p_3dd478bd944ece2906a0c8e4425f63be,p_5433c5fe330556964f0f178e0276724e,6,485093,85,85,28540,25860,170,54400,0.35044826455957928,112.14344465906537,320,0.5,0.52463235294117649
r_2a820a061f7d959dae713b84106ea65f,Tor browsing,d_07128c50bdc12202e87dc8310ed290a4,0,0,a_e7d8c038c18055500148c5915382bd98,a_69fb0b835452ca85c178bdeaaf11695b,p_e3b9a6d88b452c73cdab0393bc3cec8e,p_3d01955bb66b778c6aa471c3a2911a0a,6,21152,77,61,34020,38320,138,72340,6.5242057488653549,3420.0075642965203,524.20289855072463,0.55797101449275366,0.47027923693668788
r_3500c80d039507f8645c5ccd21b6509f,Tor browsing,d_07128c50bdc12202e87dc8310ed290a4,0,0,a_e7d8c038c18055500148c5915382bd98,a_69fb0b835452ca85c178bdeaaf11695b,p_faf82b24d97cc96a28bb3c9df5d96ce1,p_3d01955bb66b778c6aa471c3a2911a0a,6,18373,46,35,16552,14400,81,30952,4.4086431176182437,1684.6459478582701,382.12345679012344,0.5679012345679012,0.53476350478159729
r_f54416e7539603cc3cc7d7b0fc5d229b,Tor browsing,d_07128c50bdc12202e87dc8310ed290a4,0,0,a_e7d8c038c18055500148c5915382bd98,a_69fb0b835452ca85c178bdeaaf11695b,p_1f9cebb5c2f6f5a649a9b90e7e23f002,p_3d01955bb66b778c6aa471c3a2911a0a,6,18039,52,57,15903,36312,109,52215,6.0424635511946336,2894.5617828039244,479.0366972477064,0.47706422018348627,0.30456765297328353
r_cbaa8cf4ead37a408868f467596cef3f,Tor browsing,d_07128c50bdc12202e87dc8310ed290a4,0,0,a_e7d8c038c18055500148c5915382bd98,a_e2370a5f48648ec5a5dbdf8b657a0e89,p_44510ccc0216557e1774dbb41840b96c,p_3dd478bd944ece2906a0c8e4425f63be,6,20340,21,17,5306,7891,38,13197,1.8682399213372665,648.82005899705018,347.28947368421052,0.55263157894736847,0.40206107448662576
r_d9f10b8b1276b0ce98600a531272d40e,Tor browsing,d_07128c50bdc12202e87dc8310ed290a4,0,0,a_e7d8c038c18055500148c5915382bd98,a_69fb0b835452ca85c178bdeaaf11695b,p_642bee74fbf428019f15ef97f7a76388,p_3d01955bb66b778c6aa471c3a2911a0a,6,15588,82,84,21737,60750,166,82487,10.649217346676931,5291.6987426225305,496.90963855421688,0.49397590361445781,0.26352031229163381
r_2c8d3e1889bec3e63dd415d81e7ae487,Tor browsing,d_07128c50bdc12202e87dc8310ed290a4,0,0,a_e7d8c038c18055500148c5915382bd98,a_71394ec0ae14eb2d17f693263a2fab11,p_a7d60b77d00171015e62eca8ca11171c,p_e8fa32c526b9b4cdc16418a4dc18e34a,6,17994,65,52,23991,24740,117,48731,6.5021673891297098,2708.1805046126487,416.5042735042735,0.55555555555555558,0.49231495352034638
r_c79c9785dcd07a8d6a53e78da38c7333,Tor browsing,d_07128c50bdc12202e87dc8310ed290a4,0,0,a_e7d8c038c18055500148c5915382bd98,a_e2370a5f48648ec5a5dbdf8b657a0e89,p_364a86e19114caa3659bc65c47b3e251,p_3dd478bd944ece2906a0c8e4425f63be,6,17474,21,14,5761,6854,35,12615,2.0029758498340393,721.92972416161149,360.42857142857144,0.59999999999999998,0.45667855727308759
r_d6cc781354a72df61216765b8d8b782a,Tor browsing,d_07128c50bdc12202e87dc8310ed290a4,0,0,a_e7d8c038c18055500148c5915382bd98,a_e2370a5f48648ec5a5dbdf8b657a0e89,p_2cb8f0dde115574b0a892cae44bcaea2,p_3dd478bd944ece2906a0c8e4425f63be,6,12458,20,14,5318,6854,34,12172,2.729170011237759,977.04286402311766,358,0.58823529411764708,0.4369043706868222
r_e9acf5e9e58e14aa355f4be633a550d2,Tor browsing,d_07128c50bdc12202e87dc8310ed290a4,0,0,a_e7d8c038c18055500148c5915382bd98,a_9c52f32b516e62ecb0173efa9901c631,p_97130dfed0646265f53e5e9fd667b7f0,p_2313704d6916acc778397dda2b5b461d,6,19607,9,0,540,0,9,540,0.45901973784872752,27.541184270923651,60,1,1
r_616e787fa8e464b761bbff66c5856252,Tor browsing,d_07128c50bdc12202e87dc8310ed290a4,0,0,a_e7d8c038c18055500148c5915382bd98,a_69fb0b835452ca85c178bdeaaf11695b,p_f3ed67a05679f9bb2e6684c9b4372b0f,p_3d01955bb66b778c6aa471c3a2911a0a,6,16922,42,40,13730,20356,82,34086,4.8457629121853207,2014.3009100579127,415.6829268292683,0.51219512195121952,0.40280467053922431
r_c5c2f57c37896502a318367fe86ea743,Tor browsing,d_07128c50bdc12202e87dc8310ed290a4,0,0,a_e7d8c038c18055500148c5915382bd98,a_69fb0b835452ca85c178bdeaaf11695b,p_f4c3fc5556f2a22f15d2183d4761e793,p_3d01955bb66b778c6aa471c3a2911a0a,6,20730,42,42,16916,19936,84,36852,4.0520984081041966,1777.7134587554269,438.71428571428572,0.5,0.45902529035059153
r_c48236301999c200501e96035941170e,Tor browsing,d_07128c50bdc12202e87dc8310ed290a4,0,0,a_e7d8c038c18055500148c5915382bd98,a_71394ec0ae14eb2d17f693263a2fab11,p_b7f7db4aac9fb39becf45be63806b4a5,p_e8fa32c526b9b4cdc16418a4dc18e34a,6,6817,23,17,9681,8502,40,18183,5.8676837318468529,2667.3023324042833,454.57499999999999,0.57499999999999996,0.53242039267447616
r_780e22a3871b434012e66c6e5018478c,Tor browsing,d_07128c50bdc12202e87dc8310ed290a4,0,0,a_e7d8c038c18055500148c5915382bd98,a_69fb0b835452ca85c178bdeaaf11695b,p_86bd03c1adceeab761b5739cdd49b712,p_3d01955bb66b778c6aa471c3a2911a0a,6,20120,102,106,27383,92274,208,119657,10.337972166998011,5947.1669980119277,575.27403846153845,0.49038461538461536,0.22884578419983787
r_3c998ee3adea586b96f60e5e1d468941,Tor browsing,d_07128c50bdc12202e87dc8310ed290a4,0,0,a_e7d8c038c18055500148c5915382bd98,a_71394ec0ae14eb2d17f693263a2fab11,p_822ffa50fc8f61e282695ddb085e56b9,p_e8fa32c526b9b4cdc16418a4dc18e34a,6,17684,103,121,30866,103682,224,134548,12.666817462112643,7608.4596245193388,600.66071428571433,0.45982142857142855,0.22940511936260666
r_cb8bd6cf15ca6f11c4a85a4d92868635,Tor browsing,d_07128c50bdc12202e87dc8310ed290a4,0,0,a_e7d8c038c18055500148c5915382bd98,a_8ad3d004aaea95dd920f5565cb97ee42,p_c5d5ed33c46dd53e9bcba99cbd49931b,p_7aed2817a1259e69653af05a7fa83c69,6,21043,15,15,3312,11453,30,14765,1.4256522358979233,701.6585087677613,492.16666666666669,0.5,0.22431425668811378
r_da710be7c4a9e60b4c85afd237eed6ce,Tor browsing,d_07128c50bdc12202e87dc8310ed290a4,0,0,a_e7d8c038c18055500148c5915382bd98,a_66ae3347c0dc52337286a79e3defad60,p_bb345f5f998e007773c5bd388baceb8f,p_2d36b619be089107b3d8a5a53b5aa6c4,6,7151,7,0,420,0,7,420,0.9788840721577402,58.733044329464413,60,1,1
r_06961d806e1536072f4667aadce68acb,Tor browsing,d_07128c50bdc12202e87dc8310ed290a4,0,0,a_e7d8c038c18055500148c5915382bd98,a_69fb0b835452ca85c178bdeaaf11695b,p_7e4b8f86661e25d464c1edfd2f706651,p_3d01955bb66b778c6aa471c3a2911a0a,6,13359,33,30,10501,12956,63,23457,4.7159218504379075,1755.8949023130474,372.33333333333331,0.52380952380952384,0.44767020505606003
r_22705e596b4b0bc92c1dcd345c612786,Tor browsing,d_07128c50bdc12202e87dc8310ed290a4,0,0,a_e7d8c038c18055500148c5915382bd98,a_3188cffc9361c5cecd586540fd451b44,p_00a690bdf4174f6ba8c93008a2209e07,p_32a9bd200996bfdfb59b77d24c4580e5,6,3082,18,19,4843,16877,37,21720,12.00519143413368,7047.3718364698252,587.02702702702697,0.48648648648648651,0.22297421731123387
r_9b94c7e96efb56cfb6b30c396627ecb5,Tor browsing,d_07128c50bdc12202e87dc8310ed290a4,0,0,a_e7d8c038c18055500148c5915382bd98,a_697f19052045484030e4ef21940783fd,p_0f0664112b063fe1f0605f0a47e46e84,p_2313704d6916acc778397dda2b5b461d,6,11183,8,0,480,0,8,480,0.71537154609675402,42.922292765805238,60,1,1
r_09a0fa847642d6cb506ce9501e1b6221,Tor browsing,d_07128c50bdc12202e87dc8310ed290a4,0,0,a_6a7d725e323045aa38ee40170a6b9ac7,a_f996ba757d02cdb550a8ef4f77976cdc,p_17aa210dda7d507fd2f6f3b3f3f59749,p_17aa210dda7d507fd2f6f3b3f3f59749,58,0,1,0,48,0,1,48,,,48,1,1
r_c65360a85ab568570df71fbb7b7a8f3a,Tor browsing,d_07128c50bdc12202e87dc8310ed290a4,0,0,a_6878ef13f2236ea9c61109e910406224,a_e7d8c038c18055500148c5915382bd98,p_2313704d6916acc778397dda2b5b461d,p_9d613f7701b4b285823b2d0e29479e53,6,480963,68,68,38912,4608,136,43520,0.28276603397766564,90.485130872853006,320,0.5,0.89411764705882357
r_a7697411b7c50f45a53d9aed5b94abcd,Tor browsing,d_07128c50bdc12202e87dc8310ed290a4,0,0,a_08fd3d3e57002770a06b877f6aaa7eb2,a_e7d8c038c18055500148c5915382bd98,p_2313704d6916acc778397dda2b5b461d,p_79475ea5a85b4d135fcff2d703e01b11,6,482051,70,70,40088,4712,140,44800,0.29042570184482558,92.936224590344182,320,0.5,0.89482142857142855
r_2f04fffd8cb123dd397d72e08d7a91c6,Tor browsing,d_07128c50bdc12202e87dc8310ed290a4,0,0,a_e7d8c038c18055500148c5915382bd98,a_e2370a5f48648ec5a5dbdf8b657a0e89,p_d5e5f1daaed60f504e6a710588b18dd2,p_3dd478bd944ece2906a0c8e4425f63be,6,6031,14,12,3274,5678,26,8952,4.3110595257834525,1484.3309567235949,344.30769230769232,0.53846153846153844,0.36572832886505807
r_36305dbcefac9b5fc4eb1a14670b60de,Tor browsing,d_07128c50bdc12202e87dc8310ed290a4,0,0,a_e7d8c038c18055500148c5915382bd98,a_71394ec0ae14eb2d17f693263a2fab11,p_42ff980f83d8c623fa8cff02d481ce64,p_e8fa32c526b9b4cdc16418a4dc18e34a,6,15650,90,110,22098,103392,200,125490,12.779552715654951,8018.5303514376992,627.45000000000005,0.45000000000000001,0.17609371264642601
r_8bc9c20d46ac31c98531982a8a5cb1de,Tor browsing,d_07128c50bdc12202e87dc8310ed290a4,0,0,a_e7d8c038c18055500148c5915382bd98,a_69fb0b835452ca85c178bdeaaf11695b,p_625b49ea47442b69fd3d37463ad6bb25,p_3d01955bb66b778c6aa471c3a2911a0a,6,18489,38,36,8581,25682,74,34263,4.0023797933906646,1853.1559305533019,463.01351351351349,0.51351351351351349,0.25044508653649711
r_dee7dfac11b3337a312b3c54588ed2f3,Tor browsing,d_07128c50bdc12202e87dc8310ed290a4,0,0,a_e7d8c038c18055500148c5915382bd98,a_04069d9e8bbc9b707bd92e9478763963,p_73c380fc1f998f8f94ba711ad61ad21c,p_2d36b619be089107b3d8a5a53b5aa6c4,6,16653,15,18,3298,11117,33,14415,1.9816249324446047,865.60980003602958,436.81818181818181,0.45454545454545453,0.22878945542837323
r_44485dea00b48bae07173792c96ca74c,Tor browsing,d_07128c50bdc12202e87dc8310ed290a4,0,0,a_e7d8c038c18055500148c5915382bd98,a_69fb0b835452ca85c178bdeaaf11695b,p_a52cca6de171589bc17d71b889be960a,p_3d01955bb66b778c6aa471c3a2911a0a,6,20055,43,44,14335,18486,87,32821,4.3380703066566939,1636.5494889055099,377.25287356321837,0.4942528735632184,0.43676304804850552
r_c7553c5cdf5036bf92c4489003bcda1a,Tor browsing,d_07128c50bdc12202e87dc8310ed290a4,0,0,a_e7d8c038c18055500148c5915382bd98,a_71394ec0ae14eb2d17f693263a2fab11,p_ad88f645e8ddc294d4033a6f24a87f5e,p_e8fa32c526b9b4cdc16418a4dc18e34a,6,19145,67,52,29524,34534,119,64058,6.2157221206581355,3345.9388874379733,538.30252100840335,0.56302521008403361,0.46089481407474475
r_d21a7e176e6c6e1f9c8f26cba4fed4ec,Tor browsing,d_07128c50bdc12202e87dc8310ed290a4,0,0,a_e7d8c038c18055500148c5915382bd98,a_71394ec0ae14eb2d17f693263a2fab11,p_0dd4c687cfd66066d527f659bdc321de,p_e8fa32c526b9b4cdc16418a4dc18e34a,6,14536,30,22,17367,13321,52,30688,3.5773252614199231,2111.1722619702809,590.15384615384619,0.57692307692307687,0.56592153284671531
r_9dff8d9fc200e3cebd8398241dc763a2,Tor browsing,d_07128c50bdc12202e87dc8310ed290a4,0,0,a_dd0463b3a84f510aa33cdcc52359ef1d,a_e7d8c038c18055500148c5915382bd98,p_2d36b619be089107b3d8a5a53b5aa6c4,p_7fae9115c9320d57a61453f3a35878cc,6,483184,77,77,39380,9900,154,49280,0.31871916288618829,101.99013212358024,320,0.5,0.7991071428571429
r_4b992bdfc2e822279e7a46133b797ec8,Tor browsing,d_07128c50bdc12202e87dc8310ed290a4,0,0,a_e7d8c038c18055500148c5915382bd98,a_69fb0b835452ca85c178bdeaaf11695b,p_a2a0036e83989596236ed6f376b355cc,p_3d01955bb66b778c6aa471c3a2911a0a,6,3654,16,11,3934,6136,27,10070,7.389162561576355,2755.8839627805146,372.96296296296299,0.59259259259259256,0.39066534260178748
r_26b1fc8ebfcf617c2466566bc76a5bfe,Tor browsing,d_07128c50bdc12202e87dc8310ed290a4,0,0,a_e7d8c038c18055500148c5915382bd98,a_69fb0b835452ca85c178bdeaaf11695b,p_a8364fc5dbb041f0390360b99fb5ee3d,p_3d01955bb66b778c6aa471c3a2911a0a,6,16810,78,76,27152,49948,154,77100,9.1612135633551457,4586.555621653778,500.64935064935065,0.50649350649350644,0.35216601815823606
r_a4d0aab49e0f4b42ef9252047ae4a31e,Tor browsing,d_07128c50bdc12202e87dc8310ed290a4,0,0,a_e7d8c038c18055500148c5915382bd98,a_71394ec0ae14eb2d17f693263a2fab11,p_7bb50e830043a04e2e939ae80604d95a,p_e8fa32c526b9b4cdc16418a4dc18e34a,6,17374,50,63,15251,46898,113,62149,6.503971451594337,3577.1267411074023,549.99115044247787,0.44247787610619471,0.24539413345347472
r_73f265eb43117ee6d7fd01a9c966ce9b,Tor browsing,d_07128c50bdc12202e87dc8310ed290a4,0,0,a_e7d8c038c18055500148c5915382bd98,a_69fb0b835452ca85c178bdeaaf11695b,p_574b3028d79147695f0175addb80aa98,p_3d01955bb66b778c6aa471c3a2911a0a,6,14419,40,37,13721,21240,77,34961,5.3401761564602257,2424.6480338442334,454.03896103896102,0.51948051948051943,0.39246589056377107
r_482215f3d4f3f14de302bac8951e13d0,Tor browsing,d_07128c50bdc12202e87dc8310ed290a4,0,0,a_e7d8c038c18055500148c5915382bd98,a_71394ec0ae14eb2d17f693263a2fab11,p_721480403366b7efa0507cc3cb155841,p_e8fa32c526b9b4cdc16418a4dc18e34a,6,13867,69,85,17852,81170,154,99022,11.10550227158001,7140.8379606259459,643,0.44805194805194803,0.18028316939669972
r_7af4c7f40274448879f338fdae5fcb6a,Tor browsing,d_07128c50bdc12202e87dc8310ed290a4,0,0,a_e7d8c038c18055500148c5915382bd98,a_4362a21eef786f71d38437758da8d82e,p_f4392306baefe21879ca2a6ceb5a1481,p_3dd478bd944ece2906a0c8e4425f63be,6,21286,16,16,3359,10999,32,14358,1.5033355256976415,674.52785868646049,448.6875,0.5,0.23394623206574733
r_6fe2f6afa7ab793d4d9ccdcf0c3fa51f,Tor browsing,d_07128c50bdc12202e87dc8310ed290a4,0,0,a_e7d8c038c18055500148c5915382bd98,a_9f39ff6b54a09f4783494a654f854405,p_fc41eb2a044b533ad72c79a37bc7f333,p_2313704d6916acc778397dda2b5b461d,6,19599,9,0,540,0,9,540,0.45920710240318385,27.552426144191031,60,1,1
r_44faa0b333efde6967a1328aeb2d2e8c,Tor browsing,d_07128c50bdc12202e87dc8310ed290a4,0,0,a_e7d8c038c18055500148c5915382bd98,a_71394ec0ae14eb2d17f693263a2fab11,p_13a0d7a23557dce4a4893b50760861cb,p_e8fa32c526b9b4cdc16418a4dc18e34a,6,15746,36,31,11638,16722,67,28360,4.2550489013082684,1801.0923409119775,423.28358208955223,0.53731343283582089,0.41036671368124117
r_4f1046a7c53a925af378983832d2393e,Tor browsing,d_07128c50bdc12202e87dc8310ed290a4,0,0,a_e7d8c038c18055500148c5915382bd98,a_71394ec0ae14eb2d17f693263a2fab11,p_ed9a5dc36101abb62b43c11edafc22f6,p_e8fa32c526b9b4cdc16418a4dc18e34a,6,19139,68,76,17762,71996,144,89758,7.5239040702231046,4689.7957051047597,623.31944444444446,0.47222222222222221,0.19788765346821452
r_8a4e1a05ef1c5c1fcb46087fb1d6653f,Tor browsing,d_07128c50bdc12202e87dc8310ed290a4,0,0,a_e7d8c038c18055500148c5915382bd98,a_71394ec0ae14eb2d17f693263a2fab11,p_463b02b1ba57d192635459bb8e863030,p_e8fa32c526b9b4cdc16418a4dc18e34a,6,14895,61,75,16279,67736,136,84015,9.1305807317891912,5640.4833836858006,617.75735294117646,0.4485294117647059,0.19376301850859964
r_d3a744953d0d89c0590bd7968d9ef291,Tor browsing,d_07128c50bdc12202e87dc8310ed290a4,0,0,a_e7d8c038c18055500148c5915382bd98,a_71394ec0ae14eb2d17f693263a2fab11,p_b46d27dddd717682ae47bedd6798dcf5,p_e8fa32c526b9b4cdc16418a4dc18e34a,6,18331,66,68,25153,48790,134,73943,7.310021275435056,4033.7679341007038,551.81343283582089,0.4925373134328358,0.34016742626076846
r_18dbf3211c4236b99eb944bcc1c58e87,Tor browsing,d_07128c50bdc12202e87dc8310ed290a4,0,0,a_e7d8c038c18055500148c5915382bd98,a_f5489e1581f3fe4ee7c6df1b4d0fac22,p_5c266334f09f6f56986008a0a69a2e9a,p_2313704d6916acc778397dda2b5b461d,6,19514,9,0,540,0,9,540,0.46120733832120531,27.672440299272317,60,1,1
r_b9994b4e890489d9237e980c31e8056d,Tor browsing,d_07128c50bdc12202e87dc8310ed290a4,0,0,a_e7d8c038c18055500148c5915382bd98,a_71394ec0ae14eb2d17f693263a2fab11,p_44f6203883083e0c0e97344dad468dee,p_e8fa32c526b9b4cdc16418a4dc18e34a,6,20322,73,66,33124,30730,139,63854,6.8398779647672479,3142.1119968507037,459.38129496402877,0.52517985611510787,0.51874588905941676
r_a11e3fb03bc72f0d0321d28ac3d47b6d,Tor browsing,d_07128c50bdc12202e87dc8310ed290a4,0,0,a_e7d8c038c18055500148c5915382bd98,a_69fb0b835452ca85c178bdeaaf11695b,p_b33af0587a138bb49ca407635696b71b,p_3d01955bb66b778c6aa471c3a2911a0a,6,18490,109,114,28784,95592,223,124376,12.060573282855598,6726.6630611141163,557.73991031390131,0.48878923766816146,0.23142728500675372
r_f6efdd9f82c7e6ee5a9315d8bdfd7f36,Tor browsing,d_07128c50bdc12202e87dc8310ed290a4,0,0,a_69fb0b835452ca85c178bdeaaf11695b,a_e7d8c038c18055500148c5915382bd98,p_3d01955bb66b778c6aa471c3a2911a0a,p_fba4a9d411823f484c7521c602e82896,6,13056,103,89,98486,17348,192,115834,14.705882352941178,8872.0894607843147,603.30208333333337,0.53645833333333337,0.85023395548802594
r_a0c21a0e9e27a1ca5c8c1d5d482b189d,Tor browsing,d_07128c50bdc12202e87dc8310ed290a4,0,0,a_e7d8c038c18055500148c5915382bd98,a_0cb20b3c4749c40fd7d2cb41d8db4879,p_76f50be8bab8c6fcb250d49d0f6d363a,p_64eab6039291da87b7bab47109b51546,6,20636,16,12,3339,6187,28,9526,1.3568521031207599,461.62046908315568,340.21428571428572,0.5714285714285714,0.35051438169221077
r_cbca1035a7421216364795c004c28ae5,Tor browsing,d_07128c50bdc12202e87dc8310ed290a4,0,0,a_e7d8c038c18055500148c5915382bd98,a_71394ec0ae14eb2d17f693263a2fab11,p_a93ead04c95a9aad6d8b42fee3c9f321,p_e8fa32c526b9b4cdc16418a4dc18e34a,6,18933,100,106,26455,90280,206,116735,10.880473247768446,6165.6895367876195,566.67475728155341,0.4854368932038835,0.22662440570522979
r_0195cbffaf225d427e3e5294ee311397,Tor browsing,d_07128c50bdc12202e87dc8310ed290a4,0,0,a_e7d8c038c18055500148c5915382bd98,a_69fb0b835452ca85c178bdeaaf11695b,p_4636ee8c1d691d2abeeb0921a697b91d,p_3d01955bb66b778c6aa471c3a2911a0a,6,12699,30,32,5681,23898,62,29579,4.88227419481849,2329.2385227183245,477.08064516129031,0.4838709677419355,0.19206193583285439
r_3e127fa1553b8108833e8fab5aeb03cc,Tor browsing,d_07128c50bdc12202e87dc8310ed290a4,0,0,a_e7d8c038c18055500148c5915382bd98,a_69fb0b835452ca85c178bdeaaf11695b,p_647066334994eb295bbdc44ff0da09f1,p_3d01955bb66b778c6aa471c3a2911a0a,6,18985,50,54,11576,42236,104,53812,5.4780089544377137,2834.4482486173297,517.42307692307691,0.48076923076923078,0.21511930424440645
r_b66131c5c56c39bbeda1620f60074261,Tor browsing,d_07128c50bdc12202e87dc8310ed290a4,0,0,a_e7d8c038c18055500148c5915382bd98,a_e2370a5f48648ec5a5dbdf8b657a0e89,p_f5a509b0f347358d8b9687ee65351f60,p_3dd478bd944ece2906a0c8e4425f63be,6,8321,14,13,3276,5730,27,9006,3.2448023074149743,1082.3218363177502,333.55555555555554,0.51851851851851849,0.3637574950033311
r_fad083f2a75bb18e0293cda4dc8b953d,Tor browsing,d_07128c50bdc12202e87dc8310ed290a4,0,0,a_e7d8c038c18055500148c5915382bd98,a_e2370a5f48648ec5a5dbdf8b657a0e89,p_5433c5fe330556964f0f178e0276724e,p_3dd478bd944ece2906a0c8e4425f63be,6,15965,68,72,16227,61626,140,77853,8.7691825869088635,4876.4797995615409,556.09285714285716,0.48571428571428571,0.20843127432468883
r_b719137311d3437a3b910d0d31670559,Tor browsing,d_07128c50bdc12202e87dc8310ed290a4,0,0,a_e7d8c038c18055500148c5915382bd98,a_69fb0b835452ca85c178bdeaaf11695b,p_dfee99baf6b98a980ab1d715bdcfaa33,p_3d01955bb66b778c6aa471c3a2911a0a,6,20431,51,43,26983,20134,94,47117,4.6008516470069987,2306.1524154471144,501.24468085106383,0.54255319148936165,0.57268077339389178
r_ecffe1dbb2a2cd9ff2ba0837f1e1fc6c,Tor browsing,d_07128c50bdc12202e87dc8310ed290a4,0,0,a_e7d8c038c18055500148c5915382bd98,a_e2370a5f48648ec5a5dbdf8b657a0e89,p_a59acf4a9643faa81fbb67d1201fa361,p_3dd478bd944ece2906a0c8e4425f63be,6,7362,20,20,5162,11858,40,17020,5.4333061668024989,2311.8717739744634,425.5,0.5,0.30329024676850763
r_7ce5f14de0e8ffeb62d29265068eeddc,Tor browsing,d_07128c50bdc12202e87dc8310ed290a4,0,0,a_e7d8c038c18055500148c5915382bd98,a_71394ec0ae14eb2d17f693263a2fab11,p_f801619709c605b634260c7698ee08d5,p_e8fa32c526b9b4cdc16418a4dc18e34a,6,14682,60,84,14729,80122,144,94851,9.8079280751941145,6460.3596240294237,658.6875,0.41666666666666669,0.15528565855921392
r_a08e6978cb0d5ac3e9907555ad2d1530,Tor browsing,d_07128c50bdc12202e87dc8310ed290a4,0,0,a_e7d8c038c18055500148c5915382bd98,a_3832d64d21ca4721baccca6960dd8088,p_f739fe633e70b7f77c3488ecc906d33f,p_2313704d6916acc778397dda2b5b461d,6,21416,14,12,3234,6163,26,9397,1.2140455734030631,438.7840866641763,361.42307692307691,0.53846153846153844,0.3441523890603384
r_1d2466dd76aa3245960cad2da5714d24,Tor browsing,d_07128c50bdc12202e87dc8310ed290a4,0,0,a_fd460a466b39ea36c13c185c35103a31,a_e7d8c038c18055500148c5915382bd98,p_3919451a0dfaecc18e4c3b5d9eae72c2,p_56cb40b765f2da7e1cc13b84fb7692e8,6,479842,91,91,30996,27244,182,58240,0.37929151679094369,121.37328537310198,320,0.5,0.53221153846153846
r_fb366d394473def6c51c91d99a62034c,Tor browsing,d_07128c50bdc12202e87dc8310ed290a4,0,0,a_e7d8c038c18055500148c5915382bd98,a_71394ec0ae14eb2d17f693263a2fab11,p_e432ff561d1d216d50be7facffee0424,p_e8fa32c526b9b4cdc16418a4dc18e34a,6,20814,21,16,4605,7432,37,12037,1.7776496588834438,578.312674161622,325.32432432432432,0.56756756756756754,0.38257040790894742
r_ef9fe811e03f4cd460fa16737e642bca,Tor browsing,d_07128c50bdc12202e87dc8310ed290a4,0,0,a_e7d8c038c18055500148c5915382bd98,a_3188cffc9361c5cecd586540fd451b44,p_00a690bdf4174f6ba8c93008a2209e07,p_32a9bd200996bfdfb59b77d24c4580e5,6,209,3,2,132,128,5,260,23.923444976076556,1244.019138755981,52,0.59999999999999998,0.50769230769230766
r_401400f125e0df5120d134559bf8654f,Tor browsing,d_07128c50bdc12202e87dc8310ed290a4,0,0,a_e7d8c038c18055500148c5915382bd98,a_b3473f2ec0e1aa6e23367b95b4c6097a,p_3f37001306301462cd5d8023ed0b1e91,p_2313704d6916acc778397dda2b5b461d,6,7148,7,0,420,0,7,420,0.9792949076664802,58.757694459988812,60,1,1
r_1807a02caae21ff1b8c9921cb2f8526b,Tor browsing,d_07128c50bdc12202e87dc8310ed290a4,0,0,a_e7d8c038c18055500148c5915382bd98,a_7824f11e372ca72adb30c1d21138f21a,p_ebf3b67100341aea927c9b3a08408bd4,p_53b18b33cc21a2933da3a83a094344d3,6,5043,3,4,716,184,7,900,1.388062661114416,178.46519928613921,128.57142857142858,0.42857142857142855,0.79555555555555557
r_3b4fffdd4c2b9c29fe4791a0910b1405,Tor browsing,d_07128c50bdc12202e87dc8310ed290a4,0,0,a_85db53ead25175810703e870b8d16304,a_e7d8c038c18055500148c5915382bd98,p_3dd478bd944ece2906a0c8e4425f63be,p_aaf2bfbcff158ae6aa47e9aef6c09ef2,6,0,1,1,588,52,2,640,,,320,0.5,0.91874999999999996
r_b9b887c259a516aa0f25938e33f052b5,Tor browsing,d_07128c50bdc12202e87dc8310ed290a4,0,0,a_e7d8c038c18055500148c5915382bd98,a_71394ec0ae14eb2d17f693263a2fab11,p_75f182dfa8dc3a3b7c32d23956204350,p_e8fa32c526b9b4cdc16418a4dc18e34a,6,14444,41,35,14508,17982,76,32490,5.2617003600110772,2249.3769039047352,427.5,0.53947368421052633,0.44653739612188365
r_db7ea3000033c5444c966f0ebc4d117d,Tor browsing,d_07128c50bdc12202e87dc8310ed290a4,0,0,a_e7d8c038c18055500148c5915382bd98,a_69fb0b835452ca85c178bdeaaf11695b,p_9628d79d7deebf975932faf92b0adce7,p_3d01955bb66b778c6aa471c3a2911a0a,6,18506,58,50,23971,23098,108,47069,5.8359450988868478,2543.4453690694909,435.82407407407408,0.53703703703703709,0.50927361957976591
r_42388de62b074cdbfd2f4ca96fd09864,Tor browsing,d_07128c50bdc12202e87dc8310ed290a4,0,0,a_e7d8c038c18055500148c5915382bd98,a_159c39f7f38ced3cf0a8948386b1fca7,p_c3f18a78cf8a4a677e6d7c2ea3c74a99,p_52493e7267d0883db73d7af93ccc6bf0,6,11233,8,0,480,0,8,480,0.71218730526128371,42.731238315677018,60,1,1
r_7128d87d6c3f2e0094ba895cdcadf21d,Tor browsing,d_07128c50bdc12202e87dc8310ed290a4,0,0,a_e7d8c038c18055500148c5915382bd98,a_e2370a5f48648ec5a5dbdf8b657a0e89,p_c5d5ed33c46dd53e9bcba99cbd49931b,p_3dd478bd944ece2906a0c8e4425f63be,6,11466,28,25,7338,12676,53,20014,4.6223617652189084,1745.5084597941741,377.62264150943395,0.52830188679245282,0.36664334965524131
r_2462ca2999f6f6bde7f51a3a4ef6f810,Tor browsing,d_07128c50bdc12202e87dc8310ed290a4,0,0,a_e7d8c038c18055500148c5915382bd98,a_71394ec0ae14eb2d17f693263a2fab11,p_b6372877b506113436af47846b9b2fdb,p_e8fa32c526b9b4cdc16418a4dc18e34a,6,17314,17,14,3993,6256,31,10249,1.7904585884255515,591.94871202495085,330.61290322580646,0.54838709677419351,0.38959898526685532
r_a894eea0ad8a3a4889107761398e5f52,Tor browsing,d_07128c50bdc12202e87dc8310ed290a4,0,0,a_e7d8c038c18055500148c5915382bd98,a_71394ec0ae14eb2d17f693263a2fab11,p_b136d7d4bb42e9f28b85be113449d801,p_e8fa32c526b9b4cdc16418a4dc18e34a,6,17762,61,61,15847,47374,122,63221,6.8685958788424726,3559.3401643959014,518.20491803278685,0.5,0.25066038183514971
r_2d7079c0baa690a72bed89004f9bb283,Tor browsing,d_07128c50bdc12202e87dc8310ed290a4,0,0,a_e7d8c038c18055500148c5915382bd98,a_983e898236d6cb9a1a6b5f41934a0741,p_b0eb4117a8e5e5b46b28b1fb3b4fd06f,p_2313704d6916acc778397dda2b5b461d,6,66485,20,23,4650,20667,43,25317,0.6467624276152516,380.79265999849588,588.76744186046517,0.46511627906976744,0.18367105107240195
r_24a20a1b469ee1879d48de281926c6b4,Tor browsing,d_07128c50bdc12202e87dc8310ed290a4,0,0,a_e7d8c038c18055500148c5915382bd98,a_69fb0b835452ca85c178bdeaaf11695b,p_8ee57c793dce96350b6d15076f61f54a,p_3d01955bb66b778c6aa471c3a2911a0a,6,12503,50,61,12176,44863,111,57039,8.8778693113652718,4562.025113972647,513.8648648648649,0.45045045045045046,0.21346797805010606
r_34e2215cabdc6f2d8944a4f67062b2d5,Tor browsing,d_07128c50bdc12202e87dc8310ed290a4,0,0,a_e7d8c038c18055500148c5915382bd98,a_69fb0b835452ca85c178bdeaaf11695b,p_96647e910753c5f4f00f1b8726ff70b8,p_3d01955bb66b778c6aa471c3a2911a0a,6,20765,89,94,33433,78662,183,112095,8.8129063327714903,5398.2663135083067,612.54098360655735,0.48633879781420764,0.29825594361925151
r_1c6194b116475da49089466025a8dcdc,Tor browsing,d_07128c50bdc12202e87dc8310ed290a4,0,0,a_e7d8c038c18055500148c5915382bd98,a_69fb0b835452ca85c178bdeaaf11695b,p_c6acddcd47f9f0d3313e10f45a1c8a5e,p_3d01955bb66b778c6aa471c3a2911a0a,6,15639,34,34,11234,13230,68,24464,4.3481040987275401,1564.2943922245668,359.76470588235293,0.5,0.45920536298234138
r_d445fc7a0a9926bd14c8a6afcd2f35a7,Tor browsing,d_07128c50bdc12202e87dc8310ed290a4,0,0,a_e7d8c038c18055500148c5915382bd98,a_e2370a5f48648ec5a5dbdf8b657a0e89,p_193680242ce89b1982d8a266c5180aa3,p_3dd478bd944ece2906a0c8e4425f63be,6,4401,17,13,3963,6266,30,10229,6.8166325835037496,2324.244489888662,340.96666666666664,0.56666666666666665,0.38742790106559782
r_b6213f714e1f0e115738eeb123705a02,Tor browsing,d_07128c50bdc12202e87dc8310ed290a4,0,0,a_e7d8c038c18055500148c5915382bd98,a_69fb0b835452ca85c178bdeaaf11695b,p_baa3eea3c007c977253f2654b0d3f94b,p_3d01955bb66b778c6aa471c3a2911a0a,6,21184,49,42,18411,15856,91,34267,4.2956948640483379,1617.5887462235648,376.56043956043953,0.53846153846153844,0.5372807657513059
r_ba44be5bdd058f3ad865756824c5ada4,Tor browsing,d_07128c50bdc12202e87dc8310ed290a4,0,0,a_e7d8c038c18055500148c5915382bd98,a_71394ec0ae14eb2d17f693263a2fab11,p_bdaeb98890b1183fa3d9fe6d94f7ba56,p_e8fa32c526b9b4cdc16418a4dc18e34a,6,16094,54,58,15756,37846,112,53602,6.9591151982105126,3330.5579719149991,478.58928571428572,0.48214285714285715,0.29394425581135031
r_60e0598754fcf2242487ae3725928cef,Tor browsing,d_07128c50bdc12202e87dc8310ed290a4,0,0,a_e7d8c038c18055500148c5915382bd98,a_f5489e1581f3fe4ee7c6df1b4d0fac22,p_5fe93ae9807368d7386bc227f595dd3c,p_2313704d6916acc778397dda2b5b461d,6,11221,8,0,480,0,8,480,0.71294893503252832,42.776936101951698,60,1,1
r_cae0adefb32d3698edbca3949d1cf643,Tor browsing,d_07128c50bdc12202e87dc8310ed290a4,0,0,a_e7d8c038c18055500148c5915382bd98,a_71394ec0ae14eb2d17f693263a2fab11,p_695511bc521b3f086e2640d4990f2dec,p_e8fa32c526b9b4cdc16418a4dc18e34a,6,16366,47,54,10348,41628,101,51976,6.1713308077722111,3175.8523768788955,514.61386138613864,0.46534653465346537,0.1990918885639526
r_cc95aa4ee5be77a2aca0284513e65af9,Tor browsing,d_07128c50bdc12202e87dc8310ed290a4,0,0,a_e7d8c038c18055500148c5915382bd98,a_cf5bff76c6a22125ba228bff9e6fdf8e,p_ff38e165357b4536dc6787b0f899b504,p_2313704d6916acc778397dda2b5b461d,6,11185,8,0,480,0,8,480,0.71524362986142154,42.914617791685288,60,1,1
r_6cba6b5a97ac84721a3de0c4621b211a,Tor browsing,d_07128c50bdc12202e87dc8310ed290a4,0,0,a_e7d8c038c18055500148c5915382bd98,a_632075e135ca9c4d3f98c225b0d0fac4,p_3b2fb488ebef04280b9b1f2df97634be,p_2313704d6916acc778397dda2b5b461d,6,21232,15,17,3306,11050,32,14356,1.5071590052750565,676.14920874152222,448.625,0.46875,0.23028698801894679
r_380f62368d78c1c43dfb966baf657284,Tor browsing,d_07128c50bdc12202e87dc8310ed290a4,0,0,a_e7d8c038c18055500148c5915382bd98,a_e2370a5f48648ec5a5dbdf8b657a0e89,p_98f37b123f383a43e143b9711e4a299a,p_3dd478bd944ece2906a0c8e4425f63be,6,16933,17,15,4502,6370,32,10872,1.8898009803342586,642.05988306856432,339.75,0.53125,0.41409124356144222
r_fd08183908bce2f18b5b4c2eb1281285,Tor browsing,d_07128c50bdc12202e87dc8310ed290a4,0,0,a_e7d8c038c18055500148c5915382bd98,a_e52ea202de58db21990f572d122f8628,p_5433c5fe330556964f0f178e0276724e,p_3dd478bd944ece2906a0c8e4425f63be,6,477888,92,92,34264,24640,184,58904,0.38502745413151201,123.25900629436187,320.13043478260869,0.5,0.58169224500882788
r_2a9619ed02e8dbd8ddcf7de50ef4f7af,Tor browsing,d_07128c50bdc12202e87dc8310ed290a4,0,0,a_e7d8c038c18055500148c5915382bd98,a_71394ec0ae14eb2d17f693263a2fab11,p_40a6c1444d4db57f0b4dff4d0bd4c848,p_e8fa32c526b9b4cdc16418a4dc18e34a,6,20653,62,49,32052,23536,111,55588,5.3745218612308143,2691.5218128116981,500.7927927927928,0.55855855855855852,0.57659926602863931
r_244e3929327b7e59fa3172243e86f939,Tor browsing,d_07128c50bdc12202e87dc8310ed290a4,0,0,a_2dbed1e84462981f702ef10992aeca1b,a_e7d8c038c18055500148c5915382bd98,p_e7d36acc8d64a944ec8309329b855410,p_3d880a1e71428f7a18a4ac171ab066ce,6,477692,73,73,42388,4332,146,46720,0.3056362677206233,97.803605670599467,320,0.5,0.90727739726027401
r_987ff906f24cae20d5ac046406f39f4f,Tor browsing,d_07128c50bdc12202e87dc8310ed290a4,0,0,a_e7d8c038c18055500148c5915382bd98,a_48e6ee8f6653b5543f3ff18a911215d1,p_cc193973e3a44a9d0ba2e6a951c9fd07,p_2313704d6916acc778397dda2b5b461d,6,19294,9,0,540,0,9,540,0.46646625894060328,27.987975536436196,60,1,1
r_ac0747c6eeffddc07007a556f7df2231,Tor browsing,d_07128c50bdc12202e87dc8310ed290a4,0,0,a_e7d8c038c18055500148c5915382bd98,a_71394ec0ae14eb2d17f693263a2fab11,p_1429b05ecb7e8ac3a7bcc1f1ca1b4965,p_e8fa32c526b9b4cdc16418a4dc18e34a,6,19721,58,51,31128,23710,109,54838,5.5271030880786975,2780.690634349171,503.10091743119267,0.5321100917431193,0.56763558116634449
r_ed791be1e1dafaa945b7dc02469d2a3d,Tor browsing,d_07128c50bdc12202e87dc8310ed290a4,0,0,a_e7d8c038c18055500148c5915382bd98,a_71394ec0ae14eb2d17f693263a2fab11,p_01338a43cbbc3abf16540d22a8ce0f0a,p_e8fa32c526b9b4cdc16418a4dc18e34a,6,13575,79,93,16168,86332,172,102500,12.67034990791897,7550.644567219153,595.93023255813955,0.45930232558139533,0.15773658536585367
r_2a9aa2b175aab56f34804d390fc7ce54,Tor browsing,d_07128c50bdc12202e87dc8310ed290a4,0,0,a_e7d8c038c18055500148c5915382bd98,a_71394ec0ae14eb2d17f693263a2fab11,p_4cdd7748ba7e3500a996a424bb15aabf,p_e8fa32c526b9b4cdc16418a4dc18e34a,6,20374,79,66,33619,40072,145,73691,7.1169137135564942,3616.9137135564938,508.21379310344827,0.54482758620689653,0.45621582011371808
r_53786be89bddc203ab596112ff547398,Tor browsing,d_07128c50bdc12202e87dc8310ed290a4,0,0,a_e7d8c038c18055500148c5915382bd98,a_71394ec0ae14eb2d17f693263a2fab11,p_212b9d0c5509cd5bb6cec72b8a67c0c3,p_e8fa32c526b9b4cdc16418a4dc18e34a,6,21708,45,49,11309,30060,94,41369,4.3302008476137832,1905.7029666482404,440.09574468085106,0.47872340425531917,0.27336894776281756
r_05bd4b5c7ffd5ef19d492d8a70e474b0,Tor browsing,d_07128c50bdc12202e87dc8310ed290a4,0,0,a_e7d8c038c18055500148c5915382bd98,a_69fb0b835452ca85c178bdeaaf11695b,p_1c44cd2d570e61836fd86433c9fe68f5,p_3d01955bb66b778c6aa471c3a2911a0a,6,17408,44,46,14973,23918,90,38891,5.1700367647058822,2234.0877757352941,432.12222222222221,0.48888888888888887,0.38499910004885451
r_28f726b0b20fb0589f1ba0c9f7673bd2,Tor browsing,d_07128c50bdc12202e87dc8310ed290a4,0,0,a_e7d8c038c18055500148c5915382bd98,a_71394ec0ae14eb2d17f693263a2fab11,p_6b07310ffece59dbfb96a2e40b1d8662,p_e8fa32c526b9b4cdc16418a4dc18e34a,6,16105,73,87,19113,72076,160,91189,9.9348028562558213,5662.15461036945,569.93124999999998,0.45624999999999999,0.20959764883922402
r_9c67441ae0eccea11b3a06ff9153f09e,Tor browsing,d_07128c50bdc12202e87dc8310ed290a4,0,0,a_e7d8c038c18055500148c5915382bd98,a_e2370a5f48648ec5a5dbdf8b657a0e89,p_0aff4f8d17d0375781f9a97d471b4b8b,p_3dd478bd944ece2906a0c8e4425f63be,6,18394,27,23,8318,8418,50,16736,2.7182776992497555,909.86191149287822,334.72000000000003,0.54000000000000004,0.49701242829827919
r_5e8797fcb68ad8e23912edc8714f2c96,Tor browsing,d_07128c50bdc12202e87dc8310ed290a4,0,0,a_983e898236d6cb9a1a6b5f41934a0741,a_e7d8c038c18055500148c5915382bd98,p_2313704d6916acc778397dda2b5b461d,p_b0eb4117a8e5e5b46b28b1fb3b4fd06f,6,428,3,2,132,128,5,260,11.682242990654206,607.47663551401865,52,0.59999999999999998,0.50769230769230766
r_6ffe0c0df69c9ed05ab51de54af2b93d,Tor browsing,d_07128c50bdc12202e87dc8310ed290a4,0,0,a_e7d8c038c18055500148c5915382bd98,a_e2370a5f48648ec5a5dbdf8b657a0e89,p_44856e63b690deae89f29d6727b470c8,p_3dd478bd944ece2906a0c8e4425f63be,6,14831,17,15,4626,5834,32,10460,2.1576427752680196,705.27948216573395,326.875,0.53125,0.44225621414913957
r_91e2fbef95454ab6a197be65a3aa63d2,Tor browsing,d_07128c50bdc12202e87dc8310ed290a4,0,0,a_e7d8c038c18055500148c5915382bd98,a_10fe62dc20bcfaad00e579fa05e8e679,p_eb6a2b7969ac2602bb9d35fc25c62227,p_2313704d6916acc778397dda2b5b461d,6,19395,9,0,540,0,9,540,0.46403712296983762,27.842227378190255,60,1,1
r_d4d65920cbfe815730cc2aa3d28dcba4,Tor browsing,d_07128c50bdc12202e87dc8310ed290a4,0,0,a_e7d8c038c18055500148c5915382bd98,a_35343ba01db784c968aa553ae21835eb,p_e17186819e2d0d724d6a2a7c4005fc21,p_2313704d6916acc778397dda2b5b461d,6,18058,17,16,3399,10981,33,14380,1.8274448997674162,796.3229593531953,435.75757575757575,0.51515151515151514,0.23636995827538249
r_282892faa030742cd0144691f014b715,Tor browsing,d_07128c50bdc12202e87dc8310ed290a4,0,0,a_e7d8c038c18055500148c5915382bd98,a_69fb0b835452ca85c178bdeaaf11695b,p_fcece3441fc76bf6ec2d62a9d9fdf77b,p_3d01955bb66b778c6aa471c3a2911a0a,6,15897,38,43,9883,27708,81,37591,5.0953010001887149,2364.6599987419008,464.08641975308643,0.46913580246913578,0.26290867494879094
r_bde525fe476e503515cc98ccf86c0488,Tor browsing,d_07128c50bdc12202e87dc8310ed290a4,0,0,a_e7d8c038c18055500148c5915382bd98,a_e2370a5f48648ec5a5dbdf8b657a0e89,p_93cd623336b03bc22cf1b244771c3b65,p_3dd478bd944ece2906a0c8e4425f63be,6,17127,16,15,3909,6370,31,10279,1.8100075903544113,600.16348455654816,331.58064516129031,0.5161290322580645,0.38028991146998736
r_838f5179375c0e8c692bdd3cbe1f6c87,Tor browsing,d_07128c50bdc12202e87dc8310ed290a4,0,0,a_e7d8c038c18055500148c5915382bd98,a_71394ec0ae14eb2d17f693263a2fab11,p_e66a37e95d60e8f592872331ee151935,p_e8fa32c526b9b4cdc16418a4dc18e34a,6,19771,32,35,7949,25558,67,33507,3.3888017803854127,1694.75494411006,500.1044776119403,0.47761194029850745,0.23723401080371265
r_6427fc51e27ce33c9bc15fbaef538a77,Tor browsing,d_07128c50bdc12202e87dc8310ed290a4,0,0,a_e7d8c038c18055500148c5915382bd98,a_69fb0b835452ca85c178bdeaaf11695b,p_c70177bf11a1dfed91cc5a7ebf66bcf0,p_3d01955bb66b778c6aa471c3a2911a0a,6,18456,54,45,20314,17285,99,37599,5.364109232769831,2037.2236671001301,379.78787878787881,0.54545454545454541,0.54028032660443093
r_76d37c4ce7c64c9523f5b9f7db413c57,Tor browsing,d_07128c50bdc12202e87dc8310ed290a4,0,0,a_e7d8c038c18055500148c5915382bd98,a_b2ce6218e704befe601e07edc341da1d,p_9b5c6c54b87fa55ff92c16701405155b,p_2313704d6916acc778397dda2b5b461d,6,7181,7,0,420,0,7,420,0.97479459685280601,58.487675811168359,60,1,1
r_6e9783b0cecb5512ff4f571c75cdb5a7,Tor browsing,d_07128c50bdc12202e87dc8310ed290a4,0,0,a_e7d8c038c18055500148c5915382bd98,a_69fb0b835452ca85c178bdeaaf11695b,p_d261da1d46ad5a8349096f69b15473b7,p_3d01955bb66b778c6aa471c3a2911a0a,6,18823,82,71,38006,46989,153,84995,8.1283536099452789,4515.486373054242,555.52287581699352,0.53594771241830064,0.44715571504206131
r_597ff933c2729adbaf5e2186e743edc4,Tor browsing,d_07128c50bdc12202e87dc8310ed290a4,0,0,a_e7d8c038c18055500148c5915382bd98,a_121f956960eb9cac23d35146d51887c0,p_43ab8f8df8a44d7dc07c65c75211b70c,p_2313704d6916acc778397dda2b5b461d,6,73387,26,27,4938,25575,53,30513,0.72219875454780824,415.78208674560886,575.71698113207549,0.49056603773584906,0.16183266148854586
r_5ccac2f557dd23983dd6b6c55c2c3225,Tor browsing,d_07128c50bdc12202e87dc8310ed290a4,0,0,a_e7d8c038c18055500148c5915382bd98,a_69fb0b835452ca85c178bdeaaf11695b,p_2f7807351cae8d7f105809eda90b407e,p_3d01955bb66b778c6aa471c3a2911a0a,6,18043,49,44,16555,19279,93,35834,5.1543534888876579,1986.0333647397883,385.31182795698925,0.5268817204301075,0.46199140481107326
r_8f8dacef9a8d53903921a466ec34348d,Tor browsing,d_07128c50bdc12202e87dc8310ed290a4,0,0,a_6878ef13f2236ea9c61109e910406224,a_e7d8c038c18055500148c5915382bd98,p_2313704d6916acc778397dda2b5b461d,p_9d613f7701b4b285823b2d0e29479e53,6,476730,68,68,38912,4608,136,43520,0.28527678140666624,91.288570050133202,320,0.5,0.89411764705882357
r_8a764af26932441d2401c8ca90bfa30e,Tor browsing,d_07128c50bdc12202e87dc8310ed290a4,0,0,a_e7d8c038c18055500148c5915382bd98,a_75d004b3234b7f9cc3a6df4c2d0a16a3,p_1ee319403131f756d2f04bd5aa990e1e,p_2313704d6916acc778397dda2b5b461d,6,18786,16,15,3350,10944,31,14294,1.6501650165016502,760.88576599595433,461.09677419354841,0.5161290322580645,0.23436406884007277
r_fa09a984a1f5320fe1d3231f136a5474,Tor browsing,d_07128c50bdc12202e87dc8310ed290a4,0,0,a_e7d8c038c18055500148c5915382bd98,a_71394ec0ae14eb2d17f693263a2fab11,p_747f0f9bc8622a168add503056327154,p_e8fa32c526b9b4cdc16418a4dc18e34a,6,9233,15,13,3340,5668,28,9008,3.0326004548900682,975.6308892017762,321.71428571428572,0.5357142857142857,0.37078152753108345
r_5c3b8d5d8ea03beb2379791e4c1c2e0a,Tor browsing,d_07128c50bdc12202e87dc8310ed290a4,0,0,a_e7d8c038c18055500148c5915382bd98,a_69fb0b835452ca85c178bdeaaf11695b,p_a267eb1c9ff32364ba3c65013b629563,p_3d01955bb66b778c6aa471c3a2911a0a,6,15820,33,34,10594,19956,67,30550,4.2351453855878631,1931.0998735777496,455.97014925373134,0.4925373134328358,0.34677577741407528
r_7aa398c577bf18717f4a3fdbe8571429,Tor browsing,d_07128c50bdc12202e87dc8310ed290a4,0,0,a_e2370a5f48648ec5a5dbdf8b657a0e89,a_e7d8c038c18055500148c5915382bd98,p_3dd478bd944ece2906a0c8e4425f63be,p_c439360814e662ef54fe1479dd0b88d8,6,11113,4,5,768,772,9,1540,0.80986232340502118,138.57644200485919,171.11111111111111,0.44444444444444442,0.4987012987012987
r_ea361e6def5d3fa15a3f30920d56f083,Tor browsing,d_07128c50bdc12202e87dc8310ed290a4,0,0,a_e7d8c038c18055500148c5915382bd98,a_71394ec0ae14eb2d17f693263a2fab11,p_b3acc1826055271067620f206354dddc,p_e8fa32c526b9b4cdc16418a4dc18e34a,6,16632,83,86,22312,76826,169,99138,10.16113516113516,5960.6782106782102,586.61538461538464,0.4911242603550296,0.22506001734955314
r_870ad711dae14c7ec29cf4e04028c702,Tor browsing,d_07128c50bdc12202e87dc8310ed290a4,0,0,a_08fd3d3e57002770a06b877f6aaa7eb2,a_e7d8c038c18055500148c5915382bd98,p_2313704d6916acc778397dda2b5b461d,p_79475ea5a85b4d135fcff2d703e01b11,6,475624,75,75,43028,4972,150,48000,0.31537517030259193,100.92005449682942,320,0.5,0.89641666666666664
r_80691569bb6e88eeb04100d617bc8a01,Tor browsing,d_07128c50bdc12202e87dc8310ed290a4,0,0,a_e7d8c038c18055500148c5915382bd98,a_69fb0b835452ca85c178bdeaaf11695b,p_fb16cf8c77173a94b3f3dc0cd6928a21,p_3d01955bb66b778c6aa471c3a2911a0a,6,19735,65,59,27210,35970,124,63180,6.2832531036230046,3201.418799087915,509.51612903225805,0.52419354838709675,0.43067426400759734
r_56b9f5b6600ea500a286f60a12cc4216,Tor browsing,d_07128c50bdc12202e87dc8310ed290a4,0,0,a_e7d8c038c18055500148c5915382bd98,a_6402739604bfbe8deb920c068fa0facb,p_79d98934f6bbad796c4fef6c9f27460e,p_2313704d6916acc778397dda2b5b461d,6,1741,10,9,930,3853,19,4783,10.913268236645605,2747.2716829408382,251.73684210526315,0.52631578947368418,0.19443863683880411
r_8cc56451f7abb3a6ab5fe1b5c446a446,Tor browsing,d_07128c50bdc12202e87dc8310ed290a4,0,0,a_e7d8c038c18055500148c5915382bd98,a_69fb0b835452ca85c178bdeaaf11695b,p_a6af6182c1b236a9cf272cb06610975e,p_3d01955bb66b778c6aa471c3a2911a0a,6,18062,31,30,8980,12508,61,21488,3.37725611781641,1189.6799911416233,352.26229508196724,0.50819672131147542,0.41790766939687268
r_0d28251061a660b19de7a9829fe9eb93,Tor browsing,d_07128c50bdc12202e87dc8310ed290a4,0,0,a_e7d8c038c18055500148c5915382bd98,a_71394ec0ae14eb2d17f693263a2fab11,p_3d01ef11624564c2979f65e29b0ab780,p_e8fa32c526b9b4cdc16418a4dc18e34a,6,13787,67,67,18275,53942,134,72217,9.7193007905998403,5238.0503372742432,538.93283582089555,0.5,0.25305675948876305
r_1a1d6d9e4977da23e42d1398eace656f,Tor browsing,d_07128c50bdc12202e87dc8310ed290a4,0,0,a_e7d8c038c18055500148c5915382bd98,a_69fb0b835452ca85c178bdeaaf11695b,p_2ed6feed9a657090296b39a84ed40778,p_3d01955bb66b778c6aa471c3a2911a0a,6,19872,102,128,28580,110274,230,138854,11.574074074074074,6987.4194847020935,603.71304347826083,0.44347826086956521,0.2058277039192245
r_6e4aeaea695d00ce885afdce0c0cdea1,Tor browsing,d_07128c50bdc12202e87dc8310ed290a4,0,0,a_e7d8c038c18055500148c5915382bd98,a_69fb0b835452ca85c178bdeaaf11695b,p_3047de85223aefff06f2c6d5e29046b6,p_3d01955bb66b778c6aa471c3a2911a0a,6,14158,76,72,18571,62378,148,80949,10.453453877666337,5717.5448509676507,546.95270270270271,0.51351351351351349,0.22941605208217519
r_48c83f3f7d9c15190e86cc7529b0c5ec,Tor browsing,d_07128c50bdc12202e87dc8310ed290a4,0,0,a_e7d8c038c18055500148c5915382bd98,a_692d9816428e3e6025388ebb468afe2c,p_0a27f481dcdc67ca38f4532f9bb78ea3,p_3257404394153b8e93ea83a444bf5577,6,18900,20,15,6511,8717,35,15228,1.8518518518518521,805.71428571428578,435.08571428571429,0.5714285714285714,0.42756763856054636
r_151a1176571ed6a971e6f67e9ac6700e,Tor browsing,d_07128c50bdc12202e87dc8310ed290a4,0,0,a_e7d8c038c18055500148c5915382bd98,a_69fb0b835452ca85c178bdeaaf11695b,p_0afa03c11878084d5454f05f1eab08b1,p_3d01955bb66b778c6aa471c3a2911a0a,6,15971,61,60,17981,37084,121,55065,7.576231920355645,3447.811658631269,455.08264462809916,0.50413223140495866,0.3265413602106601
r_1210702c666fffa9d965478c4a7033b0,Tor browsing,d_07128c50bdc12202e87dc8310ed290a4,0,0,a_e7d8c038c18055500148c5915382bd98,a_71394ec0ae14eb2d17f693263a2fab11,p_07870a36328dd038f0519b30f890982f,p_e8fa32c526b9b4cdc16418a4dc18e34a,6,13810,61,76,18120,69350,137,87470,9.9203475742215783,6333.8160753077482,638.46715328467155,0.44525547445255476,0.20715673945352692
r_b20f4520c5250dc2adbdb53217c65b4b,Tor browsing,d_07128c50bdc12202e87dc8310ed290a4,0,0,a_e7d8c038c18055500148c5915382bd98,a_e2370a5f48648ec5a5dbdf8b657a0e89,p_e81170a7232117595cdf22d1fc73937f,p_3dd478bd944ece2906a0c8e4425f63be,6,22737,17,16,3958,6958,33,10916,1.4513788098693761,480.09851783436693,330.78787878787881,0.51515151515151514,0.36258702821546351
r_d0fbd125e7e5fdfbe4d5affc81447090,Tor browsing,d_07128c50bdc12202e87dc8310ed290a4,0,0,a_e7d8c038c18055500148c5915382bd98,a_71394ec0ae14eb2d17f693263a2fab11,p_0ca78bfdd1483be6f408157263415df4,p_e8fa32c526b9b4cdc16418a4dc18e34a,6,19040,65,63,21956,25310,128,47266,6.7226890756302522,2482.4579831932774,369.265625,0.5078125,0.46451995091609188
r_73f1a62a6a3c0efb676c624fe42d3882,Tor browsing,d_07128c50bdc12202e87dc8310ed290a4,0,0,a_e7d8c038c18055500148c5915382bd98,a_59eb261459aba1797a8adf9daeffce53,p_512f3c65dbd741d91dfeea5b1f273ad9,p_5b91bffc635f539b7237c9bbacd9a69d,6,18116,17,17,3439,11929,34,15368,1.8767939942592184,848.31088540516669,452,0.5,0.22377667881311816
r_e87082f78662a5e65cbf5c387f94d623,Tor browsing,d_07128c50bdc12202e87dc8310ed290a4,0,0,a_e7d8c038c18055500148c5915382bd98,a_e2370a5f48648ec5a5dbdf8b657a0e89,p_e56c04b2db06c1291375a2e79fef365e,p_3dd478bd944ece2906a0c8e4425f63be,6,13128,47,50,9279,40410,97,49689,7.3887873248019496,3784.9634369287019,512.25773195876286,0.4845360824742268,0.18674153233109944
r_f337236ff085045fb16c7582d6793832,Tor browsing,d_07128c50bdc12202e87dc8310ed290a4,0,0,a_e7d8c038c18055500148c5915382bd98,a_69fb0b835452ca85c178bdeaaf11695b,p_bde350d5b7f5ca29bfa5f0f90656cfed,p_3d01955bb66b778c6aa471c3a2911a0a,6,6313,22,15,8545,7964,37,16509,5.8609219071756691,2615.0799936638682,446.18918918918916,0.59459459459459463,0.51759646253558667
r_8a9e96d27f1ec866847f78c42c7b305e,Tor browsing,d_07128c50bdc12202e87dc8310ed290a4,0,0,a_e7d8c038c18055500148c5915382bd98,a_e2370a5f48648ec5a5dbdf8b657a0e89,p_9c42df0762d77dabb8d82835c0c1aeac,p_3dd478bd944ece2906a0c8e4425f63be,6,5657,19,16,5337,6946,35,12283,6.1870249248718405,2171.2922043485946,350.94285714285712,0.54285714285714282,0.43450297158674589
r_d170e9ef73c9eb8af6e4a93ccdae231e,Tor browsing,d_07128c50bdc12202e87dc8310ed290a4,0,0,a_dd0463b3a84f510aa33cdcc52359ef1d,a_e7d8c038c18055500148c5915382bd98,p_2d36b619be089107b3d8a5a53b5aa6c4,p_7fae9115c9320d57a61453f3a35878cc,6,475546,71,71,41212,4240,142,45452,0.29860413083066623,95.578556017714376,320.08450704225351,0.5,0.90671477602745754
r_010c2e99d6c70d8fefc7199ebef48e89,Tor browsing,d_07128c50bdc12202e87dc8310ed290a4,0,0,a_e7d8c038c18055500148c5915382bd98,a_71394ec0ae14eb2d17f693263a2fab11,p_5b7fe5a3269815f51c9c4f65d15b44c1,p_e8fa32c526b9b4cdc16418a4dc18e34a,6,11687,54,51,14945,32866,105,47811,8.984341576110209,4090.9557628133825,455.34285714285716,0.51428571428571423,0.3125849699859865
r_8b358dce80a99696cf1b1f1e0dfc5735,Tor browsing,d_07128c50bdc12202e87dc8310ed290a4,0,0,a_e7d8c038c18055500148c5915382bd98,a_71394ec0ae14eb2d17f693263a2fab11,p_50c2d8a546b6850c8dd790262e87e83e,p_e8fa32c526b9b4cdc16418a4dc18e34a,6,16309,50,41,22585,19398,91,41983,5.5797412471641419,2574.2228217548591,461.35164835164835,0.5494505494505495,0.53795583926827528
r_28a4a9b627b5c125003dff748211d679,Tor browsing,d_07128c50bdc12202e87dc8310ed290a4,0,0,a_e7d8c038c18055500148c5915382bd98,a_69fb0b835452ca85c178bdeaaf11695b,p_af2897d295615d22a244f6ec0c209c7e,p_3d01955bb66b778c6aa471c3a2911a0a,6,19385,45,35,17749,14388,80,32137,4.1269022440030945,1657.8282176940932,401.71249999999998,0.5625,0.55229175094128269
r_28b73022a8997d1d4e6defab301bc3c8,Tor browsing,d_07128c50bdc12202e87dc8310ed290a4,0,0,a_e7d8c038c18055500148c5915382bd98,a_69fb0b835452ca85c178bdeaaf11695b,p_673e7f8b5b805b8a95e35dddd8942368,p_3d01955bb66b778c6aa471c3a2911a0a,6,17170,26,20,8687,9027,46,17714,2.6790914385556199,1031.6831683168316,385.08695652173913,0.56521739130434778,0.49040307101727448
r_97dc301082b25c80fa670166f3d6748b,Tor browsing,d_07128c50bdc12202e87dc8310ed290a4,0,0,a_e7d8c038c18055500148c5915382bd98,a_71394ec0ae14eb2d17f693263a2fab11,p_6b5b7ace56c066b57bab31a1616c5b92,p_e8fa32c526b9b4cdc16418a4dc18e34a,6,2461,13,11,3234,5564,24,8798,9.7521332791548154,3574.9695245835028,366.58333333333331,0.54166666666666663,0.36758354171402591
r_94d7f511dd21d991545869c12624865c,Tor browsing,d_07128c50bdc12202e87dc8310ed290a4,0,0,a_e7d8c038c18055500148c5915382bd98,a_8dddc3650faabc8fca61d2758620e52b,p_ec1e5036c3e2d4d11b0e5ba8f3db38ac,p_2313704d6916acc778397dda2b5b461d,6,8384,2,0,120,0,2,120,0.23854961832061067,14.31297709923664,60,1,1
r_548e895fb745bc2067ef1a570b7187cb,Tor browsing,d_07128c50bdc12202e87dc8310ed290a4,0,0,a_e7d8c038c18055500148c5915382bd98,a_69fb0b835452ca85c178bdeaaf11695b,p_35ab3ce6c708caec708090ada7963620,p_3d01955bb66b778c6aa471c3a2911a0a,6,14844,36,35,10831,16388,71,27219,4.7830773376448397,1833.6701697655619,383.36619718309856,0.50704225352112675,0.39792057018994087
r_42ecc7e0acf9a39048d005f94a284e3a,Tor browsing,d_07128c50bdc12202e87dc8310ed290a4,0,0,a_e7d8c038c18055500148c5915382bd98,a_69fb0b835452ca85c178bdeaaf11695b,p_5e8e0cdbe5351e8a2a689128cd6905ef,p_3d01955bb66b778c6aa471c3a2911a0a,6,20374,37,32,13000,14198,69,27198,3.3866692843820556,1334.9366840090313,394.17391304347825,0.53623188405797106,0.4779763217883668
r_31d7c495e39f82b555f7a7c0404009c5,Tor browsing,d_07128c50bdc12202e87dc8310ed290a4,0,0,a_e7d8c038c18055500148c5915382bd98,a_71394ec0ae14eb2d17f693263a2fab11,p_a6de22f176baa1ff7e3217b34a45baab,p_e8fa32c526b9b4cdc16418a4dc18e34a,6,19930,38,38,11480,19186,76,30666,3.8133467134972405,1538.6853988961366,403.5,0.5,0.3743559642600926
r_2fae2298169b860c9594b404b44575c1,Tor browsing,d_07128c50bdc12202e87dc8310ed290a4,0,0,a_e7d8c038c18055500148c5915382bd98,a_7f7e7fc89eb2b06eacd95ac551cc563a,p_132a413940db58289b9051e6ac3e9e0d,p_2d36b619be089107b3d8a5a53b5aa6c4,6,310,1,1,60,40,2,100,6.4516129032258069,322.58064516129031,50,0.5,0.59999999999999998
r_784efc39be122135414fcb2ee51826bc,Tor browsing,d_07128c50bdc12202e87dc8310ed290a4,0,0,a_e7d8c038c18055500148c5915382bd98,a_44109c3d8dabe7ec3133755b354bb99b,p_f0e7c8600827051c5c75fff544104ad4,p_e805c9d7b1b02a765dbe79d4dc8d4bd7,6,16607,15,11,3145,4940,26,8085,1.5656048654181971,486.84289757331248,310.96153846153845,0.57692307692307687,0.38899196042053186
r_a86260b686ab94710140fb1436231f46,Tor browsing,d_07128c50bdc12202e87dc8310ed290a4,0,0,a_e7d8c038c18055500148c5915382bd98,a_85db53ead25175810703e870b8d16304,p_aaf2bfbcff158ae6aa47e9aef6c09ef2,p_3dd478bd944ece2906a0c8e4425f63be,6,275,3,2,132,128,5,260,18.18181818181818,945.45454545454538,52,0.59999999999999998,0.50769230769230766
r_7b23f14f35d83880c0138ae995c9d18c,Tor browsing,d_07128c50bdc12202e87dc8310ed290a4,0,0,a_e7d8c038c18055500148c5915382bd98,a_71394ec0ae14eb2d17f693263a2fab11,p_78436e8d4374e6d16b7a1e2ad3c4ac02,p_e8fa32c526b9b4cdc16418a4dc18e34a,6,17913,61,70,13250,61710,131,74960,7.3131245464188019,4184.670351141629,572.21374045801531,0.46564885496183206,0.17676093916755603
r_0823eee4de9fcb644ed7c88fb6381010,Tor browsing,d_07128c50bdc12202e87dc8310ed290a4,0,0,a_e7d8c038c18055500148c5915382bd98,a_269062b59af8c7981f8c9f9d45c4021f,p_6bfafa8c878d2974167c91c762661062,p_8beb4e10bed4eda0c778a9e8f697d7ab,6,20056,16,12,3338,6143,28,9481,1.3960909453530115,472.72636617471079,338.60714285714283,0.5714285714285714,0.3520725661850016
r_e5c4b88f743a70471a66c5120b9b77ec,Tor browsing,d_07128c50bdc12202e87dc8310ed290a4,0,0,a_e7d8c038c18055500148c5915382bd98,a_71394ec0ae14eb2d17f693263a2fab11,p_4be941936e13bb2cd0923b5426af8e4f,p_e8fa32c526b9b4cdc16418a4dc18e34a,6,11249,52,67,11794,58158,119,69952,10.578718108276291,6218.5083118499415,587.8319327731092,0.43697478991596639,0.16860132662397073
r_a09b90289e35090bb3fa781f4b588405,Tor browsing,d_07128c50bdc12202e87dc8310ed290a4,0,0,a_e7d8c038c18055500148c5915382bd98,a_f25159fbb0831b4c302c6e345dec53d5,p_6159af6b6fcb70378fabc11d4088e9d9,p_e2a4a4bf9c74500e61f176db310c2961,6,423,3,2,132,128,5,260,11.82033096926714,614.65721040189123,52,0.59999999999999998,0.50769230769230766
r_a50d7ec2362f33776c7a8a50d3e530a3,Tor browsing,d_07128c50bdc12202e87dc8310ed290a4,0,0,a_e7d8c038c18055500148c5915382bd98,a_b3473f2ec0e1aa6e23367b95b4c6097a,p_3f1c7aa3705b17dd9da9f521bc4dd7a1,p_2313704d6916acc778397dda2b5b461d,6,11192,8,0,480,0,8,480,0.71479628305932807,42.887776983559682,60,1,1
r_b46f02067d376e50968211e1b3c173de,Tor browsing,d_07128c50bdc12202e87dc8310ed290a4,0,0,a_e7d8c038c18055500148c5915382bd98,a_69fb0b835452ca85c178bdeaaf11695b,p_564a373247f40bfd30e3e23385cea6e2,p_3d01955bb66b778c6aa471c3a2911a0a,6,12307,56,58,13006,45794,114,58800,9.2630210449337778,4777.7687494921583,515.78947368421052,0.49122807017543857,0.22119047619047619
r_e14fc0c430db2387fff81ab7decc6e43,Tor browsing,d_07128c50bdc12202e87dc8310ed290a4,0,0,a_e7d8c038c18055500148c5915382bd98,a_e2370a5f48648ec5a5dbdf8b657a0e89,p_bdb5c0190dd831f4cc9fe50e3d33b9ba,p_3dd478bd944ece2906a0c8e4425f63be,6,12938,12,9,3828,2636,21,6464,1.6231256763023652,499.61354150564227,307.8095238095238,0.5714285714285714,0.59220297029702973
r_dc9b40ea130ad79dab5096d440bb11d0,Tor browsing,d_07128c50bdc12202e87dc8310ed290a4,0,0,a_e7d8c038c18055500148c5915382bd98,a_69fb0b835452ca85c178bdeaaf11695b,p_e2f792be39829df0391d7c41921028a5,p_3d01955bb66b778c6aa471c3a2911a0a,6,16076,69,72,13085,62376,141,75461,8.7708385170440408,4694.0159243592934,535.18439716312059,0.48936170212765956,0.1734008295675912
r_e75d2d3519f6a9dfd35c4c615303f26f,Tor browsing,d_07128c50bdc12202e87dc8310ed290a4,0,0,a_e7d8c038c18055500148c5915382bd98,a_71394ec0ae14eb2d17f693263a2fab11,p_90dcbb8c029370eb6d4c18acc67817f6,p_e8fa32c526b9b4cdc16418a4dc18e34a,6,17013,55,57,15023,37312,112,52335,6.5832010815258917,3076.1770410862277,467.27678571428572,0.49107142857142855,0.28705455240278971
r_5c0a887f76ed0c15d88cdbae8bdb7faf,Tor browsing,d_07128c50bdc12202e87dc8310ed290a4,0,0,a_e7d8c038c18055500148c5915382bd98,a_e2370a5f48648ec5a5dbdf8b657a0e89,p_36bc4ef15468f11c7f2cab2ebf9c0f05,p_3dd478bd944ece2906a0c8e4425f63be,6,16811,17,16,4498,6422,33,10920,1.9630004163940278,649.57468324311458,330.90909090909093,0.51515151515151514,0.41190476190476188
r_2c0c6044118b4bb30f3fe4ded1a04401,Tor browsing,d_07128c50bdc12202e87dc8310ed290a4,0,0,a_e7d8c038c18055500148c5915382bd98,a_71394ec0ae14eb2d17f693263a2fab11,p_1fd1d33cb0ba356298ae24752565406f,p_e8fa32c526b9b4cdc16418a4dc18e34a,6,15788,48,49,17841,22416,97,40257,6.1439067646313656,2549.847985812009,415.02061855670104,0.49484536082474229,0.44317758402265445
r_3f75eafeacb1e444008faef03a0d8a28,Tor browsing,d_07128c50bdc12202e87dc8310ed290a4,0,0,a_e7d8c038c18055500148c5915382bd98,a_e2370a5f48648ec5a5dbdf8b657a0e89,p_43dec35c6c79ac6b946520dde1ebcee5,p_3dd478bd944ece2906a0c8e4425f63be,6,16351,47,48,11399,33734,95,45133,5.8100421992538687,2760.2593113571038,475.08421052631581,0.49473684210526314,0.25256464227948505
r_c16d6af6dd4f5ec833eaf21b8657768b,Tor browsing,d_07128c50bdc12202e87dc8310ed290a4,0,0,a_e7d8c038c18055500148c5915382bd98,a_450e59d49ff3fa7eaf862bba4f5d3768,p_64d18f2d54536526c9e67e977bfb9a20,p_3dd478bd944ece2906a0c8e4425f63be,6,15677,17,16,3395,11571,33,14966,2.1049945780442689,954.64693500031899,453.5151515151515,0.51515151515151514,0.22684752104770814
r_41a30a362a70934c435e075930cc9150,Tor browsing,d_07128c50bdc12202e87dc8310ed290a4,0,0,a_e7d8c038c18055500148c5915382bd98,a_69fb0b835452ca85c178bdeaaf11695b,p_14d09b242372f43d965a32a4585ceebc,p_3d01955bb66b778c6aa471c3a2911a0a,6,17847,48,49,15737,19326,97,35063,5.43508712948955,1964.6439177452792,361.4742268041237,0.49484536082474229,0.44882069417904913
r_a05bc6c7331641a3dfd299b02915ffb4,Tor browsing,d_07128c50bdc12202e87dc8310ed290a4,0,0,a_e7d8c038c18055500148c5915382bd98,a_8e175269aed47dc611dbec8889fd2e1d,p_9810eabc8ca4033cf2b52236dcdd4a52,p_2313704d6916acc778397dda2b5b461d,6,19516,9,0,540,0,9,540,0.46116007378561186,27.669604427136711,60,1,1
r_0f8733ac38dedd7c80fabe55a942f404,Tor browsing,d_07128c50bdc12202e87dc8310ed290a4,0,0,a_e7d8c038c18055500148c5915382bd98,a_69fb0b835452ca85c178bdeaaf11695b,p_933d5bcf3deeea70641c6f2d2145b0d2,p_3d01955bb66b778c6aa471c3a2911a0a,6,19016,81,93,23216,75152,174,98368,9.1501893142616755,5172.9070256626001,565.33333333333337,0.46551724137931033,0.23601171112556929
r_7687a7d3a68e04753a9ad44e67cd7854,Tor browsing,d_07128c50bdc12202e87dc8310ed290a4,0,0,a_e7d8c038c18055500148c5915382bd98,a_69fb0b835452ca85c178bdeaaf11695b,p_6a91ec996d5060dee24ac45626883377,p_3d01955bb66b778c6aa471c3a2911a0a,6,12713,31,32,7926,15896,63,23822,4.9555573035475504,1873.8299378588847,378.12698412698415,0.49206349206349204,0.33271765594828312
r_f3af6129d98bec52cc2d2a7b4791a71a,Tor browsing,d_07128c50bdc12202e87dc8310ed290a4,0,0,a_e7d8c038c18055500148c5915382bd98,a_71394ec0ae14eb2d17f693263a2fab11,p_050a5592e43c8e839af32384a45f8b09,p_e8fa32c526b9b4cdc16418a4dc18e34a,6,14139,64,75,20292,54916,139,75208,9.830964000282906,5319.1880613904805,541.06474820143887,0.46043165467625902,0.26981172215721733
r_940c5ecd259d4797a39c28a824180422,Tor browsing,d_07128c50bdc12202e87dc8310ed290a4,0,0,a_e7d8c038c18055500148c5915382bd98,a_71394ec0ae14eb2d17f693263a2fab11,p_cd78544e2f26a0d86d29854374f513d6,p_e8fa32c526b9b4cdc16418a4dc18e34a,6,14951,50,53,12066,42080,103,54146,6.8891712928901079,3621.563774998328,525.68932038834953,0.4854368932038835,0.22284194585010897
r_0b475d592bab7731c140ca46fcd948f6,Tor browsing,d_07128c50bdc12202e87dc8310ed290a4,0,0,a_e7d8c038c18055500148c5915382bd98,a_69fb0b835452ca85c178bdeaaf11695b,p_e1e226e12054ac9beea6a124eec1563b,p_3d01955bb66b778c6aa471c3a2911a0a,6,10381,38,33,13052,14240,71,27292,6.8394181678065697,2629.0338117715055,384.3943661971831,0.53521126760563376,0.47823538033123258
r_984c3c3befbca932df32384617cc772c,Tor browsing,d_07128c50bdc12202e87dc8310ed290a4,0,0,a_e7d8c038c18055500148c5915382bd98,a_69fb0b835452ca85c178bdeaaf11695b,p_cd55cbaaede5f75c5cd78f497bde8c91,p_3d01955bb66b778c6aa471c3a2911a0a,6,14826,34,30,9197,15221,64,24418,4.3167408606502091,1646.97153648995,381.53125,0.53125,0.37664837415021707
r_ff679a57162863f3dd8b615157f77b88,Tor browsing,d_07128c50bdc12202e87dc8310ed290a4,0,0,a_e7d8c038c18055500148c5915382bd98,a_f25159fbb0831b4c302c6e345dec53d5,p_72ad1d317069cb80eedc451b2d1e1dde,p_e2a4a4bf9c74500e61f176db310c2961,6,17789,21,20,6041,11213,41,17254,2.3047950980943277,969.92523469559831,420.82926829268291,0.51219512195121952,0.35012171090761562
r_7e274529d7a177b3a3bb1623f2e55e2c,Tor browsing,d_07128c50bdc12202e87dc8310ed290a4,0,0,a_e7d8c038c18055500148c5915382bd98,a_69fb0b835452ca85c178bdeaaf11695b,p_b88070bea4d19c64694ce87401d6b2ae,p_3d01955bb66b778c6aa471c3a2911a0a,6,18626,61,59,21665,25654,120,47319,6.442607108343176,2540.4810479974226,394.32499999999999,0.5083333333333333,0.45784991229738581
r_022dabc5395952692aa11dc662f89775,Tor browsing,d_07128c50bdc12202e87dc8310ed290a4,0,0,a_e7d8c038c18055500148c5915382bd98,a_69fb0b835452ca85c178bdeaaf11695b,p_2ffdbf66f03a19045df0ad87f8410572,p_3d01955bb66b778c6aa471c3a2911a0a,6,18522,92,93,35857,76018,185,111875,9.9881222330201922,6040.1144584818057,604.72972972972968,0.49729729729729732,0.32050949720670391
r_490ef4ddecb045b20c755b28e718689d,Tor browsing,d_07128c50bdc12202e87dc8310ed290a4,0,0,a_e7d8c038c18055500148c5915382bd98,a_f5489e1581f3fe4ee7c6df1b4d0fac22,p_bbaaa49b39decb4e40936996a8bf5f40,p_2313704d6916acc778397dda2b5b461d,6,11239,8,0,480,0,8,480,0.71180710027582517,42.70842601654951,60,1,1
r_77facb29e96eb8624c56932220257f2d,Tor browsing,d_07128c50bdc12202e87dc8310ed290a4,0,0,a_e7d8c038c18055500148c5915382bd98,a_fd460a466b39ea36c13c185c35103a31,p_56cb40b765f2da7e1cc13b84fb7692e8,p_3919451a0dfaecc18e4c3b5d9eae72c2,6,476544,83,83,26292,26840,166,53132,0.34834139135106096,111.49442653773839,320.07228915662648,0.5,0.49484303244748928
r_5ada41b90165baee46910d9f3334e3b5,Tor browsing,d_07128c50bdc12202e87dc8310ed290a4,0,0,a_e7d8c038c18055500148c5915382bd98,a_e2370a5f48648ec5a5dbdf8b657a0e89,p_7172dfe0193e2e7c09bdc2b58deb9601,p_3dd478bd944ece2906a0c8e4425f63be,6,17751,18,15,4547,5834,33,10381,1.8590501943552475,584.81212326066134,314.57575757575756,0.54545454545454541,0.43801175223966865
r_8aeeb275320e5828b19916ec70abe1cc,Tor browsing,d_07128c50bdc12202e87dc8310ed290a4,0,0,a_e7d8c038c18055500148c5915382bd98,a_71394ec0ae14eb2d17f693263a2fab11,p_d7c10814cd8d9d12329cd12c36c84a76,p_e8fa32c526b9b4cdc16418a4dc18e34a,6,15736,50,58,12604,41858,108,54462,6.8632435180477884,3460.9811896288761,504.27777777777777,0.46296296296296297,0.23142741728177446
r_b2364af07aaca922790508003219800c,Tor browsing,d_07128c50bdc12202e87dc8310ed290a4,0,0,a_e7d8c038c18055500148c5915382bd98,a_69fb0b835452ca85c178bdeaaf11695b,p_568a52bc7a740e496d0157e024d42d50,p_3d01955bb66b778c6aa471c3a2911a0a,6,12233,22,24,6829,13180,46,20009,3.7603204446987655,1635.657647347339,434.97826086956519,0.47826086956521741,0.34129641661252436
r_03ef0ca97230eb9cee5dbbd9dbc7ed30,Tor browsing,d_07128c50bdc12202e87dc8310ed290a4,0,0,a_e7d8c038c18055500148c5915382bd98,a_e2370a5f48648ec5a5dbdf8b657a0e89,p_58e12b50a5dd627d729c0775f91cebcc,p_3dd478bd944ece2906a0c8e4425f63be,6,7951,17,15,3963,6370,32,10333,4.0246509872971954,1299.5849578669349,322.90625,0.53125,0.38352850091938451
r_f58f0b4aa206f56ab0a637a09b1ba3ca,Tor browsing,d_07128c50bdc12202e87dc8310ed290a4,0,0,a_e7d8c038c18055500148c5915382bd98,a_71394ec0ae14eb2d17f693263a2fab11,p_563a420e2536e77a6f6ba239b3ba3b23,p_e8fa32c526b9b4cdc16418a4dc18e34a,6,16783,47,47,12982,30470,94,43452,5.6009056783650122,2589.0484418757073,462.25531914893617,0.5,0.29876645493878301
r_1b8fc304933055a848a15471db674f61,Tor browsing,d_07128c50bdc12202e87dc8310ed290a4,0,0,a_e7d8c038c18055500148c5915382bd98,a_15e18e2382938a77df9a10d4a7d0dad3,p_5de7b9be6a17b7be0277d32caa6161db,p_3dd478bd944ece2906a0c8e4425f63be,6,20915,24,17,6928,11608,41,18536,1.9603155629930673,886.25388477169497,452.09756097560978,0.58536585365853655,0.37375917134225289
r_566975980ebc9d952964246d91523f9a,Tor browsing,d_07128c50bdc12202e87dc8310ed290a4,0,0,a_e7d8c038c18055500148c5915382bd98,a_69fb0b835452ca85c178bdeaaf11695b,p_1aacb7a4a02741143794acbabdf6c139,p_3d01955bb66b778c6aa471c3a2911a0a,6,18769,41,35,15289,19068,76,34357,4.0492301134850024,1830.5184080132135,452.06578947368422,0.53947368421052633,0.4450039293302675
r_2d1474824f06df364cdfc2827ae83981,Tor browsing,d_07128c50bdc12202e87dc8310ed290a4,0,0,a_e7d8c038c18055500148c5915382bd98,a_69fb0b835452ca85c178bdeaaf11695b,p_eb1b0b602125a6d29d2f7c0f78d7a017,p_3d01955bb66b778c6aa471c3a2911a0a,6,19882,58,47,25926,18264,105,44190,5.2811588371391203,2222.6134191731212,420.85714285714283,0.55238095238095242,0.58669382213170396
r_35b74027d6f8d30fd6d3bbab5b12f8cc,Tor browsing,d_07128c50bdc12202e87dc8310ed290a4,0,0,a_e7d8c038c18055500148c5915382bd98,a_59eb261459aba1797a8adf9daeffce53,p_8040cc282bcba9c12416e866a8120703,p_5b91bffc635f539b7237c9bbacd9a69d,6,18806,16,17,4084,11049,33,15133,1.754759119429969,804.6899925555673,458.57575757575756,0.48484848484848486,0.2698737857662063
r_bcda09e99065cc1d690e3f3c8c5982c3,Tor browsing,d_07128c50bdc12202e87dc8310ed290a4,0,0,a_e7d8c038c18055500148c5915382bd98,a_71394ec0ae14eb2d17f693263a2fab11,p_91f57457410acd32dd5c3b29f85e9b04,p_e8fa32c526b9b4cdc16418a4dc18e34a,6,20361,72,50,41879,24146,122,66025,5.9918471587839495,3242.7189234320513,541.18852459016398,0.5901639344262295,0.63429004165088987
r_d54d3572a315b0921af327344c91ca70,Tor browsing,d_07128c50bdc12202e87dc8310ed290a4,0,0,a_e7d8c038c18055500148c5915382bd98,a_a48fa200e080157795d8eab9e508626a,p_b7affebe4973fbfac5e3636ce7e775c7,p_3dd478bd944ece2906a0c8e4425f63be,6,21836,17,17,3390,11043,34,14433,1.5570617329181169,660.97270562374069,424.5,0.5,0.23487840365828311
r_b161bb3be547cfb461d89f9b2bd46572,Tor browsing,d_07128c50bdc12202e87dc8310ed290a4,0,0,a_e7d8c038c18055500148c5915382bd98,a_71394ec0ae14eb2d17f693263a2fab11,p_c7bfa04021a0b76ef394975360db5988,p_e8fa32c526b9b4cdc16418a4dc18e34a,6,13543,58,71,15196,49928,129,65124,9.5252159787344013,4808.6834527061956,504.83720930232556,0.44961240310077522,0.23333947546219519
r_00ee04770a6456fe56fe76fe0d451a8c,Tor browsing,d_07128c50bdc12202e87dc8310ed290a4,0,0,a_e7d8c038c18055500148c5915382bd98,a_69fb0b835452ca85c178bdeaaf11695b,p_814768318dd6bd599c2fc0fb36e203c1,p_3d01955bb66b778c6aa471c3a2911a0a,6,20821,56,52,16593,34564,108,51157,5.1870707458815613,2456.990538398732,473.67592592592592,0.51851851851851849,0.32435443829778915
r_6d1aa9a6ad66b52efe7b0bc6ac30689b,Tor browsing,d_07128c50bdc12202e87dc8310ed290a4,0,0,a_e7d8c038c18055500148c5915382bd98,a_71394ec0ae14eb2d17f693263a2fab11,p_29befbec67beb25f66df1c3e42ddac45,p_e8fa32c526b9b4cdc16418a4dc18e34a,6,19108,45,44,11329,28192,89,39521,4.6577349801130419,2068.2960016746911,444.0561797752809,0.5056179775280899,0.2866577262721085
r_1f8d2dfae32b036a32468027020a2c44,Tor browsing,d_07128c50bdc12202e87dc8310ed290a4,0,0,a_e7d8c038c18055500148c5915382bd98,a_71394ec0ae14eb2d17f693263a2fab11,p_0eda5436fdca4aefac415c2e6cbb318e,p_e8fa32c526b9b4cdc16418a4dc18e34a,6,16754,45,57,12389,43414,102,55803,6.0880983645696549,3330.7269905694161,547.08823529411768,0.44117647058823528,0.22201315341469097
r_22705058eef88f563f088500a4eb0f72,Tor browsing,d_07128c50bdc12202e87dc8310ed290a4,0,0,a_e7d8c038c18055500148c5915382bd98,a_e2370a5f48648ec5a5dbdf8b657a0e89,p_280cbb76546ff6fd258a563f2d639ba3,p_3dd478bd944ece2906a0c8e4425f63be,6,2845,13,11,3245,5602,24,8847,8.4358523725834793,3109.666080843585,368.625,0.54166666666666663,0.36679100259975134
r_71ee3aedf69e6a4ed18e9469f080693d,Tor browsing,d_07128c50bdc12202e87dc8310ed290a4,0,0,a_e7d8c038c18055500148c5915382bd98,a_e2370a5f48648ec5a5dbdf8b657a0e89,p_ba6a1f84085cdcd8dc7ebbd3d59e0778,p_3dd478bd944ece2906a0c8e4425f63be,6,20144,22,17,6905,6474,39,13379,1.9360603653693409,664.16799046862593,343.05128205128204,0.5641025641025641,0.51610733238657602
r_33ba6eb849116218504d50edb715b4eb,Tor browsing,d_07128c50bdc12202e87dc8310ed290a4,0,0,a_e7d8c038c18055500148c5915382bd98,a_71394ec0ae14eb2d17f693263a2fab11,p_2516793a8999d973f854cb4bc6ee4380,p_e8fa32c526b9b4cdc16418a4dc18e34a,6,14571,41,38,13742,16562,79,30304,5.4217280900418645,2079.7474435522613,383.59493670886076,0.51898734177215189,0.45347148891235478
r_990584935da66925c6ea7257de14d8a3,Tor browsing,d_07128c50bdc12202e87dc8310ed290a4,0,0,a_e7d8c038c18055500148c5915382bd98,a_71394ec0ae14eb2d17f693263a2fab11,p_45e1935655759cd0bff6115bc8603d62,p_e8fa32c526b9b4cdc16418a4dc18e34a,6,19937,108,128,26284,108616,236,134900,11.837287455484777,6766.3138887495606,571.61016949152543,0.4576271186440678,0.19484062268346924
r_a8f309e4184fc4764622c8ef5d1eb0e4,Tor browsing,d_07128c50bdc12202e87dc8310ed290a4,0,0,a_e7d8c038c18055500148c5915382bd98,a_71394ec0ae14eb2d17f693263a2fab11,p_2517f19dd44a22abd77c1335d0b3e7da,p_e8fa32c526b9b4cdc16418a4dc18e34a,6,17900,53,56,15975,34176,109,50151,6.089385474860336,2801.7318435754191,460.10091743119267,0.48623853211009177,0.31853801519411379
r_f23a86558aef309efc66546bc63e43b9,Tor browsing,d_07128c50bdc12202e87dc8310ed290a4,0,0,a_e7d8c038c18055500148c5915382bd98,a_10fe62dc20bcfaad00e579fa05e8e679,p_43598d9c925061f76e1f044208a6ed8b,p_2313704d6916acc778397dda2b5b461d,6,19673,9,0,540,0,9,540,0.45747979464240335,27.4487876785442,60,1,1
r_9301818541d7e7547c8ebac3a71cb2a3,Tor browsing,d_07128c50bdc12202e87dc8310ed290a4,0,0,a_e7d8c038c18055500148c5915382bd98,a_69fb0b835452ca85c178bdeaaf11695b,p_9b32802ab5460f6638e16663f3211108,p_3d01955bb66b778c6aa471c3a2911a0a,6,18960,64,55,24829,32602,119,57431,6.276371308016877,3029.0611814345989,482.61344537815125,0.53781512605042014,0.43232748863854015
r_18c0ee9b6b1f4bc02234089639407b12,Tor browsing,d_07128c50bdc12202e87dc8310ed290a4,0,0,a_e7d8c038c18055500148c5915382bd98,a_e2370a5f48648ec5a5dbdf8b657a0e89,p_aa74d6401965e4c0475f3a08e424c9db,p_3dd478bd944ece2906a0c8e4425f63be,6,19397,29,24,9951,9260,53,19211,2.7323812960767131,990.41088828169313,362.47169811320754,0.54716981132075471,0.51798448805371922
r_26dab5ae43def1c02c72388dd342a039,Tor browsing,d_07128c50bdc12202e87dc8310ed290a4,0,0,a_e7d8c038c18055500148c5915382bd98,a_71394ec0ae14eb2d17f693263a2fab11,p_a962e4316d8a6482b4772be6cb0de022,p_e8fa32c526b9b4cdc16418a4dc18e34a,6,18766,59,55,21940,34114,114,56054,6.0748161568794634,2986.9977619098372,491.70175438596493,0.51754385964912286,0.39140828486816287
r_3250420d2d4830449548ab8e17827aa5,Tor browsing,d_07128c50bdc12202e87dc8310ed290a4,0,0,a_e7d8c038c18055500148c5915382bd98,a_0784866a12a4c0eaaf8a53f5cddc90a1,p_9233574d718c57c48ece8f3c799e6b23,p_2313704d6916acc778397dda2b5b461d,6,15231,17,17,3430,11089,34,14519,2.2322894097564179,953.25323353686565,427.02941176470586,0.5,0.23624216543839108
r_8d49562f77b173aa97d798ee09cde83c,Tor browsing,d_07128c50bdc12202e87dc8310ed290a4,0,0,a_e7d8c038c18055500148c5915382bd98,a_69fb0b835452ca85c178bdeaaf11695b,p_f2fb77e39c2ea6ba7c59aa8208473473,p_3d01955bb66b778c6aa471c3a2911a0a,6,11790,69,68,13678,61690,137,75368,11.620016963528414,6392.5360474978797,550.1313868613139,0.5036496350364964,0.18148285744613099
r_8bf7ea234685a906c1afd30847f817a2,Tor browsing,d_07128c50bdc12202e87dc8310ed290a4,0,0,a_e7d8c038c18055500148c5915382bd98,a_71394ec0ae14eb2d17f693263a2fab11,p_6f8dc178be1f509c6047acb04dda01c2,p_e8fa32c526b9b4cdc16418a4dc18e34a,6,15738,47,50,14561,37036,97,51597,6.1634261024272465,3278.4979031643156,531.92783505154637,0.4845360824742268,0.28220632982537747
r_123df0db3a6f368294b7318a1f0f1392,Tor browsing,d_07128c50bdc12202e87dc8310ed290a4,0,0,a_e7d8c038c18055500148c5915382bd98,a_a48fa200e080157795d8eab9e508626a,p_571a295d8259637d758e2f9e63e1ab49,p_3dd478bd944ece2906a0c8e4425f63be,6,19484,19,17,5603,11043,36,16646,1.8476698829809073,854.34202422500505,462.38888888888891,0.52777777777777779,0.33659738075213264
r_b1b4b11ab141490750bb39c7f6e7f98d,Tor browsing,d_07128c50bdc12202e87dc8310ed290a4,0,0,a_e7d8c038c18055500148c5915382bd98,a_e2370a5f48648ec5a5dbdf8b657a0e89,p_9243880684d212ef7f9c6ed3e12ad366,p_3dd478bd944ece2906a0c8e4425f63be,6,17467,19,14,5122,5782,33,10904,1.8892769221961414,624.26289574626446,330.42424242424244,0.5757575757575758,0.4697358767424798
r_4c734a6071cdc1887703a528a45ed309,Tor browsing,d_07128c50bdc12202e87dc8310ed290a4,0,0,a_e7d8c038c18055500148c5915382bd98,a_71394ec0ae14eb2d17f693263a2fab11,p_f7a48910399413cc160ad5abad8459eb,p_e8fa32c526b9b4cdc16418a4dc18e34a,6,22037,53,45,22451,20132,98,42583,4.4470662975904167,1932.3410627580888,434.5204081632653,0.54081632653061229,0.52722917596223851
r_f6ca6f68ad26f195d0e7ec8bea674d16,Tor browsing,d_07128c50bdc12202e87dc8310ed290a4,0,0,a_e7d8c038c18055500148c5915382bd98,a_69fb0b835452ca85c178bdeaaf11695b,p_3264f3cdf462268b5f2b556ce22a7822,p_3d01955bb66b778c6aa471c3a2911a0a,6,15195,27,20,7681,8772,47,16453,3.0931227377426787,1082.7903915761763,350.06382978723406,0.57446808510638303,0.4668449522883365
r_d79be0fa30a2d3645ee0433c0e09543f,Tor browsing,d_07128c50bdc12202e87dc8310ed290a4,0,0,a_e7d8c038c18055500148c5915382bd98,a_e52ea202de58db21990f572d122f8628,p_5433c5fe330556964f0f178e0276724e,p_3dd478bd944ece2906a0c8e4425f63be,6,473607,83,83,25768,27364,166,53132,0.35050157620136524,112.18584184777674,320.07228915662648,0.5,0.48498080252954906
r_f51414f4821598181478745795914d0f,Tor browsing,d_07128c50bdc12202e87dc8310ed290a4,0,0,a_e7d8c038c18055500148c5915382bd98,a_20bc269271f4e5c791dcc5e69afaff14,p_051f9a8530031c94bfe6533280fa0dad,p_3dd478bd944ece2906a0c8e4425f63be,6,15500,23,16,6897,11482,39,18379,2.5161290322580645,1185.741935483871,471.25641025641028,0.58974358974358976,0.37526524838130476
r_dc4cf2e11ae6fac59540e8d53d1de2ba,Tor browsing,d_07128c50bdc12202e87dc8310ed290a4,0,0,a_e7d8c038c18055500148c5915382bd98,a_e2370a5f48648ec5a5dbdf8b657a0e89,p_262fb4e5189abe9c1b96681b6faf2b04,p_3dd478bd944ece2906a0c8e4425f63be,6,5919,14,13,3260,5730,27,8990,4.5615813482007095,1518.8376414934955,332.96296296296299,0.51851851851851849,0.36262513904338156
r_3bd1fbbbc22c9e7dd66af65a8627ae03,Tor browsing,d_07128c50bdc12202e87dc8310ed290a4,0,0,a_e7d8c038c18055500148c5915382bd98,a_e2370a5f48648ec5a5dbdf8b657a0e89,p_c117ae7ab96612f3f4a807b1394485ee,p_3dd478bd944ece2906a0c8e4425f63be,6,14941,19,16,5128,7494,35,12622,2.3425473529214913,844.78950538785887,360.62857142857143,0.54285714285714282,0.40627475835842181
r_e74778f7359b72d80355efad65c3d4cb,Tor browsing,d_07128c50bdc12202e87dc8310ed290a4,0,0,a_e7d8c038c18055500148c5915382bd98,a_69fb0b835452ca85c178bdeaaf11695b,p_8cf274af8224433775e012cbb63792ea,p_3d01955bb66b778c6aa471c3a2911a0a,6,15967,33,33,9047,16394,66,25441,4.1335253961295173,1593.3487818625915,385.469696969697,0.5,0.35560709091623754
r_c0c7004b4f25b0f4eb30d4ee5a492caf,Tor browsing,d_07128c50bdc12202e87dc8310ed290a4,0,0,a_e7d8c038c18055500148c5915382bd98,a_69fb0b835452ca85c178bdeaaf11695b,p_78e744602c2281fceac1be2f6bfa48ca,p_3d01955bb66b778c6aa471c3a2911a0a,6,17811,69,80,18923,72308,149,91231,8.3656167536915387,5122.1716916512269,612.28859060402681,0.46308724832214765,0.20741853098179347
r_05401b8214175063b328a9bdc425e47d,Tor browsing,d_07128c50bdc12202e87dc8310ed290a4,0,0,a_e7d8c038c18055500148c5915382bd98,a_8766e0d0637514b704ce52a6bcbe7670,p_f027355b5b9234b47ed1b213981a8d50,p_2313704d6916acc778397dda2b5b461d,6,19615,9,0,540,0,9,540,0.45883252612796332,27.529951567677799,60,1,1
r_0e82430fd0f48d067ab6fc9035e0c892,Tor browsing,d_07128c50bdc12202e87dc8310ed290a4,0,0,a_e7d8c038c18055500148c5915382bd98,a_69fb0b835452ca85c178bdeaaf11695b,p_c7d5747206fd3d054cc37f24a4a8bd5a,p_3d01955bb66b778c6aa471c3a2911a0a,6,18467,76,64,27994,42030,140,70024,7.5810905940325988,3791.844912546705,500.17142857142858,0.54285714285714282,0.39977721923911802
r_624d46d7137010e2336dd16a41b4026c,Tor browsing,d_07128c50bdc12202e87dc8310ed290a4,0,0,a_e7d8c038c18055500148c5915382bd98,a_80009f8dc6b9e2b568a46faf4af2f052,p_482a398858eec37f6e689214637e2c17,p_2313704d6916acc778397dda2b5b461d,6,11228,8,0,480,0,8,480,0.71250445315283217,42.750267189169932,60,1,1
r_e5aa615dfab106477eb639879c51419d,Tor browsing,d_07128c50bdc12202e87dc8310ed290a4,0,0,a_e7d8c038c18055500148c5915382bd98,a_71394ec0ae14eb2d17f693263a2fab11,p_930b1f5a4c526d071f749edd1f3e4c71,p_e8fa32c526b9b4cdc16418a4dc18e34a,6,12916,69,84,14126,79006,153,93132,11.845772685041808,7210.5915144007431,608.70588235294122,0.45098039215686275,0.15167718936563157
r_adfc9af3e687ef43217f3120c2b841ba,Tor browsing,d_07128c50bdc12202e87dc8310ed290a4,0,0,a_e7d8c038c18055500148c5915382bd98,a_e2370a5f48648ec5a5dbdf8b657a0e89,p_aab0ead7f46ae92d2fc13338b20d661f,p_3dd478bd944ece2906a0c8e4425f63be,6,13681,19,17,4068,7010,36,11078,2.6313865945471826,809.73613039982467,307.72222222222223,0.52777777777777779,0.36721429860985738
r_c91b26263d3a6e9886a8bdc628d129f9,Tor browsing,d_07128c50bdc12202e87dc8310ed290a4,0,0,a_e7d8c038c18055500148c5915382bd98,a_71394ec0ae14eb2d17f693263a2fab11,p_d3a3bbfe37addc1cae4fea56fd73507d,p_e8fa32c526b9b4cdc16418a4dc18e34a,6,17338,87,80,29458,59512,167,88970,9.6320221478832622,5131.5030568693037,532.75449101796403,0.52095808383233533,0.33110037091154321
r_a9d2b24c7cbcde58c431eb07c13d8b8b,Tor browsing,d_07128c50bdc12202e87dc8310ed290a4,0,0,a_e7d8c038c18055500148c5915382bd98,a_71394ec0ae14eb2d17f693263a2fab11,p_9ead7b0783b67b1fe4ead253180d4890,p_e8fa32c526b9b4cdc16418a4dc18e34a,6,18790,95,107,31824,92448,202,124272,10.750399148483236,6613.7307078233107,615.20792079207922,0.47029702970297027,0.25608342989571264
r_427c4aa13327c2b01b41b7e9db28cf55,Tor browsing,d_07128c50bdc12202e87dc8310ed290a4,0,0,a_e7d8c038c18055500148c5915382bd98,a_59eb261459aba1797a8adf9daeffce53,p_d47b7c74d3a5f6c98f371ace4e7be1d3,p_5b91bffc635f539b7237c9bbacd9a69d,6,5927,18,15,6925,10933,33,17858,5.5677408469714864,3012.9913953096002,541.15151515151513,0.54545454545454541,0.38778138649344829
r_bb8bfcb1be125d776c3d9a5db48856c1,Tor browsing,d_07128c50bdc12202e87dc8310ed290a4,0,0,a_e7d8c038c18055500148c5915382bd98,a_121f956960eb9cac23d35146d51887c0,p_43ab8f8df8a44d7dc07c65c75211b70c,p_2313704d6916acc778397dda2b5b461d,6,1326,3,2,692,104,5,796,3.7707390648567118,600.30165912518851,159.19999999999999,0.59999999999999998,0.8693467336683417
r_b0fef699993e95d2a9d7ed68c8baa9fa,Tor browsing,d_07128c50bdc12202e87dc8310ed290a4,0,0,a_e7d8c038c18055500148c5915382bd98,a_71394ec0ae14eb2d17f693263a2fab11,p_b11f859ec35f6e73aeeae4d93b79151c,p_e8fa32c526b9b4cdc16418a4dc18e34a,6,12462,51,68,11602,61550,119,73152,9.5490290483068527,5870.0048146364952,614.72268907563023,0.42857142857142855,0.15860126859142606
r_04673d49023d7cf68e2d218678744d34,Tor browsing,d_07128c50bdc12202e87dc8310ed290a4,0,0,a_e7d8c038c18055500148c5915382bd98,a_a48fa200e080157795d8eab9e508626a,p_ace410503da88a7150ede6104797d7c3,p_3dd478bd944ece2906a0c8e4425f63be,6,18816,22,18,4713,11653,40,16366,2.1258503401360547,869.79166666666674,409.14999999999998,0.55000000000000004,0.28797507026762803
r_6a96da4c6e2f23d8de2aa6188a1ce031,Tor browsing,d_07128c50bdc12202e87dc8310ed290a4,0,0,a_e7d8c038c18055500148c5915382bd98,a_71394ec0ae14eb2d17f693263a2fab11,p_6af0b40120125f15ddd47a53762e335f,p_e8fa32c526b9b4cdc16418a4dc18e34a,6,20332,56,56,19850,24388,112,44238,5.508557938225457,2175.782018493016,394.98214285714283,0.5,0.44870925448709253
r_31b51bcf9cd54394a497910e000755ae,Tor browsing,d_07128c50bdc12202e87dc8310ed290a4,0,0,a_e7d8c038c18055500148c5915382bd98,a_69fb0b835452ca85c178bdeaaf11695b,p_33af3a5ee564dceec4c1ecac0cd156a7,p_3d01955bb66b778c6aa471c3a2911a0a,6,19620,56,45,26534,19704,101,46238,5.1478083588175325,2356.6768603465848,457.80198019801981,0.5544554455445545,0.57385700073532597
r_ede76f37e902a3ddb0d553c30832ae98,Tor browsing,d_07128c50bdc12202e87dc8310ed290a4,0,0,a_6878ef13f2236ea9c61109e910406224,a_e7d8c038c18055500148c5915382bd98,p_2313704d6916acc778397dda2b5b461d,p_9d613f7701b4b285823b2d0e29479e53,6,470925,78,80,39432,14638,158,54070,0.33550990072729203,114.81658438180177,342.21518987341773,0.49367088607594939,0.72927686332531905
r_8dbf8b3be6c54f6041f304272c3f2311,Tor browsing,d_07128c50bdc12202e87dc8310ed290a4,0,0,a_08fd3d3e57002770a06b877f6aaa7eb2,a_e7d8c038c18055500148c5915382bd98,p_2313704d6916acc778397dda2b5b461d,p_79475ea5a85b4d135fcff2d703e01b11,6,465177,80,82,41680,13190,162,54870,0.3482545353704074,117.95510096156946,338.7037037037037,0.49382716049382713,0.75961363222161471
r_4d752e99437f91b7c0f844dab900d129,Tor browsing,d_07128c50bdc12202e87dc8310ed290a4,0,0,a_e7d8c038c18055500148c5915382bd98,a_71394ec0ae14eb2d17f693263a2fab11,p_95d802b799846bebc321cbfd6d1a1e33,p_e8fa32c526b9b4cdc16418a4dc18e34a,6,18478,55,61,17106,39106,116,56212,6.277735685680268,3042.1041238229245,484.58620689655174,0.47413793103448276,0.30431224649541022
r_22453f7d43afcdb2273987caa9abd0fb,Tor browsing,d_07128c50bdc12202e87dc8310ed290a4,0,0,a_e7d8c038c18055500148c5915382bd98,a_69fb0b835452ca85c178bdeaaf11695b,p_6f51855885c3779cfa0d31abd1caecd5,p_3d01955bb66b778c6aa471c3a2911a0a,6,5090,19,18,5704,8120,37,13824,7.269155206286837,2715.9135559921415,373.62162162162161,0.51351351351351349,0.41261574074074076
r_771db19cb8d459e32aa38411cd538962,Tor browsing,d_07128c50bdc12202e87dc8310ed290a4,0,0,a_2dbed1e84462981f702ef10992aeca1b,a_e7d8c038c18055500148c5915382bd98,p_e7d36acc8d64a944ec8309329b855410,p_3d880a1e71428f7a18a4ac171ab066ce,6,469528,70,70,40624,4176,140,44800,0.29817178102264402,95.414969927246077,320,0.5,0.90678571428571431
r_a5a9bbc71651b7c7a9cd798da35b116c,Tor browsing,d_07128c50bdc12202e87dc8310ed290a4,0,0,a_e7d8c038c18055500148c5915382bd98,a_e2370a5f48648ec5a5dbdf8b657a0e89,p_db78cf7b98db02b897d3180967e02872,p_3dd478bd944ece2906a0c8e4425f63be,6,13758,37,34,9864,21446,71,31310,5.1606338130542238,2275.7668265736302,440.98591549295776,0.52112676056338025,0.31504311721494732
r_2b991b3ae824e08397f0a22495da5158,Tor browsing,d_07128c50bdc12202e87dc8310ed290a4,0,0,a_e7d8c038c18055500148c5915382bd98,a_69fb0b835452ca85c178bdeaaf11695b,p_b72198f5bfb0d7efc4e2265b7ab99814,p_3d01955bb66b778c6aa471c3a2911a0a,6,20800,29,28,9373,11846,57,21219,2.7403846153846154,1020.1442307692307,372.26315789473682,0.50877192982456143,0.44172675432395497
r_87a7621b42f9d8d2fc6bfa24b085fcc3,Tor browsing,d_07128c50bdc12202e87dc8310ed290a4,0,0,a_e7d8c038c18055500148c5915382bd98,a_69fb0b835452ca85c178bdeaaf11695b,p_73f53e518abe9ff6c592b26eaa2d9f92,p_3d01955bb66b778c6aa471c3a2911a0a,6,18374,52,48,24714,21388,100,46102,5.4424730597583544,2509.0889300097965,461.01999999999998,0.52000000000000002,0.53607218775758103
r_0267ecb76ad1b611d7a21e98e6e04948,Tor browsing,d_07128c50bdc12202e87dc8310ed290a4,0,0,a_dd0463b3a84f510aa33cdcc52359ef1d,a_e7d8c038c18055500148c5915382bd98,p_2d36b619be089107b3d8a5a53b5aa6c4,p_7fae9115c9320d57a61453f3a35878cc,6,468898,70,70,40624,4176,140,44800,0.29857239740839159,95.543167170685308,320,0.5,0.90678571428571431
r_4b256dc930a01ab6a9e337f20b4305c3,Tor browsing,d_07128c50bdc12202e87dc8310ed290a4,0,0,a_e7d8c038c18055500148c5915382bd98,a_e2370a5f48648ec5a5dbdf8b657a0e89,p_0df7b7f89f342f59979e2b276c127af4,p_3dd478bd944ece2906a0c8e4425f63be,6,7068,18,18,5067,8090,36,13157,5.0933786078098473,1861.4883984153935,365.47222222222223,0.5,0.38511818803678649
r_813428a184e50abd55cd6b48b8ead36c,Tor browsing,d_07128c50bdc12202e87dc8310ed290a4,0,0,a_e7d8c038c18055500148c5915382bd98,a_71394ec0ae14eb2d17f693263a2fab11,p_16de0879bcb6600b170e05191172f82c,p_e8fa32c526b9b4cdc16418a4dc18e34a,6,3502,20,17,5202,7484,37,12686,10.5653912050257,3622.5014277555683,342.86486486486484,0.54054054054054057,0.41005833201954911
r_eee317faa11d94956546ed93ad9e9732,Tor browsing,d_07128c50bdc12202e87dc8310ed290a4,0,0,a_e7d8c038c18055500148c5915382bd98,a_71394ec0ae14eb2d17f693263a2fab11,p_3910dc675643460d156405dfcbf04863,p_e8fa32c526b9b4cdc16418a4dc18e34a,6,14661,60,73,17948,52712,133,70660,9.0716867880772121,4819.5893868085395,531.27819548872185,0.45112781954887216,0.25400509482026606
r_11eeedc95b082acc2fa99be9126c87c7,Tor browsing,d_07128c50bdc12202e87dc8310ed290a4,0,0,a_e7d8c038c18055500148c5915382bd98,a_69fb0b835452ca85c178bdeaaf11695b,p_08c4fe73ea7ef22240cd490f38636a3a,p_3d01955bb66b778c6aa471c3a2911a0a,6,19196,84,82,24047,66088,166,90135,8.647634923942487,4695.509481141904,542.98192771084337,0.50602409638554213,0.26678870583014369
r_110379a540330c2d98228032f0ed466b,Tor browsing,d_07128c50bdc12202e87dc8310ed290a4,0,0,a_e7d8c038c18055500148c5915382bd98,a_e2370a5f48648ec5a5dbdf8b657a0e89,p_384c1fbd9474d2bf639ced18c7069ffe,p_3dd478bd944ece2906a0c8e4425f63be,6,12570,30,26,8343,13844,56,22187,4.4550517104216389,1765.0755767700875,396.19642857142856,0.5357142857142857,0.37603100914950194
r_ffb55299f2736fe68fc2f053bac937dd,Tor browsing,d_07128c50bdc12202e87dc8310ed290a4,0,0,a_e7d8c038c18055500148c5915382bd98,a_69fb0b835452ca85c178bdeaaf11695b,p_463bdc2d7047c46fc997d5b365e67e85,p_3d01955bb66b778c6aa471c3a2911a0a,6,20393,36,28,11659,11300,64,22959,3.1383317805129209,1125.8274898249399,358.734375,0.5625,0.50781828476850033
r_bb636951d097b16b2274d2b3d411aeae,Tor browsing,d_07128c50bdc12202e87dc8310ed290a4,0,0,a_e7d8c038c18055500148c5915382bd98,a_b2ce6218e704befe601e07edc341da1d,p_23102d5f88998f9bcfe66ad5d4722f21,p_2313704d6916acc778397dda2b5b461d,6,19267,9,0,540,0,9,540,0.46711994602169515,28.02719676130171,60,1,1
