record_id,condition,collection_day_id,in_shared_date_browsing,loopback_pair,src_address_id,dst_address_id,src_port_id,dst_port_id,protocol,duration_ms,src2dst_packets,dst2src_packets,src2dst_bytes,dst2src_bytes,total_packets,total_bytes,packet_rate,byte_rate,mean_packet_bytes,forward_packet_fraction,forward_byte_fraction
r_25acabe0e9f6377cb4de2a7d4dde87d5,Tor file transfer,d_07128c50bdc12202e87dc8310ed290a4,0,0,a_fd460a466b39ea36c13c185c35103a31,a_e7d8c038c18055500148c5915382bd98,p_3919451a0dfaecc18e4c3b5d9eae72c2,p_68374255a37c14b37316136f132a3c57,6,180407,50,58,20288,19020,108,39308,0.59864639398692954,217.88511532257615,363.96296296296299,0.46296296296296297,0.5161290322580645
r_807f2c1757c77832daa39eafd3fbeaee,Tor file transfer,d_07128c50bdc12202e87dc8310ed290a4,0,0,a_d96e1b5cf0fb3dd0a6cd230f2906e5ff,a_77493b17fb81a418415633006c952ba1,p_7164c018e21512e4a4bd5b4ef949c48e,p_266c4109f83925e05ac764680e4980e3,6,180607,5043,0,1688188,0,5043,1688188,27.922505772201522,9347.3010459173784,334.75867539163198,1,1
r_f791b3a5462f11e8152b099d9be12730,Tor file transfer,d_07128c50bdc12202e87dc8310ed290a4,0,0,a_d8e831111a126cdbee1a8406cb9e644f,a_e7d8c038c18055500148c5915382bd98,p_3dd478bd944ece2906a0c8e4425f63be,p_6ad5698331976ecfbe72d6524197ba01,6,2350,17,20,6034,16410,37,22444,15.74468085106383,9550.6382978723395,606.59459459459458,0.45945945945945948,0.26884690785956156
r_1a50b553ee1a961292f9737c014ad9bd,Tor file transfer,d_07128c50bdc12202e87dc8310ed290a4,0,0,a_69fb0b835452ca85c178bdeaaf11695b,a_e7d8c038c18055500148c5915382bd98,p_3d01955bb66b778c6aa471c3a2911a0a,p_664ee54f231173ba29d97f45ee2cfeb5,6,181158,986,626,1197966,107834,1612,1305800,8.898309762748541,7208.0725112884893,810.04962779156324,0.61166253101736978,0.91741920661663345
r_42ab6e8743dc971892a123a9194e1a6d,Tor file transfer,d_07128c50bdc12202e87dc8310ed290a4,0,0,a_21bd65140624c193e089fab25539d777,a_e7d8c038c18055500148c5915382bd98,p_e2a4a4bf9c74500e61f176db310c2961,p_78f5cca3a68e41ba4de081f05b0bfa81,6,177837,33,32,12972,7560,65,20532,0.36550324173259785,115.45403937313384,315.87692307692305,0.50769230769230766,0.6317942723553478
r_436646f4480906ed62592c1c3676ef5f,Tor file transfer,d_07128c50bdc12202e87dc8310ed290a4,0,0,a_6878ef13f2236ea9c61109e910406224,a_e7d8c038c18055500148c5915382bd98,p_2313704d6916acc778397dda2b5b461d,p_6e4afd1759b4ce8e6ffe2147ad1132df,6,180268,55,66,23764,22184,121,45948,0.67122284598486692,254.88716799431955,379.73553719008265,0.45454545454545453,0.517193349003221
r_063faed390eb236c3ef50adcb0d12cb9,Tor file transfer,d_07128c50bdc12202e87dc8310ed290a4,0,0,a_e7d8c038c18055500148c5915382bd98,a_a440b7054fd324a06352405507919524,p_a709a6700acad84285657582552752f8,p_2313704d6916acc778397dda2b5b461d,6,176910,65,53,26318,18300,118,44618,0.66700582216946469,252.20733706404386,378.11864406779659,0.55084745762711862,0.58985162938724278
r_13b7a11cd7112211afc4f64550adf8e0,Tor file transfer,d_07128c50bdc12202e87dc8310ed290a4,0,0,a_e7d8c038c18055500148c5915382bd98,a_3466dc21365d5075b4c48594f6310905,p_4c8443991203d304808b0f3d3e460d6f,p_3dd478bd944ece2906a0c8e4425f63be,6,180358,35,34,8800,13560,69,22360,0.38257243925969459,123.9756484325619,324.05797101449275,0.50724637681159424,0.3935599284436494
r_3344e3061e253723ea0729293f2c2e81,Tor file transfer,d_07128c50bdc12202e87dc8310ed290a4,0,0,a_d8e831111a126cdbee1a8406cb9e644f,a_e7d8c038c18055500148c5915382bd98,p_3dd478bd944ece2906a0c8e4425f63be,p_943e90ce867dcdec2032fbc7d96e81df,6,230,2,2,569,128,4,697,17.391304347826086,3030.4347826086955,174.25,0.5,0.81635581061692974
r_8775cf66d521099d5f8e280e01c46933,Tor file transfer,d_07128c50bdc12202e87dc8310ed290a4,0,0,a_e7d8c038c18055500148c5915382bd98,a_91441b16fb5f305e81ba52635a8f64f5,p_666c5594800c811b6954b5b548596abb,p_3dd478bd944ece2906a0c8e4425f63be,6,70917,17,16,4076,5144,33,9220,0.46533271288971612,130.01113978312674,279.39393939393938,0.51515151515151514,0.44208242950108462
r_ef7f0227b8391b9b5490d99baca2b4f1,Tor file transfer,d_07128c50bdc12202e87dc8310ed290a4,0,0,a_a440b7054fd324a06352405507919524,a_e7d8c038c18055500148c5915382bd98,p_2313704d6916acc778397dda2b5b461d,p_1e8ba61d8825a51f2a7035447b2b442d,6,19922,6,7,2456,900,13,3356,0.65254492520831242,168.45698223069974,258.15384615384613,0.46153846153846156,0.73182359952324194
r_4d217bc1d949e23a6be5f60569d52544,Tor file transfer,d_07128c50bdc12202e87dc8310ed290a4,0,0,a_e7d8c038c18055500148c5915382bd98,a_98522aaab9d61630b396b25ba9cc842e,p_504122e788043e218a390d9057b8de67,p_a144e943164565cc971c4ae3369cd5e2,6,179114,41,37,14460,11572,78,26032,0.43547684714762663,145.33760621726944,333.74358974358972,0.52564102564102566,0.55547019053472646
r_aa581d6d18d0bb069e1c78013de5c78c,Tor file transfer,d_07128c50bdc12202e87dc8310ed290a4,0,0,a_77f30976d60287220aa36a0de5a6969b,a_e7d8c038c18055500148c5915382bd98,p_53b18b33cc21a2933da3a83a094344d3,p_98ada8325117e6da964d5f2e93b3651f,6,173950,29,29,11692,6868,58,18560,0.33342914630640991,106.69732681805117,320,0.5,0.62995689655172415
r_28262ec45b8e802d24406c452702906e,Tor file transfer,d_07128c50bdc12202e87dc8310ed290a4,0,0,a_e7d8c038c18055500148c5915382bd98,a_1e671b4d985cf6001ae366da4c8f027e,p_4d4c1f12c11f19d9f2d826794b8fdfc7,p_2313704d6916acc778397dda2b5b461d,6,74034,432,771,50354,866027,1203,916381,16.249290866358699,12377.839911392062,761.74646716541974,0.35910224438902744,0.054948760395512344
r_369fe6fb7dcbcac06ffb8c10204da867,Tor file transfer,d_07128c50bdc12202e87dc8310ed290a4,0,0,a_e7d8c038c18055500148c5915382bd98,a_d190484c8ea30b97fcb6b3107a5a128d,p_67f29899d689a917d5d34ed14f249f2b,p_3dd478bd944ece2906a0c8e4425f63be,6,66141,16,9,5781,4912,25,10693,0.37798037525891653,161.66976610574378,427.72000000000003,0.64000000000000001,0.54063405966520151
r_c96d167bdb259964400f4abca94897c8,Tor file transfer,d_07128c50bdc12202e87dc8310ed290a4,0,0,a_e7d8c038c18055500148c5915382bd98,a_121f956960eb9cac23d35146d51887c0,p_12dffa2c1d5509683dfed13a3b1e406e,p_2313704d6916acc778397dda2b5b461d,6,176803,34,34,10344,11416,68,21760,0.38460885844697207,123.07483470303106,320,0.5,0.47536764705882351
r_6843f580a5882d93144dbcbd89f57e7c,Tor file transfer,d_07128c50bdc12202e87dc8310ed290a4,0,0,a_e7d8c038c18055500148c5915382bd98,a_af5fe9941f7a3a813463275145d4c0fc,p_10640349360e8b2a45d0a7c6bad682a4,p_2313704d6916acc778397dda2b5b461d,6,171146,67,58,30812,20728,125,51540,0.73037056080773144,301.14638963224382,412.31999999999999,0.53600000000000003,0.59782693053938685
r_e42d7c36f07398c84a9ea730ec7a9983,Tor file transfer,d_07128c50bdc12202e87dc8310ed290a4,0,0,a_e7d8c038c18055500148c5915382bd98,a_71394ec0ae14eb2d17f693263a2fab11,p_a54801be82fe024aae0e7bdcf6e8f470,p_e8fa32c526b9b4cdc16418a4dc18e34a,6,176479,43,44,18306,12964,87,31270,0.49297650145343069,177.18822069481354,359.42528735632186,0.4942528735632184,0.58541733290693954
r_0a03a1045a637ade3fc48ef1cbc36960,Tor file transfer,d_07128c50bdc12202e87dc8310ed290a4,0,0,a_d8748deaf11fd7d0c590fce1df3e43ee,a_e7d8c038c18055500148c5915382bd98,p_3dd478bd944ece2906a0c8e4425f63be,p_9210756ee87069c9d18221ba7a43e883,6,171877,30,30,10136,9064,60,19200,0.34908684698941683,111.70779103661339,320,0.5,0.5279166666666667
r_3e7dfb8657b9481654d311c67e50c385,Tor file transfer,d_07128c50bdc12202e87dc8310ed290a4,0,0,a_08a442cf8128f2129d30fb075fff1c93,a_e7d8c038c18055500148c5915382bd98,p_3dd478bd944ece2906a0c8e4425f63be,p_1b3c58973c5eaf6590e95a6c81f36656,6,176472,31,31,9116,10724,62,19840,0.35133052268915183,112.42576726052857,320,0.5,0.4594758064516129
r_fb847e3ca8521e59c5677c72a45712a4,Tor file transfer,d_07128c50bdc12202e87dc8310ed290a4,0,0,a_e7d8c038c18055500148c5915382bd98,a_dd0463b3a84f510aa33cdcc52359ef1d,p_3a7e10cb1ca2a0d8591ef27d17cdfafe,p_2d36b619be089107b3d8a5a53b5aa6c4,6,176162,40,33,16016,9220,73,25236,0.41439129891804133,143.2545043766533,345.69863013698631,0.54794520547945202,0.63464891424948489
r_aa90359e28d8aeb8979af9448c327b2c,Tor file transfer,d_07128c50bdc12202e87dc8310ed290a4,0,0,a_af5fe9941f7a3a813463275145d4c0fc,a_e7d8c038c18055500148c5915382bd98,p_2313704d6916acc778397dda2b5b461d,p_4a2e12380234239ff17bcd78f070e39a,6,15866,6,8,1408,2000,14,3408,0.88239001638724313,214.79894113198034,243.42857142857142,0.42857142857142855,0.41314553990610331
r_a7ed5123f474222b887657423e9ad467,Tor file transfer,d_07128c50bdc12202e87dc8310ed290a4,0,0,a_2dbed1e84462981f702ef10992aeca1b,a_e7d8c038c18055500148c5915382bd98,p_e7d36acc8d64a944ec8309329b855410,p_bc48a720ebbb00aa7f115f028762d04a,6,173805,33,33,9756,11364,66,21120,0.37973591093466813,121.51549149909381,320,0.5,0.46193181818181817
r_1ad6d70b5fc0f9c64692a041e32b5bc2,Tor file transfer,d_07128c50bdc12202e87dc8310ed290a4,0,0,a_e7d8c038c18055500148c5915382bd98,a_9058bf78013d84931900c19e1aa654f8,p_ff6b0d78bcd1991e377572bcb8076664,p_5ef96fb56442fad37d53590ba1296765,6,173540,47,47,17386,15320,94,32706,0.54166186469978106,188.46375475394723,347.93617021276594,0.5,0.53158441876108364
r_2beb53a71ed8ad901af268f249ec6c84,Tor file transfer,d_07128c50bdc12202e87dc8310ed290a4,0,0,a_e7d8c038c18055500148c5915382bd98,a_ee83685ade4ef459a34f88c20b50a24f,p_694f4fe29f7418758788c422ae0774aa,p_3dd478bd944ece2906a0c8e4425f63be,6,174446,85,72,38112,22516,157,60628,0.89999197459385716,347.54594545016795,386.16560509554142,0.54140127388535031,0.62862043940093681
r_7265e1f9440f10b3b0f1c5d2f180e3fe,Tor file transfer,d_07128c50bdc12202e87dc8310ed290a4,0,0,a_fdb4433c997012243211b670f82a1ff0,a_e7d8c038c18055500148c5915382bd98,p_3dd478bd944ece2906a0c8e4425f63be,p_8617c422a69a952a388ca59a776fd4c2,6,174043,29,29,16516,2044,58,18560,0.33325097820653515,106.64031302609125,320,0.5,0.88987068965517246
r_580f095c558180d07988cb87ffc883f1,Tor file transfer,d_07128c50bdc12202e87dc8310ed290a4,0,0,a_b6c48b91a0b370a6737984911a271ac6,a_e7d8c038c18055500148c5915382bd98,p_df178b2b798fceb52e78daa22e88d339,p_c5b7c50b3496cb59f7286463f18ad46b,6,23489,6,6,2456,312,12,2768,0.5108774319894418,117.84239431223125,230.66666666666666,0.5,0.88728323699421963
r_395035d12b21996fc4b42ee83e7583f1,Tor file transfer,d_07128c50bdc12202e87dc8310ed290a4,0,0,a_10be1ac5c6b10018ce2d1b3dbdf38b1b,a_e7d8c038c18055500148c5915382bd98,p_3dd478bd944ece2906a0c8e4425f63be,p_2bee87b536da1fea08c3c3fe040d2902,6,169858,33,33,11900,9220,66,21120,0.38855985587961706,124.33915388147747,320,0.5,0.56344696969696972
r_e3d7a08a0c5b2f051d8ba38fdc81d029,Tor file transfer,d_07128c50bdc12202e87dc8310ed290a4,0,0,a_e7d8c038c18055500148c5915382bd98,a_bc753b70edec1430cf8c51a517ada29d,p_13107ae9bb48f792678a4352da4decd6,p_5b91bffc635f539b7237c9bbacd9a69d,6,150719,5343,9070,1247141,11357906,14413,12605047,95.628288404248977,83632.766937147942,874.560951918407,0.37070700062443629,0.098939813552460371
r_cea307592390343860ebc4b56a275e26,Tor file transfer,d_07128c50bdc12202e87dc8310ed290a4,0,0,a_e7d8c038c18055500148c5915382bd98,a_8885c911cdd7f8ec56a32a0eeeb15c42,p_884c80abb642962dd5c460403c873138,p_5b91bffc635f539b7237c9bbacd9a69d,6,81619,1931,3468,508317,4453977,5399,4962294,66.148813389039319,60798.270010659282,919.11353954436004,0.35765882570846452,0.10243588953012457
r_cc8fe4a1e16956ae25cee5fb42021847,Tor file transfer,d_07128c50bdc12202e87dc8310ed290a4,0,0,a_32e3ca565a80cc5dbd6f0be0df73f0cf,a_e7d8c038c18055500148c5915382bd98,p_3dd478bd944ece2906a0c8e4425f63be,p_1ea4a65df14e95eb5e5d561c1ecd52f7,6,64,3,3,219,132,6,351,93.75,5484.375,58.5,0.5,0.62393162393162394
r_deb00b2ce72cf068d505bffaf34865a4,Tor file transfer,d_07128c50bdc12202e87dc8310ed290a4,0,0,a_32e3ca565a80cc5dbd6f0be0df73f0cf,a_e7d8c038c18055500148c5915382bd98,p_3dd478bd944ece2906a0c8e4425f63be,p_8a6226ce0c8203d7ec0e3e349297f773,6,52,3,3,219,132,6,351,115.38461538461539,6750,58.5,0.5,0.62393162393162394
r_386c31071a07aaa2f30e515002835093,Tor file transfer,d_07128c50bdc12202e87dc8310ed290a4,0,0,a_e7d8c038c18055500148c5915382bd98,a_8885c911cdd7f8ec56a32a0eeeb15c42,p_a2d8c211d2f0497928cf6277a5e0c6c7,p_5b91bffc635f539b7237c9bbacd9a69d,6,42611,49,42,32682,14053,91,46735,2.1355987890450825,1096.7825209452958,513.57142857142856,0.53846153846153844,0.69930458970792764
r_fdfcb0b54dd457c4359fda1a383fb8b4,Tor file transfer,d_07128c50bdc12202e87dc8310ed290a4,0,0,a_e7d8c038c18055500148c5915382bd98,a_bc753b70edec1430cf8c51a517ada29d,p_ebeebb174befe71820a77062832cfce0,p_5b91bffc635f539b7237c9bbacd9a69d,6,41680,203,163,204809,47444,366,252253,8.7811900191938577,6052.1353166986564,689.21584699453547,0.55464480874316935,0.81191898609729118
r_974cf1cbb0f1f6b69afa0c156e50f048,Tor file transfer,d_07128c50bdc12202e87dc8310ed290a4,0,0,a_e7d8c038c18055500148c5915382bd98,a_13abf674233a69602250ff9e310e3831,p_4655e3dfcdfbc537634fd0093deeb16f,p_32a9bd200996bfdfb59b77d24c4580e5,6,38560,58,53,40444,26846,111,67290,2.8786307053941909,1745.0726141078837,606.21621621621625,0.52252252252252251,0.60104027344330513
r_4542c2ef2bda8d105d26d420b90c13a2,Tor file transfer,d_07128c50bdc12202e87dc8310ed290a4,0,0,a_e7d8c038c18055500148c5915382bd98,a_8885c911cdd7f8ec56a32a0eeeb15c42,p_a95ffa44686261ebdadea9a7e61f09c7,p_5b91bffc635f539b7237c9bbacd9a69d,6,38316,1025,591,1260949,91613,1616,1352562,42.175592441799765,35300.187911055429,836.9814356435644,0.63428217821782173,0.93226706058576247
r_9f85c6eda58049334d925f69660bacdd,Tor file transfer,d_07128c50bdc12202e87dc8310ed290a4,0,0,a_e7d8c038c18055500148c5915382bd98,a_e2370a5f48648ec5a5dbdf8b657a0e89,p_b109e0df587e1ac7ece5a8fcf594957b,p_3dd478bd944ece2906a0c8e4425f63be,6,15959,15,14,3886,6272,29,10158,1.8171564634375588,636.50604674478348,350.27586206896552,0.51724137931034486,0.3825556211852727
r_3aea9566a97db0b558b26b4ec92c85de,Tor file transfer,d_07128c50bdc12202e87dc8310ed290a4,0,0,a_e52ea202de58db21990f572d122f8628,a_e7d8c038c18055500148c5915382bd98,p_3dd478bd944ece2906a0c8e4425f63be,p_a93cdbb4423dae3dff396eadf07c58e5,6,3012,2,2,1176,104,4,1280,1.3280212483399734,424.96679946879152,320,0.5,0.91874999999999996
r_79d3a59cbf0107806f842285d48ba0d1,Tor file transfer,d_07128c50bdc12202e87dc8310ed290a4,0,0,a_e7d8c038c18055500148c5915382bd98,a_1e1ea36ad7de415e99786cba48db73bf,p_10a51ec6679a50cc5cfb25572f15f0b9,p_2313704d6916acc778397dda2b5b461d,6,61184,5,0,300,0,5,300,0.081720711297071133,4.9032426778242684,60,1,1
r_7455bea28464435a2a22308c1892c37c,Tor file transfer,d_07128c50bdc12202e87dc8310ed290a4,0,0,a_e7d8c038c18055500148c5915382bd98,a_55fb7d0d962f32667b3d62e0fcd155b4,p_ec1830c97820a38775bea7bde1598d2a,p_2313704d6916acc778397dda2b5b461d,6,175583,42,34,16656,9808,76,26464,0.4328437263288587,150.72074175745945,348.21052631578948,0.55263157894736847,0.62938331318016927
r_74717725d9281edfea0d35d3780a9ee9,Tor file transfer,d_07128c50bdc12202e87dc8310ed290a4,0,0,a_9118f6b92c835bf4b99553f6c691faae,a_e7d8c038c18055500148c5915382bd98,p_3dd478bd944ece2906a0c8e4425f63be,p_59826ac34275e3361e28ec3210492e0d,6,0,1,0,52,0,1,52,,,52,1,1
r_4e13abeb557178d914893ab2d0ae68f2,Tor file transfer,d_07128c50bdc12202e87dc8310ed290a4,0,0,a_e7d8c038c18055500148c5915382bd98,a_3466dc21365d5075b4c48594f6310905,p_4c8443991203d304808b0f3d3e460d6f,p_3dd478bd944ece2906a0c8e4425f63be,6,179005,40,36,12800,12592,76,25392,0.42456914611323709,141.85078629088574,334.10526315789474,0.52631578947368418,0.50409577819785756
r_5a8ff595696a0a48f31d1e34866b8b03,Tor file transfer,d_07128c50bdc12202e87dc8310ed290a4,0,0,a_e7d8c038c18055500148c5915382bd98,a_08fd3d3e57002770a06b877f6aaa7eb2,p_aaa0b737393f0fa336866b8da9b1eafe,p_2313704d6916acc778397dda2b5b461d,6,178369,118,93,88874,34720,211,123594,1.1829409818970786,692.91188491273704,585.75355450236964,0.55924170616113744,0.71908021424988267
r_0945b72128c8104523ffaff1a22c47a2,Tor file transfer,d_07128c50bdc12202e87dc8310ed290a4,0,0,a_e7d8c038c18055500148c5915382bd98,a_6f102440620a5b28b493354fc0f9871f,p_560fbd0b2c342dda6bf7e98be5f1db14,p_59add6c69faa2fcebe82de14314cf8aa,6,179509,38,31,14840,9116,69,23956,0.38438184157897376,133.45291879515793,347.18840579710144,0.55072463768115942,0.61946902654867253
r_ac063a9f165375083c8aef08eaf8e2ff,Tor file transfer,d_07128c50bdc12202e87dc8310ed290a4,0,0,a_e7d8c038c18055500148c5915382bd98,a_e52ea202de58db21990f572d122f8628,p_2ccb758d02e602ac972a6be022718930,p_3dd478bd944ece2906a0c8e4425f63be,6,179564,147,123,112280,37520,270,149800,1.5036421554431847,834.24294401995951,554.81481481481478,0.5444444444444444,0.74953271028037383
r_13b4c96aab886435fcf69219eac81799,Tor file transfer,d_07128c50bdc12202e87dc8310ed290a4,0,0,a_13abf674233a69602250ff9e310e3831,a_e7d8c038c18055500148c5915382bd98,p_32a9bd200996bfdfb59b77d24c4580e5,p_4655e3dfcdfbc537634fd0093deeb16f,6,178484,24,24,14112,1248,48,15360,0.2689316689451155,86.058134062436963,320,0.5,0.91874999999999996
r_eee4dceca800fbdc1b19c4a2490cc1b7,Tor file transfer,d_07128c50bdc12202e87dc8310ed290a4,0,0,a_e7d8c038c18055500148c5915382bd98,a_ee83685ade4ef459a34f88c20b50a24f,p_694f4fe29f7418758788c422ae0774aa,p_3dd478bd944ece2906a0c8e4425f63be,6,127272,33,29,10864,8988,62,19852,0.48714564083223333,155.98089131937897,320.19354838709677,0.532258064516129,0.54724964739069115
r_e7a54214587765f990f4a7074a9c001c,Tor file transfer,d_07128c50bdc12202e87dc8310ed290a4,0,0,a_fdb4433c997012243211b670f82a1ff0,a_e7d8c038c18055500148c5915382bd98,p_3dd478bd944ece2906a0c8e4425f63be,p_8617c422a69a952a388ca59a776fd4c2,6,178992,25,25,14164,1836,50,16000,0.27934209350138556,89.389469920443375,320,0.5,0.88524999999999998
r_a38e8697ac0e50b5b4a30b11a447207e,Tor file transfer,d_07128c50bdc12202e87dc8310ed290a4,0,0,a_e7d8c038c18055500148c5915382bd98,a_10be1ac5c6b10018ce2d1b3dbdf38b1b,p_2bee87b536da1fea08c3c3fe040d2902,p_3dd478bd944ece2906a0c8e4425f63be,6,173890,36,36,13128,9912,72,23040,0.4140548622692507,132.49755592616023,320,0.5,0.5697916666666667
r_7582b5b7813ccf4b6d155916e62b3d4c,Tor file transfer,d_07128c50bdc12202e87dc8310ed290a4,0,0,a_e7d8c038c18055500148c5915382bd98,a_dd0463b3a84f510aa33cdcc52359ef1d,p_3a7e10cb1ca2a0d8591ef27d17cdfafe,p_2d36b619be089107b3d8a5a53b5aa6c4,6,175946,38,35,14840,9324,73,24164,0.4149000261443852,137.33759221579348,331.01369863013701,0.52054794520547942,0.61413673232908461
r_23802c9e441ec2dda51f4b4c4b8333fe,Tor file transfer,d_07128c50bdc12202e87dc8310ed290a4,0,0,a_a440b7054fd324a06352405507919524,a_e7d8c038c18055500148c5915382bd98,p_2313704d6916acc778397dda2b5b461d,p_a709a6700acad84285657582552752f8,6,178686,57,61,17972,25286,118,43258,0.66037630256427471,242.0894753925881,366.59322033898303,0.48305084745762711,0.41546072402792544
r_c9cbfea6d52eb72b20d713ae6efa4a5d,Tor file transfer,d_07128c50bdc12202e87dc8310ed290a4,0,0,a_8885c911cdd7f8ec56a32a0eeeb15c42,a_e7d8c038c18055500148c5915382bd98,p_5b91bffc635f539b7237c9bbacd9a69d,p_a2d8c211d2f0497928cf6277a5e0c6c7,6,170907,31,31,10188,9652,62,19840,0.36277039559526525,116.08652659048488,320,0.5,0.51350806451612907
r_ee51921864fa1f915bd528ec9fa613f6,Tor file transfer,d_07128c50bdc12202e87dc8310ed290a4,0,0,a_d96e1b5cf0fb3dd0a6cd230f2906e5ff,a_77493b17fb81a418415633006c952ba1,p_7164c018e21512e4a4bd5b4ef949c48e,p_266c4109f83925e05ac764680e4980e3,6,176079,1100,0,185968,0,1100,185968,6.2471958609487785,1056.1622907899296,169.06181818181818,1,1
r_49df67e7e74e7f6b99661e5a4e72daf3,Tor file transfer,d_07128c50bdc12202e87dc8310ed290a4,0,0,a_e7d8c038c18055500148c5915382bd98,a_7edaa7ba60bc3e897077d30003af9f80,p_48e659b65ba674bb5de00b09c2cedc13,p_018bddd8ee5d54a934fb83e788d3889a,6,173897,63,57,15700,13684,120,29384,0.69006365837248484,168.9735878134758,244.86666666666667,0.52500000000000002,0.534304383337871
r_2ab82199555787d9ad15c4289ed52f51,Tor file transfer,d_07128c50bdc12202e87dc8310ed290a4,0,0,a_e7d8c038c18055500148c5915382bd98,a_121f956960eb9cac23d35146d51887c0,p_12dffa2c1d5509683dfed13a3b1e406e,p_2313704d6916acc778397dda2b5b461d,6,173251,35,34,13076,9284,69,22360,0.3982660994741733,129.06130411945674,324.05797101449275,0.50724637681159424,0.58479427549194996
r_0983ce402f7a0f7f4fd50103b555c63b,Tor file transfer,d_07128c50bdc12202e87dc8310ed290a4,0,0,a_08fd3d3e57002770a06b877f6aaa7eb2,a_e7d8c038c18055500148c5915382bd98,p_2313704d6916acc778397dda2b5b461d,p_3e31b5260ac15d2c68766d5b06982c7a,6,40,1,1,588,52,2,640,50,16000,320,0.5,0.91874999999999996
r_a6d9ac1d7b6fe15e704ac91431b39bd3,Tor file transfer,d_07128c50bdc12202e87dc8310ed290a4,0,0,a_e7d8c038c18055500148c5915382bd98,a_8dddc3650faabc8fca61d2758620e52b,p_24f344ffe68dfc80adf533df25705072,p_2313704d6916acc778397dda2b5b461d,6,68136,11,0,660,0,11,660,0.1614418222378772,9.6865093342726318,60,1,1
r_30cd0c02007dbb44896bb74ac5ebdb57,Tor file transfer,d_07128c50bdc12202e87dc8310ed290a4,0,0,a_e7d8c038c18055500148c5915382bd98,a_20159fbb308c33b03db8e2b983ef1667,p_a0a75cf639191c106d965de12e26dd12,p_2313704d6916acc778397dda2b5b461d,6,176758,34,34,10344,11416,68,21760,0.38470677423369803,123.10616775478337,320,0.5,0.47536764705882351
r_21456e32ad17bff28905bd880f08b9e1,Tor file transfer,d_07128c50bdc12202e87dc8310ed290a4,0,0,a_e7d8c038c18055500148c5915382bd98,a_bc753b70edec1430cf8c51a517ada29d,p_ebeebb174befe71820a77062832cfce0,p_5b91bffc635f539b7237c9bbacd9a69d,6,177041,62,50,26296,14928,112,41224,0.63262182206381579,232.85001779248876,368.07142857142856,0.5535714285714286,0.6378808461090627
r_5f44ffee5d6c17323a9307fa272c33c0,Tor file transfer,d_07128c50bdc12202e87dc8310ed290a4,0,0,a_e7d8c038c18055500148c5915382bd98,a_3bf22f7ef5357857e22fbd39e4c6150b,p_8211ecf532c689ad9915715756e6f942,p_e2a4a4bf9c74500e61f176db310c2961,6,174468,40,35,12264,13076,75,25340,0.42987825847719929,145.24153426416308,337.86666666666667,0.53333333333333333,0.48397790055248618
r_bbb5c017e00c7350b22f213728d0370b,Tor file transfer,d_07128c50bdc12202e87dc8310ed290a4,0,0,a_98522aaab9d61630b396b25ba9cc842e,a_e7d8c038c18055500148c5915382bd98,p_a144e943164565cc971c4ae3369cd5e2,p_504122e788043e218a390d9057b8de67,6,174469,29,32,9012,11312,61,20324,0.34963231290372504,116.49060864680833,333.18032786885249,0.47540983606557374,0.44341665026569571
r_2d7edf2b96e9d5e19dc841945b72b4a5,Tor file transfer,d_07128c50bdc12202e87dc8310ed290a4,0,0,a_e7d8c038c18055500148c5915382bd98,a_6878ef13f2236ea9c61109e910406224,p_6e4afd1759b4ce8e6ffe2147ad1132df,p_2313704d6916acc778397dda2b5b461d,6,174161,73,68,32542,19640,141,52182,0.80959571890377291,299.61931775770694,370.08510638297872,0.51773049645390068,0.62362500479092409
r_e2dac52194e4535a37a1c951a316740b,Tor file transfer,d_07128c50bdc12202e87dc8310ed290a4,0,0,a_fd460a466b39ea36c13c185c35103a31,a_e7d8c038c18055500148c5915382bd98,p_3919451a0dfaecc18e4c3b5d9eae72c2,p_68374255a37c14b37316136f132a3c57,6,174982,49,55,12196,24814,104,37010,0.59434684710427355,211.5074693397035,355.86538461538464,0.47115384615384615,0.32953255876790055
r_41d1a317a72a1277b909aabf45537d66,Tor file transfer,d_07128c50bdc12202e87dc8310ed290a4,0,0,a_e7d8c038c18055500148c5915382bd98,a_21bd65140624c193e089fab25539d777,p_78f5cca3a68e41ba4de081f05b0bfa81,p_e2a4a4bf9c74500e61f176db310c2961,6,175856,36,36,12056,10984,72,23040,0.40942589391320172,131.01628605222456,320,0.5,0.52326388888888886
r_009c0d895dacfd7113e43bf6ad583448,Tor file transfer,d_07128c50bdc12202e87dc8310ed290a4,0,0,a_e7d8c038c18055500148c5915382bd98,a_b378a20199d31d809bd31b56313a5012,p_32c3d77b1bc7012563156b0ec9e28bd0,p_2d36b619be089107b3d8a5a53b5aa6c4,6,67963,11,0,660,0,11,660,0.16185277283227639,9.7111663699365849,60,1,1
r_607f4901374a7672bf3754b1a72357f5,Tor file transfer,d_07128c50bdc12202e87dc8310ed290a4,0,0,a_ec825406968a815a0169e2ed86c0b08e,a_e7d8c038c18055500148c5915382bd98,p_2313704d6916acc778397dda2b5b461d,p_29b4f05d9c3c8a24e15be22626b785cb,6,174390,33,33,9756,11364,66,21120,0.37846206777911579,121.10786168931706,320,0.5,0.46193181818181817
r_7e1967bfe30d76f8a90872405553f773,Tor file transfer,d_07128c50bdc12202e87dc8310ed290a4,0,0,a_74664287e965e332a4c344eafebed040,a_e7d8c038c18055500148c5915382bd98,p_3dd478bd944ece2906a0c8e4425f63be,p_3c86a75b55e087fd655a428e7a18ba30,6,172251,34,35,10356,12004,69,22360,0.40057822596095233,129.8105671374912,324.05797101449275,0.49275362318840582,0.46314847942754922
r_a1862f4fe1222801a8a36f497369a3e7,Tor file transfer,d_07128c50bdc12202e87dc8310ed290a4,0,0,a_79992993b060dce6eef1990c54852393,a_e7d8c038c18055500148c5915382bd98,p_3dd478bd944ece2906a0c8e4425f63be,p_d1da86747261ae4f5e71072cb9199197,6,174953,30,32,12816,7560,62,20376,0.35438089086783309,116.4655650374672,328.64516129032256,0.4838709677419355,0.62897526501766787
r_b37c95ead7c15bc49682cb5de748c111,Tor file transfer,d_07128c50bdc12202e87dc8310ed290a4,0,0,a_e7d8c038c18055500148c5915382bd98,a_2dbed1e84462981f702ef10992aeca1b,p_bc48a720ebbb00aa7f115f028762d04a,p_e7d36acc8d64a944ec8309329b855410,6,171961,28,28,9496,8424,56,17920,0.32565523578020594,104.20967544966591,320,0.5,0.52991071428571423
r_1ab0a888e275a9de3da19fe78227ec08,Tor file transfer,d_07128c50bdc12202e87dc8310ed290a4,0,0,a_e7d8c038c18055500148c5915382bd98,a_d8748deaf11fd7d0c590fce1df3e43ee,p_9210756ee87069c9d18221ba7a43e883,p_3dd478bd944ece2906a0c8e4425f63be,6,172425,26,26,2424,14228,52,16652,0.30158039727417718,96.575322604030731,320.23076923076923,0.5,0.1455680999279366
r_157436bb776d4a75caeef75420b38a02,Tor file transfer,d_07128c50bdc12202e87dc8310ed290a4,0,0,a_e7d8c038c18055500148c5915382bd98,a_af5fe9941f7a3a813463275145d4c0fc,p_10640349360e8b2a45d0a7c6bad682a4,p_2313704d6916acc778397dda2b5b461d,6,174319,73,61,31626,19252,134,50878,0.76870564883919712,291.86720896746772,379.68656716417911,0.54477611940298509,0.62160462282322415
r_91df981670cbb721e89cd19957840c0a,Tor file transfer,d_07128c50bdc12202e87dc8310ed290a4,0,0,a_77f30976d60287220aa36a0de5a6969b,a_e7d8c038c18055500148c5915382bd98,p_53b18b33cc21a2933da3a83a094344d3,p_98ada8325117e6da964d5f2e93b3651f,6,173132,32,32,11312,9168,64,20480,0.36966014370538086,118.29124598572187,320,0.5,0.55234375000000002
r_c4fe0327d87cb74b20665085e841d494,Tor file transfer,d_07128c50bdc12202e87dc8310ed290a4,0,0,a_29cf6c0c4878ab710906c4adda6d2538,a_e7d8c038c18055500148c5915382bd98,p_b303345724f72d24ec6c9d55662f6c01,p_c7f169caa4fa933eaa7a4e752a082b18,6,171402,38,38,14840,9504,76,24344,0.44340206065273452,142.02868111223907,320.31578947368422,0.5,0.6095957936247125
r_690e8910f50f59ac23eec98ac97f88e7,Tor file transfer,d_07128c50bdc12202e87dc8310ed290a4,0,0,a_69fb0b835452ca85c178bdeaaf11695b,a_e7d8c038c18055500148c5915382bd98,p_3d01955bb66b778c6aa471c3a2911a0a,p_99279355bb0198127bfd5f2fa4066b26,6,174289,951,587,1183240,83062,1538,1266302,8.8244238018463594,7265.5302400036726,823.34330299089731,0.61833550065019505,0.93440585263231046
r_536c9fe1a430dbcb8fadc1074d354418,Tor file transfer,d_07128c50bdc12202e87dc8310ed290a4,0,0,a_9058bf78013d84931900c19e1aa654f8,a_e7d8c038c18055500148c5915382bd98,p_5ef96fb56442fad37d53590ba1296765,p_ff6b0d78bcd1991e377572bcb8076664,6,169491,28,28,10032,7888,56,17920,0.33040102424317513,105.72832775781605,320,0.5,0.55982142857142858
r_b6595406d203f0c163ef77bab7647062,Tor file transfer,d_07128c50bdc12202e87dc8310ed290a4,0,0,a_08a442cf8128f2129d30fb075fff1c93,a_e7d8c038c18055500148c5915382bd98,p_3dd478bd944ece2906a0c8e4425f63be,p_1b3c58973c5eaf6590e95a6c81f36656,6,168146,34,34,9808,11952,68,21760,0.40441045282076293,129.41134490264415,320,0.5,0.45073529411764707
r_93414b9f67659f4207f3b904fe3687bb,Tor file transfer,d_07128c50bdc12202e87dc8310ed290a4,0,0,a_e7d8c038c18055500148c5915382bd98,a_8885c911cdd7f8ec56a32a0eeeb15c42,p_a95ffa44686261ebdadea9a7e61f09c7,p_5b91bffc635f539b7237c9bbacd9a69d,6,168368,51,50,17572,18144,101,35716,0.59987646108524184,212.13057112990592,353.62376237623761,0.50495049504950495,0.49199238436555043
r_5efe4925f8909d6fc231bc666866f41e,Tor file transfer,d_07128c50bdc12202e87dc8310ed290a4,0,0,a_7c153fe537f893f4ad4698dd03531008,a_e7d8c038c18055500148c5915382bd98,p_2313704d6916acc778397dda2b5b461d,p_621c3251a7b172a529265f8e71b10e0b,6,168783,35,40,9324,16016,75,25340,0.44435754785730791,150.13360350272245,337.86666666666667,0.46666666666666667,0.36795580110497239
r_e99d65ae9e3b8906229fb0813e663a9c,Tor file transfer,d_07128c50bdc12202e87dc8310ed290a4,0,0,a_bc753b70edec1430cf8c51a517ada29d,a_e7d8c038c18055500148c5915382bd98,p_5b91bffc635f539b7237c9bbacd9a69d,p_13107ae9bb48f792678a4352da4decd6,6,316,3,2,132,128,5,260,15.822784810126581,822.78481012658222,52,0.59999999999999998,0.50769230769230766
r_8b1534e5979c81d4bbcc9c1e51f2def6,Tor file transfer,d_07128c50bdc12202e87dc8310ed290a4,0,0,a_e7d8c038c18055500148c5915382bd98,a_f056012035504ec478f09ad457740d73,p_b959406089a8bcdc72ddc41c532c1d3f,p_3dd478bd944ece2906a0c8e4425f63be,6,1829,10,9,853,3794,19,4647,10.38819026790596,2540.7326407873156,244.57894736842104,0.52631578947368418,0.18355928556057671
r_c63c2c3e702065b940ddc5d48795498f,Tor file transfer,d_07128c50bdc12202e87dc8310ed290a4,0,0,a_e7d8c038c18055500148c5915382bd98,a_4362a21eef786f71d38437758da8d82e,p_b9b1e8001fbc3adbdb1005737f6b4a44,p_3dd478bd944ece2906a0c8e4425f63be,6,7434,436,706,62410,874785,1142,937195,153.61850955071293,126068.73822975518,820.66112084063047,0.38178633975481613,0.066592331371806299
r_528d74d8941e443eb40b7c8caa031f12,Tor file transfer,d_07128c50bdc12202e87dc8310ed290a4,0,0,a_4caa346bbfd101e346646ee28e49b589,a_e7d8c038c18055500148c5915382bd98,p_2d36b619be089107b3d8a5a53b5aa6c4,p_d446645c7c9b5c084df04f9bf913d14b,6,332,3,2,132,128,5,260,15.060240963855421,783.13253012048187,52,0.59999999999999998,0.50769230769230766
r_263b6c7d08380812289fae0ecf29a885,Tor file transfer,d_07128c50bdc12202e87dc8310ed290a4,0,0,a_e7d8c038c18055500148c5915382bd98,a_fa1be1f0742702948e5e65412b6856ae,p_200da63407a93a6fc96dc50f2c246402,p_4b1c6dfa646a9fcf04705615d9a89740,6,11303,1400,2541,374528,3252034,3941,3626562,348.66849508979914,320849.50897991681,920.21365135752342,0.35523978685612789,0.10327356874086256
r_10a27782d65c32fb18eb9f96cb9ef721,Tor file transfer,d_07128c50bdc12202e87dc8310ed290a4,0,0,a_e7d8c038c18055500148c5915382bd98,a_912ceffb01108514e071a8c59ffc806b,p_d0dbb83e92e23484bec8bf9b3df645bd,p_e2a4a4bf9c74500e61f176db310c2961,6,13449,2140,3361,501008,4270236,5501,4771244,409.02669343445609,354765.70748754556,867.34121068896559,0.38902017814942735,0.10500573854533535
r_51a335b201fa5a66c2418df62839d3a0,Tor file transfer,d_07128c50bdc12202e87dc8310ed290a4,0,0,a_e7d8c038c18055500148c5915382bd98,a_e52ea202de58db21990f572d122f8628,p_a93cdbb4423dae3dff396eadf07c58e5,p_3dd478bd944ece2906a0c8e4425f63be,6,1219,4,3,720,180,7,900,5.7424118129614437,738.31009023789989,128.57142857142858,0.5714285714285714,0.80000000000000004
r_41e3865930e77e0a81c9ad42fbb3eb48,Tor file transfer,d_07128c50bdc12202e87dc8310ed290a4,0,0,a_e7d8c038c18055500148c5915382bd98,a_912ceffb01108514e071a8c59ffc806b,p_407d39bceba18610541b9bd87dac7788,p_e2a4a4bf9c74500e61f176db310c2961,6,32195,64,53,50603,20042,117,70645,3.6341046746389192,2194.2848268364651,603.80341880341882,0.54700854700854706,0.71629980890367329
r_6be9762e2dad2716c7b2a5e57d08a4d2,Tor file transfer,d_07128c50bdc12202e87dc8310ed290a4,0,0,a_e7d8c038c18055500148c5915382bd98,a_fa1be1f0742702948e5e65412b6856ae,p_51694bfa7f89701e67a9c1323d8f211a,p_4b1c6dfa646a9fcf04705615d9a89740,6,1622,10,8,1502,3798,18,5300,11.097410604192355,3267.5709001233045,294.44444444444446,0.55555555555555558,0.28339622641509432
r_5d344ef8cbe6949114f7947487f9c2e6,Tor file transfer,d_07128c50bdc12202e87dc8310ed290a4,0,0,a_e7d8c038c18055500148c5915382bd98,a_c74275a4b1c41856e9530b991a8762d6,p_c07824b148f4382d8045af992c797789,p_e2a4a4bf9c74500e61f176db310c2961,6,32666,183,130,174853,61112,313,235965,9.5818282005755222,7223.5657870568793,753.88178913738022,0.5846645367412141,0.74101243828533891
r_56e227e4b35f5bbdbef05f911c7c86a7,Tor file transfer,d_07128c50bdc12202e87dc8310ed290a4,0,0,a_e7d8c038c18055500148c5915382bd98,a_7696fb19dd02244e6ba80792dd00b5a6,p_bb7e07f43283b11c29df1fbecd55c5f9,p_e3b7775486eca350dd96d9c41ec24189,6,31726,17,16,4525,8501,33,13026,1.0401563386496879,410.57807476517684,394.72727272727275,0.51515151515151514,0.34738215875940426
r_f5d88076fe499daf03860a24f2fb20ec,Tor file transfer,d_07128c50bdc12202e87dc8310ed290a4,0,0,a_e7d8c038c18055500148c5915382bd98,a_912ceffb01108514e071a8c59ffc806b,p_96722e2dbd26c94f9fa6d69abf26e13f,p_e2a4a4bf9c74500e61f176db310c2961,6,29548,1013,584,1269850,95050,1597,1364900,54.047651279274405,46192.635711384864,854.6649968691296,0.6343143393863494,0.93036119862260969
r_216de8d4953a6f6ea4f3435769efc073,Tor file transfer,d_07128c50bdc12202e87dc8310ed290a4,0,0,a_e7d8c038c18055500148c5915382bd98,a_71394ec0ae14eb2d17f693263a2fab11,p_f5f691cd42809d86dd0a7cef643970b4,p_e8fa32c526b9b4cdc16418a4dc18e34a,6,13284,14,14,3831,6802,28,10633,2.1077988557663354,800.43661547726583,379.75,0.5,0.36029342612621085
r_1fbdbe8576163a34409c448aa9eb4570,Tor file transfer,d_07128c50bdc12202e87dc8310ed290a4,0,0,a_e7d8c038c18055500148c5915382bd98,a_5c25e15c88206e70e411bb4233d657e5,p_e919fdeb06c0f8cce022926f1036457e,p_2313704d6916acc778397dda2b5b461d,6,291,3,2,132,128,5,260,17.182130584192439,893.47079037800688,52,0.59999999999999998,0.50769230769230766
r_fabc278082b6f0b529f3d31a056094d6,Tor file transfer,d_07128c50bdc12202e87dc8310ed290a4,0,0,a_e52ea202de58db21990f572d122f8628,a_e7d8c038c18055500148c5915382bd98,p_3dd478bd944ece2906a0c8e4425f63be,p_dea63b71ac78e696219f0be0679ddcca,6,301,3,2,132,128,5,260,16.611295681063122,863.78737541528244,52,0.59999999999999998,0.50769230769230766
r_f198072d3ba788eedda9a29f4a5c8e63,Tor file transfer,d_07128c50bdc12202e87dc8310ed290a4,0,0,a_e7d8c038c18055500148c5915382bd98,a_a9eac5d110343404bc734659043c9f60,p_3c942ee46eaaa09d9829ae66493bc2e3,p_3dd478bd944ece2906a0c8e4425f63be,6,64973,28,27,8201,14919,55,23120,0.8465054715035476,355.84011820294586,420.36363636363637,0.50909090909090904,0.3547145328719723
r_a2bab824fd9a520dfa62f708714758a8,Tor file transfer,d_07128c50bdc12202e87dc8310ed290a4,0,0,a_e7d8c038c18055500148c5915382bd98,a_8b88c46ded084ba72bdcf29a530d0502,p_a12fd36b46ef296f83378baf817509e0,p_59add6c69faa2fcebe82de14314cf8aa,6,1956,10,9,1492,3894,19,5386,9.7137014314928436,2753.5787321063394,283.4736842105263,0.52631578947368418,0.27701448199034534
r_2d6ac317a5fc3046f77178a432b38508,Tor file transfer,d_07128c50bdc12202e87dc8310ed290a4,0,0,a_e7d8c038c18055500148c5915382bd98,a_a9eac5d110343404bc734659043c9f60,p_939d27be939ff97f8515f0036fcc3b34,p_3dd478bd944ece2906a0c8e4425f63be,6,76993,1491,2721,394187,3486789,4212,3880976,54.706271998753138,50406.868156845434,921.40930674264007,0.35398860398860399,0.10156903830376689
r_3a584a7e782d622582a725b008a9438f,Tor file transfer,d_07128c50bdc12202e87dc8310ed290a4,0,0,a_e7d8c038c18055500148c5915382bd98,a_4362a21eef786f71d38437758da8d82e,p_14c52781f2bf79eb7de1cc9ff3bb0056,p_3dd478bd944ece2906a0c8e4425f63be,6,77559,440,675,55432,861995,1115,917427,14.376152348534664,11828.762619425212,822.80448430493277,0.39461883408071746,0.060421156124683489
r_ad20b6c9fbcc00e639dc59c4b6199fb8,Tor file transfer,d_07128c50bdc12202e87dc8310ed290a4,0,0,a_e7d8c038c18055500148c5915382bd98,a_d1650a987b214ef6ba20ba80747afe40,p_654b3adc9b4eb00576666cf524716ce2,p_3dd478bd944ece2906a0c8e4425f63be,6,70699,1828,3257,470704,4156062,5085,4626766,71.924638255137978,65443.16044074174,909.88515240904621,0.35948869223205504,0.10173499156862482
r_f01071a374a8013219bc6556d3744aaf,Tor file transfer,d_07128c50bdc12202e87dc8310ed290a4,0,0,a_d96e1b5cf0fb3dd0a6cd230f2906e5ff,a_77493b17fb81a418415633006c952ba1,p_7164c018e21512e4a4bd5b4ef949c48e,p_266c4109f83925e05ac764680e4980e3,6,366086,12874,0,15746772,0,12874,15746772,35.166600197767735,43013.860131225993,1223.1452540003106,1,1
r_8ec2ca912527dbdd27803842ee754127,Tor file transfer,d_07128c50bdc12202e87dc8310ed290a4,0,0,a_69fb0b835452ca85c178bdeaaf11695b,a_e7d8c038c18055500148c5915382bd98,p_3d01955bb66b778c6aa471c3a2911a0a,p_c19a2f9eecd043b59a0c88c30554b723,6,367797,272,231,236252,62994,503,299246,1.3676022371036196,813.61729432268339,594.92246520874755,0.54075546719681911,0.7894909205135574
r_173b60d3d0f6b37fed7b4e4d3e357dab,Tor file transfer,d_07128c50bdc12202e87dc8310ed290a4,0,0,a_ec825406968a815a0169e2ed86c0b08e,a_e7d8c038c18055500148c5915382bd98,p_2313704d6916acc778397dda2b5b461d,p_29b4f05d9c3c8a24e15be22626b785cb,6,0,1,1,52,52,2,104,,,52,0.5,0.5
r_f91beadf2f1ec64f06c1f0f0c13cb930,Tor file transfer,d_07128c50bdc12202e87dc8310ed290a4,0,0,a_e7d8c038c18055500148c5915382bd98,a_bc753b70edec1430cf8c51a517ada29d,p_ebeebb174befe71820a77062832cfce0,p_5b91bffc635f539b7237c9bbacd9a69d,6,367574,135,114,55534,40232,249,95766,0.67741461583245821,260.53529357353892,384.60240963855421,0.54216867469879515,0.57989265501326148
r_4025ad0fb1813d24d0b39a06bf111709,Tor file transfer,d_07128c50bdc12202e87dc8310ed290a4,0,0,a_e7d8c038c18055500148c5915382bd98,a_13abf674233a69602250ff9e310e3831,p_4655e3dfcdfbc537634fd0093deeb16f,p_32a9bd200996bfdfb59b77d24c4580e5,6,365166,55,55,3944,31268,110,35212,0.30123286395776167,96.427378233460942,320.10909090909092,0.5,0.11200727024877882
r_fc60cfe1a51e2fce8bdbd79bb2f115c2,Tor file transfer,d_07128c50bdc12202e87dc8310ed290a4,0,0,a_e7d8c038c18055500148c5915382bd98,a_71394ec0ae14eb2d17f693263a2fab11,p_0152b17090efe378f24f1ec585d3e640,p_e8fa32c526b9b4cdc16418a4dc18e34a,6,366206,2008,2613,304130,3019748,4621,3323878,12.618580798785382,9076.5252344308938,719.29842025535595,0.43453797879246914,0.091498544772100537
r_b22aa29dc62c715d2ab15a988b9b0c9a,Tor file transfer,d_07128c50bdc12202e87dc8310ed290a4,0,0,a_8885c911cdd7f8ec56a32a0eeeb15c42,a_e7d8c038c18055500148c5915382bd98,p_5b91bffc635f539b7237c9bbacd9a69d,p_a95ffa44686261ebdadea9a7e61f09c7,6,366196,111,110,33120,45120,221,78240,0.60350194977552996,213.65607488885732,354.02714932126696,0.50226244343891402,0.42331288343558282
r_741e63574e6c010a21b61fab2ff00689,Tor file transfer,d_07128c50bdc12202e87dc8310ed290a4,0,0,a_2dbed1e84462981f702ef10992aeca1b,a_e7d8c038c18055500148c5915382bd98,p_e7d36acc8d64a944ec8309329b855410,p_bc48a720ebbb00aa7f115f028762d04a,6,366130,126,179,55130,134796,305,189926,0.83303744571600258,518.73924562313937,622.70819672131142,0.41311475409836068,0.29027094763223571
r_3e4521d8ab4d481f33d955b8a19f9d8b,Tor file transfer,d_07128c50bdc12202e87dc8310ed290a4,0,0,a_e7d8c038c18055500148c5915382bd98,a_3466dc21365d5075b4c48594f6310905,p_4c8443991203d304808b0f3d3e460d6f,p_3dd478bd944ece2906a0c8e4425f63be,6,364369,70,66,20268,24336,136,44604,0.37324799859483104,122.41436565679297,327.97058823529414,0.51470588235294112,0.4543987086359968
r_31bcf27511cc18339630edbe2a250fb7,Tor file transfer,d_07128c50bdc12202e87dc8310ed290a4,0,0,a_fdb4433c997012243211b670f82a1ff0,a_e7d8c038c18055500148c5915382bd98,p_3dd478bd944ece2906a0c8e4425f63be,p_8617c422a69a952a388ca59a776fd4c2,6,362926,55,55,31804,3420,110,35224,0.30309209039859364,97.055598110909671,320.21818181818179,0.5,0.90290710878946168
r_04f2eb35ba1dde1be8161735977bc12c,Tor file transfer,d_07128c50bdc12202e87dc8310ed290a4,0,0,a_e7d8c038c18055500148c5915382bd98,a_af5fe9941f7a3a813463275145d4c0fc,p_10640349360e8b2a45d0a7c6bad682a4,p_2313704d6916acc778397dda2b5b461d,6,364086,172,131,76316,45428,303,121744,0.83222095878446301,334.38253599424309,401.79537953795381,0.56765676567656764,0.62685635431725584
r_691552399de245c80a5442eb19b19e7b,Tor file transfer,d_07128c50bdc12202e87dc8310ed290a4,0,0,a_e7d8c038c18055500148c5915382bd98,a_08fd3d3e57002770a06b877f6aaa7eb2,p_aaa0b737393f0fa336866b8da9b1eafe,p_2313704d6916acc778397dda2b5b461d,6,363991,105,107,37018,36116,212,73134,0.58243198320837608,200.92255028283668,344.97169811320754,0.49528301886792453,0.50616676238138214
r_98762aa9f49411c37b291d19b9de42ab,Tor file transfer,d_07128c50bdc12202e87dc8310ed290a4,0,0,a_6878ef13f2236ea9c61109e910406224,a_e7d8c038c18055500148c5915382bd98,p_2313704d6916acc778397dda2b5b461d,p_6e4afd1759b4ce8e6ffe2147ad1132df,6,364292,93,106,32184,38670,199,70854,0.54626508405345164,194.49782042976514,356.0502512562814,0.46733668341708545,0.45422982470996698
r_5d38360e6310773d4f0315738c8c93da,Tor file transfer,d_07128c50bdc12202e87dc8310ed290a4,0,0,a_98522aaab9d61630b396b25ba9cc842e,a_e7d8c038c18055500148c5915382bd98,p_a144e943164565cc971c4ae3369cd5e2,p_504122e788043e218a390d9057b8de67,6,364188,77,88,21156,36200,165,57356,0.45306270387821673,157.49008753720605,347.61212121212122,0.46666666666666667,0.36885417393123648
r_a87d20030b61878187ca89f24d203095,Tor file transfer,d_07128c50bdc12202e87dc8310ed290a4,0,0,a_e7d8c038c18055500148c5915382bd98,a_8885c911cdd7f8ec56a32a0eeeb15c42,p_a2d8c211d2f0497928cf6277a5e0c6c7,p_5b91bffc635f539b7237c9bbacd9a69d,6,132312,29,28,9524,7376,57,16900,0.43079992744422269,127.72839954048007,296.49122807017545,0.50877192982456143,0.56355029585798821
r_a827e8343b538148e41f99b8059a7c0c,Tor file transfer,d_07128c50bdc12202e87dc8310ed290a4,0,0,a_e7d8c038c18055500148c5915382bd98,a_912ceffb01108514e071a8c59ffc806b,p_96722e2dbd26c94f9fa6d69abf26e13f,p_e2a4a4bf9c74500e61f176db310c2961,6,363646,119,121,45184,38988,240,84172,0.65998251046347267,231.4668661280476,350.71666666666664,0.49583333333333335,0.53680558855676475
r_687ff2081699dbe3a3fc2bbda714393b,Tor file transfer,d_07128c50bdc12202e87dc8310ed290a4,0,0,a_e52ea202de58db21990f572d122f8628,a_e7d8c038c18055500148c5915382bd98,p_3dd478bd944ece2906a0c8e4425f63be,p_2ccb758d02e602ac972a6be022718930,6,360614,122,131,36896,55104,253,92000,0.701581192077956,255.12043348289308,363.63636363636363,0.48221343873517786,0.40104347826086956
r_9b4cc841cdde823f97383ef2e8247817,Tor file transfer,d_07128c50bdc12202e87dc8310ed290a4,0,0,a_e7d8c038c18055500148c5915382bd98,a_7c153fe537f893f4ad4698dd03531008,p_621c3251a7b172a529265f8e71b10e0b,p_2313704d6916acc778397dda2b5b461d,6,346129,78,69,30880,17500,147,48380,0.42469715048435697,139.77447714580401,329.11564625850338,0.53061224489795922,0.63828028110789581
r_370ecd78c239772b65dc3a25dfdfac0c,Tor file transfer,d_07128c50bdc12202e87dc8310ed290a4,0,0,a_e7d8c038c18055500148c5915382bd98,a_7696fb19dd02244e6ba80792dd00b5a6,p_bb7e07f43283b11c29df1fbecd55c5f9,p_e3b7775486eca350dd96d9c41ec24189,6,143965,28,27,7888,8908,55,16796,0.382037300732817,116.66724551106171,305.38181818181818,0.50909090909090904,0.46963562753036436
r_c83d2ab7dd15b1ec3f900a1534863439,Tor file transfer,d_07128c50bdc12202e87dc8310ed290a4,0,0,a_7edaa7ba60bc3e897077d30003af9f80,a_e7d8c038c18055500148c5915382bd98,p_018bddd8ee5d54a934fb83e788d3889a,p_48e659b65ba674bb5de00b09c2cedc13,6,366206,101,115,22940,32496,216,55436,0.58983195250760501,151.37927832968327,256.64814814814815,0.46759259259259262,0.4138105202395555
r_3f118814b3894d690042c206b51f715f,Tor file transfer,d_07128c50bdc12202e87dc8310ed290a4,0,0,a_21bd65140624c193e089fab25539d777,a_e7d8c038c18055500148c5915382bd98,p_e2a4a4bf9c74500e61f176db310c2961,p_78f5cca3a68e41ba4de081f05b0bfa81,6,362126,64,64,16728,24232,128,40960,0.35346812987744597,113.10980156078271,320,0.5,0.40839843749999999
r_7e361802c92b1d55543d3346d01e21f9,Tor file transfer,d_07128c50bdc12202e87dc8310ed290a4,0,0,a_e7d8c038c18055500148c5915382bd98,a_08a442cf8128f2129d30fb075fff1c93,p_1b3c58973c5eaf6590e95a6c81f36656,p_3dd478bd944ece2906a0c8e4425f63be,6,360809,67,67,21172,21708,134,42880,0.37138763168324512,118.84404213863844,320,0.5,0.49375000000000002
r_ee31d279db626945949275b8a33db7d9,Tor file transfer,d_07128c50bdc12202e87dc8310ed290a4,0,0,a_74664287e965e332a4c344eafebed040,a_e7d8c038c18055500148c5915382bd98,p_3dd478bd944ece2906a0c8e4425f63be,p_3c86a75b55e087fd655a428e7a18ba30,6,360896,68,68,20688,22832,136,43520,0.37683986522433055,120.58875687178578,320,0.5,0.47536764705882351
r_cf9f38069f4325f0b3b38fbca490b7c0,Tor file transfer,d_07128c50bdc12202e87dc8310ed290a4,0,0,a_e7d8c038c18055500148c5915382bd98,a_912ceffb01108514e071a8c59ffc806b,p_407d39bceba18610541b9bd87dac7788,p_e2a4a4bf9c74500e61f176db310c2961,6,357566,66,66,20048,22192,132,42240,0.36916261613240636,118.13203716237004,320,0.5,0.47462121212121211
r_8a74d4a889e98acfc723e3fe5274a31b,Tor file transfer,d_07128c50bdc12202e87dc8310ed290a4,0,0,a_a440b7054fd324a06352405507919524,a_e7d8c038c18055500148c5915382bd98,p_2313704d6916acc778397dda2b5b461d,p_a709a6700acad84285657582552752f8,6,360003,76,84,32360,24192,160,56552,0.44444074077160473,157.08757982572368,353.44999999999999,0.47499999999999998,0.57221672089404441
r_93a5589e06c1fe89352af5cdd15418fa,Tor file transfer,d_07128c50bdc12202e87dc8310ed290a4,0,0,a_dd0463b3a84f510aa33cdcc52359ef1d,a_e7d8c038c18055500148c5915382bd98,p_2d36b619be089107b3d8a5a53b5aa6c4,p_3a7e10cb1ca2a0d8591ef27d17cdfafe,6,361951,84,94,39738,35002,178,74740,0.49177927399012572,206.49203897765165,419.88764044943821,0.47191011235955055,0.53168316831683171
r_a3e49d90bb058ad3a201092c45bdb1cb,Tor file transfer,d_07128c50bdc12202e87dc8310ed290a4,0,0,a_20159fbb308c33b03db8e2b983ef1667,a_e7d8c038c18055500148c5915382bd98,p_2313704d6916acc778397dda2b5b461d,p_a0a75cf639191c106d965de12e26dd12,6,359932,68,69,21760,22348,137,44108,0.38062745185201646,122.54536968093973,321.95620437956205,0.49635036496350365,0.49333454248662373
r_52f13144e70f21d1e14caeef6e80f542,Tor file transfer,d_07128c50bdc12202e87dc8310ed290a4,0,0,a_29cf6c0c4878ab710906c4adda6d2538,a_e7d8c038c18055500148c5915382bd98,p_b303345724f72d24ec6c9d55662f6c01,p_c7f169caa4fa933eaa7a4e752a082b18,6,3690,5,7,784,460,12,1244,3.2520325203252032,337.12737127371275,103.66666666666667,0.41666666666666669,0.63022508038585212
r_41a97dc37c9192cb47448de8a9c7fed2,Tor file transfer,d_07128c50bdc12202e87dc8310ed290a4,0,0,a_e7d8c038c18055500148c5915382bd98,a_fd460a466b39ea36c13c185c35103a31,p_68374255a37c14b37316136f132a3c57,p_3919451a0dfaecc18e4c3b5d9eae72c2,6,363793,119,104,46324,35436,223,81760,0.61298595629932406,224.74319187010195,366.63677130044846,0.53363228699551568,0.56658512720156551
r_1e317f72ff139d4239fef80e5c83244f,Tor file transfer,d_07128c50bdc12202e87dc8310ed290a4,0,0,a_10be1ac5c6b10018ce2d1b3dbdf38b1b,a_e7d8c038c18055500148c5915382bd98,p_3dd478bd944ece2906a0c8e4425f63be,p_2bee87b536da1fea08c3c3fe040d2902,6,364380,64,64,17264,23708,128,40972,0.35128162906855481,112.44305395466272,320.09375,0.5,0.42136092941521036
r_5d2ef486a7a35f182efd2d1eb0a92de7,Tor file transfer,d_07128c50bdc12202e87dc8310ed290a4,0,0,a_c74275a4b1c41856e9530b991a8762d6,a_e7d8c038c18055500148c5915382bd98,p_e2a4a4bf9c74500e61f176db310c2961,p_c07824b148f4382d8045af992c797789,6,362815,110,111,38416,39408,221,77824,0.60912586304314875,214.50050301117651,352.1447963800905,0.49773755656108598,0.49362664473684209
r_ed7bf59ac8bc8cb38db2fcb65dfb4ffa,Tor file transfer,d_07128c50bdc12202e87dc8310ed290a4,0,0,a_6f102440620a5b28b493354fc0f9871f,a_e7d8c038c18055500148c5915382bd98,p_59add6c69faa2fcebe82de14314cf8aa,p_560fbd0b2c342dda6bf7e98be5f1db14,6,362410,62,65,19840,21604,127,41444,0.35043183135123201,114.35666786236582,326.3307086614173,0.48818897637795278,0.47871827043721649
r_fe4f59adaea0a66e68bd554028106473,Tor file transfer,d_07128c50bdc12202e87dc8310ed290a4,0,0,a_55fb7d0d962f32667b3d62e0fcd155b4,a_e7d8c038c18055500148c5915382bd98,p_2313704d6916acc778397dda2b5b461d,p_ec1830c97820a38775bea7bde1598d2a,6,362397,67,76,24388,23784,143,48172,0.39459487799291937,132.92604519353085,336.86713286713285,0.46853146853146854,0.50626920202607328
r_7df85b142499050191b41a507f3a062e,Tor file transfer,d_07128c50bdc12202e87dc8310ed290a4,0,0,a_77f30976d60287220aa36a0de5a6969b,a_e7d8c038c18055500148c5915382bd98,p_53b18b33cc21a2933da3a83a094344d3,p_98ada8325117e6da964d5f2e93b3651f,6,361009,62,62,16624,23056,124,39680,0.34348174145242916,109.91415726477733,320,0.5,0.4189516129032258
r_bd37b59764498f017372c42878f51b24,Tor file transfer,d_07128c50bdc12202e87dc8310ed290a4,0,0,a_e7d8c038c18055500148c5915382bd98,a_9058bf78013d84931900c19e1aa654f8,p_ff6b0d78bcd1991e377572bcb8076664,p_5ef96fb56442fad37d53590ba1296765,6,359894,64,64,18872,22088,128,40960,0.35566027774844816,113.81128887950341,320,0.5,0.46074218750000001
r_f00a4cee69a07445f00cbe8ba7ee1c76,Tor file transfer,d_07128c50bdc12202e87dc8310ed290a4,0,0,a_e7d8c038c18055500148c5915382bd98,a_f056012035504ec478f09ad457740d73,p_c918d3401b1522afb6bce80e096dc0f6,p_3dd478bd944ece2906a0c8e4425f63be,6,1770,10,10,863,3834,20,4697,11.299435028248588,2653.6723163841807,234.84999999999999,0.5,0.18373429848839684
r_9f654028358bd9cffa93cf426f885bde,Tor file transfer,d_07128c50bdc12202e87dc8310ed290a4,0,0,a_e7d8c038c18055500148c5915382bd98,a_d1650a987b214ef6ba20ba80747afe40,p_4bc799020b6fd71e71d6c6b602bb232a,p_3dd478bd944ece2906a0c8e4425f63be,6,303350,95,82,37327,27992,177,65319,0.58348442393275091,215.32553156419976,369.03389830508473,0.53672316384180796,0.57145700332215743
r_4f7cae40d50d788d2dd7d1c159cd65b8,Tor file transfer,d_07128c50bdc12202e87dc8310ed290a4,0,0,a_e7d8c038c18055500148c5915382bd98,a_dd92d4423584ecc754ecc6600ac1ea10,p_c7cd6a3403e5be18b2366e0f1a6e2fee,p_3dd478bd944ece2906a0c8e4425f63be,6,301315,68,69,22188,22528,137,44716,0.45467368036772149,148.40283424323383,326.39416058394158,0.49635036496350365,0.49619822882189818
r_50014a646f68cef0c1a38d8fe3a6cada,Tor file transfer,d_07128c50bdc12202e87dc8310ed290a4,0,0,a_e7d8c038c18055500148c5915382bd98,a_6a31d9bd550096c91371e06e91122128,p_1ad1195cedda468c457ca1e5130fa374,p_3dd478bd944ece2906a0c8e4425f63be,6,280229,66,65,20440,20718,131,41158,0.46747481524039269,146.87273622644338,314.18320610687022,0.50381679389312972,0.49662277078575245
r_bd6a3468bd88e3e8484230d25437ed13,Tor file transfer,d_07128c50bdc12202e87dc8310ed290a4,0,0,a_e7d8c038c18055500148c5915382bd98,a_7688b7956537ab66a32ea5dafebc7214,p_8bcb19e5fa1dabab146699d7ded5955f,p_64eab6039291da87b7bab47109b51546,6,301737,62,61,21862,19422,123,41284,0.40763976575627114,136.82113893887723,335.64227642276421,0.50406504065040647,0.52955140005813395
r_accc8598b0e03dbc1610d24f4ff79828,Tor file transfer,d_07128c50bdc12202e87dc8310ed290a4,0,0,a_e7d8c038c18055500148c5915382bd98,a_7777d82fb2d4e8c83ec672d81a404469,p_f0d9d50a78f04bc16ae6894887e789ea,p_2313704d6916acc778397dda2b5b461d,6,293390,66,69,15665,27347,135,43012,0.46013838235795362,146.60349705170592,318.60740740740738,0.48888888888888887,0.36420068818004275
r_e1f92fc24a6add232d99fe5dc3d57e92,Tor file transfer,d_07128c50bdc12202e87dc8310ed290a4,0,0,a_e7d8c038c18055500148c5915382bd98,a_3bf9f57097a8fd1fae301e1ca42eedac,p_12a2aa4a5d1b89f514e1071e0a198ea2,p_b303345724f72d24ec6c9d55662f6c01,6,275295,73,64,20860,26009,137,46869,0.49764797762400331,170.25009535225848,342.1094890510949,0.53284671532846717,0.44507030233203182
r_1d94fbce3bc734ca1bd61695d7676b2d,Tor file transfer,d_07128c50bdc12202e87dc8310ed290a4,0,0,a_e7d8c038c18055500148c5915382bd98,a_08db6179b1a33389a5cc45ec9e8d0f25,p_2e066a00ac9af9f2b4101460ad55be10,p_2313704d6916acc778397dda2b5b461d,6,293389,82,73,26703,26163,155,52866,0.52830883230114278,180.1908046995627,341.07096774193548,0.52903225806451615,0.50510725229826359
r_66ed093643ffd3889d58f4bcbb4dc9f5,Tor file transfer,d_07128c50bdc12202e87dc8310ed290a4,0,0,a_e7d8c038c18055500148c5915382bd98,a_3de49f8e6a356ebbefa84fc57be17177,p_9c42df0762d77dabb8d82835c0c1aeac,p_3e7d67bc47b21a492a3c9a1c3ba33754,6,274978,65,65,22037,19074,130,41111,0.47276509393478749,149.50650597502346,316.23846153846154,0.5,0.53603658388265918
r_62d57765158e11ae15cfaeefd29d426c,Tor file transfer,d_07128c50bdc12202e87dc8310ed290a4,0,0,a_e7d8c038c18055500148c5915382bd98,a_d3d774f6e33fc50a3df65a544ee89ede,p_36d38eabfb4daa84573d3c677d171377,p_2313704d6916acc778397dda2b5b461d,6,284234,64,66,16580,24521,130,41101,0.45736963206372216,144.6026865188542,316.16153846153844,0.49230769230769234,0.40339651103379481
r_983327957f5c8afdf1b692e8e61e9b4e,Tor file transfer,d_07128c50bdc12202e87dc8310ed290a4,0,0,a_e7d8c038c18055500148c5915382bd98,a_18bd03e1a3d11ac7204f340152fe78d3,p_34345803a133ebcb023ebfe61213d088,p_2313704d6916acc778397dda2b5b461d,6,277270,63,62,17070,23238,125,40308,0.45082410646662102,145.37454466765249,322.464,0.504,0.42348913367073532
r_78f0f8d24fd017995de2616768a021c1,Tor file transfer,d_07128c50bdc12202e87dc8310ed290a4,0,0,a_e7d8c038c18055500148c5915382bd98,a_eca0e48172f6e34fc15e5ed053a5f262,p_28254cc735e0d58a0da236a85326f539,p_2313704d6916acc778397dda2b5b461d,6,272387,62,64,18666,21737,126,40403,0.46257714208093631,148.32939898012754,320.65873015873018,0.49206349206349204,0.46199539638145681
r_fb05cc026777c35f638ce621a0c98cf5,Tor file transfer,d_07128c50bdc12202e87dc8310ed290a4,0,0,a_e7d8c038c18055500148c5915382bd98,a_a9eac5d110343404bc734659043c9f60,p_fa160aed1aa6197cabc4b1af83c1f9d3,p_3dd478bd944ece2906a0c8e4425f63be,6,300463,319,251,233869,91203,570,325072,1.8970721852607475,1081.9035954510205,570.30175438596495,0.55964912280701751,0.71943753999114046
r_00a9b0e03b5c5f77921da5b5d17d2497,Tor file transfer,d_07128c50bdc12202e87dc8310ed290a4,0,0,a_e7d8c038c18055500148c5915382bd98,a_d1650a987b214ef6ba20ba80747afe40,p_9836e8841014e9993b49013b3ab9bf46,p_3dd478bd944ece2906a0c8e4425f63be,6,289398,1464,1089,1721768,145296,2553,1867064,8.8217610349760527,6451.5442401122327,731.3215824520172,0.57344300822561689,0.92217942180878643
r_89dcd09598bd980bf8194934b3910480,Tor file transfer,d_07128c50bdc12202e87dc8310ed290a4,0,0,a_e7d8c038c18055500148c5915382bd98,a_fa1be1f0742702948e5e65412b6856ae,p_51694bfa7f89701e67a9c1323d8f211a,p_4b1c6dfa646a9fcf04705615d9a89740,6,278,3,2,132,128,5,260,17.985611510791365,935.25179856115096,52,0.59999999999999998,0.50769230769230766
r_4a8d0aed354c5d52a1a2a3f16a7e3ab5,Tor file transfer,d_07128c50bdc12202e87dc8310ed290a4,0,0,a_4362a21eef786f71d38437758da8d82e,a_e7d8c038c18055500148c5915382bd98,p_3dd478bd944ece2906a0c8e4425f63be,p_b9b1e8001fbc3adbdb1005737f6b4a44,6,294,3,2,132,128,5,260,17.006802721088437,884.35374149659867,52,0.59999999999999998,0.50769230769230766
r_aa9081b269e2ad182060d960a6449088,Tor file transfer,d_07128c50bdc12202e87dc8310ed290a4,0,0,a_e7d8c038c18055500148c5915382bd98,a_912ceffb01108514e071a8c59ffc806b,p_d0dbb83e92e23484bec8bf9b3df645bd,p_e2a4a4bf9c74500e61f176db310c2961,6,300,3,2,132,128,5,260,16.666666666666668,866.66666666666674,52,0.59999999999999998,0.50769230769230766
r_8a796601140a7fb86375af10744312f8,Tor file transfer,d_07128c50bdc12202e87dc8310ed290a4,0,0,a_e7d8c038c18055500148c5915382bd98,a_fa1be1f0742702948e5e65412b6856ae,p_200da63407a93a6fc96dc50f2c246402,p_4b1c6dfa646a9fcf04705615d9a89740,6,297,3,2,132,128,5,260,16.835016835016837,875.42087542087552,52,0.59999999999999998,0.50769230769230766
r_3cd5678fe2cf4ad49d6a9a43661e610b,Tor file transfer,d_07128c50bdc12202e87dc8310ed290a4,0,0,a_e7d8c038c18055500148c5915382bd98,a_a9eac5d110343404bc734659043c9f60,p_3c942ee46eaaa09d9829ae66493bc2e3,p_3dd478bd944ece2906a0c8e4425f63be,6,1297,4,3,720,180,7,900,5.3970701619121053,693.90902081727063,128.57142857142858,0.5714285714285714,0.80000000000000004
r_13805229da9f5c1789c9230887413aa6,Tor file transfer,d_07128c50bdc12202e87dc8310ed290a4,0,0,a_8b88c46ded084ba72bdcf29a530d0502,a_e7d8c038c18055500148c5915382bd98,p_59add6c69faa2fcebe82de14314cf8aa,p_a12fd36b46ef296f83378baf817509e0,6,325,3,2,132,128,5,260,15.384615384615383,800,52,0.59999999999999998,0.50769230769230766
r_5ff61b2a5d848e67d6025a64fc5064fb,Tor file transfer,d_07128c50bdc12202e87dc8310ed290a4,0,0,a_e7d8c038c18055500148c5915382bd98,a_a9eac5d110343404bc734659043c9f60,p_939d27be939ff97f8515f0036fcc3b34,p_3dd478bd944ece2906a0c8e4425f63be,6,312,3,2,132,128,5,260,16.025641025641026,833.33333333333337,52,0.59999999999999998,0.50769230769230766
r_f7220e340c59b5837d8ffd15aa00780e,Tor file transfer,d_07128c50bdc12202e87dc8310ed290a4,0,0,a_e7d8c038c18055500148c5915382bd98,a_4362a21eef786f71d38437758da8d82e,p_14c52781f2bf79eb7de1cc9ff3bb0056,p_3dd478bd944ece2906a0c8e4425f63be,6,291,1,1,588,52,2,640,6.8728522336769764,2199.3127147766322,320,0.5,0.91874999999999996
r_2f9c6c135f29b1a847bd21c1e6ce1a11,Tor file transfer,d_07128c50bdc12202e87dc8310ed290a4,0,0,a_e7d8c038c18055500148c5915382bd98,a_d1650a987b214ef6ba20ba80747afe40,p_654b3adc9b4eb00576666cf524716ce2,p_3dd478bd944ece2906a0c8e4425f63be,6,275,1,1,588,52,2,640,7.2727272727272725,2327.272727272727,320,0.5,0.91874999999999996
r_246168b073e8655cb9bd325625acc0a0,Tor file transfer,d_07128c50bdc12202e87dc8310ed290a4,0,0,a_e7d8c038c18055500148c5915382bd98,a_db61c1ebde21a4bbe71e70376a9b29fe,p_12cdb3e920863c309ce77827b722b0ec,p_3dd478bd944ece2906a0c8e4425f63be,6,67505,383,670,49418,862166,1053,911584,15.598844530034814,13503.947855714392,865.70180436847102,0.36372269705603039,0.054211131393267102
r_52045e6f4c1f3057b418e317b7492e89,Tor file transfer,d_07128c50bdc12202e87dc8310ed290a4,0,0,a_e7d8c038c18055500148c5915382bd98,a_af5fe9941f7a3a813463275145d4c0fc,p_d93f46f424b950a723d0492dac313bca,p_2313704d6916acc778397dda2b5b461d,6,69663,1608,2973,364386,3112754,4581,3477140,65.759441884501101,49913.72751675926,759.03514516481118,0.35101506221349049,0.1047947451066106
r_e714c7af2614b5b9186d77c83dcae387,Tor file transfer,d_07128c50bdc12202e87dc8310ed290a4,0,0,a_e7d8c038c18055500148c5915382bd98,a_a440b7054fd324a06352405507919524,p_8bed77a2eb31b4a3477e20442b807882,p_2313704d6916acc778397dda2b5b461d,6,75999,1844,3551,505393,4527101,5395,5032494,70.987776154949415,66217.897603915844,932.80704355885075,0.34179796107506949,0.10042595182428433
r_5a46defa9593ace101758a9939aa84e9,Tor file transfer,d_07128c50bdc12202e87dc8310ed290a4,0,0,a_d96e1b5cf0fb3dd0a6cd230f2906e5ff,a_77493b17fb81a418415633006c952ba1,p_7164c018e21512e4a4bd5b4ef949c48e,p_266c4109f83925e05ac764680e4980e3,6,368641,3842,0,1304416,0,3842,1304416,10.422063742231602,3538.445262464023,339.51483602290472,1,1
r_b0f026aac05f6cf8c070b38af24a661a,Tor file transfer,d_07128c50bdc12202e87dc8310ed290a4,0,0,a_21bd65140624c193e089fab25539d777,a_e7d8c038c18055500148c5915382bd98,p_e2a4a4bf9c74500e61f176db310c2961,p_78f5cca3a68e41ba4de081f05b0bfa81,6,367692,109,105,37828,37018,214,74846,0.58200885523753576,203.5562372855542,349.74766355140184,0.50934579439252337,0.5054111108142052
r_81db41b0a19b84dec55ce63e885a77ab,Tor file transfer,d_07128c50bdc12202e87dc8310ed290a4,0,0,a_85db53ead25175810703e870b8d16304,a_e7d8c038c18055500148c5915382bd98,p_3dd478bd944ece2906a0c8e4425f63be,p_ca5ddbe5c5a149c35e4494a9112386e0,6,368261,62,71,23056,21928,133,44984,0.36115689687477087,122.15249510537363,338.22556390977445,0.46616541353383456,0.51253779121465415
r_d7a5eb969d075ec3e5801b10c778c217,Tor file transfer,d_07128c50bdc12202e87dc8310ed290a4,0,0,a_e7d8c038c18055500148c5915382bd98,a_10be1ac5c6b10018ce2d1b3dbdf38b1b,p_2bee87b536da1fea08c3c3fe040d2902,p_3dd478bd944ece2906a0c8e4425f63be,6,368481,114,115,40122,39748,229,79870,0.62147030647441792,216.75473090878498,348.7772925764192,0.49781659388646288,0.50234130462000748
r_a1ed6190b33238865f55ad06c0b09093,Tor file transfer,d_07128c50bdc12202e87dc8310ed290a4,0,0,a_e7d8c038c18055500148c5915382bd98,a_08a442cf8128f2129d30fb075fff1c93,p_1b3c58973c5eaf6590e95a6c81f36656,p_3dd478bd944ece2906a0c8e4425f63be,6,361178,72,72,20896,25184,144,46080,0.39869538011728289,127.58252163753053,320,0.5,0.45347222222222222
r_e321b701852485bb6f4ea9678f370cc7,Tor file transfer,d_07128c50bdc12202e87dc8310ed290a4,0,0,a_e7d8c038c18055500148c5915382bd98,a_fdb4433c997012243211b670f82a1ff0,p_8617c422a69a952a388ca59a776fd4c2,p_3dd478bd944ece2906a0c8e4425f63be,6,366971,64,57,11916,28692,121,40608,0.32972632714846678,110.65724539541272,335.60330578512395,0.52892561983471076,0.29343971631205673
r_3a47b2bd2bf6d34b571d4a5d9bbb1dd1,Tor file transfer,d_07128c50bdc12202e87dc8310ed290a4,0,0,a_e7d8c038c18055500148c5915382bd98,a_6878ef13f2236ea9c61109e910406224,p_6e4afd1759b4ce8e6ffe2147ad1132df,p_2313704d6916acc778397dda2b5b461d,6,366885,130,114,53372,33276,244,86648,0.66505853332788201,236.17209752374723,355.11475409836066,0.53278688524590168,0.6159634382790139
r_f3eced1f4e18e1c2d55c0e1237e97769,Tor file transfer,d_07128c50bdc12202e87dc8310ed290a4,0,0,a_d8748deaf11fd7d0c590fce1df3e43ee,a_e7d8c038c18055500148c5915382bd98,p_3dd478bd944ece2906a0c8e4425f63be,p_9210756ee87069c9d18221ba7a43e883,6,367436,113,104,33212,40696,217,73908,0.5905790396150622,201.14523345562222,340.58986175115206,0.52073732718894006,0.44936948638848295
r_3312041237e2f3e8588b39d7ad01d4d8,Tor file transfer,d_07128c50bdc12202e87dc8310ed290a4,0,0,a_98522aaab9d61630b396b25ba9cc842e,a_e7d8c038c18055500148c5915382bd98,p_a144e943164565cc971c4ae3369cd5e2,p_504122e788043e218a390d9057b8de67,6,365703,69,84,21276,31704,153,52980,0.41837228570725427,144.8716581488257,346.27450980392155,0.45098039215686275,0.40158550396375992
r_d4055322ac94fdd04d525ab2253cbc39,Tor file transfer,d_07128c50bdc12202e87dc8310ed290a4,0,0,a_e7d8c038c18055500148c5915382bd98,a_121f956960eb9cac23d35146d51887c0,p_12dffa2c1d5509683dfed13a3b1e406e,p_2313704d6916acc778397dda2b5b461d,6,362290,99,103,34540,34300,202,68840,0.55756438212481707,190.0135250765961,340.79207920792078,0.49009900990099009,0.50174317257408485
r_fb4f1931cc93ea0b53f052c018aa78b4,Tor file transfer,d_07128c50bdc12202e87dc8310ed290a4,0,0,a_e7d8c038c18055500148c5915382bd98,a_fad4c2dbbf26ae5f443ab5b920d706fb,p_59ce7a8afad7fe61a11c780f9fd21dd5,p_2313704d6916acc778397dda2b5b461d,6,68094,11,0,660,0,11,660,0.16154139865480074,9.6924839192880441,60,1,1
r_b91470e76731aa7d6de1aad57392afc9,Tor file transfer,d_07128c50bdc12202e87dc8310ed290a4,0,0,a_e7d8c038c18055500148c5915382bd98,a_e2370a5f48648ec5a5dbdf8b657a0e89,p_5fe50aface136a90f48b570e47f6d4b4,p_3dd478bd944ece2906a0c8e4425f63be,6,364713,89,94,20084,47034,183,67118,0.50176440104959241,184.02963426036362,366.76502732240436,0.48633879781420764,0.29923418457045797
r_9bf1c2f52c2f94e6b66e108a050cce0d,Tor file transfer,d_07128c50bdc12202e87dc8310ed290a4,0,0,a_e7d8c038c18055500148c5915382bd98,a_9058bf78013d84931900c19e1aa654f8,p_ff6b0d78bcd1991e377572bcb8076664,p_5ef96fb56442fad37d53590ba1296765,6,366097,144,154,60986,57482,298,118468,0.81399192017416155,323.59729798386769,397.54362416107381,0.48322147651006714,0.51478880372758884
r_d5cb7035968523a6b9e256dba4478194,Tor file transfer,d_07128c50bdc12202e87dc8310ed290a4,0,0,a_a860a3ab38b6d88c74540aa046f9aac4,a_e7d8c038c18055500148c5915382bd98,p_2313704d6916acc778397dda2b5b461d,p_c03d6fbce255e6e71cc68059ec63d28e,6,29310,8,9,2584,1516,17,4100,0.58000682360968958,139.88399863527806,241.1764705882353,0.47058823529411764,0.63024390243902439
r_ae31b6694d669aa0b6f92888ee851960,Tor file transfer,d_07128c50bdc12202e87dc8310ed290a4,0,0,a_e7d8c038c18055500148c5915382bd98,a_b6c48b91a0b370a6737984911a271ac6,p_c5b7c50b3496cb59f7286463f18ad46b,p_df178b2b798fceb52e78daa22e88d339,6,364397,65,65,18924,22676,130,41600,0.3567537603218468,114.16120330299097,320,0.5,0.45490384615384616
r_87805e7d844d7ee186682244becff3da,Tor file transfer,d_07128c50bdc12202e87dc8310ed290a4,0,0,a_77f30976d60287220aa36a0de5a6969b,a_e7d8c038c18055500148c5915382bd98,p_53b18b33cc21a2933da3a83a094344d3,p_98ada8325117e6da964d5f2e93b3651f,6,362280,67,67,19576,23316,134,42892,0.36987965109859777,118.39461190239595,320.08955223880599,0.5,0.4564021262706332
r_855d4cc45c750361bd6aa184db479743,Tor file transfer,d_07128c50bdc12202e87dc8310ed290a4,0,0,a_e7d8c038c18055500148c5915382bd98,a_71394ec0ae14eb2d17f693263a2fab11,p_ee7079bc75da4567acc0fdf939d39d30,p_e8fa32c526b9b4cdc16418a4dc18e34a,6,362989,1130,1189,112488,1196538,2319,1309026,6.3886233467129863,3606.2415114507603,564.47865459249681,0.48727899956877962,0.085932594157793654
r_9cdcd8b287c82dc3d855dfb1ec001a57,Tor file transfer,d_07128c50bdc12202e87dc8310ed290a4,0,0,a_e7d8c038c18055500148c5915382bd98,a_68080e05dbd647c57e8bf90261b24d94,p_33a25589bc89f574d881b8277ae3e364,p_2313704d6916acc778397dda2b5b461d,6,3053,4,0,240,0,4,240,1.3101867016049786,78.611202096298726,60,1,1
r_0521f13b38851257b95de8554d5df3de,Tor file transfer,d_07128c50bdc12202e87dc8310ed290a4,0,0,a_6878ef13f2236ea9c61109e910406224,a_e7d8c038c18055500148c5915382bd98,p_2313704d6916acc778397dda2b5b461d,p_06bfdf12ab7338ffb5327489920e2b8d,6,359766,62,62,15552,24128,124,39680,0.34466847895576569,110.29391326584502,320,0.5,0.39193548387096772
r_67916701cb6c0065fb68b23c00f560f0,Tor file transfer,d_07128c50bdc12202e87dc8310ed290a4,0,0,a_e7d8c038c18055500148c5915382bd98,a_2dbed1e84462981f702ef10992aeca1b,p_bc48a720ebbb00aa7f115f028762d04a,p_e7d36acc8d64a944ec8309329b855410,6,362085,66,66,17368,24872,132,42240,0.36455528398028092,116.65769087368989,320,0.5,0.41117424242424244
r_8a227b316269942ccd474de90a99caac,Tor file transfer,d_07128c50bdc12202e87dc8310ed290a4,0,0,a_e7d8c038c18055500148c5915382bd98,a_3466dc21365d5075b4c48594f6310905,p_4c8443991203d304808b0f3d3e460d6f,p_3dd478bd944ece2906a0c8e4425f63be,6,361637,90,70,34696,21876,160,56572,0.44243260507083071,156.43310833791895,353.57499999999999,0.5625,0.6133069362935728
r_68f9554a7f8431013d57fdde6f6557cd,Tor file transfer,d_07128c50bdc12202e87dc8310ed290a4,0,0,a_e7d8c038c18055500148c5915382bd98,a_fd460a466b39ea36c13c185c35103a31,p_68374255a37c14b37316136f132a3c57,p_3919451a0dfaecc18e4c3b5d9eae72c2,6,357903,152,125,64294,41352,277,105646,0.77395271903281049,295.1805377434668,381.39350180505414,0.54873646209386284,0.60857959600931411
r_952a84a58a6fcd092f762cf1bd61acd9,Tor file transfer,d_07128c50bdc12202e87dc8310ed290a4,0,0,a_e7d8c038c18055500148c5915382bd98,a_dd0463b3a84f510aa33cdcc52359ef1d,p_3a7e10cb1ca2a0d8591ef27d17cdfafe,p_2d36b619be089107b3d8a5a53b5aa6c4,6,359468,73,67,25772,20636,140,46408,0.38946443076991555,129.10189502264456,331.48571428571427,0.52142857142857146,0.55533528701947943
r_278ae86803a8d89a36f27ba3dccd9cbf,Tor file transfer,d_07128c50bdc12202e87dc8310ed290a4,0,0,a_e7d8c038c18055500148c5915382bd98,a_69fb0b835452ca85c178bdeaaf11695b,p_4214c3895b121ce678203529bbcfcd39,p_3d01955bb66b778c6aa471c3a2911a0a,6,361361,161,126,75220,46224,287,121444,0.79421963078472779,336.0738984007682,423.14982578397212,0.56097560975609762,0.61938012581930768
r_31fa65200db1587284880ccaf4277710,Tor file transfer,d_07128c50bdc12202e87dc8310ed290a4,0,0,a_45e9aaa7a8eab6499f369e30f9c1ce94,a_e7d8c038c18055500148c5915382bd98,p_3dd478bd944ece2906a0c8e4425f63be,p_21dca4217b62d0a316bffbe55b12b2de,6,241,3,4,219,184,7,403,29.045643153526971,1672.1991701244813,57.571428571428569,0.42857142857142855,0.54342431761786603
r_1ec6500265b65f72c9a1ad7411ed5ac5,Tor file transfer,d_07128c50bdc12202e87dc8310ed290a4,0,0,a_e7d8c038c18055500148c5915382bd98,a_a440b7054fd324a06352405507919524,p_1e8ba61d8825a51f2a7035447b2b442d,p_2313704d6916acc778397dda2b5b461d,6,337947,140,113,83053,41419,253,124472,0.74863810005710951,368.31810905260289,491.98418972332018,0.55335968379446643,0.66724243203290701
r_2cae0bdf665401912968c04ad6a5204f,Tor file transfer,d_07128c50bdc12202e87dc8310ed290a4,0,0,a_e7d8c038c18055500148c5915382bd98,a_af5fe9941f7a3a813463275145d4c0fc,p_4a2e12380234239ff17bcd78f070e39a,p_2313704d6916acc778397dda2b5b461d,6,338155,113,96,49827,35952,209,85779,0.61805976549215602,253.66769676627584,410.42583732057415,0.54066985645933019,0.58087643828909175
r_fcf179c835a812160ec80181744aaff1,Tor file transfer,d_07128c50bdc12202e87dc8310ed290a4,0,0,a_e7d8c038c18055500148c5915382bd98,a_edd6c5e512263a3ee020b578b68f5c36,p_e6066c2d8a9710cc08edf26188dcf9c8,p_e2a4a4bf9c74500e61f176db310c2961,6,290616,82,71,27725,22632,153,50357,0.52646791642579904,173.27676383956836,329.13071895424838,0.53594771241830064,0.55056893778422067
r_40244febda8f044803ea455880bbc1f2,Tor file transfer,d_07128c50bdc12202e87dc8310ed290a4,0,0,a_e7d8c038c18055500148c5915382bd98,a_b2c9a1524ada7283280f37892b0d52c7,p_fc6bf758449863cf9260bf497817dcf1,p_64eab6039291da87b7bab47109b51546,6,335059,85,84,30228,43504,169,73732,0.50438877928961756,220.05676612178749,436.28402366863907,0.50295857988165682,0.40997124721966038
r_b088bc66261dab3f1c54f849036fb55c,Tor file transfer,d_07128c50bdc12202e87dc8310ed290a4,0,0,a_e7d8c038c18055500148c5915382bd98,a_4e694892a7d80800596bfe6ff20c0df7,p_c4bca567db73980dec779d5d2a405d29,p_a529be66963b2fbb8cc953bc99e504e2,6,335080,77,75,22112,28208,152,50320,0.45362301539930766,150.17309299271815,331.05263157894734,0.50657894736842102,0.43942766295707475
r_77ce937433f2be9f0bb3926e662f949f,Tor file transfer,d_07128c50bdc12202e87dc8310ed290a4,0,0,a_e7d8c038c18055500148c5915382bd98,a_af5fe9941f7a3a813463275145d4c0fc,p_10640349360e8b2a45d0a7c6bad682a4,p_2313704d6916acc778397dda2b5b461d,6,328655,270,224,201007,68946,494,269953,1.5030959516818549,821.38716891573233,546.4635627530364,0.54655870445344135,0.74459998592347554
r_341adea7d2c325dc71dbead253a379f3,Tor file transfer,d_07128c50bdc12202e87dc8310ed290a4,0,0,a_e7d8c038c18055500148c5915382bd98,a_a440b7054fd324a06352405507919524,p_a709a6700acad84285657582552752f8,p_2313704d6916acc778397dda2b5b461d,6,330244,1483,1096,1754605,146379,2579,1900984,7.809377308898874,5756.3014013880638,737.10120201628536,0.5750290810391625,0.92299829982787862
r_e7fa452738c9ff039826e62bdc3e02fb,Tor file transfer,d_07128c50bdc12202e87dc8310ed290a4,0,0,a_e7d8c038c18055500148c5915382bd98,a_55cda21321660fa21e7124d4b469dd33,p_87e50d11edaa56171c73c2cac0ab1ef1,p_2313704d6916acc778397dda2b5b461d,6,4255,4,3,720,180,7,900,1.6451233842538191,211.51586368977675,128.57142857142858,0.5714285714285714,0.80000000000000004
r_25f3d80bd2fd1d303a9d45f85ad902e0,Tor file transfer,d_07128c50bdc12202e87dc8310ed290a4,0,0,a_e7d8c038c18055500148c5915382bd98,a_fd460a466b39ea36c13c185c35103a31,p_2c1f6efa03c081b7efb30c6d1d07b335,p_3919451a0dfaecc18e4c3b5d9eae72c2,6,1293,3,2,692,104,5,796,3.8669760247486469,615.62258313998461,159.19999999999999,0.59999999999999998,0.8693467336683417
r_c49e3d14c287e3a9f4ad2a8eac032608,Tor file transfer,d_07128c50bdc12202e87dc8310ed290a4,0,0,a_fd460a466b39ea36c13c185c35103a31,a_e7d8c038c18055500148c5915382bd98,p_3919451a0dfaecc18e4c3b5d9eae72c2,p_f5bcc20679de9f2921cb1072a712fb49,6,295,3,2,132,128,5,260,16.949152542372882,881.3559322033899,52,0.59999999999999998,0.50769230769230766
r_6c0ef0d95a2c8cf69cebd774b3e96e3b,Tor file transfer,d_07128c50bdc12202e87dc8310ed290a4,0,0,a_e7d8c038c18055500148c5915382bd98,a_a860a3ab38b6d88c74540aa046f9aac4,p_15bb0aa4f2f4a5a13233e8c60b9bc2ad,p_2313704d6916acc778397dda2b5b461d,6,218642,53,55,16584,19140,108,35724,0.49395815991438058,163.39038245167902,330.77777777777777,0.49074074074074076,0.46422573060127648
r_6859997fc2bc1b3958c5d612df11c7f7,Tor file transfer,d_07128c50bdc12202e87dc8310ed290a4,0,0,a_e7d8c038c18055500148c5915382bd98,a_6878ef13f2236ea9c61109e910406224,p_eb41beff4edeb62bba96ee3a078b3ed5,p_2313704d6916acc778397dda2b5b461d,6,300,3,2,132,128,5,260,16.666666666666668,866.66666666666674,52,0.59999999999999998,0.50769230769230766
r_ecf1e31a29ec46c8a7f1bde438541d6d,Tor file transfer,d_07128c50bdc12202e87dc8310ed290a4,0,0,a_e7d8c038c18055500148c5915382bd98,a_ee83685ade4ef459a34f88c20b50a24f,p_694f4fe29f7418758788c422ae0774aa,p_3dd478bd944ece2906a0c8e4425f63be,6,201290,70,59,23975,23095,129,47070,0.64086641164489044,233.84172090019376,364.88372093023258,0.54263565891472865,0.5093477799022732
r_53b2f1a86800f6b0f04f2b5150afbb54,Tor file transfer,d_07128c50bdc12202e87dc8310ed290a4,0,0,a_db61c1ebde21a4bbe71e70376a9b29fe,a_e7d8c038c18055500148c5915382bd98,p_3dd478bd944ece2906a0c8e4425f63be,p_12cdb3e920863c309ce77827b722b0ec,6,322,3,2,132,128,5,260,15.527950310559007,807.45341614906829,52,0.59999999999999998,0.50769230769230766
r_9d86fd3d4fba445239af0bf1b9289502,Tor file transfer,d_07128c50bdc12202e87dc8310ed290a4,0,0,a_6a7d725e323045aa38ee40170a6b9ac7,a_f996ba757d02cdb550a8ef4f77976cdc,p_17aa210dda7d507fd2f6f3b3f3f59749,p_17aa210dda7d507fd2f6f3b3f3f59749,58,0,1,0,48,0,1,48,,,48,1,1
r_3cb5b338b9013e4d12340f06c86f0b28,Tor file transfer,d_07128c50bdc12202e87dc8310ed290a4,0,0,a_e7d8c038c18055500148c5915382bd98,a_af5fe9941f7a3a813463275145d4c0fc,p_d93f46f424b950a723d0492dac313bca,p_2313704d6916acc778397dda2b5b461d,6,245,3,2,132,128,5,260,20.408163265306122,1061.2244897959183,52,0.59999999999999998,0.50769230769230766
r_b07723fa27230f01f72bf7011fe0d050,Tor file transfer,d_07128c50bdc12202e87dc8310ed290a4,0,0,a_e7d8c038c18055500148c5915382bd98,a_91441b16fb5f305e81ba52635a8f64f5,p_666c5594800c811b6954b5b548596abb,p_3dd478bd944ece2906a0c8e4425f63be,6,50624,22,20,7451,7097,42,14548,0.82964601769911506,287.37357774968393,346.38095238095241,0.52380952380952384,0.51216662084135278
r_6407ef7a1c31053614d32d727dbdd447,Tor file transfer,d_07128c50bdc12202e87dc8310ed290a4,0,0,a_e7d8c038c18055500148c5915382bd98,a_a440b7054fd324a06352405507919524,p_8bed77a2eb31b4a3477e20442b807882,p_2313704d6916acc778397dda2b5b461d,6,8829,3,4,716,184,7,900,0.79284177143504353,101.9367991845056,128.57142857142858,0.42857142857142855,0.79555555555555557
r_45ecc0109a3e4598fa3aa93a268a543b,Tor file transfer,d_07128c50bdc12202e87dc8310ed290a4,0,0,a_71394ec0ae14eb2d17f693263a2fab11,a_e7d8c038c18055500148c5915382bd98,p_e8fa32c526b9b4cdc16418a4dc18e34a,p_4038d7b27e72fce19b730578d02f4e76,6,252507,112,104,59792,33728,216,93520,0.85542182988986437,370.36597005231539,432.96296296296299,0.51851851851851849,0.63934987168520108
r_eca9e8cdbb4882e131b09fa1a3072ba1,Tor file transfer,d_07128c50bdc12202e87dc8310ed290a4,0,0,a_d96e1b5cf0fb3dd0a6cd230f2906e5ff,a_77493b17fb81a418415633006c952ba1,p_7164c018e21512e4a4bd5b4ef949c48e,p_266c4109f83925e05ac764680e4980e3,6,256357,4003,0,1877300,0,4003,1877300,15.614943223707563,7322.9909852276314,468.97327004746438,1,1
r_203a7a0663a0887b7fc91d9d2ebda208,Tor file transfer,d_07128c50bdc12202e87dc8310ed290a4,0,0,a_21bd65140624c193e089fab25539d777,a_e7d8c038c18055500148c5915382bd98,p_e2a4a4bf9c74500e61f176db310c2961,p_78f5cca3a68e41ba4de081f05b0bfa81,6,253254,71,74,21916,29510,145,51426,0.57254771889091582,203.06095856333957,354.66206896551722,0.48965517241379308,0.42616575273208107
r_71d5eb8c92d8cf028069d528920c18a7,Tor file transfer,d_07128c50bdc12202e87dc8310ed290a4,0,0,a_b6c48b91a0b370a6737984911a271ac6,a_e7d8c038c18055500148c5915382bd98,p_df178b2b798fceb52e78daa22e88d339,p_c5b7c50b3496cb59f7286463f18ad46b,6,253093,47,47,14772,15308,94,30080,0.37140497761692343,118.8495928374155,320,0.5,0.4910904255319149
r_242045edbcfb00ad1fab15dd699caee8,Tor file transfer,d_07128c50bdc12202e87dc8310ed290a4,0,0,a_e7d8c038c18055500148c5915382bd98,a_69fb0b835452ca85c178bdeaaf11695b,p_7e203975c2de02bb88ec7fc9f5f2040c,p_3d01955bb66b778c6aa471c3a2911a0a,6,216044,59,48,22388,13728,107,36116,0.49526948214252647,167.16965062672418,337.53271028037381,0.55140186915887845,0.61989146084837743
r_c0a8ac00f7bd29a1d901a1b45991b9c5,Tor file transfer,d_07128c50bdc12202e87dc8310ed290a4,0,0,a_e7d8c038c18055500148c5915382bd98,a_10be1ac5c6b10018ce2d1b3dbdf38b1b,p_2bee87b536da1fea08c3c3fe040d2902,p_3dd478bd944ece2906a0c8e4425f63be,6,248209,79,80,31378,23468,159,54846,0.64058918089190964,220.96700764275269,344.94339622641508,0.49685534591194969,0.57211100171388984
r_23bfd6b7a52c104ce25535e685f9a4bd,Tor file transfer,d_07128c50bdc12202e87dc8310ed290a4,0,0,a_c97f0de682b6002860a37d40d4962518,a_e7d8c038c18055500148c5915382bd98,p_53b18b33cc21a2933da3a83a094344d3,p_6d4df04d37ecd8186eb26dc08f0ddb82,6,6174,3,4,716,184,7,900,1.1337868480725624,145.77259475218659,128.57142857142858,0.42857142857142855,0.79555555555555557
r_a1437434c461cdabc19a1edfbbdcf545,Tor file transfer,d_07128c50bdc12202e87dc8310ed290a4,0,0,a_e7d8c038c18055500148c5915382bd98,a_e2370a5f48648ec5a5dbdf8b657a0e89,p_04bb72424a006044754e82c51e120389,p_3dd478bd944ece2906a0c8e4425f63be,6,246541,56,52,19504,15056,108,34560,0.43806101216430532,140.17952389257772,320,0.51851851851851849,0.56435185185185188
r_5dd0952739ae87b08aace7d071d58e7f,Tor file transfer,d_07128c50bdc12202e87dc8310ed290a4,0,0,a_17419e9312832c3390605e196dce9ed0,a_e7d8c038c18055500148c5915382bd98,p_2313704d6916acc778397dda2b5b461d,p_0ccb4b0cf373cfe305cab2435e9020e2,6,3655,4,3,720,180,7,900,1.9151846785225719,246.23803009575926,128.57142857142858,0.5714285714285714,0.80000000000000004
r_00fac1018f007cd5be1b607618a91988,Tor file transfer,d_07128c50bdc12202e87dc8310ed290a4,0,0,a_2dbed1e84462981f702ef10992aeca1b,a_e7d8c038c18055500148c5915382bd98,p_e7d36acc8d64a944ec8309329b855410,p_bc48a720ebbb00aa7f115f028762d04a,6,253581,93,87,67638,23578,180,91216,0.70983236125734972,359.71149258028009,506.75555555555553,0.51666666666666672,0.74151464655323629
r_25362e043ebe2117a29a58234d8ef556,Tor file transfer,d_07128c50bdc12202e87dc8310ed290a4,0,0,a_e7d8c038c18055500148c5915382bd98,a_d1650a987b214ef6ba20ba80747afe40,p_cfc0bc177c1e72a93309d3f931c05033,p_3dd478bd944ece2906a0c8e4425f63be,6,249945,54,53,16120,20980,107,37100,0.42809418071975835,148.43265518414051,346.72897196261681,0.50467289719626163,0.43450134770889487
r_9862050155ff6de03dc11d62471468b7,Tor file transfer,d_07128c50bdc12202e87dc8310ed290a4,0,0,a_5547c4a3d4fc140236c79cc6add16451,a_e7d8c038c18055500148c5915382bd98,p_64eab6039291da87b7bab47109b51546,p_80ea919efe53ddbbe7dba39cb22c5ffd,6,253723,44,44,23192,4968,88,28160,0.34683493416048206,110.98717893135426,320,0.5,0.82357954545454548
r_f6b59cf18ce456c054052b808d8cd085,Tor file transfer,d_07128c50bdc12202e87dc8310ed290a4,0,0,a_e7d8c038c18055500148c5915382bd98,a_08a442cf8128f2129d30fb075fff1c93,p_1b3c58973c5eaf6590e95a6c81f36656,p_3dd478bd944ece2906a0c8e4425f63be,6,252867,43,43,14028,13492,86,27520,0.34009973622497203,108.83191559199105,320,0.5,0.50973837209302331
r_483e1f16a171d98ded1c1e4dcea8e701,Tor file transfer,d_07128c50bdc12202e87dc8310ed290a4,0,0,a_85db53ead25175810703e870b8d16304,a_e7d8c038c18055500148c5915382bd98,p_3dd478bd944ece2906a0c8e4425f63be,p_ca5ddbe5c5a149c35e4494a9112386e0,6,250620,49,56,13280,22220,105,35500,0.41896097677759159,141.64871119623334,338.09523809523807,0.46666666666666667,0.37408450704225354
r_fccf87c4cd2128d95d525d17fb195b6c,Tor file transfer,d_07128c50bdc12202e87dc8310ed290a4,0,0,a_dd0463b3a84f510aa33cdcc52359ef1d,a_e7d8c038c18055500148c5915382bd98,p_2d36b619be089107b3d8a5a53b5aa6c4,p_3a7e10cb1ca2a0d8591ef27d17cdfafe,6,250907,59,61,29134,15434,120,44568,0.47826485510567657,177.62756718624829,371.39999999999998,0.49166666666666664,0.65369772033746187
r_d703650375879879fd196b3511b58651,Tor file transfer,d_07128c50bdc12202e87dc8310ed290a4,0,0,a_bae0887fb131a3c2961c6022bd11bcad,a_e7d8c038c18055500148c5915382bd98,p_3dd478bd944ece2906a0c8e4425f63be,p_4a4549cc3aff2cc791cd2786612cc6e3,6,1988,4,3,720,180,7,900,3.5211267605633805,452.7162977867203,128.57142857142858,0.5714285714285714,0.80000000000000004
r_ffcb439c255f2e1b002b92ffc3ca1365,Tor file transfer,d_07128c50bdc12202e87dc8310ed290a4,0,0,a_e7d8c038c18055500148c5915382bd98,a_f056012035504ec478f09ad457740d73,p_20df4155a4d5410f9253694fa21b3f28,p_3dd478bd944ece2906a0c8e4425f63be,6,1736,10,10,861,3834,20,4695,11.52073732718894,2704.4930875576038,234.75,0.5,0.18338658146964856
r_c7ef0261084956a1ee72c2d668d91902,Tor file transfer,d_07128c50bdc12202e87dc8310ed290a4,0,0,a_e7d8c038c18055500148c5915382bd98,a_a860a3ab38b6d88c74540aa046f9aac4,p_c03d6fbce255e6e71cc68059ec63d28e,p_2313704d6916acc778397dda2b5b461d,6,249685,48,48,12144,18576,96,30720,0.38448445040751345,123.03502413040431,320,0.5,0.39531250000000001
r_0b848a18bf690361d7a56106a3aa4f55,Tor file transfer,d_07128c50bdc12202e87dc8310ed290a4,0,0,a_e7d8c038c18055500148c5915382bd98,a_7824f11e372ca72adb30c1d21138f21a,p_9db71a9f19bb475d39de32b52aea0cfc,p_53b18b33cc21a2933da3a83a094344d3,6,212142,38,38,11648,12148,76,23796,0.35825060572635309,112.17015018242498,313.10526315789474,0.5,0.48949403261052277
r_4fffad71d508e97b652aca4a2c3ccd97,Tor file transfer,d_07128c50bdc12202e87dc8310ed290a4,0,0,a_77f30976d60287220aa36a0de5a6969b,a_e7d8c038c18055500148c5915382bd98,p_53b18b33cc21a2933da3a83a094344d3,p_98ada8325117e6da964d5f2e93b3651f,6,251262,48,48,14824,15896,96,30720,0.38207130405711964,122.26281729827829,320,0.5,0.48255208333333333
r_ebed578105dc6e6dd3fe998333c7c5ca,Tor file transfer,d_07128c50bdc12202e87dc8310ed290a4,0,0,a_e7d8c038c18055500148c5915382bd98,a_fc94c327f58d131cfde45cb189c63930,p_694f3f3d55fec8d94e3a34b69de07942,p_3dd478bd944ece2906a0c8e4425f63be,6,43802,9,10,2636,2104,19,4740,0.43377014748185017,108.21423679284051,249.47368421052633,0.47368421052631576,0.55611814345991561
r_87dc777403b38af68f689d15c43b4e6b,Tor file transfer,d_07128c50bdc12202e87dc8310ed290a4,0,0,a_e7d8c038c18055500148c5915382bd98,a_d8748deaf11fd7d0c590fce1df3e43ee,p_9210756ee87069c9d18221ba7a43e883,p_3dd478bd944ece2906a0c8e4425f63be,6,250578,82,86,29816,28604,168,58420,0.67044991978545598,233.14097805872822,347.73809523809524,0.48809523809523808,0.51037315987675458
r_9ae03785188cb7154cfade705bab1d25,Tor file transfer,d_07128c50bdc12202e87dc8310ed290a4,0,0,a_e7d8c038c18055500148c5915382bd98,a_4d5e40621db7aeb95c362d20ca3b61d7,p_e54592b46ba8e61ca221abba75bb73d9,p_3dd478bd944ece2906a0c8e4425f63be,6,85914,441,703,68450,889927,1144,958377,13.315641222617966,11155.073678329492,837.74213286713291,0.38548951048951047,0.071422832559629459
r_8d77046a130234abfa0ad7ae2c662eed,Tor file transfer,d_07128c50bdc12202e87dc8310ed290a4,0,0,a_98522aaab9d61630b396b25ba9cc842e,a_e7d8c038c18055500148c5915382bd98,p_a144e943164565cc971c4ae3369cd5e2,p_504122e788043e218a390d9057b8de67,6,247425,43,49,16172,14876,92,31048,0.37182984742851366,125.48449024957057,337.47826086956519,0.46739130434782611,0.52087090955939186
r_3d4f42a6c2636ab580ea936f79af9028,Tor file transfer,d_07128c50bdc12202e87dc8310ed290a4,0,0,a_e7d8c038c18055500148c5915382bd98,a_9058bf78013d84931900c19e1aa654f8,p_1fe6ec3e9097fa5179c13b643a8dbd97,p_5ef96fb56442fad37d53590ba1296765,6,154570,1493,2770,398482,3495995,4263,3894477,27.579737335834899,25195.55541178754,913.55313159746652,0.35022284775979357,0.10231977233400018
r_9eede1e12f032a6ef1343c3266cdf849,Tor file transfer,d_07128c50bdc12202e87dc8310ed290a4,0,0,a_e7d8c038c18055500148c5915382bd98,a_ee83685ade4ef459a34f88c20b50a24f,p_d016babf9747228e3c7880fb07cb7091,p_3dd478bd944ece2906a0c8e4425f63be,6,170358,2006,2895,809448,3336539,4901,4145987,28.768827997511124,24336.908158114089,845.9471536421139,0.40930422362783103,0.195236502188743
r_dc8593ccbac21837f9ee1220a5648226,Tor file transfer,d_07128c50bdc12202e87dc8310ed290a4,0,0,a_e7d8c038c18055500148c5915382bd98,a_91441b16fb5f305e81ba52635a8f64f5,p_3109d8176f3ebc62145443861f992900,p_3dd478bd944ece2906a0c8e4425f63be,6,81328,19,16,4568,9461,35,14029,0.43035608892386384,172.4990163289396,400.82857142857142,0.54285714285714282,0.32561123387269231
r_4e963d8cd66659cde5d8ed78bd7f9e0e,Tor file transfer,d_07128c50bdc12202e87dc8310ed290a4,0,0,a_e7d8c038c18055500148c5915382bd98,a_ee83685ade4ef459a34f88c20b50a24f,p_e93318c25d9104902416cd2b97c452d2,p_3dd478bd944ece2906a0c8e4425f63be,6,146479,718,1263,184020,1577069,1981,1761089,13.524122911816709,12022.808730261675,888.98990408884401,0.36244321049974759,0.1044921636555563
r_ae5f43afa31cb4278dcca1f37d332d6b,Tor file transfer,d_07128c50bdc12202e87dc8310ed290a4,0,0,a_e7d8c038c18055500148c5915382bd98,a_121f956960eb9cac23d35146d51887c0,p_12dffa2c1d5509683dfed13a3b1e406e,p_2313704d6916acc778397dda2b5b461d,6,130805,48,49,19528,14540,97,34068,0.74156186690111225,260.44875960399065,351.21649484536084,0.49484536082474229,0.5732065281202301
r_d6b536037b13beb5bcb07cc8a09b952f,Tor file transfer,d_07128c50bdc12202e87dc8310ed290a4,0,0,a_e7d8c038c18055500148c5915382bd98,a_9058bf78013d84931900c19e1aa654f8,p_ff6b0d78bcd1991e377572bcb8076664,p_5ef96fb56442fad37d53590ba1296765,6,133555,1218,651,1466191,166339,1869,1632530,13.994234585002433,12223.653176593913,873.47779561262712,0.651685393258427,0.89810968251731971
r_07d0b0fec828c8e77b17be306ec37972,Tor file transfer,d_07128c50bdc12202e87dc8310ed290a4,0,0,a_e7d8c038c18055500148c5915382bd98,a_60d66d572eaf71dc174a1eccabb03f35,p_e79a32e1b12d547d1eb014679be771e4,p_e3b7775486eca350dd96d9c41ec24189,6,131565,39,33,14948,10458,72,25406,0.54725800934899105,193.10606924333979,352.86111111111109,0.54166666666666663,0.58836495316067072
r_4a681ac9b5db34e4adda882f92df0cec,Tor file transfer,d_07128c50bdc12202e87dc8310ed290a4,0,0,a_e7d8c038c18055500148c5915382bd98,a_833372f6055d1220ff0ee404092333b9,p_4bc732e10744439e164699de9111eaec,p_e2a4a4bf9c74500e61f176db310c2961,6,131278,36,36,11932,12745,72,24677,0.54845442496077035,187.97513673273514,342.73611111111109,0.5,0.48352717104996557
r_ade25f9ad3eaa796d880ae3b45ac1772,Tor file transfer,d_07128c50bdc12202e87dc8310ed290a4,0,0,a_e7d8c038c18055500148c5915382bd98,a_cd6bb5598588add69ea58da13e78691f,p_c92d350ef1edda19013439bfefa60c0f,p_3dd478bd944ece2906a0c8e4425f63be,6,127159,37,33,10912,14421,70,25333,0.55049190383692859,199.22301999858445,361.89999999999998,0.52857142857142858,0.43074250976986539
r_bbc68b40eccb307c459330a4ba6ee9e6,Tor file transfer,d_07128c50bdc12202e87dc8310ed290a4,0,0,a_e7d8c038c18055500148c5915382bd98,a_eca0e48172f6e34fc15e5ed053a5f262,p_bfd0b8b5597b5257c0e97f442a08b4f3,p_2313704d6916acc778397dda2b5b461d,6,131124,33,33,10165,12634,66,22799,0.50334034959275187,173.87358530856289,345.43939393939394,0.5,0.44585288828457387
r_53ac712c32a205da37ef5f34dd5b2095,Tor file transfer,d_07128c50bdc12202e87dc8310ed290a4,0,0,a_e7d8c038c18055500148c5915382bd98,a_39b0bc9da4ee9a4574c040d68331b2a0,p_a9d073266e4cd1c8674d9991b1dad411,p_64eab6039291da87b7bab47109b51546,6,131965,36,37,11932,12811,73,24743,0.553176978744364,187.49668472701094,338.94520547945206,0.49315068493150682,0.48223740047690256
r_3ad8e08349a182d138c55b284c32e527,Tor file transfer,d_07128c50bdc12202e87dc8310ed290a4,0,0,a_e7d8c038c18055500148c5915382bd98,a_343eba8dc0177034daf0008daea41ff5,p_4d23146d046237add20b0f1862c58cda,p_2313704d6916acc778397dda2b5b461d,6,128782,32,32,10113,12006,64,22119,0.49696386140920312,171.75536953922131,345.609375,0.5,0.45720873457208733
r_41890f17278d5bbc8d60017e840eeaf9,Tor file transfer,d_07128c50bdc12202e87dc8310ed290a4,0,0,a_e7d8c038c18055500148c5915382bd98,a_67af3babcdaf554ed54932bda60eea8d,p_36b3527ab4441786d83aa105e26d413a,p_653b5ef53af4e725335abf2902b506d4,6,132473,34,34,10220,13210,68,23430,0.51331214662610491,176.86622934484762,344.55882352941177,0.5,0.43619291506615449
r_72770bc5dd3054a74f0b3ff6b455b6b3,Tor file transfer,d_07128c50bdc12202e87dc8310ed290a4,0,0,a_e7d8c038c18055500148c5915382bd98,a_44549917b2a1c73df76eb271bcd926f3,p_f78db375575cfc59846d4865c61e36e8,p_3919451a0dfaecc18e4c3b5d9eae72c2,6,132436,37,37,9854,15520,74,25374,0.55876045788154272,191.59443051738197,342.89189189189187,0.5,0.38835027981398279
r_5be18c798102b767709b1a4d2226f6d7,Tor file transfer,d_07128c50bdc12202e87dc8310ed290a4,0,0,a_e7d8c038c18055500148c5915382bd98,a_4d82c993d95bf162603fb68209249385,p_e23649bb30d1a54f7e5ddd81972541b9,p_1963e2591018c086f63601cd6c1297bd,6,131978,34,33,13436,9946,67,23382,0.50766036763703037,177.16589128491111,348.9850746268657,0.5074626865671642,0.57463005730904115
r_a464e3852dea83e6858118bba6308c9e,Tor file transfer,d_07128c50bdc12202e87dc8310ed290a4,0,0,a_e7d8c038c18055500148c5915382bd98,a_92849343c663b4db0d6fd429f8a544ab,p_2003ec853b48ee51dff82e6c24aa0005,p_e2a4a4bf9c74500e61f176db310c2961,6,130732,46,37,15773,14469,83,30242,0.63488663831349634,231.32821344429826,364.36144578313252,0.55421686746987953,0.52155942067323591
r_2738f899cd2d12069101e496f4c01bef,Tor file transfer,d_07128c50bdc12202e87dc8310ed290a4,0,0,a_e7d8c038c18055500148c5915382bd98,a_77adec36dc089d110e84a69be0226444,p_00d969ab794766eb1c12be99b113d78a,p_3dd478bd944ece2906a0c8e4425f63be,6,130949,36,38,10332,14465,74,24797,0.56510549908743091,189.36379811987871,335.09459459459458,0.48648648648648651,0.41666330604508611
r_da48112380837ef628fc820b2dbb4b47,Tor file transfer,d_07128c50bdc12202e87dc8310ed290a4,0,0,a_e7d8c038c18055500148c5915382bd98,a_c390f6d409f6bcbc73c9d4a159bd96a3,p_eebabd0208abc3aafe29329a52449bec,p_64eab6039291da87b7bab47109b51546,6,73328,23,24,4782,21799,47,26581,0.64095570586951778,362.49454505782239,565.55319148936167,0.48936170212765956,0.17990293818893194
r_0a45afee38a9557ad7fd57ffb25f8fad,Tor file transfer,d_07128c50bdc12202e87dc8310ed290a4,0,0,a_e7d8c038c18055500148c5915382bd98,a_69fb0b835452ca85c178bdeaaf11695b,p_b7a71d9acc09d729175e2ab69abd8511,p_3d01955bb66b778c6aa471c3a2911a0a,6,24865,702,944,108566,1167923,1646,1276489,66.197466318117847,51336.778604464111,775.50972053462942,0.4264884568651276,0.085050478304160862
r_2550738ead138461260293b8434a3fe5,Tor file transfer,d_3e1af2e0e0112280268374b53ba71493,0,0,a_e7d8c038c18055500148c5915382bd98,a_917f5655ceadfd1fd659246ab9229cf3,p_4359734ca96a30ebffa629d5a82f8856,p_64eab6039291da87b7bab47109b51546,6,1241,11,11,1558,3951,22,5509,17.727639000805802,4439.1619661563254,250.40909090909091,0.5,0.28280994735886733
r_77ea386159d33986dd04e6717c34c7c1,Tor file transfer,d_3e1af2e0e0112280268374b53ba71493,0,0,a_e7d8c038c18055500148c5915382bd98,a_2f41308a96903d9050fe5ef9bbe0e314,p_17364dea43bb2322145d494c598bc8fc,p_53b18b33cc21a2933da3a83a094344d3,6,2043,8,9,1396,3863,17,5259,8.3210964268232992,2574.1556534508072,309.35294117647061,0.47058823529411764,0.26544970526716105
r_cfe8d8e7ec8fbcacf6181520a791d374,Tor file transfer,d_3e1af2e0e0112280268374b53ba71493,0,0,a_e7d8c038c18055500148c5915382bd98,a_2f41308a96903d9050fe5ef9bbe0e314,p_6cd5d65bcb4697c2227de87a335912c8,p_53b18b33cc21a2933da3a83a094344d3,6,82205,2029,3584,525238,4595337,5613,5120575,68.280518216653491,62290.310808344992,912.27062177088897,0.36148227329413862,0.10257402733091499
r_86c2af884f41cfb2bc42cb835be2d932,Tor file transfer,d_3e1af2e0e0112280268374b53ba71493,0,0,a_e7d8c038c18055500148c5915382bd98,a_8873821d91c526b299ac024e64478c61,p_d23be3cfda75ac9c837ec09b69a08b26,p_3dd478bd944ece2906a0c8e4425f63be,6,70597,1259,2226,330189,2827294,3485,3157483,49.364703882601248,44725.455755910312,906.02094691535149,0.36126255380200861,0.10457348463950558
r_04927e3be7761882a1d94f05c7c61992,Tor file transfer,d_3e1af2e0e0112280268374b53ba71493,0,0,a_e7d8c038c18055500148c5915382bd98,a_f75f0944ced4ad46458a0936b8281bb9,p_e17c990371f0c9bb82383c912ce002dd,p_64eab6039291da87b7bab47109b51546,6,91826,5095,10114,897362,13174593,15209,14071955,165.62847123908261,153245.86718358635,925.23867446906434,0.33499901374186336,0.063769533089041291
r_096a0442fdf11456adf64f4e212efea4,Tor file transfer,d_3e1af2e0e0112280268374b53ba71493,0,0,a_e7d8c038c18055500148c5915382bd98,a_120dc939351f663b0f41c201af226949,p_56d861a0a8d8e1905df90b77c9913f3d,p_2d36b619be089107b3d8a5a53b5aa6c4,6,84470,4764,9523,848156,12463977,14287,13312133,169.1369717059311,157595.98674085474,931.76545110940015,0.3334499895009449,0.063713005271206352
r_41bd95e4c002e3e2cf2eb10677b20568,Tor file transfer,d_3e1af2e0e0112280268374b53ba71493,0,0,a_e7d8c038c18055500148c5915382bd98,a_db61c1ebde21a4bbe71e70376a9b29fe,p_81f5e885409254a80f87e7621d839c68,p_3dd478bd944ece2906a0c8e4425f63be,6,64509,375,663,47420,858306,1038,905726,16.090778030972423,14040.304453642128,872.56840077071286,0.36127167630057805,0.052355789720069865
r_97c5a91531c889208a49a484b4d42c57,Tor file transfer,d_3e1af2e0e0112280268374b53ba71493,0,0,a_e7d8c038c18055500148c5915382bd98,a_62649351f8ba8e02535c4c4155165d2e,p_290bb4c412179e7d94f6eb5979dfde75,p_64eab6039291da87b7bab47109b51546,6,1910,10,8,1491,3807,18,5298,9.4240837696335085,2773.8219895287957,294.33333333333331,0.55555555555555558,0.2814269535673839
r_25a532ab9d5eaec1d0475c43e058dc95,Tor file transfer,d_3e1af2e0e0112280268374b53ba71493,0,0,a_e7d8c038c18055500148c5915382bd98,a_62649351f8ba8e02535c4c4155165d2e,p_10c1a28a0e42fbf92e87a1d757cf1e2e,p_64eab6039291da87b7bab47109b51546,6,76494,1788,3233,476107,4158565,5021,4634672,65.639135095563049,60588.699767302009,923.05755825532765,0.35610436168094006,0.10272722643587291
r_0e17cdedd93a33611b9dbee72192eef2,Tor file transfer,d_3e1af2e0e0112280268374b53ba71493,0,0,a_e7d8c038c18055500148c5915382bd98,a_4362a21eef786f71d38437758da8d82e,p_1bd903afc17891da14f84a7cae23db89,p_3dd478bd944ece2906a0c8e4425f63be,6,70384,405,661,48986,858250,1066,907236,15.145487610820641,12889.80450102296,851.06566604127579,0.3799249530956848,0.053994770930606811
r_236b1242bdeb909be322f1782c745a32,Tor file transfer,d_3e1af2e0e0112280268374b53ba71493,0,0,a_e7d8c038c18055500148c5915382bd98,a_efa9a70c96d1a269183e3b7f1b825556,p_edaf14c25d8e497b06b303df60c38cf2,p_3dd478bd944ece2906a0c8e4425f63be,6,75950,1338,2555,371017,3263927,3893,3634944,51.257406188281763,47859.697169190258,933.71281787824296,0.34369380940148986,0.10206952294175646
r_722817f665bf82d7f6d81c39e1a0f420,Tor file transfer,d_3e1af2e0e0112280268374b53ba71493,0,0,a_e7d8c038c18055500148c5915382bd98,a_7f9a3d6cb1fa2e3871b0adaae0231dfa,p_a4a65ca55c1ca6990b289106249486cb,p_2313704d6916acc778397dda2b5b461d,6,70256,419,665,49711,858443,1084,908154,15.429287178319289,12926.355044409018,837.78044280442805,0.38653136531365312,0.054738513512025494
r_1f001bf21beaa8a098d9931e3422cdc3,Tor file transfer,d_3e1af2e0e0112280268374b53ba71493,0,0,a_e7d8c038c18055500148c5915382bd98,a_37e02799dd74dc892c7d9d9c7b15b566,p_5e59aaeaec76bbd704d714d5e2e5fb43,p_3dd478bd944ece2906a0c8e4425f63be,6,72158,10,9,2021,4959,19,6980,0.26331106737991627,96.732171069042934,367.36842105263156,0.52631578947368418,0.28954154727793696
r_c6289c2a215eb12f7ea7155eb47e2cfb,Tor file transfer,d_3e1af2e0e0112280268374b53ba71493,0,0,a_e7d8c038c18055500148c5915382bd98,a_87e2c0b2b2c34db0136c31995553216e,p_45b1cd6ab89aebfc29f50b43ff2c7fa3,p_3dd478bd944ece2906a0c8e4425f63be,6,1889,10,9,1490,3853,19,5343,10.058231868713605,2828.4806776071996,281.21052631578948,0.52631578947368418,0.27886954894254162
r_fa27fa4e1bc3815a92732a02ada8dd7e,Tor file transfer,d_3e1af2e0e0112280268374b53ba71493,0,0,a_e7d8c038c18055500148c5915382bd98,a_87e2c0b2b2c34db0136c31995553216e,p_edaf14c25d8e497b06b303df60c38cf2,p_3dd478bd944ece2906a0c8e4425f63be,6,77128,993,1779,262318,2271009,2772,2533327,35.940255160253088,32845.749922207237,913.8986291486292,0.35822510822510822,0.10354683781446296
r_0d3257d1c038ee4b05d3a292c1c7de11,Tor file transfer,d_3e1af2e0e0112280268374b53ba71493,0,0,a_e7d8c038c18055500148c5915382bd98,a_0095cc545b2ef456f31c6279027813d4,p_8a86f1c31e0401ee0e25e25c4a676be6,p_2313704d6916acc778397dda2b5b461d,6,72970,2114,4037,587364,5220137,6151,5807501,84.294915718788545,79587.51541729478,944.15558445781176,0.34368395382864575,0.10113885473287047
r_b11f4e35c8983f539b1c1c80d42834be,Tor file transfer,d_3e1af2e0e0112280268374b53ba71493,0,0,a_e7d8c038c18055500148c5915382bd98,a_1b5ed13f48b330d0e3b2b4abe569c9f7,p_03d6791ec2afdd0365a8f247f0d17431,p_64eab6039291da87b7bab47109b51546,6,1846,8,8,1392,3790,16,5182,8.6673889490790899,2807.1505958829903,323.875,0.5,0.26862215360864533
r_5a1b90ff8c74813a77f768b9098b0658,Tor file transfer,d_3e1af2e0e0112280268374b53ba71493,0,0,a_e7d8c038c18055500148c5915382bd98,a_4362a21eef786f71d38437758da8d82e,p_5a3028f9488a270ca061931805537307,p_3dd478bd944ece2906a0c8e4425f63be,6,72969,409,663,49217,858486,1072,907703,14.691170222971399,12439.57022845318,846.73787313432831,0.38152985074626866,0.054221479933414342
r_473f08cb7cacb2fc3f1acd3379a065df,Tor file transfer,d_3e1af2e0e0112280268374b53ba71493,0,0,a_e7d8c038c18055500148c5915382bd98,a_8801d68625c2d114cb7aa8c3c262d293,p_0830eaab2be97e6d474b92f4629bd7c6,p_2313704d6916acc778397dda2b5b461d,6,81851,1873,3451,503595,4414828,5324,4918423,65.045020830533531,60089.956139815033,923.82099924868521,0.35180315552216379,0.10238952607370289
r_bf512088ee789328833edbe59788280d,Tor file transfer,d_3e1af2e0e0112280268374b53ba71493,0,0,a_e7d8c038c18055500148c5915382bd98,a_1b5ed13f48b330d0e3b2b4abe569c9f7,p_e8422819398279acc5d8c37709479d01,p_64eab6039291da87b7bab47109b51546,6,76891,3874,8010,707061,10420746,11884,11127807,154.55645003966654,144721.84000728303,936.36881521373277,0.32598451699764391,0.063540012870460461
r_2e2a3b900ed911a12288b107e0b4c558,Tor file transfer,d_3e1af2e0e0112280268374b53ba71493,0,0,a_e7d8c038c18055500148c5915382bd98,a_14f6b52fad3579780a1c7ab5233cf9a6,p_0b0eed62d18c985b7a623e18666a6aaa,p_e2a4a4bf9c74500e61f176db310c2961,6,71255,34,29,9028,16590,63,25618,0.88414848080836439,359.52564732299493,406.63492063492066,0.53968253968253965,0.35240846279959404
r_1b4b2f0af3b7dd529b9df768cbf2f144,Tor file transfer,d_3e1af2e0e0112280268374b53ba71493,0,0,a_e7d8c038c18055500148c5915382bd98,a_2ce2103a899cf24287b837afca0be67e,p_0de90a4307e2ab370bbdb443994ec2a3,p_3dd478bd944ece2906a0c8e4425f63be,6,76150,1470,2605,378898,3317460,4075,3696358,53.512803676953375,48540.48588312541,907.08171779141105,0.36073619631901843,0.10250576378153847
r_71a034b0a18fbeb175515ae807eb95fe,Tor file transfer,d_3e1af2e0e0112280268374b53ba71493,0,0,a_e7d8c038c18055500148c5915382bd98,a_b3cedc037d8a7d6415e832c465003c3b,p_cf9bc918f7afdf48ce78088f479ecaeb,p_2313704d6916acc778397dda2b5b461d,6,77581,1787,3269,476161,4159596,5056,4635757,65.170595893324389,59753.767030587383,916.88231803797464,0.35344145569620256,0.10271483168768338
r_0f7ba065d9a3a2be5d848eaa3d76c069,Tor file transfer,d_3e1af2e0e0112280268374b53ba71493,0,0,a_e7d8c038c18055500148c5915382bd98,a_e6d344fe11a92aca34c94c5a2b558b15,p_fc9d7a3db673e7e98b76dd152be9381a,p_d7195ebfc9c48d4a0beab7870d0eba9c,6,71601,462,672,53914,859691,1134,913605,15.83776762894373,12759.668161059204,805.64814814814815,0.40740740740740738,0.059012374056621845
r_21a7f72b8619bd3b45c47884dde2b1ce,Tor file transfer,d_3e1af2e0e0112280268374b53ba71493,0,0,a_e7d8c038c18055500148c5915382bd98,a_9ce2c1dd870488154b22d950e6326fe3,p_9503dc13515d1fd2a9daf6a70a83180d,p_3dd478bd944ece2906a0c8e4425f63be,6,73398,1002,1788,260557,2260534,2790,2521091,38.011934930107088,34348.224747268323,903.61684587813625,0.35913978494623655,0.10335089054698939
r_7f0727d6b055a79e772cf1096c75e894,Tor file transfer,d_3e1af2e0e0112280268374b53ba71493,0,0,a_e7d8c038c18055500148c5915382bd98,a_85f22f8defd8889ff18d1bc9d340c13e,p_d7355350597db8229d46c7926e134241,p_2313704d6916acc778397dda2b5b461d,6,70474,386,661,48005,858048,1047,906053,14.856542838493628,12856.557028123847,865.38013371537727,0.36867239732569246,0.05298255179332776
r_a781f596bbb49d6d3eda7901d9a86d96,Tor file transfer,d_3e1af2e0e0112280268374b53ba71493,0,0,a_e7d8c038c18055500148c5915382bd98,a_14f6b52fad3579780a1c7ab5233cf9a6,p_d4e9aee28ff34c2cce9e36f84ef92c56,p_e2a4a4bf9c74500e61f176db310c2961,6,72345,2171,4040,587044,5158656,6211,5745700,85.852512267606613,79420.830741585465,925.08452745129614,0.34954113669296411,0.10217101484588474
r_4632b44cba7ceb1afcf04045aef23698,Tor file transfer,d_3e1af2e0e0112280268374b53ba71493,0,0,a_e7d8c038c18055500148c5915382bd98,a_35928deabc1887e3abbe0bf98d740370,p_ad1082452980374d6ba3787787e14e07,p_3dd478bd944ece2906a0c8e4425f63be,6,70683,1357,2423,350719,3075864,3780,3426583,53.478205509104022,48478.17721375719,906.5034391534391,0.35899470899470898,0.10235240179502438
r_554bcd01e38e95d638e721eb8b1b3d7d,Tor file transfer,d_3e1af2e0e0112280268374b53ba71493,0,0,a_e7d8c038c18055500148c5915382bd98,a_068db296fa7e853b6d89802beee6faaa,p_e8d7175d100685ae5c2ebfc186f1a848,p_43df02fd0b2e49858e28f6f6da383215,6,89245,5881,11621,1035070,15079787,17502,16114857,196.11182699310885,180568.73774441145,920.74374357216323,0.33601874071534682,0.064230790257710627
r_f10f92c63fd087156a980265a626d191,Tor file transfer,d_3e1af2e0e0112280268374b53ba71493,0,0,a_e7d8c038c18055500148c5915382bd98,a_ba5851337cdc91d947e104bfb96a5f71,p_a998e94f4449fb31da05cbe57ca2ecb0,p_2313704d6916acc778397dda2b5b461d,6,71736,371,660,47208,858117,1031,905325,14.372142299542768,12620.232519237203,878.10378273520848,0.35984481086323955,0.0521448098749068
r_9851c5493d8899921224bbcfcdfadc18,Tor file transfer,d_3e1af2e0e0112280268374b53ba71493,0,0,a_e7d8c038c18055500148c5915382bd98,a_8ad3d004aaea95dd920f5565cb97ee42,p_b2b17128614d490f62b3b10f2018b3d0,p_7aed2817a1259e69653af05a7fa83c69,6,66793,420,757,53465,982134,1177,1035599,17.621607054631472,15504.603775844773,879.86321155480039,0.356839422259983,0.051627125943536058
r_0da20576c1c54a400b75405b6e6c6a65,Tor file transfer,d_3e1af2e0e0112280268374b53ba71493,0,0,a_e7d8c038c18055500148c5915382bd98,a_e7b1a4eb15538679707ab6e886dee81e,p_ffc0a2af7a75d46ed2ce1eb7dd8f68d6,p_64eab6039291da87b7bab47109b51546,6,64617,32,28,9955,17022,60,26977,0.92854821486605688,417.49075320736029,449.61666666666667,0.53333333333333333,0.36901805241502023
r_c47f258568e1a056ed0ec88261c1d39f,Tor file transfer,d_3e1af2e0e0112280268374b53ba71493,0,0,a_e7d8c038c18055500148c5915382bd98,a_3d1ef2eefa0bb9ecb4ab1ecf791edd5f,p_4d748007687b2646d830dab6fbd37b36,p_2313704d6916acc778397dda2b5b461d,6,77581,2044,4204,606548,5355678,6248,5962226,80.535182583364474,76851.62604245884,954.26152368758005,0.32714468629961585,0.101731802853498
r_a1ef7c13f9a808cd1857ddf04d86d5c8,Tor file transfer,d_3e1af2e0e0112280268374b53ba71493,0,0,a_e7d8c038c18055500148c5915382bd98,a_163fed2ccd51815107ca6be39e260709,p_233e6bbe0dbf67fa2a2e460c34121531,p_3dd478bd944ece2906a0c8e4425f63be,6,75639,976,1728,250067,2186259,2704,2436326,35.748753949682047,32209.918163910155,901.00813609467457,0.36094674556213019,0.10264102587256385
r_595822d7b2a9ee1828ec637aa4d62a7b,Tor file transfer,d_3e1af2e0e0112280268374b53ba71493,0,0,a_e7d8c038c18055500148c5915382bd98,a_b586ae6153946314c9244e8b32cd2f59,p_97f7baa1425d945fa908c7e97898f052,p_3dd478bd944ece2906a0c8e4425f63be,6,72716,390,659,48206,853680,1049,901886,14.425986027834316,12402.854942516091,859.7578646329838,0.37178265014299333,0.053450214328640208
r_91545b8a8ca1b067e0fb2d3a37454dcf,Tor file transfer,d_3e1af2e0e0112280268374b53ba71493,0,0,a_e7d8c038c18055500148c5915382bd98,a_e7b1a4eb15538679707ab6e886dee81e,p_c9b3120f1f47a3cb3e1b248b146cb040,p_64eab6039291da87b7bab47109b51546,6,85703,4432,9134,799504,11873556,13566,12673060,158.29084162748094,147871.83645846703,934.17809228954741,0.32669910069290875,0.063086894562165721
r_0637d3db563a0278927a1d153958d926,Tor file transfer,d_3e1af2e0e0112280268374b53ba71493,0,0,a_e7d8c038c18055500148c5915382bd98,a_d0f5400ec879a15e9c14a72b249057f4,p_f57d11404b54a5eabf370f135329489d,p_2313704d6916acc778397dda2b5b461d,6,80687,2055,3711,476303,4040808,5766,4517111,71.461325864141685,55983.132350936336,783.40461325008675,0.35639958376690944,0.10544416552969364
r_a9f5a2e8d47876685867c1eddbd0b356,Tor file transfer,d_3e1af2e0e0112280268374b53ba71493,0,0,a_e7d8c038c18055500148c5915382bd98,a_af13fb403e2ca17a4bee0de07c7cce5d,p_a3a06058c3d106bcafe145935b1e5da7,p_cb2a3d1cffb3ffaa65569ee444e6797c,6,89398,6531,13006,1154637,17009769,19537,18164406,218.53956464350435,203185.82071187274,929.74387060449408,0.33428878538158369,0.063565910165187894
r_badcc9b0db5dfb3a42b520a63f1ac6ae,Tor file transfer,d_3e1af2e0e0112280268374b53ba71493,0,0,a_e7d8c038c18055500148c5915382bd98,a_80f054d4007522abaed414dbfea08667,p_8399408abe9bb28df76de0dd8ae5e9fc,p_3dd478bd944ece2906a0c8e4425f63be,6,66384,10,9,2016,4955,19,6971,0.28621354543263439,105.01024343215232,366.89473684210526,0.52631578947368418,0.28919810644096972
r_ee74b12546839c28e6476dee9b3d49b7,Tor file transfer,d_3e1af2e0e0112280268374b53ba71493,0,0,a_e7d8c038c18055500148c5915382bd98,a_d8473cb141aae6f22dae15113abbec1f,p_57869aabcac2c4b98e1d563b23eddf6d,p_2313704d6916acc778397dda2b5b461d,6,79229,1139,1967,289570,2496718,3106,2786288,39.202817150285881,35167.527041865986,897.06632324533166,0.36670959433354799,0.10392680153666814
r_31e81fb7e91d5dee6689057f6c1646e4,Tor file transfer,d_3e1af2e0e0112280268374b53ba71493,0,0,a_e7d8c038c18055500148c5915382bd98,a_ba5851337cdc91d947e104bfb96a5f71,p_4a58888f96a08cc334e5ed03a620a626,p_2313704d6916acc778397dda2b5b461d,6,68735,363,660,46788,858293,1023,905081,14.883247253946315,13167.687495453554,884.73216031280549,0.35483870967741937,0.051694820684557517
r_040ae29237674a0b9f97c4a818b2e140,Tor file transfer,d_3e1af2e0e0112280268374b53ba71493,0,0,a_e7d8c038c18055500148c5915382bd98,a_e6510a5d176aaca6618aa3715f81cb3f,p_050133087cebefc6262d01bea7745d07,p_3919451a0dfaecc18e4c3b5d9eae72c2,6,63019,27,28,7100,13889,55,20989,0.87275266189561884,333.05828400958444,381.61818181818182,0.49090909090909091,0.33827242841488397
r_8f39a31e730e3d6547c2a61dd648288a,Tor file transfer,d_3e1af2e0e0112280268374b53ba71493,0,0,a_e7d8c038c18055500148c5915382bd98,a_4038c02309057cb7ace1aed4cf1ebf75,p_4728508893cb8347150abb3732350644,p_3dd478bd944ece2906a0c8e4425f63be,6,64716,372,664,48815,859505,1036,908320,16.008405958341061,14035.478088880649,876.75675675675677,0.35907335907335908,0.05374207327813986
r_3ab59f32cf41cd092ba4a54e29965543,Tor file transfer,d_3e1af2e0e0112280268374b53ba71493,0,0,a_e7d8c038c18055500148c5915382bd98,a_e6510a5d176aaca6618aa3715f81cb3f,p_e7e159df9c4cbefb7bd50bd505050869,p_3919451a0dfaecc18e4c3b5d9eae72c2,6,80942,1891,3477,505068,4417827,5368,4922895,66.319092683650027,60820.031627585187,917.08178092399407,0.35227272727272729,0.10259572873278833
r_162b68c5837e35cf3ba6b390faa07965,Tor file transfer,d_3e1af2e0e0112280268374b53ba71493,0,0,a_e7d8c038c18055500148c5915382bd98,a_94888b7827cd0ee1350e1df6c55a9d26,p_120f541bade966c574a4d833eb6f524b,p_3dd478bd944ece2906a0c8e4425f63be,6,71857,1344,2403,357811,3052460,3747,3410271,52.145232893107142,47459.134113586704,910.13370696557251,0.35868694955964769,0.10492157368138778
r_4eeeafccca2fcaad40123c3515a1f454,Tor file transfer,d_3e1af2e0e0112280268374b53ba71493,0,0,a_e7d8c038c18055500148c5915382bd98,a_5c25e15c88206e70e411bb4233d657e5,p_eb248ebd2ffbcf099796fc62574e27fc,p_4ab90d1928ebd5a7235cc2db9185505b,6,1673,8,9,1390,3885,17,5275,10.161386730424388,3153.0185295875672,310.29411764705884,0.47058823529411764,0.26350710900473934
r_d5d3f7da04fc969102a6a1dbf62aefd1,Tor file transfer,d_3e1af2e0e0112280268374b53ba71493,0,0,a_e7d8c038c18055500148c5915382bd98,a_db2f0bff2e3bb8f8c485668fc45fa0d4,p_6d4c0ffcdeae04c48e922ca36848660c,p_e805c9d7b1b02a765dbe79d4dc8d4bd7,6,77004,2191,4125,596520,5289855,6316,5886375,82.021713157758029,76442.457534673522,931.97830905636476,0.34689677010766307,0.10133910938395872
r_42413b6d4847e788a59f625602ba605f,Tor file transfer,d_3e1af2e0e0112280268374b53ba71493,0,0,a_e7d8c038c18055500148c5915382bd98,a_dc3c82be118b1070a306bc59506d3c31,p_d2b40d28978364ad0669201f52ac391f,p_e3b7775486eca350dd96d9c41ec24189,6,76659,2991,6027,532921,7802473,9018,8335394,117.63785074159588,108733.40377516011,924.30627633621646,0.33166999334664005,0.063934710224855598
r_246ac3cdc4830646c144745017fa4007,Tor file transfer,d_3e1af2e0e0112280268374b53ba71493,0,0,a_e7d8c038c18055500148c5915382bd98,a_5c25e15c88206e70e411bb4233d657e5,p_26a32529453694497abe1711797b02db,p_2313704d6916acc778397dda2b5b461d,6,75319,376,667,47591,859972,1043,907563,13.847767495585442,12049.589081108352,870.1466922339406,0.36049856184084372,0.052438232938099065
r_452a291928d5f50f659fd02d5e0660f4,Tor file transfer,d_3e1af2e0e0112280268374b53ba71493,0,0,a_e7d8c038c18055500148c5915382bd98,a_272f43be149f6fcf4360a53fac707f1b,p_51d5ec0288d359baee407ba4b7cab1b1,p_2d36b619be089107b3d8a5a53b5aa6c4,6,64475,28,26,7688,14344,54,22032,0.83753392787902292,341.71384257464138,408,0.51851851851851849,0.34894698620188819
r_fcbe86234e2ccb960b3d5f49d0c8f332,Tor file transfer,d_3e1af2e0e0112280268374b53ba71493,0,0,a_4f40e4207ec4a5d9ebe61f2f166b35c0,a_e7d8c038c18055500148c5915382bd98,p_2313704d6916acc778397dda2b5b461d,p_fe8df4ed3e165bdf86677b322fe6e0de,6,1794892,482,485,164424,172540,967,336964,0.53875107805929268,187.73497235488261,348.46328852119956,0.4984488107549121,0.48795717049892567
r_e4c463954f4095ee8e857b5d39708a2a,Tor file transfer,d_3e1af2e0e0112280268374b53ba71493,0,0,a_71394ec0ae14eb2d17f693263a2fab11,a_e7d8c038c18055500148c5915382bd98,p_e8fa32c526b9b4cdc16418a4dc18e34a,p_36ec99260569357f7338e73537c8e415,6,1794576,8394,4733,10353520,703352,13127,11056872,7.3148197680120539,6161.2726348730839,842.29999238211315,0.63944541784109088,0.9363877957527228
r_3385e4a308da84d366c0b5cdc5233990,Tor file transfer,d_3e1af2e0e0112280268374b53ba71493,0,0,a_4597ffd59430866bcf6987513c4d052f,a_e7d8c038c18055500148c5915382bd98,p_4b1c6dfa646a9fcf04705615d9a89740,p_6062a3d5e6844c74e1ca23012978411f,6,1596483,367,382,118828,144376,749,263204,0.4691562641130535,164.86489364434198,351.4072096128171,0.48998664886515353,0.45146730292852694
r_4006c4c917b99c634cf38037ccf016e3,Tor file transfer,d_3e1af2e0e0112280268374b53ba71493,0,0,a_67af3babcdaf554ed54932bda60eea8d,a_e7d8c038c18055500148c5915382bd98,p_653b5ef53af4e725335abf2902b506d4,p_ddc4d386598d40c848d722ad5455964e,6,1135248,238,242,87428,73042,480,160470,0.42281510295547753,141.3523741068031,334.3125,0.49583333333333335,0.54482457780270455
r_82e57ec97e44882cd70399e8f9e55809,Tor file transfer,d_3e1af2e0e0112280268374b53ba71493,0,0,a_e1ac69d38ca843d027c880acb90b728f,a_e7d8c038c18055500148c5915382bd98,p_3dd478bd944ece2906a0c8e4425f63be,p_7858f4515d9efaf81f3c75f7aacc4446,6,1530351,369,367,116776,130284,736,247060,0.48093541939071488,161.44008792754079,335.67934782608694,0.50135869565217395,0.47266251113089935
r_148488d200dbb1bd3f34f4837df43d88,Tor file transfer,d_3e1af2e0e0112280268374b53ba71493,0,0,a_c74275a4b1c41856e9530b991a8762d6,a_e7d8c038c18055500148c5915382bd98,p_5ca67bdf35c39c253968da52f56be2c6,p_c58df1cc5c4cc1659837d8591d15b588,6,1443199,338,347,116224,120066,685,236290,0.47464001845899279,163.72655468857724,344.94890510948903,0.49343065693430654,0.49187015954970587
r_9c271c815627a5e0f3b92e5d321eca80,Tor file transfer,d_3e1af2e0e0112280268374b53ba71493,0,0,a_e7d8c038c18055500148c5915382bd98,a_5ce92e7d66ad15c87973f33e6314ae49,p_bffb5f42e62bc14e704de8308240a08f,p_59add6c69faa2fcebe82de14314cf8aa,6,1795430,413,416,146482,135264,829,281746,0.46172783121592043,156.92396807450027,339.86248492159228,0.49819059107358266,0.51990800224315514
r_6b2797f6ba23ad6bf1435ee32a463c4c,Tor file transfer,d_3e1af2e0e0112280268374b53ba71493,0,0,a_24d57f494a52ef849fbf4232a57825e0,a_e7d8c038c18055500148c5915382bd98,p_2d36b619be089107b3d8a5a53b5aa6c4,p_4d6f26870fe921e00a36da1bc4f1450d,6,1799350,433,434,145260,154476,867,299736,0.4818406646844694,166.58015394447995,345.71626297577853,0.49942329873125718,0.48462647129473935
r_c60356660e87c6217fc4505793574341,Tor file transfer,d_3e1af2e0e0112280268374b53ba71493,0,0,a_e7d8c038c18055500148c5915382bd98,a_69fb0b835452ca85c178bdeaaf11695b,p_ef299d0f79a9de6de5ea06899bb17b4e,p_3d01955bb66b778c6aa471c3a2911a0a,6,1798460,4249,7431,662870,9073070,11680,9735940,6.4944452476007246,5413.4870945141956,833.55650684931504,0.36378424657534247,0.068084848509748414
r_6fc999e9fad78c72da477894427c98ad,Tor file transfer,d_3e1af2e0e0112280268374b53ba71493,0,0,a_12b71b62cd61d16405990587f8178445,a_e7d8c038c18055500148c5915382bd98,p_3d01955bb66b778c6aa471c3a2911a0a,p_66feb190f0393543c88ffed97d9628d8,6,1799700,522,512,167052,192124,1034,359176,0.57454020114463522,199.57548480302273,347.36557059961314,0.50483558994197297,0.46509789072766555
r_16ec2f887ab9381b1eaf0c699e9d148e,Tor file transfer,d_3e1af2e0e0112280268374b53ba71493,0,0,a_b7d6f6ee1b0b769a8cbd671df3489079,a_e7d8c038c18055500148c5915382bd98,p_a144e943164565cc971c4ae3369cd5e2,p_75bb58c53f73d2609a2e682fd4b850f3,6,267244,37,38,20684,2512,75,23196,0.28064240918411637,86.797084312463511,309.27999999999997,0.49333333333333335,0.89170546645973447
r_c97676c34c635a415e575171fc11a966,Tor file transfer,d_3e1af2e0e0112280268374b53ba71493,0,0,a_fd81562f046baec66c477226e75de25c,a_e7d8c038c18055500148c5915382bd98,p_2313704d6916acc778397dda2b5b461d,p_fb6672c9c045138f7264d7defb6cd7e3,6,512043,80,81,44920,5260,161,50180,0.31442671806859973,97.999582066349902,311.6770186335404,0.49689440993788819,0.89517736149860505
r_846f8b435cc62ad875bfe5a31754d8b6,Tor file transfer,d_3e1af2e0e0112280268374b53ba71493,0,0,a_3bf9f57097a8fd1fae301e1ca42eedac,a_e7d8c038c18055500148c5915382bd98,p_b303345724f72d24ec6c9d55662f6c01,p_ca6ef2aab10752e48a6755f900f37c42,6,53125,10,11,5344,572,21,5916,0.3952941176470588,111.36,281.71428571428572,0.47619047619047616,0.90331304935767409
r_aea1d960f0f7919be808fa1a8af04fe9,Tor file transfer,d_3e1af2e0e0112280268374b53ba71493,0,0,a_e7d8c038c18055500148c5915382bd98,a_68facb89ed368f51a88561e96874119d,p_631777bb39b6ffaaccd7acb76e360c4d,p_2313704d6916acc778397dda2b5b461d,6,68063,11,0,660,0,11,660,0.16161497436198816,9.6968984617192895,60,1,1
r_54d41bac829e681eadc9294c71faad33,Tor file transfer,d_3e1af2e0e0112280268374b53ba71493,0,0,a_e7d8c038c18055500148c5915382bd98,a_e463cca9792726ac4ee8695a6ee6de0b,p_5d52336c08fd33d3560bdb4ca3c21f5b,p_2313704d6916acc778397dda2b5b461d,6,1582786,389,362,136822,124440,751,261262,0.47447980965209446,165.06463918685154,347.88548601864181,0.51797603195739017,0.52369651920294569
r_019d34013d3ba3daabb20cede29d3218,Tor file transfer,d_3e1af2e0e0112280268374b53ba71493,0,0,a_e7d8c038c18055500148c5915382bd98,a_12b71b62cd61d16405990587f8178445,p_b58b9d8f8d13712437c9b9e0d78b546e,p_3d01955bb66b778c6aa471c3a2911a0a,6,419,3,2,132,128,5,260,11.933174224343675,620.52505966587114,52,0.59999999999999998,0.50769230769230766
r_30f0b4ee5162061ba1c593915c6f85c1,Tor file transfer,d_3e1af2e0e0112280268374b53ba71493,0,0,a_0bdb5dc1c5c8490bf060adeb04ddd33c,a_e7d8c038c18055500148c5915382bd98,p_3dd478bd944ece2906a0c8e4425f63be,p_0c15a309dd473bd32fb946afac6945d4,6,1051215,261,262,92924,86232,523,179156,0.49751953691680584,170.4275528792873,342.55449330783938,0.49904397705544934,0.51867646073812768
r_4c5d88ff185617b3a4d64089b11978f2,Tor file transfer,d_3e1af2e0e0112280268374b53ba71493,0,0,a_e7d8c038c18055500148c5915382bd98,a_8873821d91c526b299ac024e64478c61,p_92f0e3944d4222666e54538fc6d2393d,p_3dd478bd944ece2906a0c8e4425f63be,6,631816,161,146,64159,68712,307,132871,0.48590095850690707,210.30015067677931,432.8045602605863,0.52442996742671011,0.48286684077037129
r_f0f978bd7db370586a3f64bb2b922aa5,Tor file transfer,d_3e1af2e0e0112280268374b53ba71493,0,0,a_e7d8c038c18055500148c5915382bd98,a_10ec1b63e45b1629a83bf9403e1c5b3f,p_04b502a8f95f49aa43940d690148ef6e,p_3dd478bd944ece2906a0c8e4425f63be,6,990876,293,282,126258,103738,575,229996,0.58029460800342325,232.11380636931364,399.99304347826086,0.50956521739130434,0.54895737317170734
r_1da548db1dd30096e829a915c8167cc8,Tor file transfer,d_3e1af2e0e0112280268374b53ba71493,0,0,a_e7d8c038c18055500148c5915382bd98,a_0914b1f59c9ec71794639e2d24628cd3,p_bb35e2bec0021caed1b8eee597f7228a,p_e2a4a4bf9c74500e61f176db310c2961,6,246159,60,60,17989,21034,120,39023,0.48748979318245528,158.52761832799126,325.19166666666666,0.5,0.46098454757450735
r_c25c3365822a6fda1c3bd7ab208b9a7b,Tor file transfer,d_3e1af2e0e0112280268374b53ba71493,0,0,a_e7d8c038c18055500148c5915382bd98,a_8e4ed12ca6f5969880ab1194cd43a4cc,p_8e3b028e1156a8828ffb236d66b8148c,p_3dd478bd944ece2906a0c8e4425f63be,6,216045,54,53,15583,19427,107,35010,0.49526718970584832,162.04957300562384,327.196261682243,0.50467289719626163,0.44510139960011424
r_06fe5ab8f1dad998127a3ddc5f9a817c,Tor file transfer,d_3e1af2e0e0112280268374b53ba71493,0,0,a_e7d8c038c18055500148c5915382bd98,a_fdcaba8e112e7544df622d9f2dbab94d,p_1e34ab7fdaecb778d49e8d1dfb12346f,p_013608c8f0af35c440aae1093951f7d0,6,237082,54,54,16611,17991,108,34602,0.45553859002370489,145.94950270370589,320.38888888888891,0.5,0.48005895612970351
r_6035661c97256bc2cf28744d38b49906,Tor file transfer,d_3e1af2e0e0112280268374b53ba71493,0,0,a_e7d8c038c18055500148c5915382bd98,a_4db10279f6741e4ae3188d1511831532,p_7330e6abc4843f00a6caeb5e405f0cd2,p_2313704d6916acc778397dda2b5b461d,6,212124,57,57,16231,20325,114,36556,0.53742150817446399,172.33316362127812,320.66666666666669,0.5,0.4440037203195098
r_0b8772477471156914311766ae0a7e40,Tor file transfer,d_3e1af2e0e0112280268374b53ba71493,0,0,a_e7d8c038c18055500148c5915382bd98,a_832cdb507a9d0f1ddde4230d14cb87f0,p_8270bf74d8d7ad36d343930f2e2060cd,p_e2a4a4bf9c74500e61f176db310c2961,6,275139,62,62,21361,19454,124,40815,0.45068129200149742,148.34320107291222,329.15322580645159,0.5,0.52336150924905056
r_c2b4e06d0c37c9e29e8050a7000e6e5e,Tor file transfer,d_3e1af2e0e0112280268374b53ba71493,0,0,a_e7d8c038c18055500148c5915382bd98,a_d464b8afd9f25236646cf400093c09a6,p_8a726b0da7b72010a109c1f6207dd5b3,p_64eab6039291da87b7bab47109b51546,6,264142,63,63,20295,20093,126,40388,0.4770161504039494,152.90260541678339,320.53968253968253,0.5,0.50250074279488954
r_fd0dcedd0576941259bc7aaa57a00595,Tor file transfer,d_3e1af2e0e0112280268374b53ba71493,0,0,a_e7d8c038c18055500148c5915382bd98,a_24d57f494a52ef849fbf4232a57825e0,p_5c482e19bbaf53f976eda6253c0daa03,p_2d36b619be089107b3d8a5a53b5aa6c4,6,250125,58,59,20608,17164,117,37772,0.46776611694152925,151.01249375312344,322.83760683760681,0.49572649572649574,0.54558932542624161
r_fd1ec6d8e48e60fcefb4aa10d876dafd,Tor file transfer,d_3e1af2e0e0112280268374b53ba71493,0,0,a_e7d8c038c18055500148c5915382bd98,a_e2c1dedeb255bb624120a646eebe9df4,p_e68ff79dfd45e8692eacf2e046c9f4c3,p_e3b7775486eca350dd96d9c41ec24189,6,230118,56,57,15660,20808,113,36468,0.49105241658627313,158.47521706255051,322.72566371681415,0.49557522123893805,0.42941757156959526
r_4aefc779e41e7555e59a3725107511bf,Tor file transfer,d_3e1af2e0e0112280268374b53ba71493,0,0,a_e7d8c038c18055500148c5915382bd98,a_c8173837065a9d722717e56dcb98089f,p_e32af64f7885326d797c3563c5c3a8ee,p_3dd478bd944ece2906a0c8e4425f63be,6,254057,57,60,17883,19352,117,37235,0.46052657474503755,146.56159838146559,318.24786324786322,0.48717948717948717,0.48027393581307909
r_b3e5f0dc7d108026eebc02f07696ece1,Tor file transfer,d_3e1af2e0e0112280268374b53ba71493,0,0,a_e7d8c038c18055500148c5915382bd98,a_80f054d4007522abaed414dbfea08667,p_3c613841da1fc667f27791f36734af9a,p_3dd478bd944ece2906a0c8e4425f63be,6,70300,403,667,50428,861841,1070,912269,15.220483641536275,12976.799431009958,852.58785046728974,0.37663551401869161,0.05527755519479452
r_a4831a98464e90bf48c4468e1a965528,Tor file transfer,d_3e1af2e0e0112280268374b53ba71493,0,0,a_e7d8c038c18055500148c5915382bd98,a_8873821d91c526b299ac024e64478c61,p_7a36124a2fc49d6387cdae0a9403c561,p_3dd478bd944ece2906a0c8e4425f63be,6,1795167,1744,1121,1738750,266118,2865,2004868,1.5959517972422621,1116.8142016870854,699.77940663176264,0.6087260034904014,0.86726407923115134
r_ae8717e51ded147ad88eb6959890da97,Tor file transfer,d_3e1af2e0e0112280268374b53ba71493,0,0,a_e7d8c038c18055500148c5915382bd98,a_120dc939351f663b0f41c201af226949,p_3e9dc956a1303d5a271feb12c704309a,p_2d36b619be089107b3d8a5a53b5aa6c4,6,190400,38,32,10291,17775,70,28066,0.36764705882352938,147.40546218487395,400.94285714285712,0.54285714285714282,0.36667141737333431
r_8e2896802be6ab11a7c60946370325fb,Tor file transfer,d_3e1af2e0e0112280268374b53ba71493,0,0,a_e7d8c038c18055500148c5915382bd98,a_272f43be149f6fcf4360a53fac707f1b,p_df7117e848f63df888ddd95f29028f0e,p_2d36b619be089107b3d8a5a53b5aa6c4,6,70647,1537,2658,400167,3381522,4195,3781689,59.379733038911766,53529.364304216739,901.47532777115612,0.36638855780691298,0.10581700398948723
r_3f5ab380f54a01f9fd9609a3decec77b,Tor file transfer,d_3e1af2e0e0112280268374b53ba71493,0,0,a_e7d8c038c18055500148c5915382bd98,a_8b88c46ded084ba72bdcf29a530d0502,p_406f0b072173b42d002e5e8697e996d3,p_2d36b619be089107b3d8a5a53b5aa6c4,6,85466,1778,3180,463906,4029126,4958,4493032,58.011372943626711,52570.987293192615,906.21863654699473,0.35861234368697054,0.10325009926481717
r_9d4783640bbffdc6b358dc597a25b393,Tor file transfer,d_3e1af2e0e0112280268374b53ba71493,0,0,a_e7d8c038c18055500148c5915382bd98,a_f75f0944ced4ad46458a0936b8281bb9,p_d330002f6c7230e31080265051228984,p_64eab6039291da87b7bab47109b51546,6,1793140,1789,1200,1837863,285499,2989,2123362,1.6669083284071515,1184.1585152302664,710.39210438273665,0.59852793576446972,0.86554388747655842
r_97c65a5a12954bb488f49fc4159c89f0,Tor file transfer,d_3e1af2e0e0112280268374b53ba71493,0,0,a_e7d8c038c18055500148c5915382bd98,a_c99b47e63da8f654ba77e194e485f7ca,p_d394d009ac61dfd7d1540c6d380c13b5,p_3dd478bd944ece2906a0c8e4425f63be,6,837230,186,178,49654,97044,364,146698,0.43476702937066275,175.21827932587223,403.0164835164835,0.51098901098901095,0.33847768885738044
r_fe7d3f8831afaf046777002fa42ed910,Tor file transfer,d_3e1af2e0e0112280268374b53ba71493,0,0,a_e7d8c038c18055500148c5915382bd98,a_120dc939351f663b0f41c201af226949,p_b2a48ed035ab0c20a92e29a9cd3b2398,p_2d36b619be089107b3d8a5a53b5aa6c4,6,1797012,621,570,280965,201683,1191,482648,0.66276685965369186,268.58362659793033,405.24601175482786,0.52141057934508817,0.58213232003447646
r_bc8bc2147589dd98d778b0b3debb7928,Tor file transfer,d_3e1af2e0e0112280268374b53ba71493,0,0,a_e7d8c038c18055500148c5915382bd98,a_e2370a5f48648ec5a5dbdf8b657a0e89,p_04af28741745235c82caecc2e4ff5eb9,p_3dd478bd944ece2906a0c8e4425f63be,6,446209,1087,1692,141912,2091216,2779,2233128,6.2280231909262254,5004.668216015365,803.57250809643756,0.39114789492623248,0.06354852923791203
r_867433b334c88372d4c83c1e8a4907bc,Tor file transfer,d_3e1af2e0e0112280268374b53ba71493,0,0,a_e7d8c038c18055500148c5915382bd98,a_58597d7dc9015e05b95c2a7248b06cfe,p_45fb24af2b964bc926ac78ba8fafbdc6,p_43df02fd0b2e49858e28f6f6da383215,6,68199,11,0,660,0,11,660,0.16129268757606416,9.6775612545638499,60,1,1
r_c4955534f8d9acabc14b9faec927142e,Tor file transfer,d_3e1af2e0e0112280268374b53ba71493,0,0,a_e7d8c038c18055500148c5915382bd98,a_a4c91776a834f03fdfeff0928a4d4107,p_814768318dd6bd599c2fc0fb36e203c1,p_346156c425c7ac656c5ba25e35116854,6,68246,11,0,660,0,11,660,0.16118160771327258,9.670896462796355,60,1,1
r_c5d9783b97012d9abbf83b2c9d51ee7a,Tor file transfer,d_3e1af2e0e0112280268374b53ba71493,0,0,a_e7d8c038c18055500148c5915382bd98,a_917f5655ceadfd1fd659246ab9229cf3,p_4359734ca96a30ebffa629d5a82f8856,p_64eab6039291da87b7bab47109b51546,6,262,2,2,104,104,4,208,15.267175572519083,793.89312977099235,52,0.5,0.5
r_db5710034dd287e63c182a7c96ad2d9d,Tor file transfer,d_3e1af2e0e0112280268374b53ba71493,0,0,a_e7d8c038c18055500148c5915382bd98,a_6846b8b8be7b5fb22dbb7bce8958e41f,p_5c722b1b59aa7f32a1e8b7acf3287cd9,p_2313704d6916acc778397dda2b5b461d,6,2283,11,8,1022,3813,19,4835,8.322382829610163,2117.8274200613228,254.47368421052633,0.57894736842105265,0.21137538779731127
r_59fa7826e413f090dde6bf0a5864a71c,Tor file transfer,d_3e1af2e0e0112280268374b53ba71493,0,0,a_2f41308a96903d9050fe5ef9bbe0e314,a_e7d8c038c18055500148c5915382bd98,p_53b18b33cc21a2933da3a83a094344d3,p_17364dea43bb2322145d494c598bc8fc,6,351,3,2,132,128,5,260,14.245014245014247,740.74074074074076,52,0.59999999999999998,0.50769230769230766
r_e1371f70b1b63043186aba88ee45c268,Tor file transfer,d_3e1af2e0e0112280268374b53ba71493,0,0,a_e7d8c038c18055500148c5915382bd98,a_efa9a70c96d1a269183e3b7f1b825556,p_fc0f4225acb1831b0505e78519b9b04a,p_3dd478bd944ece2906a0c8e4425f63be,6,638905,166,155,65068,67661,321,132729,0.50242211283367644,207.74450035607799,413.48598130841123,0.51713395638629278,0.49023197643318339
r_9a6a7d40993f139c1cfccceb34fceb92,Tor file transfer,d_3e1af2e0e0112280268374b53ba71493,0,0,a_e7d8c038c18055500148c5915382bd98,a_39130f454b0bd5693e73c131c659b990,p_06dd7959895b6395c4fe90f3d029dd9d,p_2313704d6916acc778397dda2b5b461d,6,1557192,2151,1095,2390071,282541,3246,2672612,2.0845213692338516,1716.3021644087562,823.35551447935916,0.66266173752310531,0.89428282144957816
r_d3b14dad213d8f046c03ee1b81e148ed,Tor file transfer,d_3e1af2e0e0112280268374b53ba71493,0,0,a_e7d8c038c18055500148c5915382bd98,a_efa9a70c96d1a269183e3b7f1b825556,p_f1e4c95b5ebd8384e4a20fecfb61043d,p_3dd478bd944ece2906a0c8e4425f63be,6,1799953,591,556,265989,192965,1147,458954,0.6372388612369323,254.98110228433742,400.13426329555364,0.51525719267654757,0.57955481377218632
r_9a5ed50911e6838daf1f4ca9d191ae6f,Tor file transfer,d_3e1af2e0e0112280268374b53ba71493,0,0,a_1131b3ae0dd158d485f0f1b8a6bd89c7,a_e7d8c038c18055500148c5915382bd98,p_3dd478bd944ece2906a0c8e4425f63be,p_b220a70c0a9c1226449f912bc0c0fc2c,6,252,3,2,132,128,5,260,19.841269841269842,1031.7460317460318,52,0.59999999999999998,0.50769230769230766
r_25fe4c1974cf34b3af382ed3a5a221a2,Tor file transfer,d_3e1af2e0e0112280268374b53ba71493,0,0,a_2f41308a96903d9050fe5ef9bbe0e314,a_e7d8c038c18055500148c5915382bd98,p_53b18b33cc21a2933da3a83a094344d3,p_6cd5d65bcb4697c2227de87a335912c8,6,357,3,2,132,128,5,260,14.005602240896359,728.29131652661067,52,0.59999999999999998,0.50769230769230766
r_5852a35cb454fee7c0cd7d5463c3846c,Tor file transfer,d_3e1af2e0e0112280268374b53ba71493,0,0,a_e7d8c038c18055500148c5915382bd98,a_8873821d91c526b299ac024e64478c61,p_d23be3cfda75ac9c837ec09b69a08b26,p_3dd478bd944ece2906a0c8e4425f63be,6,291,3,2,132,128,5,260,17.182130584192439,893.47079037800688,52,0.59999999999999998,0.50769230769230766
r_53a5f4e393a6fcce50773e2c8286035c,Tor file transfer,d_3e1af2e0e0112280268374b53ba71493,0,0,a_e7d8c038c18055500148c5915382bd98,a_60056c2ac85e779e06ca490b67480ca1,p_2bebf86427b30d54fecc57e8564f3c6c,p_64eab6039291da87b7bab47109b51546,6,68078,11,0,660,0,11,660,0.1615793648462058,9.6947618907723481,60,1,1
r_966d4275afb1806790f7bef236115bba,Tor file transfer,d_3e1af2e0e0112280268374b53ba71493,0,0,a_e7d8c038c18055500148c5915382bd98,a_0095cc545b2ef456f31c6279027813d4,p_307a000b4760f080e390c19d29ed4b2b,p_2313704d6916acc778397dda2b5b461d,6,635878,144,136,47815,61283,280,109098,0.44033603930313675,171.57064719962005,389.6357142857143,0.51428571428571423,0.43827567874754808
r_3c26c399d0712d477860754a25ef679c,Tor file transfer,d_3e1af2e0e0112280268374b53ba71493,0,0,a_e7d8c038c18055500148c5915382bd98,a_edd939908fb7e09883b13c6218ac5b72,p_f44d649b549b307cbbdd7a5bf9769310,p_3dd478bd944ece2906a0c8e4425f63be,6,846239,1801,992,2084046,231976,2793,2316022,3.3004860329055976,2736.8414833161787,829.22377372001438,0.64482635159326884,0.89983860256940562
r_4a330709c460b18f52e255595decccd2,Tor file transfer,d_3e1af2e0e0112280268374b53ba71493,0,0,a_e7d8c038c18055500148c5915382bd98,a_0095cc545b2ef456f31c6279027813d4,p_8a1b614d6f6dc8843e70732ff9b87f06,p_2313704d6916acc778397dda2b5b461d,6,1758526,612,566,294873,195669,1178,490542,0.66987920565291614,278.95066663785462,416.41935483870969,0.51952461799660443,0.60111672395024274
r_64b115344a37e95acdac2e6b07f8ca09,Tor file transfer,d_3e1af2e0e0112280268374b53ba71493,0,0,a_f75f0944ced4ad46458a0936b8281bb9,a_e7d8c038c18055500148c5915382bd98,p_64eab6039291da87b7bab47109b51546,p_e17c990371f0c9bb82383c912ce002dd,6,317,3,2,132,128,5,260,15.772870662460567,820.18927444794951,52,0.59999999999999998,0.50769230769230766
r_b7ae6f362cd7e6cc058b789e076afc36,Tor file transfer,d_3e1af2e0e0112280268374b53ba71493,0,0,a_120dc939351f663b0f41c201af226949,a_e7d8c038c18055500148c5915382bd98,p_2d36b619be089107b3d8a5a53b5aa6c4,p_56d861a0a8d8e1905df90b77c9913f3d,6,324,3,2,132,128,5,260,15.432098765432098,802.46913580246905,52,0.59999999999999998,0.50769230769230766
r_b7a43de52bc8e26b457b38320fe05bf8,Tor file transfer,d_3e1af2e0e0112280268374b53ba71493,0,0,a_e7d8c038c18055500148c5915382bd98,a_4081e858890f2ee7eeb2ceb576f7afd7,p_165103d15a9a90f08925bfa7890fd57d,p_ebe9cfafe284f540917a29fe9616a45d,6,297,1,1,60,40,2,100,6.7340067340067344,336.70033670033672,50,0.5,0.59999999999999998
r_5dbaf2964b1165ea75a736bf9ca2243c,Tor file transfer,d_3e1af2e0e0112280268374b53ba71493,0,0,a_e7d8c038c18055500148c5915382bd98,a_21f95319c2c976f606793cb1f3a505c5,p_1b72d78c4caace0c2e6c6af681f8048c,p_2313704d6916acc778397dda2b5b461d,6,68096,11,0,660,0,11,660,0.16153665413533833,9.6921992481202999,60,1,1
r_8e9fa4a537f15d2bc72aa5850119877a,Tor file transfer,d_3e1af2e0e0112280268374b53ba71493,0,0,a_e7d8c038c18055500148c5915382bd98,a_425fa51d14cdc682086cb8f4fa1bdaa1,p_3a30b47d12a28ea20871f1e0b6caf425,p_2313704d6916acc778397dda2b5b461d,6,68166,11,0,660,0,11,660,0.16137077135228708,9.6822462811372247,60,1,1
r_7e8e676c22e3505418b032b769f679fc,Tor file transfer,d_3e1af2e0e0112280268374b53ba71493,0,0,a_e7d8c038c18055500148c5915382bd98,a_db61c1ebde21a4bbe71e70376a9b29fe,p_81f5e885409254a80f87e7621d839c68,p_3dd478bd944ece2906a0c8e4425f63be,6,324,3,2,132,128,5,260,15.432098765432098,802.46913580246905,52,0.59999999999999998,0.50769230769230766
r_87eecb7b5f7f0197107b8c6c16431883,Tor file transfer,d_3e1af2e0e0112280268374b53ba71493,0,0,a_e7d8c038c18055500148c5915382bd98,a_8801d68625c2d114cb7aa8c3c262d293,p_0bb05646025ae17f210653d00d010ab1,p_2313704d6916acc778397dda2b5b461d,6,338508,93,87,35726,36312,180,72038,0.53174518770605128,212.81033239982511,400.21111111111111,0.51666666666666672,0.49593270218495794
r_b58497a30e83a006283661b048ad6c93,Tor file transfer,d_3e1af2e0e0112280268374b53ba71493,0,0,a_e7d8c038c18055500148c5915382bd98,a_0e9308f68404ad61cc5b979be2d35656,p_bd71271547f855281cf7c7fb436ff91d,p_e2a4a4bf9c74500e61f176db310c2961,6,1048643,406,353,225510,150398,759,375908,0.72379255857331803,358.47090001077584,495.26745718050068,0.53491436100131751,0.59990742415697462
r_9c54a1321967116e0e4fe915d3d30eb4,Tor file transfer,d_3e1af2e0e0112280268374b53ba71493,0,0,a_e7d8c038c18055500148c5915382bd98,a_d592e263daa1277df021849c76a4878f,p_63498ccc11a5140671d297a598d99ca6,p_3dd478bd944ece2906a0c8e4425f63be,6,221812,60,58,22277,15534,118,37811,0.53198203884370543,170.46417687050294,320.43220338983053,0.50847457627118642,0.58916717357382775
r_cbb6a28f7696133b07389c3399984ce4,Tor file transfer,d_3e1af2e0e0112280268374b53ba71493,0,0,a_e7d8c038c18055500148c5915382bd98,a_8801d68625c2d114cb7aa8c3c262d293,p_dd780bf5f037eb39f7556e25316cfa6d,p_2313704d6916acc778397dda2b5b461d,6,1580160,1667,1050,1680820,262256,2717,1943076,1.719446132037262,1229.6704131227216,715.15495031284502,0.61354435038645561,0.86503049803507426
r_5ec93b8d423080e0b98c3d79f49f56a5,Tor file transfer,d_3e1af2e0e0112280268374b53ba71493,0,0,a_62649351f8ba8e02535c4c4155165d2e,a_e7d8c038c18055500148c5915382bd98,p_64eab6039291da87b7bab47109b51546,p_290bb4c412179e7d94f6eb5979dfde75,6,287,3,2,132,128,5,260,17.421602787456447,905.92334494773525,52,0.59999999999999998,0.50769230769230766
r_4440cd4735abe6a6630a99e9a267ed12,Tor file transfer,d_3e1af2e0e0112280268374b53ba71493,0,0,a_e7d8c038c18055500148c5915382bd98,a_62649351f8ba8e02535c4c4155165d2e,p_10c1a28a0e42fbf92e87a1d757cf1e2e,p_64eab6039291da87b7bab47109b51546,6,280,3,2,132,128,5,260,17.857142857142854,928.57142857142844,52,0.59999999999999998,0.50769230769230766
r_0c661876bc2bafd5912f425400d0a4ef,Tor file transfer,d_3e1af2e0e0112280268374b53ba71493,0,0,a_4362a21eef786f71d38437758da8d82e,a_e7d8c038c18055500148c5915382bd98,p_3dd478bd944ece2906a0c8e4425f63be,p_1bd903afc17891da14f84a7cae23db89,6,262,3,2,132,128,5,260,19.083969465648853,992.36641221374043,52,0.59999999999999998,0.50769230769230766
r_adf2a7aeb2aa0c16e58dbb6c63e2df44,Tor file transfer,d_3e1af2e0e0112280268374b53ba71493,0,0,a_efa9a70c96d1a269183e3b7f1b825556,a_e7d8c038c18055500148c5915382bd98,p_3dd478bd944ece2906a0c8e4425f63be,p_edaf14c25d8e497b06b303df60c38cf2,6,386,3,2,132,128,5,260,12.953367875647668,673.57512953367871,52,0.59999999999999998,0.50769230769230766
r_79f2cd9207a0d84221e7492133f5afb5,Tor file transfer,d_3e1af2e0e0112280268374b53ba71493,0,0,a_e7d8c038c18055500148c5915382bd98,a_8ca90129e24bccc2d5ddc8a9eb8cf078,p_d6dad0de6523ae8d722a9ba939f1e6e9,p_7aed2817a1259e69653af05a7fa83c69,6,223,1,1,60,40,2,100,8.9686098654708513,448.4304932735426,50,0.5,0.59999999999999998
r_8401b98f7f9efb84108706b2d2916df8,Tor file transfer,d_3e1af2e0e0112280268374b53ba71493,0,0,a_e7d8c038c18055500148c5915382bd98,a_9f39ff6b54a09f4783494a654f854405,p_4468f25a57e8b5145150245f95dc6f3e,p_2313704d6916acc778397dda2b5b461d,6,68170,11,0,660,0,11,660,0.16136130262578846,9.6816781575473083,60,1,1
r_c7c58bfdf4bd916311d49c5b5a6d6555,Tor file transfer,d_3e1af2e0e0112280268374b53ba71493,0,0,a_e7d8c038c18055500148c5915382bd98,a_b3cedc037d8a7d6415e832c465003c3b,p_0403c5de55487f9d05b3f44f5b6b0a87,p_2313704d6916acc778397dda2b5b461d,6,618900,135,125,41048,58638,260,99686,0.42010017773469061,161.06963968330911,383.40769230769229,0.51923076923076927,0.4117729671167466
r_9acaed0c8d80c7fb404dc9c5bc383a86,Tor file transfer,d_3e1af2e0e0112280268374b53ba71493,0,0,a_e7d8c038c18055500148c5915382bd98,a_2ce2103a899cf24287b837afca0be67e,p_c0989fe66169a0cf189d4cbbcc682fcc,p_3dd478bd944ece2906a0c8e4425f63be,6,1504555,1892,1135,2014507,266422,3027,2280929,2.0118905590024956,1516.0156989940547,753.52791542781631,0.62504129501156258,0.88319583818698433
r_1cf02def6b530bbbc3c6367fbbd78add,Tor file transfer,d_3e1af2e0e0112280268374b53ba71493,0,0,a_e7d8c038c18055500148c5915382bd98,a_f94c2757d783b234fd4e5f4346d8191a,p_2e893d9d62c6976a212c7656b50e5d8c,p_2313704d6916acc778397dda2b5b461d,6,834165,189,188,49842,101933,377,151775,0.45194895494296694,181.94841548134963,402.58620689655174,0.50132625994694957,0.32839400428265525
r_4670a3a681250cb108acc80db4ed6767,Tor file transfer,d_3e1af2e0e0112280268374b53ba71493,0,0,a_e7d8c038c18055500148c5915382bd98,a_7f9a3d6cb1fa2e3871b0adaae0231dfa,p_a4a65ca55c1ca6990b289106249486cb,p_2313704d6916acc778397dda2b5b461d,6,216,3,2,132,128,5,260,23.148148148148149,1203.7037037037037,52,0.59999999999999998,0.50769230769230766
r_3aa247129deb6b004925e25bdcbe4381,Tor file transfer,d_3e1af2e0e0112280268374b53ba71493,0,0,a_37e02799dd74dc892c7d9d9c7b15b566,a_e7d8c038c18055500148c5915382bd98,p_3dd478bd944ece2906a0c8e4425f63be,p_5e59aaeaec76bbd704d714d5e2e5fb43,6,328,3,2,132,128,5,260,15.24390243902439,792.68292682926824,52,0.59999999999999998,0.50769230769230766
r_9def7c888ed899fe8f4d49c42c5bfebd,Tor file transfer,d_3e1af2e0e0112280268374b53ba71493,0,0,a_e7d8c038c18055500148c5915382bd98,a_b3cedc037d8a7d6415e832c465003c3b,p_da5b95dc82b139cf6b83357157f4956a,p_2313704d6916acc778397dda2b5b461d,6,1504728,561,514,276197,187496,1075,463693,0.71441483111897963,308.15735468470046,431.34232558139536,0.52186046511627904,0.59564625732974186
r_36ba8cf4fb13e0f9271edfa5c8acaddb,Tor file transfer,d_3e1af2e0e0112280268374b53ba71493,0,0,a_e7d8c038c18055500148c5915382bd98,a_87e2c0b2b2c34db0136c31995553216e,p_45b1cd6ab89aebfc29f50b43ff2c7fa3,p_3dd478bd944ece2906a0c8e4425f63be,6,322,3,2,132,128,5,260,15.527950310559007,807.45341614906829,52,0.59999999999999998,0.50769230769230766
r_aa2cac28367f04bae3384fa1710bb7ab,Tor file transfer,d_3e1af2e0e0112280268374b53ba71493,0,0,a_87e2c0b2b2c34db0136c31995553216e,a_e7d8c038c18055500148c5915382bd98,p_3dd478bd944ece2906a0c8e4425f63be,p_edaf14c25d8e497b06b303df60c38cf2,6,414,3,2,132,128,5,260,12.077294685990339,628.01932367149766,52,0.59999999999999998,0.50769230769230766
r_c1e3b79d20010c365736e37da582bf45,Tor file transfer,d_3e1af2e0e0112280268374b53ba71493,0,0,a_e7d8c038c18055500148c5915382bd98,a_fd56a544a608d75d0616bcd3b94a8f10,p_186d1a48c73a3e1662f8515a51031406,p_64eab6039291da87b7bab47109b51546,6,68026,11,0,660,0,11,660,0.16170287831123395,9.7021726986740369,60,1,1
r_72009d5535e791a647d803af640285ab,Tor file transfer,d_3e1af2e0e0112280268374b53ba71493,0,0,a_e7d8c038c18055500148c5915382bd98,a_5482ccd300b968cc8bff27e24532b89c,p_24ec34fef6c0d185ccbce53b85b268fa,p_2313704d6916acc778397dda2b5b461d,6,68051,11,0,660,0,11,660,0.16164347327739489,9.698608396643694,60,1,1
r_27d92ef648d3b5fbaaf36103b99a5123,Tor file transfer,d_3e1af2e0e0112280268374b53ba71493,0,0,a_e7d8c038c18055500148c5915382bd98,a_0095cc545b2ef456f31c6279027813d4,p_8a86f1c31e0401ee0e25e25c4a676be6,p_2313704d6916acc778397dda2b5b461d,6,11278,3,2,692,104,5,796,0.44334101791097713,70.579890051427554,159.19999999999999,0.59999999999999998,0.8693467336683417
r_7f7c56ce626f7771a1a7b8a5fa0ab66d,Tor file transfer,d_3e1af2e0e0112280268374b53ba71493,0,0,a_e7d8c038c18055500148c5915382bd98,a_9ce2c1dd870488154b22d950e6326fe3,p_f9462ccbf4b2cf588fa011c70d39fc3d,p_3dd478bd944ece2906a0c8e4425f63be,6,1456272,2063,1014,2220598,264050,3077,2484648,2.1129294527395981,1706.1702758825274,807.49041273968146,0.67045823854403641,0.89372740122544525
r_0ba8632daae40c923537f5576d58b12f,Tor file transfer,d_3e1af2e0e0112280268374b53ba71493,0,0,a_e7d8c038c18055500148c5915382bd98,a_3251d62ba5263277f43c55d84d42b534,p_049ca3f1cdc85fab278252cc2b2b49da,p_e2a4a4bf9c74500e61f176db310c2961,6,406322,101,102,27082,58909,203,85991,0.49960376253316335,211.63264602950369,423.60098522167488,0.49753694581280788,0.31493993557465316
r_02eaa12ffc98c672d235d38a152c4890,Tor file transfer,d_3e1af2e0e0112280268374b53ba71493,0,0,a_e7d8c038c18055500148c5915382bd98,a_14f6b52fad3579780a1c7ab5233cf9a6,p_ad4b2b21127438bd15149bb49a70127b,p_e2a4a4bf9c74500e61f176db310c2961,6,1455568,598,542,345348,185602,1140,530950,0.78319941081419764,364.77169050157738,465.74561403508773,0.5245614035087719,0.65043412750729823
r_aafe2df4a4c9d7234e63f9b322dd7d21,Tor file transfer,d_3e1af2e0e0112280268374b53ba71493,0,0,a_e7d8c038c18055500148c5915382bd98,a_e2370a5f48648ec5a5dbdf8b657a0e89,p_485b7914f49c9c2f292d0abc5b2d4048,p_3dd478bd944ece2906a0c8e4425f63be,6,229898,907,1583,121408,1970428,2490,2091836,10.830890220880564,9098.9743277453472,840.09477911646582,0.36425702811244981,0.058038966725880999
r_6681b1c4f74bd30dac0ccb2c94a1066f,Tor file transfer,d_3e1af2e0e0112280268374b53ba71493,0,0,a_e7d8c038c18055500148c5915382bd98,a_2f41308a96903d9050fe5ef9bbe0e314,p_455d9e440e0adffad5f32b30a1316c9e,p_53b18b33cc21a2933da3a83a094344d3,6,1421660,425,438,158274,138207,863,296481,0.60703684425249349,208.54564382482448,343.54692931633838,0.492468134414832,0.53384196626428004
r_4305976678883a72f092d337073065b5,Tor file transfer,d_3e1af2e0e0112280268374b53ba71493,0,0,a_e7d8c038c18055500148c5915382bd98,a_ff5a60cf27149316554a882e3a6c0f94,p_4a22bc3dd007d434f65933f25ba421c4,p_2313704d6916acc778397dda2b5b461d,6,108,1,1,60,40,2,100,18.518518518518519,925.92592592592598,50,0.5,0.59999999999999998
r_2786ab02119736120c6748919a553f00,Tor file transfer,d_3e1af2e0e0112280268374b53ba71493,0,0,a_e7d8c038c18055500148c5915382bd98,a_1b5ed13f48b330d0e3b2b4abe569c9f7,p_03d6791ec2afdd0365a8f247f0d17431,p_64eab6039291da87b7bab47109b51546,6,346,2,1,104,52,3,156,8.6705202312138727,450.8670520231214,52,0.66666666666666663,0.66666666666666663
r_1bd9a31418e6ce05eccafbd6e38bb720,Tor file transfer,d_3e1af2e0e0112280268374b53ba71493,0,0,a_e7d8c038c18055500148c5915382bd98,a_35928deabc1887e3abbe0bf98d740370,p_5b42de6aabcd7ad352d65e3a2a07497c,p_3dd478bd944ece2906a0c8e4425f63be,6,183456,35,31,10097,16140,66,26237,0.35975928833071691,143.01521890807606,397.530303030303,0.53030303030303028,0.38483820558752907
r_709ea525dec3a02d278b2501b954c202,Tor file transfer,d_3e1af2e0e0112280268374b53ba71493,0,0,a_e7d8c038c18055500148c5915382bd98,a_068db296fa7e853b6d89802beee6faaa,p_cda6d5db860c0bdfa11039f71baabe7e,p_43df02fd0b2e49858e28f6f6da383215,6,1375929,2188,1441,2390711,301269,3629,2691980,2.6374907426182599,1956.4817661376421,741.79663819233951,0.60292091485257648,0.88808646423821869
r_ab8efe32e876f226ac59711eb959ca2b,Tor file transfer,d_3e1af2e0e0112280268374b53ba71493,0,0,a_e7d8c038c18055500148c5915382bd98,a_15f45c8b0c9ce575838cb4662c53a648,p_fae091d86dc2e2bbcedf47d1f3adfd4c,p_64eab6039291da87b7bab47109b51546,6,856304,187,180,50239,98738,367,148977,0.42858610960593435,173.97676526093537,405.93188010899183,0.50953678474114439,0.33722655174959892
r_debbb6df0b522b9d9fda16704b25d1af,Tor file transfer,d_3e1af2e0e0112280268374b53ba71493,0,0,a_e7d8c038c18055500148c5915382bd98,a_35928deabc1887e3abbe0bf98d740370,p_55b10c65ba267f734567748dcb1bd445,p_3dd478bd944ece2906a0c8e4425f63be,6,1373895,483,440,244396,159974,923,404370,0.67181262032396949,294.32380203727359,438.10400866738894,0.52329360780065004,0.6043870712466306
r_d4d5ae6845f7be06ec8379d3ec472844,Tor file transfer,d_3e1af2e0e0112280268374b53ba71493,0,0,a_e7d8c038c18055500148c5915382bd98,a_8e175269aed47dc611dbec8889fd2e1d,p_70ce66abf38e4d66c5d5d8f777b53374,p_2313704d6916acc778397dda2b5b461d,6,68326,11,0,660,0,11,660,0.16099288704153619,9.6595732224921704,60,1,1
r_467e4908f27f00e3108534d9638b4ba5,Tor file transfer,d_3e1af2e0e0112280268374b53ba71493,0,0,a_e7d8c038c18055500148c5915382bd98,a_48e6ee8f6653b5543f3ff18a911215d1,p_6c286bf5deff7fee100ea6d72d3bef1d,p_2313704d6916acc778397dda2b5b461d,6,68350,11,0,660,0,11,660,0.16093635698610095,9.6561814191660584,60,1,1
r_ef34dfad541985b42b536030ebee5361,Tor file transfer,d_3e1af2e0e0112280268374b53ba71493,0,0,a_e7d8c038c18055500148c5915382bd98,a_5952441fb605238fc3b805f4b231dffb,p_ced8d0de97287237b30d7bad2196267f,p_64eab6039291da87b7bab47109b51546,6,248,1,1,60,40,2,100,8.064516129032258,403.22580645161293,50,0.5,0.59999999999999998
r_2fbd6b5b1e8ae20ed692491977cd18a8,Tor file transfer,d_3e1af2e0e0112280268374b53ba71493,0,0,a_e7d8c038c18055500148c5915382bd98,a_8ca90129e24bccc2d5ddc8a9eb8cf078,p_9f5cc27fb14a8825f992564cfc7dd92d,p_7aed2817a1259e69653af05a7fa83c69,6,223,1,1,60,40,2,100,8.9686098654708513,448.4304932735426,50,0.5,0.59999999999999998
r_638d3835bd3013bc1af4b6612c32cccb,Tor file transfer,d_3e1af2e0e0112280268374b53ba71493,0,0,a_e7d8c038c18055500148c5915382bd98,a_4362a21eef786f71d38437758da8d82e,p_5a3028f9488a270ca061931805537307,p_3dd478bd944ece2906a0c8e4425f63be,6,220,3,2,132,128,5,260,22.727272727272727,1181.8181818181818,52,0.59999999999999998,0.50769230769230766
r_fe676fdc654751027cd7fc50412c0001,Tor file transfer,d_3e1af2e0e0112280268374b53ba71493,0,0,a_8801d68625c2d114cb7aa8c3c262d293,a_e7d8c038c18055500148c5915382bd98,p_2313704d6916acc778397dda2b5b461d,p_0830eaab2be97e6d474b92f4629bd7c6,6,253,3,2,132,128,5,260,19.762845849802371,1027.6679841897233,52,0.59999999999999998,0.50769230769230766
r_97d4cd9c8b9291d2fc29d5783e512632,Tor file transfer,d_3e1af2e0e0112280268374b53ba71493,0,0,a_e7d8c038c18055500148c5915382bd98,a_163fed2ccd51815107ca6be39e260709,p_308d4d311d808451f58f4ca429b2ab66,p_3dd478bd944ece2906a0c8e4425f63be,6,624861,155,147,66576,47381,302,113957,0.48330748758523895,182.3717594793082,377.34105960264901,0.51324503311258274,0.58422036382144138
r_c0dba807c88cb62f06834fe71436ef32,Tor file transfer,d_3e1af2e0e0112280268374b53ba71493,0,0,a_e7d8c038c18055500148c5915382bd98,a_3d1ef2eefa0bb9ecb4ab1ecf791edd5f,p_d313ce8396eb69b2299200b5b7377486,p_2313704d6916acc778397dda2b5b461d,6,623805,150,144,60635,47824,294,108459,0.47130112775627003,173.86683338543295,368.90816326530614,0.51020408163265307,0.5590591836546529
r_5ff46a58dd5ccc40ed8e8937e9791c20,Tor file transfer,d_3e1af2e0e0112280268374b53ba71493,0,0,a_e7d8c038c18055500148c5915382bd98,a_1b5ed13f48b330d0e3b2b4abe569c9f7,p_e8422819398279acc5d8c37709479d01,p_64eab6039291da87b7bab47109b51546,6,340,2,1,104,52,3,156,8.8235294117647047,458.8235294117647,52,0.66666666666666663,0.66666666666666663
r_1b5cbda41456ce9a85fb6837b7237818,Tor file transfer,d_3e1af2e0e0112280268374b53ba71493,0,0,a_e7d8c038c18055500148c5915382bd98,a_1725993ab7144d7fac634dd497b76664,p_eee7ab9e8e5cf3061a96c5299839db73,p_3dd478bd944ece2906a0c8e4425f63be,6,380866,92,91,27222,53559,183,80781,0.48048394973560254,212.09821827099296,441.42622950819674,0.50273224043715847,0.33698518215917111
r_923aff65dbe9077014664d7e54412451,Tor file transfer,d_3e1af2e0e0112280268374b53ba71493,0,0,a_e7d8c038c18055500148c5915382bd98,a_163fed2ccd51815107ca6be39e260709,p_3ab1a1396e39af758b409ba43210fff2,p_3dd478bd944ece2906a0c8e4425f63be,6,1303497,572,550,332799,172613,1122,505412,0.86076147470995323,387.73545316943574,450.45632798573973,0.50980392156862742,0.65847071300246141
r_76a7faf90ee1584625b578a5df51c789,Tor file transfer,d_3e1af2e0e0112280268374b53ba71493,0,0,a_e7d8c038c18055500148c5915382bd98,a_3d1ef2eefa0bb9ecb4ab1ecf791edd5f,p_80648348a1e41d098e0d6ec74e7047ff,p_2313704d6916acc778397dda2b5b461d,6,1299664,1791,1056,1942254,242072,2847,2184326,2.1905661771042362,1680.6851617033326,767.23779416930097,0.62908324552160166,0.88917771431553716
r_3248d944b660598812277c446f4c1a49,Tor file transfer,d_3e1af2e0e0112280268374b53ba71493,0,0,a_e7d8c038c18055500148c5915382bd98,a_14f6b52fad3579780a1c7ab5233cf9a6,p_0b0eed62d18c985b7a623e18666a6aaa,p_e2a4a4bf9c74500e61f176db310c2961,6,1237,4,3,720,180,7,900,5.6588520614389646,727.56669361358115,128.57142857142858,0.5714285714285714,0.80000000000000004
r_56238dfdb9dd4e3b7996bc03bfd4811d,Tor file transfer,d_3e1af2e0e0112280268374b53ba71493,0,0,a_2ce2103a899cf24287b837afca0be67e,a_e7d8c038c18055500148c5915382bd98,p_3dd478bd944ece2906a0c8e4425f63be,p_0de90a4307e2ab370bbdb443994ec2a3,6,245,3,2,132,128,5,260,20.408163265306122,1061.2244897959183,52,0.59999999999999998,0.50769230769230766
r_4aab0d38e8f8eba4f709b83c4106883b,Tor file transfer,d_3e1af2e0e0112280268374b53ba71493,0,0,a_e7d8c038c18055500148c5915382bd98,a_d0f5400ec879a15e9c14a72b249057f4,p_553e31e393afcc29f1f2ba5685c6f96c,p_2313704d6916acc778397dda2b5b461d,6,1246021,1844,1126,1997647,248652,2970,2246299,2.3835874355247624,1802.7778023002822,756.32962962962961,0.62087542087542091,0.88930592053862823
r_303b2401ee99c8f36d6158b6f9e59ae9,Tor file transfer,d_3e1af2e0e0112280268374b53ba71493,0,0,a_e7d8c038c18055500148c5915382bd98,a_d731706400f5ccca28305920c5d70cc8,p_2c3a43a544e64c43056ac5c6ae0c8f5a,p_2313704d6916acc778397dda2b5b461d,6,804222,192,184,68190,98510,376,166700,0.46753259672080594,207.28107413127222,443.35106382978722,0.51063829787234039,0.40905818836232755
r_95b0a9851077fe01e5ec40e18a89b38a,Tor file transfer,d_3e1af2e0e0112280268374b53ba71493,0,0,a_e7d8c038c18055500148c5915382bd98,a_e7b1a4eb15538679707ab6e886dee81e,p_c26169f24de39a5deacdad66fee34b7d,p_64eab6039291da87b7bab47109b51546,6,1238004,450,421,240676,146730,871,387406,0.70355184635913948,312.92790653341996,444.78300803673937,0.51664753157290466,0.62125005807860489
r_da723b4d20a27be4f1f849217f31e40d,Tor file transfer,d_3e1af2e0e0112280268374b53ba71493,0,0,a_e7d8c038c18055500148c5915382bd98,a_b3cedc037d8a7d6415e832c465003c3b,p_cf9bc918f7afdf48ce78088f479ecaeb,p_2313704d6916acc778397dda2b5b461d,6,316,3,2,132,128,5,260,15.822784810126581,822.78481012658222,52,0.59999999999999998,0.50769230769230766
r_943d9ae6a8c7efa0e114afbe385b3920,Tor file transfer,d_3e1af2e0e0112280268374b53ba71493,0,0,a_e7d8c038c18055500148c5915382bd98,a_e6d344fe11a92aca34c94c5a2b558b15,p_fc9d7a3db673e7e98b76dd152be9381a,p_d7195ebfc9c48d4a0beab7870d0eba9c,6,10351,4,3,720,180,7,900,0.67626316297942224,86.948120954497142,128.57142857142858,0.5714285714285714,0.80000000000000004
r_40aa92ef48a48dd455eb3e0c62bb8e15,Tor file transfer,d_3e1af2e0e0112280268374b53ba71493,0,0,a_e7d8c038c18055500148c5915382bd98,a_1e1ea36ad7de415e99786cba48db73bf,p_feb83d1ba349bf6f64108f43d2550256,p_2313704d6916acc778397dda2b5b461d,6,68387,11,0,660,0,11,660,0.16084928422068523,9.6509570532411129,60,1,1
r_a2adaee1fed55cb291861b07baecaf1d,Tor file transfer,d_3e1af2e0e0112280268374b53ba71493,0,0,a_e7d8c038c18055500148c5915382bd98,a_6846b8b8be7b5fb22dbb7bce8958e41f,p_5578c7e00a62274ac8ce1a99fc1720f6,p_2313704d6916acc778397dda2b5b461d,6,2572,9,8,912,3813,17,4725,6.6096423017107311,1837.0917573872473,277.94117647058823,0.52941176470588236,0.19301587301587303
r_03c5369512368a80684603bb814bcf1b,Tor file transfer,d_3e1af2e0e0112280268374b53ba71493,0,0,a_e7d8c038c18055500148c5915382bd98,a_11466db4ff2960d7231e6e0a50dc35eb,p_819724129eb8792069e937be5988a787,p_ebe9cfafe284f540917a29fe9616a45d,6,273,1,1,60,40,2,100,7.3260073260073257,366.30036630036625,50,0.5,0.59999999999999998
r_29e42359e782be4967d19d798ab8d1fc,Tor file transfer,d_3e1af2e0e0112280268374b53ba71493,0,0,a_9ce2c1dd870488154b22d950e6326fe3,a_e7d8c038c18055500148c5915382bd98,p_3dd478bd944ece2906a0c8e4425f63be,p_9503dc13515d1fd2a9daf6a70a83180d,6,295,3,2,132,128,5,260,16.949152542372882,881.3559322033899,52,0.59999999999999998,0.50769230769230766
r_70462343155e37b5a6390c381d42f16e,Tor file transfer,d_3e1af2e0e0112280268374b53ba71493,0,0,a_85f22f8defd8889ff18d1bc9d340c13e,a_e7d8c038c18055500148c5915382bd98,p_2313704d6916acc778397dda2b5b461d,p_d7355350597db8229d46c7926e134241,6,272,3,2,132,128,5,260,18.382352941176471,955.88235294117635,52,0.59999999999999998,0.50769230769230766
r_361e8f20ab0093ddfdcb29000fcf9423,Tor file transfer,d_3e1af2e0e0112280268374b53ba71493,0,0,a_e7d8c038c18055500148c5915382bd98,a_14f6b52fad3579780a1c7ab5233cf9a6,p_d4e9aee28ff34c2cce9e36f84ef92c56,p_e2a4a4bf9c74500e61f176db310c2961,6,240,3,2,132,128,5,260,20.833333333333336,1083.3333333333335,52,0.59999999999999998,0.50769230769230766
r_0189eec7cf8a5fc04094c2ac4405eb82,Tor file transfer,d_3e1af2e0e0112280268374b53ba71493,0,0,a_e7d8c038c18055500148c5915382bd98,a_62649351f8ba8e02535c4c4155165d2e,p_95a363376b8accb96afe9eb25638d4c9,p_64eab6039291da87b7bab47109b51546,6,1139627,289,283,104877,90979,572,195856,0.50191861021193773,171.85974007284841,342.4055944055944,0.50524475524475521,0.53548014868066329
r_d8560c8682bd95352202c226f5c616bc,Tor file transfer,d_3e1af2e0e0112280268374b53ba71493,0,0,a_35928deabc1887e3abbe0bf98d740370,a_e7d8c038c18055500148c5915382bd98,p_3dd478bd944ece2906a0c8e4425f63be,p_ad1082452980374d6ba3787787e14e07,6,317,3,2,132,128,5,260,15.772870662460567,820.18927444794951,52,0.59999999999999998,0.50769230769230766
r_ae3a646c758bff216235cce7d08513c3,Tor file transfer,d_3e1af2e0e0112280268374b53ba71493,0,0,a_068db296fa7e853b6d89802beee6faaa,a_e7d8c038c18055500148c5915382bd98,p_43df02fd0b2e49858e28f6f6da383215,p_e8d7175d100685ae5c2ebfc186f1a848,6,301,3,2,132,128,5,260,16.611295681063122,863.78737541528244,52,0.59999999999999998,0.50769230769230766
r_2bb39e14a29798fc5cd90d6cf9ec71d8,Tor file transfer,d_3e1af2e0e0112280268374b53ba71493,0,0,a_e7d8c038c18055500148c5915382bd98,a_ba5851337cdc91d947e104bfb96a5f71,p_a998e94f4449fb31da05cbe57ca2ecb0,p_2313704d6916acc778397dda2b5b461d,6,237,3,2,132,128,5,260,21.09704641350211,1097.0464135021098,52,0.59999999999999998,0.50769230769230766
r_9fc9fa937164c760681ebf23717161d0,Tor file transfer,d_3e1af2e0e0112280268374b53ba71493,0,0,a_e7d8c038c18055500148c5915382bd98,a_87e2c0b2b2c34db0136c31995553216e,p_7a3aa90138fdd5c7557f9a01b9c4a4ac,p_3dd478bd944ece2906a0c8e4425f63be,6,1098938,308,310,105202,107945,618,213147,0.56236111591372762,193.95725691531277,344.89805825242718,0.49838187702265374,0.49356547359334169
r_a3ef1c1bc707ca7ac3d3daf36a992caf,Tor file transfer,d_3e1af2e0e0112280268374b53ba71493,0,0,a_e7d8c038c18055500148c5915382bd98,a_1b37a0766c980d868a6921a5c1c57e97,p_f3e0eaec304febcc8cacffdd599dfd0f,p_2313704d6916acc778397dda2b5b461d,6,293,1,1,60,40,2,100,6.8259385665529013,341.29692832764505,50,0.5,0.59999999999999998
r_4de79d4248904244c54e05e4379f3385,Tor file transfer,d_3e1af2e0e0112280268374b53ba71493,0,0,a_e7d8c038c18055500148c5915382bd98,a_8ad3d004aaea95dd920f5565cb97ee42,p_b2b17128614d490f62b3b10f2018b3d0,p_7aed2817a1259e69653af05a7fa83c69,6,227,2,1,104,52,3,156,13.215859030837004,687.22466960352426,52,0.66666666666666663,0.66666666666666663
r_9cbef36a284a1305428733cc3d8487c9,Tor file transfer,d_3e1af2e0e0112280268374b53ba71493,0,0,a_e7d8c038c18055500148c5915382bd98,a_2c93704d57176602fbdd95e157abeff2,p_489851577069833f88eac27cd41f5ec3,p_2313704d6916acc778397dda2b5b461d,6,1061348,199,200,62755,66338,399,129093,0.37593701594575957,121.63117092602992,323.54135338345867,0.49874686716791977,0.48612240787649214
r_90af421521cd9dc83ab33ba52599467e,Tor file transfer,d_3e1af2e0e0112280268374b53ba71493,0,0,a_e7d8c038c18055500148c5915382bd98,a_e7b1a4eb15538679707ab6e886dee81e,p_ffc0a2af7a75d46ed2ce1eb7dd8f68d6,p_64eab6039291da87b7bab47109b51546,6,1327,3,2,692,104,5,796,3.7678975131876413,599.84928409947247,159.19999999999999,0.59999999999999998,0.8693467336683417
r_b08d25d5ecb7066ae53c885dd9865669,Tor file transfer,d_3e1af2e0e0112280268374b53ba71493,0,0,a_e7d8c038c18055500148c5915382bd98,a_3d1ef2eefa0bb9ecb4ab1ecf791edd5f,p_4d748007687b2646d830dab6fbd37b36,p_2313704d6916acc778397dda2b5b461d,6,286,3,2,132,128,5,260,17.482517482517483,909.09090909090912,52,0.59999999999999998,0.50769230769230766
r_8c2e670087ecf8dd540a6ea8bc19c6e7,Tor file transfer,d_3e1af2e0e0112280268374b53ba71493,0,0,a_e7d8c038c18055500148c5915382bd98,a_d8473cb141aae6f22dae15113abbec1f,p_6b47c8ee6f521ecf45fd4afc84d8c5d0,p_2313704d6916acc778397dda2b5b461d,6,616876,146,137,46851,60812,283,107663,0.45876318741529903,174.52940299184925,380.43462897526501,0.51590106007067138,0.43516342661824398
r_6fb5c18dcc994f4b5d9b3c78dcef63d7,Tor file transfer,d_3e1af2e0e0112280268374b53ba71493,0,0,a_e7d8c038c18055500148c5915382bd98,a_af13fb403e2ca17a4bee0de07c7cce5d,p_418e355060d0a3c7c6902c621a0210a4,p_cb2a3d1cffb3ffaa65569ee444e6797c,6,1041469,1756,964,1965218,222821,2720,2188039,2.6116955953561747,2100.9161098410032,804.42610294117651,0.64558823529411768,0.89816406380325031
r_b613263ad531b61b900f7f79961ba7ec,Tor file transfer,d_3e1af2e0e0112280268374b53ba71493,0,0,a_e7d8c038c18055500148c5915382bd98,a_fc6c74a5869c854d2737fcab477e5b00,p_867bbc6aa039869773f80bbc0c17d99a,p_d7195ebfc9c48d4a0beab7870d0eba9c,6,793550,179,172,49321,96825,351,146146,0.44231617415411761,184.16734925335518,416.37037037037038,0.50997150997150997,0.33747759090224844
r_12792ddde00e618d871ac590d5a88ec4,Tor file transfer,d_3e1af2e0e0112280268374b53ba71493,0,0,a_e7d8c038c18055500148c5915382bd98,a_d8473cb141aae6f22dae15113abbec1f,p_f2ccb04a772d961d6d092a764c2e35c4,p_2313704d6916acc778397dda2b5b461d,6,1033465,432,412,232230,141420,844,373650,0.8166701339668011,361.55070563589481,442.71327014218008,0.51184834123222744,0.6215174628663187
r_8e0a12116c3614512beed6cb5265cb07,Tor file transfer,d_3e1af2e0e0112280268374b53ba71493,0,0,a_163fed2ccd51815107ca6be39e260709,a_e7d8c038c18055500148c5915382bd98,p_3dd478bd944ece2906a0c8e4425f63be,p_233e6bbe0dbf67fa2a2e460c34121531,6,370,3,2,132,128,5,260,13.513513513513514,702.70270270270271,52,0.59999999999999998,0.50769230769230766
r_89b796b818d43b893ca1541c0af6d688,Tor file transfer,d_3e1af2e0e0112280268374b53ba71493,0,0,a_e7d8c038c18055500148c5915382bd98,a_e2370a5f48648ec5a5dbdf8b657a0e89,p_fb15a32c3f4b2ab3aefd36cf9960f9e6,p_3dd478bd944ece2906a0c8e4425f63be,6,408644,1066,1783,144643,2201534,2849,2346177,6.9718385685339808,5741.3714626912424,823.50895050895053,0.37416637416637416,0.061650506334347321
r_3675b67229be35787c0cf49d797c3e5f,Tor file transfer,d_3e1af2e0e0112280268374b53ba71493,0,0,a_e7d8c038c18055500148c5915382bd98,a_b2ce6218e704befe601e07edc341da1d,p_3f720a1c73bb759783c9456d3a05f821,p_2313704d6916acc778397dda2b5b461d,6,68032,11,0,660,0,11,660,0.16168861712135466,9.7013170272812808,60,1,1
r_3a56c637ad4899a3063cd9b83b6e43a8,Tor file transfer,d_3e1af2e0e0112280268374b53ba71493,0,0,a_e7d8c038c18055500148c5915382bd98,a_58597d7dc9015e05b95c2a7248b06cfe,p_d42b0cc2fad22913cdb158643b7b5d27,p_43df02fd0b2e49858e28f6f6da383215,6,68079,11,0,660,0,11,660,0.16157699143641946,9.694619486185168,60,1,1
r_0bf401816ff25703fc69e527f6b6ff52,Tor file transfer,d_3e1af2e0e0112280268374b53ba71493,0,0,a_e7d8c038c18055500148c5915382bd98,a_75f4459b795091194616c86b9dd9b2f2,p_8b948c3163e5074df182f786c3adb5c0,p_2313704d6916acc778397dda2b5b461d,6,68127,11,0,660,0,11,660,0.16146314970569672,9.6877889823418037,60,1,1
r_e9751805b1c62991619073e5c0d9a471,Tor file transfer,d_3e1af2e0e0112280268374b53ba71493,0,0,a_b586ae6153946314c9244e8b32cd2f59,a_e7d8c038c18055500148c5915382bd98,p_3dd478bd944ece2906a0c8e4425f63be,p_97f7baa1425d945fa908c7e97898f052,6,331,3,2,132,128,5,260,15.105740181268882,785.4984894259818,52,0.59999999999999998,0.50769230769230766
r_b1e18056c78c220ec3f1c75f5256ad45,Tor file transfer,d_3e1af2e0e0112280268374b53ba71493,0,0,a_e7d8c038c18055500148c5915382bd98,a_e7b1a4eb15538679707ab6e886dee81e,p_c9b3120f1f47a3cb3e1b248b146cb040,p_64eab6039291da87b7bab47109b51546,6,291,2,1,104,52,3,156,10.309278350515465,536.08247422680415,52,0.66666666666666663,0.66666666666666663
r_4a49139b969ca00074af96c223c1b05a,Tor file transfer,d_3e1af2e0e0112280268374b53ba71493,0,0,a_e7d8c038c18055500148c5915382bd98,a_d0f5400ec879a15e9c14a72b249057f4,p_f57d11404b54a5eabf370f135329489d,p_2313704d6916acc778397dda2b5b461d,6,291,3,2,132,128,5,260,17.182130584192439,893.47079037800688,52,0.59999999999999998,0.50769230769230766
r_4d49647db494bb5ecbdfe4903dcbafa7,Tor file transfer,d_3e1af2e0e0112280268374b53ba71493,0,0,a_e7d8c038c18055500148c5915382bd98,a_1b5ed13f48b330d0e3b2b4abe569c9f7,p_becc831c5ac5f3a8cd8fd6deb4afb44b,p_64eab6039291da87b7bab47109b51546,6,934591,286,285,100228,100750,571,200978,0.61096244239458752,215.04379990819513,351.97548161120841,0.50087565674255696,0.49870135039656083
r_5d00cffb122a554e2720649b5885f453,Tor file transfer,d_3e1af2e0e0112280268374b53ba71493,0,0,a_e7d8c038c18055500148c5915382bd98,a_273b6f05eaba7ea07c86d83ea72eee5f,p_abcbac869a15e66dcbd3511cd0d42c5c,p_4ab90d1928ebd5a7235cc2db9185505b,6,68321,11,0,660,0,11,660,0.16100466913540493,9.6602801481242953,60,1,1
r_5d9da61a3a2d6082791d7a42bfeaa88e,Tor file transfer,d_3e1af2e0e0112280268374b53ba71493,0,0,a_e7d8c038c18055500148c5915382bd98,a_376cf29ff0684e749f106c7ffc1f74ee,p_3d9cd0be497b1b347bb7631a58cdcff6,p_0c96cc35810b30f371e5bf40c3e1dcc5,6,282,1,1,60,40,2,100,7.0921985815602842,354.6099290780142,50,0.5,0.59999999999999998
r_8f5642e4f49a60e71b7bf4639c38c63b,Tor file transfer,d_3e1af2e0e0112280268374b53ba71493,0,0,a_e7d8c038c18055500148c5915382bd98,a_c4dd81d8583981e5ee90450df492c4c6,p_d6bba223dd5814220d4b1ab2b51f501e,p_2313704d6916acc778397dda2b5b461d,6,67880,11,0,660,0,11,660,0.16205067766647024,9.7230406599882144,60,1,1
r_11227f4fd58e3f6ce8168b87c7d428d8,Tor file transfer,d_3e1af2e0e0112280268374b53ba71493,0,0,a_e7d8c038c18055500148c5915382bd98,a_94888b7827cd0ee1350e1df6c55a9d26,p_d983bb98f599fff443b3554139779c9d,p_3dd478bd944ece2906a0c8e4425f63be,6,626948,155,144,64987,47770,299,112757,0.47691355582919159,179.85064152050887,377.11371237458195,0.51839464882943143,0.57634559273481911
r_af952e1edbf0e76fabf29676f2125607,Tor file transfer,d_3e1af2e0e0112280268374b53ba71493,0,0,a_e7d8c038c18055500148c5915382bd98,a_6e70c196de31ab8e2313e5e0855c90b1,p_ee5212e00d285311fae5fc5f1463bf2a,p_fcba14974d3a85e16403e2fb8671e354,6,852257,440,369,279965,140020,809,419985,0.94924418338599748,492.79149364569611,519.14091470951792,0.54388133498145863,0.66660714073121663
r_eb6269e6dbd13c1986871cc81959efdf,Tor file transfer,d_3e1af2e0e0112280268374b53ba71493,0,0,a_e7d8c038c18055500148c5915382bd98,a_94888b7827cd0ee1350e1df6c55a9d26,p_06613186bd61d6355d119e5cb6de5f37,p_3dd478bd944ece2906a0c8e4425f63be,6,846271,2067,1128,2423390,232512,3195,2655902,3.775386371505109,3138.3587526926954,831.26823161189361,0.64694835680751173,0.91245460111103494
r_687c29f83283668a2aaf1fef935100d3,Tor file transfer,d_3e1af2e0e0112280268374b53ba71493,0,0,a_e7d8c038c18055500148c5915382bd98,a_edd939908fb7e09883b13c6218ac5b72,p_ee7079bc75da4567acc0fdf939d39d30,p_3dd478bd944ece2906a0c8e4425f63be,6,415702,89,89,23772,33220,178,56992,0.42819134861030256,137.0982097752717,320.17977528089887,0.5,0.41711117349803484
r_41c3af723e8088c917dcd1fd3c6742e7,Tor file transfer,d_3e1af2e0e0112280268374b53ba71493,0,0,a_e7d8c038c18055500148c5915382bd98,a_f87c6ab03244a8d75cddc98dabeaf754,p_b1448dae3406d5df079c784bb39cc6b6,p_2313704d6916acc778397dda2b5b461d,6,280,1,1,60,40,2,100,7.1428571428571423,357.14285714285711,50,0.5,0.59999999999999998
r_a362573ca8ad7808fbc615d4a538e379,Tor file transfer,d_3e1af2e0e0112280268374b53ba71493,0,0,a_e7d8c038c18055500148c5915382bd98,a_af13fb403e2ca17a4bee0de07c7cce5d,p_a3a06058c3d106bcafe145935b1e5da7,p_cb2a3d1cffb3ffaa65569ee444e6797c,6,373,3,2,132,128,5,260,13.404825737265416,697.05093833780165,52,0.59999999999999998,0.50769230769230766
r_7465b171dc3bc3968145c280c05c69fa,Tor file transfer,d_3e1af2e0e0112280268374b53ba71493,0,0,a_e7d8c038c18055500148c5915382bd98,a_dc3c82be118b1070a306bc59506d3c31,p_75f515193b3eec1add7a217aa5212710,p_e3b7775486eca350dd96d9c41ec24189,6,193407,55,53,17669,19499,108,37168,0.55840791698335634,192.17505054108693,344.14814814814815,0.5092592592592593,0.47538204907447268
r_95b24215768e35b3983a39aff7c6d41a,Tor file transfer,d_3e1af2e0e0112280268374b53ba71493,0,0,a_e7d8c038c18055500148c5915382bd98,a_db2f0bff2e3bb8f8c485668fc45fa0d4,p_f0ea9c995b61d822206abe67637fa929,p_e805c9d7b1b02a765dbe79d4dc8d4bd7,6,786162,446,389,310662,136251,835,446913,1.0621220562683009,568.47443656650921,535.22514970059876,0.53413173652694612,0.69512858207302097
r_a15cbb963e79ce13b31fae11f0b05af0,Tor file transfer,d_3e1af2e0e0112280268374b53ba71493,0,0,a_e7d8c038c18055500148c5915382bd98,a_f46b71203eae8d67eb0e43781484e32b,p_2f76cc34fd84aa7eae7023f35743bf86,p_018bddd8ee5d54a934fb83e788d3889a,6,306032,67,69,23751,19293,136,43044,0.44439797145396565,140.65195796518012,316.5,0.49264705882352944,0.5517842207973237
r_cbb9009005143791d4cb37dcea2ad293,Tor file transfer,d_3e1af2e0e0112280268374b53ba71493,0,0,a_e7d8c038c18055500148c5915382bd98,a_f077900662458b595187c2745e3679d2,p_6d46b62f033726e09169ae1d7b3644ba,p_3dd478bd944ece2906a0c8e4425f63be,6,323968,75,76,21975,26154,151,48129,0.46609541683129196,148.56096898459106,318.73509933774835,0.49668874172185429,0.45658542666583557
r_db6cc3d3f1b85713ebbe6e357582994d,Tor file transfer,d_3e1af2e0e0112280268374b53ba71493,0,0,a_e7d8c038c18055500148c5915382bd98,a_1e339038cdb2f13006855b24ff34bbfb,p_26cb5176fe0322246af7724d75198e57,p_e805c9d7b1b02a765dbe79d4dc8d4bd7,6,277124,59,62,16915,21567,121,38482,0.43662764682957805,138.86202566360186,318.03305785123968,0.48760330578512395,0.43955615612494153
r_51e9421c3f9b5f1c212bee4f9f7bcab0,Tor file transfer,d_3e1af2e0e0112280268374b53ba71493,0,0,a_e7d8c038c18055500148c5915382bd98,a_8f0b3741f45886cbf79aafafb4dd228b,p_a2755c8b2d28d5a999c690d622e76fc2,p_64eab6039291da87b7bab47109b51546,6,291981,64,63,20334,20656,127,40990,0.43495980902866971,140.38584702429267,322.75590551181102,0.50393700787401574,0.49607221273481339
r_9391bbc719c433e5c8e7cae9e469b1f4,Tor file transfer,d_3e1af2e0e0112280268374b53ba71493,0,0,a_e7d8c038c18055500148c5915382bd98,a_c5174ca4e3b3e7b7eea5a0bf3a9cacd2,p_96035e3dd5aa32a5671f70ce8f08bf37,p_53b18b33cc21a2933da3a83a094344d3,6,310775,67,68,23231,20312,135,43543,0.43439787627704934,140.11101279060415,322.54074074074072,0.49629629629629629,0.53351859081827158
r_fd8015efae9754cbee441859b18f610c,Tor file transfer,d_3e1af2e0e0112280268374b53ba71493,0,0,a_e7d8c038c18055500148c5915382bd98,a_bfb92aa532a15e8d83d3f22e32329179,p_98aaa5446c324a68348e9437c1023ca8,p_e2a4a4bf9c74500e61f176db310c2961,6,302377,64,65,17700,23930,129,41630,0.42661974951798581,137.67581529018409,322.71317829457365,0.49612403100775193,0.4251741532548643
r_e6b70768952b168f8a8df9fb4c74c0f7,Tor file transfer,d_3e1af2e0e0112280268374b53ba71493,0,0,a_e7d8c038c18055500148c5915382bd98,a_227d1fa26458f82c6faee349bd6fa27f,p_e1a265389272b1f86c6f84ed39326135,p_e2a4a4bf9c74500e61f176db310c2961,6,334893,72,76,24010,23390,148,47400,0.44193219923975724,141.53774489165198,320.27027027027026,0.48648648648648651,0.50654008438818565
r_c889383b90d448659de9d91bfe1a99b0,Tor file transfer,d_3e1af2e0e0112280268374b53ba71493,0,0,a_e7d8c038c18055500148c5915382bd98,a_d6cc40fb34d30a737ca215eb6f086e94,p_0306ab046c1a7ed63d9d3a64e0eedfc8,p_64eab6039291da87b7bab47109b51546,6,302900,69,70,22203,22081,139,44284,0.45889732585011561,146.20006602839223,318.58992805755395,0.49640287769784175,0.50137747267636168
r_ec383ebbec982de4686dea44514d2d81,Tor file transfer,d_3e1af2e0e0112280268374b53ba71493,0,0,a_e7d8c038c18055500148c5915382bd98,a_1674a68b9be1e13942c06f65f0b9ea52,p_d0f8e9791f1d242ec58d604527dbb7ef,p_e8fa32c526b9b4cdc16418a4dc18e34a,6,275873,62,61,15950,24254,123,40204,0.44585733290318375,145.73372530113494,326.86178861788619,0.50406504065040647,0.39672669386130732
r_a5623920ddf517629093bbff5afb4829,Tor file transfer,d_3e1af2e0e0112280268374b53ba71493,0,0,a_e7d8c038c18055500148c5915382bd98,a_fc6c74a5869c854d2737fcab477e5b00,p_46d8e03f40ff87509008a1e91db5868c,p_64eab6039291da87b7bab47109b51546,6,316904,72,72,21816,24316,144,46132,0.45439628404816601,145.57089844243052,320.36111111111109,0.5,0.47290384115147838
r_d8940f4065cba1094a510021b7c1971c,Tor file transfer,d_3e1af2e0e0112280268374b53ba71493,0,0,a_e7d8c038c18055500148c5915382bd98,a_673c3429afaf5925c0c87c57872ae91b,p_8da1182b5cec42fcaf523a68834b805f,p_b303345724f72d24ec6c9d55662f6c01,6,245403,56,55,15652,20717,111,36369,0.45231720883607779,148.20112223566949,327.64864864864865,0.50450450450450446,0.43036652093816163
r_a18e309393e33068a40c5a66507deee4,Tor file transfer,d_3e1af2e0e0112280268374b53ba71493,0,0,a_e7d8c038c18055500148c5915382bd98,a_272f43be149f6fcf4360a53fac707f1b,p_43143875a1ee18bb02c8c7c21e90330e,p_64eab6039291da87b7bab47109b51546,6,259384,59,57,18997,17625,116,36622,0.4472133978965549,141.18835394627271,315.70689655172413,0.50862068965517238,0.51873190978100592
r_c81f83acbf9cadab47afc2fecd0aa93d,Tor file transfer,d_3e1af2e0e0112280268374b53ba71493,0,0,a_80f054d4007522abaed414dbfea08667,a_e7d8c038c18055500148c5915382bd98,p_3dd478bd944ece2906a0c8e4425f63be,p_8399408abe9bb28df76de0dd8ae5e9fc,6,350,3,2,132,128,5,260,14.285714285714286,742.85714285714289,52,0.59999999999999998,0.50769230769230766
r_b0ce905bd6c81335db68b6285aff5b05,Tor file transfer,d_3e1af2e0e0112280268374b53ba71493,0,0,a_e7d8c038c18055500148c5915382bd98,a_d8473cb141aae6f22dae15113abbec1f,p_57869aabcac2c4b98e1d563b23eddf6d,p_2313704d6916acc778397dda2b5b461d,6,357,3,2,132,128,5,260,14.005602240896359,728.29131652661067,52,0.59999999999999998,0.50769230769230766
r_0217a92857ddac762f72ee1f70c81cb4,Tor file transfer,d_3e1af2e0e0112280268374b53ba71493,0,0,a_e7d8c038c18055500148c5915382bd98,a_ba5851337cdc91d947e104bfb96a5f71,p_4a58888f96a08cc334e5ed03a620a626,p_2313704d6916acc778397dda2b5b461d,6,9318,3,4,716,184,7,900,0.75123417042283758,96.587250482936255,128.57142857142858,0.42857142857142855,0.79555555555555557
r_38f5c34b794ca4276f2fd6b3888c85cc,Tor file transfer,d_3e1af2e0e0112280268374b53ba71493,0,0,a_e7d8c038c18055500148c5915382bd98,a_dc3c82be118b1070a306bc59506d3c31,p_b4c00b1c4f5f4a8e49e05236e0c114e8,p_e3b7775486eca350dd96d9c41ec24189,6,751390,1911,1146,2231214,217945,3057,2449159,4.0684597878598332,3259.5043852060849,801.16421328099443,0.62512266928361138,0.91101231075646782
r_1cbe3660b8acc58f58110298c6754d91,Tor file transfer,d_3e1af2e0e0112280268374b53ba71493,0,0,a_e7d8c038c18055500148c5915382bd98,a_e6510a5d176aaca6618aa3715f81cb3f,p_050133087cebefc6262d01bea7745d07,p_3919451a0dfaecc18e4c3b5d9eae72c2,6,1344,3,2,692,104,5,796,3.7202380952380949,592.2619047619047,159.19999999999999,0.59999999999999998,0.8693467336683417
r_535a90e08756952ebf3872cb20cbde55,Tor file transfer,d_3e1af2e0e0112280268374b53ba71493,0,0,a_e7d8c038c18055500148c5915382bd98,a_4ba20bcab22798247aa87e8b6193253b,p_8d0424401b8a207ec2121bf7be005135,p_2313704d6916acc778397dda2b5b461d,6,68036,11,0,660,0,11,660,0.16167911105885119,9.7007466635310724,60,1,1
r_3d103f05f3e3c090c8832c9957f82fef,Tor file transfer,d_3e1af2e0e0112280268374b53ba71493,0,0,a_e7d8c038c18055500148c5915382bd98,a_d5308d870f75edab56efaf1fc687dcaf,p_431ca37c7aa40d09d33d8378d3e499cc,p_64eab6039291da87b7bab47109b51546,6,68131,11,0,660,0,11,660,0.16145367013547432,9.6872202081284584,60,1,1
r_06d046e58b3dea10c12dd44226672db8,Tor file transfer,d_3e1af2e0e0112280268374b53ba71493,0,0,a_4038c02309057cb7ace1aed4cf1ebf75,a_e7d8c038c18055500148c5915382bd98,p_3dd478bd944ece2906a0c8e4425f63be,p_4728508893cb8347150abb3732350644,6,207,3,2,132,128,5,260,24.154589371980677,1256.0386473429953,52,0.59999999999999998,0.50769230769230766
r_07f0caf259929c8288da362f2d2409eb,Tor file transfer,d_3e1af2e0e0112280268374b53ba71493,0,0,a_e7d8c038c18055500148c5915382bd98,a_e6510a5d176aaca6618aa3715f81cb3f,p_e7e159df9c4cbefb7bd50bd505050869,p_3919451a0dfaecc18e4c3b5d9eae72c2,6,313,2,1,104,52,3,156,9.5846645367412133,498.40255591054313,52,0.66666666666666663,0.66666666666666663
r_e657aaf7f14864d79d53c42af573b580,Tor file transfer,d_3e1af2e0e0112280268374b53ba71493,0,0,a_94888b7827cd0ee1350e1df6c55a9d26,a_e7d8c038c18055500148c5915382bd98,p_3dd478bd944ece2906a0c8e4425f63be,p_120f541bade966c574a4d833eb6f524b,6,379,3,2,132,128,5,260,13.192612137203167,686.01583113456468,52,0.59999999999999998,0.50769230769230766
r_d22e4e680eef54c3be48bee30277a195,Tor file transfer,d_3e1af2e0e0112280268374b53ba71493,0,0,a_e7d8c038c18055500148c5915382bd98,a_5c25e15c88206e70e411bb4233d657e5,p_eb248ebd2ffbcf099796fc62574e27fc,p_4ab90d1928ebd5a7235cc2db9185505b,6,276,3,2,132,128,5,260,18.115942028985504,942.02898550724626,52,0.59999999999999998,0.50769230769230766
r_6863e269af92398fba40365c25f2aea2,Tor file transfer,d_3e1af2e0e0112280268374b53ba71493,0,0,a_db2f0bff2e3bb8f8c485668fc45fa0d4,a_e7d8c038c18055500148c5915382bd98,p_e805c9d7b1b02a765dbe79d4dc8d4bd7,p_6d4c0ffcdeae04c48e922ca36848660c,6,328,3,2,132,128,5,260,15.24390243902439,792.68292682926824,52,0.59999999999999998,0.50769230769230766
r_3b8a35b18ebeacf89c7ca3806ad817b8,Tor file transfer,d_3e1af2e0e0112280268374b53ba71493,0,0,a_e7d8c038c18055500148c5915382bd98,a_8ca90129e24bccc2d5ddc8a9eb8cf078,p_c5a27c727c41ce645df52a0d698fcc3d,p_7aed2817a1259e69653af05a7fa83c69,6,255,1,1,60,40,2,100,7.8431372549019605,392.15686274509801,50,0.5,0.59999999999999998
r_ebb895bcb6b1ae7183667cdad16418fa,Tor file transfer,d_3e1af2e0e0112280268374b53ba71493,0,0,a_e7d8c038c18055500148c5915382bd98,a_dc3c82be118b1070a306bc59506d3c31,p_d2b40d28978364ad0669201f52ac391f,p_e3b7775486eca350dd96d9c41ec24189,6,306,2,1,104,52,3,156,9.8039215686274517,509.80392156862746,52,0.66666666666666663,0.66666666666666663
r_343d767b4e3ee145f2839c0d95c4c8bd,Tor file transfer,d_3e1af2e0e0112280268374b53ba71493,0,0,a_5c25e15c88206e70e411bb4233d657e5,a_e7d8c038c18055500148c5915382bd98,p_2313704d6916acc778397dda2b5b461d,p_26a32529453694497abe1711797b02db,6,340,3,2,132,128,5,260,14.705882352941176,764.7058823529411,52,0.59999999999999998,0.50769230769230766
r_d30669926885224ade8e28dc8e4583f5,Tor file transfer,d_3e1af2e0e0112280268374b53ba71493,0,0,a_e7d8c038c18055500148c5915382bd98,a_e7b1a4eb15538679707ab6e886dee81e,p_60329871558b1c30ebfdcf4633177ecb,p_64eab6039291da87b7bab47109b51546,6,75999,25,26,10277,9458,51,19735,0.67106146133501765,259.67446940091321,386.96078431372547,0.49019607843137253,0.52074993666075498
r_844c0de50eeaa631a2b6302983486583,Tor file transfer,d_3e1af2e0e0112280268374b53ba71493,0,0,a_e7d8c038c18055500148c5915382bd98,a_8b88c46ded084ba72bdcf29a530d0502,p_bece1223782ffad073e079a002f709e4,p_2d36b619be089107b3d8a5a53b5aa6c4,6,506807,345,276,250871,106532,621,357403,1.2253185137537563,705.20533457509464,575.52818035426731,0.55555555555555558,0.70192751599734748
r_c7b5eb13302c1919c4f0d6ce0fe514c5,Tor file transfer,d_3e1af2e0e0112280268374b53ba71493,0,0,a_e7d8c038c18055500148c5915382bd98,a_31deb677d0a6d9359b1ca529de8b2013,p_43c104461c984450ddc01208c1f5effe,p_b1d5b2eb31f62d2778ffe2dd1f94510c,6,291939,66,68,18886,24071,134,42957,0.45899999657462687,147.14375263325556,320.57462686567163,0.4925373134328358,0.43964895127685827
r_e1da0fd7c9339997b81b097da66f3c08,Tor file transfer,d_3e1af2e0e0112280268374b53ba71493,0,0,a_e7d8c038c18055500148c5915382bd98,a_7ea79d475339897eb9403319097631ff,p_4fdd20daba6aada0f53cba8c50bbd2e8,p_2313704d6916acc778397dda2b5b461d,6,280733,62,61,18657,21590,123,40247,0.43813872968265222,143.3639792970545,327.21138211382112,0.50406504065040647,0.46356250155291079
r_7852aa2c8070a2da5c839cd8fea76fa1,Tor file transfer,d_3e1af2e0e0112280268374b53ba71493,0,0,a_e7d8c038c18055500148c5915382bd98,a_505e83055acc40f98f593846f30ed427,p_8e20081a4fac0fbc2f4f487c9710fedf,p_df178b2b798fceb52e78daa22e88d339,6,322809,75,77,22038,26075,152,48113,0.47086667348184219,149.04479119231496,316.53289473684208,0.49342105263157893,0.4580466817699998
r_b6639d19d7fc1177eef92cec5e49dc17,Tor file transfer,d_3e1af2e0e0112280268374b53ba71493,0,0,a_e7d8c038c18055500148c5915382bd98,a_e45064f0d41d4d7fed4f70299d0a7899,p_45ccb199fb7232c9994229f189a712e4,p_2313704d6916acc778397dda2b5b461d,6,317740,69,69,18997,25215,138,44212,0.43431736640020141,139.14521306728773,320.37681159420288,0.5,0.42967972496154888
r_e67b0bf409f93801e935e6fb31304f6f,Tor file transfer,d_3e1af2e0e0112280268374b53ba71493,0,0,a_e7d8c038c18055500148c5915382bd98,a_a21bea9af75274a41ca383dc4ec70d72,p_f62206b5ca61003d59110fc0f9d77ad1,p_a7ba7129f727ff95b3e37ce4bf8b724a,6,286703,69,67,19001,25126,136,44127,0.47435848247140772,153.91188791188094,324.46323529411762,0.50735294117647056,0.43059804654746525
r_166cd22b882533680df997f036b51803,Tor file transfer,d_3e1af2e0e0112280268374b53ba71493,0,0,a_e7d8c038c18055500148c5915382bd98,a_0cc6a5b6ea1ea17488d1ddc0d93eef91,p_4aa1278515f3c7908cfd1d4a6205fee8,p_3dd478bd944ece2906a0c8e4425f63be,6,297462,61,60,20233,19367,121,39600,0.40677464684564751,133.12624805857556,327.27272727272725,0.50413223140495866,0.51093434343434341
r_79c88e35b939f251be52c7aba746f107,Tor file transfer,d_3e1af2e0e0112280268374b53ba71493,0,0,a_e7d8c038c18055500148c5915382bd98,a_f598e54e5ebf1c4c813287a7651b9f62,p_945ce8c399b8322d90b818cc22b3c3d0,p_2d36b619be089107b3d8a5a53b5aa6c4,6,340971,84,82,25629,25962,166,51591,0.48684492229544446,151.30612280809805,310.78915662650604,0.50602409638554213,0.49677269291155435
r_c4b815f2257b5b1249b5d8ba469b2d24,Tor file transfer,d_3e1af2e0e0112280268374b53ba71493,0,0,a_e7d8c038c18055500148c5915382bd98,a_1cc71949bdddaa31231c0a8910e173f3,p_36e623fdfaaa7f6ebf2fdee41d80fe8e,p_2313704d6916acc778397dda2b5b461d,6,302003,65,67,20439,20750,132,41189,0.43708175084353468,136.38606239010872,312.03787878787881,0.49242424242424243,0.49622472019228436
r_664fee1379274d370a62668ad3e96eef,Tor file transfer,d_3e1af2e0e0112280268374b53ba71493,0,0,a_e7d8c038c18055500148c5915382bd98,a_272f43be149f6fcf4360a53fac707f1b,p_4c13b7a865953a2d041980b3db13507d,p_2d36b619be089107b3d8a5a53b5aa6c4,6,500630,1516,756,1777929,169114,2272,1947043,4.53828176497613,3889.1856261111002,856.97315140845069,0.66725352112676062,0.91314316119366645
r_08651ade1b8c34254e9642625092e8dd,Tor file transfer,d_3e1af2e0e0112280268374b53ba71493,0,0,a_e7d8c038c18055500148c5915382bd98,a_5f60c2a991a621f58d0543ed49160636,p_883ab9b68bd813b3b4224495eb28e0b8,p_2313704d6916acc778397dda2b5b461d,6,68103,11,0,660,0,11,660,0.16152005051172491,9.6912030307034946,60,1,1
r_6d018a5d4ca17820795792ece87a7a4e,Tor file transfer,d_3e1af2e0e0112280268374b53ba71493,0,0,a_e7d8c038c18055500148c5915382bd98,a_86911fa4d6ab6ac775fbdcb7365c093d,p_ceb3a4694c7ad80ada5e1817e7fe0153,p_018bddd8ee5d54a934fb83e788d3889a,6,68127,11,0,660,0,11,660,0.16146314970569672,9.6877889823418037,60,1,1
r_7d20ae950c5abf3e3f02d6efd2e145ab,Tor file transfer,d_3e1af2e0e0112280268374b53ba71493,0,0,a_6a7d725e323045aa38ee40170a6b9ac7,a_f996ba757d02cdb550a8ef4f77976cdc,p_17aa210dda7d507fd2f6f3b3f3f59749,p_17aa210dda7d507fd2f6f3b3f3f59749,58,0,1,0,48,0,1,48,,,48,1,1
r_1f1b0ed1a276293a4e29a5de8a56b4df,Tor file transfer,d_3e1af2e0e0112280268374b53ba71493,0,0,a_e7d8c038c18055500148c5915382bd98,a_272f43be149f6fcf4360a53fac707f1b,p_51d5ec0288d359baee407ba4b7cab1b1,p_2d36b619be089107b3d8a5a53b5aa6c4,6,1249,4,3,720,180,7,900,5.6044835868694953,720.57646116893511,128.57142857142858,0.5714285714285714,0.80000000000000004
r_cc59f80b231592599a6e7a62ac98bbfd,Tor file transfer,d_3e1af2e0e0112280268374b53ba71493,0,0,a_e7d8c038c18055500148c5915382bd98,a_4f40e4207ec4a5d9ebe61f2f166b35c0,p_fe8df4ed3e165bdf86677b322fe6e0de,p_2313704d6916acc778397dda2b5b461d,6,271561,53,53,12940,20980,106,33920,0.39033587297145028,124.90747935086409,320,0.5,0.38148584905660377
r_45328e5ab52e745fb5f59e8d4c636fec,Tor file transfer,d_3e1af2e0e0112280268374b53ba71493,0,0,a_71394ec0ae14eb2d17f693263a2fab11,a_e7d8c038c18055500148c5915382bd98,p_e8fa32c526b9b4cdc16418a4dc18e34a,p_36ec99260569357f7338e73537c8e415,6,269165,48,48,15896,14824,96,30720,0.35665855516133221,114.13073765162632,320,0.5,0.51744791666666667
r_6e9972c6ec4f15a645cba22f2da4cb2c,Tor file transfer,d_3e1af2e0e0112280268374b53ba71493,0,0,a_e7d8c038c18055500148c5915382bd98,a_5ce92e7d66ad15c87973f33e6314ae49,p_bffb5f42e62bc14e704de8308240a08f,p_59add6c69faa2fcebe82de14314cf8aa,6,272467,48,48,16968,13752,96,30720,0.35233624622431342,112.74759879178029,320,0.5,0.55234375000000002
r_1073e111e8cd2fb617005c571146d7e2,Tor file transfer,d_3e1af2e0e0112280268374b53ba71493,0,0,a_24d57f494a52ef849fbf4232a57825e0,a_e7d8c038c18055500148c5915382bd98,p_2d36b619be089107b3d8a5a53b5aa6c4,p_4d6f26870fe921e00a36da1bc4f1450d,6,263599,47,47,14236,15844,94,30080,0.35660226328627953,114.11272425160945,320,0.5,0.47327127659574469
r_e71a42eaf0b3163f3db0a433a5497a4b,Tor file transfer,d_3e1af2e0e0112280268374b53ba71493,0,0,a_69fb0b835452ca85c178bdeaaf11695b,a_e7d8c038c18055500148c5915382bd98,p_3d01955bb66b778c6aa471c3a2911a0a,p_ef299d0f79a9de6de5ea06899bb17b4e,6,261974,41,41,23572,2704,82,26276,0.31300816111522517,100.30002977394703,320.4390243902439,0.5,0.89709240371441623
r_b245811a29e8e1b4e3e8360b00cb6301,Tor file transfer,d_3e1af2e0e0112280268374b53ba71493,0,0,a_12b71b62cd61d16405990587f8178445,a_e7d8c038c18055500148c5915382bd98,p_3d01955bb66b778c6aa471c3a2911a0a,p_66feb190f0393543c88ffed97d9628d8,6,264143,47,47,13700,16380,94,30080,0.35586784431160395,113.87771017971328,320,0.5,0.45545212765957449
r_01ec43251c8ad0ba2ca3ec2724f4249c,Tor file transfer,d_3e1af2e0e0112280268374b53ba71493,0,0,a_e7d8c038c18055500148c5915382bd98,a_80f054d4007522abaed414dbfea08667,p_3c613841da1fc667f27791f36734af9a,p_3dd478bd944ece2906a0c8e4425f63be,6,318,3,2,132,128,5,260,15.723270440251572,817.6100628930817,52,0.59999999999999998,0.50769230769230766
r_9c64861d894a0438227f1386ed3f6e85,Tor file transfer,d_3e1af2e0e0112280268374b53ba71493,0,0,a_e7d8c038c18055500148c5915382bd98,a_66ae3347c0dc52337286a79e3defad60,p_c7af07fe64dce537a175ba70f37ad043,p_2d36b619be089107b3d8a5a53b5aa6c4,6,35670,10,0,600,0,10,600,0.28034763106251753,16.820857863751051,60,1,1
r_64fec817990129ad72c310a34cf3537e,Tor file transfer,d_3e1af2e0e0112280268374b53ba71493,0,0,a_e7d8c038c18055500148c5915382bd98,a_376cf29ff0684e749f106c7ffc1f74ee,p_5c44740a1712ed33d19f757021759a89,p_0c96cc35810b30f371e5bf40c3e1dcc5,6,236,1,1,60,40,2,100,8.4745762711864412,423.72881355932208,50,0.5,0.59999999999999998
r_4b4637c7d808987405ab2e9fa13e4e65,Tor file transfer,d_3e1af2e0e0112280268374b53ba71493,0,0,a_e7d8c038c18055500148c5915382bd98,a_8873821d91c526b299ac024e64478c61,p_7a36124a2fc49d6387cdae0a9403c561,p_3dd478bd944ece2906a0c8e4425f63be,6,245421,45,45,16276,12524,90,28800,0.36671678462723239,117.34937108071436,320,0.5,0.56513888888888886
r_9c520c34c8bbd01c0272835a424f0f79,Tor file transfer,d_3e1af2e0e0112280268374b53ba71493,0,0,a_e7d8c038c18055500148c5915382bd98,a_e6510a5d176aaca6618aa3715f81cb3f,p_7c66bc211c973dee20fed06985da1b4e,p_3919451a0dfaecc18e4c3b5d9eae72c2,6,229564,70,71,23900,26397,141,50297,0.61420780261713515,219.09794218605705,356.71631205673759,0.49645390070921985,0.47517744597093264
r_19bed4efe7042ac7d61caaa456d3cb16,Tor file transfer,d_3e1af2e0e0112280268374b53ba71493,0,0,a_e7d8c038c18055500148c5915382bd98,a_272f43be149f6fcf4360a53fac707f1b,p_df7117e848f63df888ddd95f29028f0e,p_2d36b619be089107b3d8a5a53b5aa6c4,6,275,3,2,132,128,5,260,18.18181818181818,945.45454545454538,52,0.59999999999999998,0.50769230769230766
r_f5ff0b3744dc6cb0f8d281e8226d0b76,Tor file transfer,d_3e1af2e0e0112280268374b53ba71493,0,0,a_8b88c46ded084ba72bdcf29a530d0502,a_e7d8c038c18055500148c5915382bd98,p_2d36b619be089107b3d8a5a53b5aa6c4,p_406f0b072173b42d002e5e8697e996d3,6,309,3,2,132,128,5,260,16.181229773462782,841.42394822006474,52,0.59999999999999998,0.50769230769230766
r_9c75b816aeb6972f8bae51e9fc0d894c,Tor file transfer,d_3e1af2e0e0112280268374b53ba71493,0,0,a_f75f0944ced4ad46458a0936b8281bb9,a_e7d8c038c18055500148c5915382bd98,p_64eab6039291da87b7bab47109b51546,p_d330002f6c7230e31080265051228984,6,34395,8,9,4168,468,17,4636,0.49425788632068612,134.7870329989824,272.70588235294116,0.47058823529411764,0.89905090595340809
r_2619c60756c825886e80fdffd5820e92,Tor file transfer,d_3e1af2e0e0112280268374b53ba71493,0,0,a_120dc939351f663b0f41c201af226949,a_e7d8c038c18055500148c5915382bd98,p_2d36b619be089107b3d8a5a53b5aa6c4,p_b2a48ed035ab0c20a92e29a9cd3b2398,6,178903,34,34,13560,8200,68,21760,0.38009424101328654,121.6301571242517,320,0.5,0.62316176470588236
r_3a17d664d2931c7e2be3a7ad4561154c,Tor file transfer,d_3e1af2e0e0112280268374b53ba71493,0,0,a_e7d8c038c18055500148c5915382bd98,a_efa9a70c96d1a269183e3b7f1b825556,p_f1e4c95b5ebd8384e4a20fecfb61043d,p_3dd478bd944ece2906a0c8e4425f63be,6,338,1,1,588,52,2,640,5.9171597633136095,1893.4911242603548,320,0.5,0.91874999999999996
r_825e8a12678268f5d57bebb9c9a5aa68,Tor file transfer,d_3e1af2e0e0112280268374b53ba71493,0,0,a_e7b1a4eb15538679707ab6e886dee81e,a_e7d8c038c18055500148c5915382bd98,p_64eab6039291da87b7bab47109b51546,p_c6acddcd47f9f0d3313e10f45a1c8a5e,6,0,1,1,588,52,2,640,,,320,0.5,0.91874999999999996
r_34b828cf561fd57ba5c00f4a1063f8f4,Tor file transfer,d_3e1af2e0e0112280268374b53ba71493,0,0,a_e7d8c038c18055500148c5915382bd98,a_de34a842b1cb0dc34a445f63b4409448,p_567bc407dddbc65eabf43f6b856e02dd,p_79c8d8bc2b7ad76fad40a09103840f43,6,2004,8,9,1390,3884,17,5274,8.4830339321357293,2631.7365269461079,310.23529411764707,0.47058823529411764,0.26355707243079257
r_e8de6dfb9d64b31d08deca4fd4af97db,Tor file transfer,d_3e1af2e0e0112280268374b53ba71493,0,0,a_e7d8c038c18055500148c5915382bd98,a_a6a10543ce2dedfec418ae3fb26311e0,p_f70adce198bc7d62e36ffc21509eafd7,p_3dd478bd944ece2906a0c8e4425f63be,6,77222,1940,3470,516861,4455737,5410,4972598,70.057755561886509,64393.540700836551,919.14935304990763,0.35859519408502771,0.10394184287569597
r_fe344a059e9638991c951b569764760d,Tor file transfer,d_3e1af2e0e0112280268374b53ba71493,0,0,a_e7d8c038c18055500148c5915382bd98,a_e338888085f43a99ab322d5740681046,p_214123af8bb39606d0c41d47a45c321b,p_3dd478bd944ece2906a0c8e4425f63be,6,67270,382,664,47785,859790,1046,907575,15.549279024825331,13491.526683514197,867.66252390057366,0.36520076481835562,0.052651296036140265
r_fb5e067bb20f5d13a7c49acdfb5abd68,Tor file transfer,d_3e1af2e0e0112280268374b53ba71493,0,0,a_e7d8c038c18055500148c5915382bd98,a_de34a842b1cb0dc34a445f63b4409448,p_35840d3d44b9fcfdbfa10c1818b3e9fe,p_79c8d8bc2b7ad76fad40a09103840f43,6,67736,1110,2071,305135,2592612,3181,2897747,46.961733790008267,42780.013582142434,910.95473121659859,0.34894687205281361,0.1053007733249314
r_e88776753cbab15c4055f285e0145740,Tor file transfer,d_3e1af2e0e0112280268374b53ba71493,0,0,a_e7d8c038c18055500148c5915382bd98,a_608e374d00764e1a454e2b5813d3a88f,p_0ea7274a4830e2ff0f35647b4fd31b0a,p_3dd478bd944ece2906a0c8e4425f63be,6,2122,8,8,1400,3800,16,5200,7.5400565504241284,2450.5183788878417,325,0.5,0.26923076923076922
r_c6825ebfb35a23d9c3f9df5a3f719451,Tor file transfer,d_3e1af2e0e0112280268374b53ba71493,0,0,a_e7d8c038c18055500148c5915382bd98,a_4038c02309057cb7ace1aed4cf1ebf75,p_a4d92db2c81e67df25862ae75ba5b403,p_3dd478bd944ece2906a0c8e4425f63be,6,73468,382,663,47785,857427,1045,905212,14.223879784395926,12321.173844394838,866.23157894736846,0.36555023923444974,0.052788738991529055
r_868aec3aa2ddbb5252a5dfa072f2cf25,Tor file transfer,d_3e1af2e0e0112280268374b53ba71493,0,0,a_e7d8c038c18055500148c5915382bd98,a_10be1ac5c6b10018ce2d1b3dbdf38b1b,p_ab36afdbc1f3c122bbed8de456b28914,p_3dd478bd944ece2906a0c8e4425f63be,6,68462,27,24,6577,13132,51,19709,0.74493879816540554,287.88232888317606,386.45098039215685,0.52941176470588236,0.33370541377035873
r_a7c4504e518a249b5b2348527465aa92,Tor file transfer,d_3e1af2e0e0112280268374b53ba71493,0,0,a_e7d8c038c18055500148c5915382bd98,a_bdfe034ed4e6a6af74796c7e35ffc58a,p_3342ffdf3c082b0aa9eee94849d2305d,p_64eab6039291da87b7bab47109b51546,6,87266,2037,3735,547073,4810893,5772,5357966,66.142598491967078,61398.093186349775,928.26853776853773,0.35291060291060289,0.10210460462048471
r_9e4660ec6e8cc72812446d8fdfb6517f,Tor file transfer,d_3e1af2e0e0112280268374b53ba71493,0,0,a_e7d8c038c18055500148c5915382bd98,a_10be1ac5c6b10018ce2d1b3dbdf38b1b,p_7b49fb27a9c7253c2666f7a5ca0a71d2,p_3dd478bd944ece2906a0c8e4425f63be,6,81322,1430,2684,388556,3433678,4114,3822234,50.589016502299501,47001.229679545511,929.0797277588722,0.34759358288770054,0.10165677977852743
r_d908b70652ecce995eeb713eef885354,Tor file transfer,d_3e1af2e0e0112280268374b53ba71493,0,0,a_e7d8c038c18055500148c5915382bd98,a_55713a472c58a5a0420eaa2984eca8a7,p_51b91570f3582a4e0d5770831071d8ae,p_3dd478bd944ece2906a0c8e4425f63be,6,71635,395,715,48503,859667,1110,908170,15.495218817617085,12677.741327563341,818.17117117117118,0.35585585585585583,0.053407401697919993
r_8f74d49dd897a98e02edfb21c2b0b97e,Tor file transfer,d_3e1af2e0e0112280268374b53ba71493,0,0,a_e7d8c038c18055500148c5915382bd98,a_d373fa71c9e849f765d69bb335ecbf9e,p_db6bc2a808843e268ba8d6d50cdf6f5e,p_2313704d6916acc778397dda2b5b461d,6,75493,1687,3114,455971,3964689,4801,4420660,63.595300226511071,58557.217225438122,920.77900437408869,0.35138512809831285,0.10314545791804844
r_ac8b87b9bc829650d78de9d967179d7a,Tor file transfer,d_3e1af2e0e0112280268374b53ba71493,0,0,a_272f43be149f6fcf4360a53fac707f1b,a_e7d8c038c18055500148c5915382bd98,p_2d36b619be089107b3d8a5a53b5aa6c4,p_4c13b7a865953a2d041980b3db13507d,6,471539,133,131,46044,46814,264,92858,0.55986885496215588,196.92538687149951,351.7348484848485,0.50378787878787878,0.49585388442568223
r_d38dcd99aafef555ee326b40402b6905,Tor file transfer,d_3e1af2e0e0112280268374b53ba71493,0,0,a_af13fb403e2ca17a4bee0de07c7cce5d,a_e7d8c038c18055500148c5915382bd98,p_cb2a3d1cffb3ffaa65569ee444e6797c,p_418e355060d0a3c7c6902c621a0210a4,6,471202,133,127,44436,44462,260,88898,0.55178034049091473,188.662187342159,341.9153846153846,0.5115384615384615,0.49985376498908862
r_d9a8627db40745aef47adac6b2b81d9f,Tor file transfer,d_3e1af2e0e0112280268374b53ba71493,0,0,a_d8473cb141aae6f22dae15113abbec1f,a_e7d8c038c18055500148c5915382bd98,p_2313704d6916acc778397dda2b5b461d,p_f2ccb04a772d961d6d092a764c2e35c4,6,466924,127,126,39836,48272,253,88108,0.54184406884203851,188.69880323136101,348.2529644268775,0.50197628458498023,0.45212693512507379
r_33e3d0a8c8555907475f63bfbc2d39d6,Tor file transfer,d_3e1af2e0e0112280268374b53ba71493,0,0,a_e7d8c038c18055500148c5915382bd98,a_87e2c0b2b2c34db0136c31995553216e,p_7a3aa90138fdd5c7557f9a01b9c4a4ac,p_3dd478bd944ece2906a0c8e4425f63be,6,466626,87,87,28108,27572,174,55680,0.37288963752555582,119.32468400817787,320,0.5,0.50481321839080462
r_959f757c1d4715d9cc1575808d9c736a,Tor file transfer,d_3e1af2e0e0112280268374b53ba71493,0,0,a_dc3c82be118b1070a306bc59506d3c31,a_e7d8c038c18055500148c5915382bd98,p_e3b7775486eca350dd96d9c41ec24189,p_b4c00b1c4f5f4a8e49e05236e0c114e8,6,469699,140,136,42668,52970,276,95638,0.58761036323262339,203.61550695232478,346.51449275362319,0.50724637681159424,0.44614065538802566
r_3e0b82598a2fceab1c1ca1c9e5d4fdb2,Tor file transfer,d_3e1af2e0e0112280268374b53ba71493,0,0,a_b3cedc037d8a7d6415e832c465003c3b,a_e7d8c038c18055500148c5915382bd98,p_2313704d6916acc778397dda2b5b461d,p_da5b95dc82b139cf6b83357157f4956a,6,466408,87,87,24356,31324,174,55680,0.37306392686231798,119.38045659594175,320,0.5,0.43742816091954023
r_4bbd9c3cdaa451b314a8fc740181051b,Tor file transfer,d_3e1af2e0e0112280268374b53ba71493,0,0,a_e7d8c038c18055500148c5915382bd98,a_12b71b62cd61d16405990587f8178445,p_66feb190f0393543c88ffed97d9628d8,p_3d01955bb66b778c6aa471c3a2911a0a,6,466899,86,86,24304,30736,172,55040,0.36838802396235587,117.88416766795389,320,0.5,0.44156976744186044
r_aec4bb61d12882d78b39fbaa99a9355d,Tor file transfer,d_3e1af2e0e0112280268374b53ba71493,0,0,a_120dc939351f663b0f41c201af226949,a_e7d8c038c18055500148c5915382bd98,p_2d36b619be089107b3d8a5a53b5aa6c4,p_b2a48ed035ab0c20a92e29a9cd3b2398,6,468258,87,87,28108,27572,174,55680,0.37159002088592186,118.908806683495,320,0.5,0.50481321839080462
r_3148d18b6f37e771566be1cebcdd82ec,Tor file transfer,d_3e1af2e0e0112280268374b53ba71493,0,0,a_e7d8c038c18055500148c5915382bd98,a_068db296fa7e853b6d89802beee6faaa,p_cda6d5db860c0bdfa11039f71baabe7e,p_43df02fd0b2e49858e28f6f6da383215,6,470536,85,85,28004,26396,170,54400,0.36129010320145538,115.61283302446571,320,0.5,0.51477941176470587
r_02e7670a9cd4b6a5c33eecb38e8689cd,Tor file transfer,d_3e1af2e0e0112280268374b53ba71493,0,0,a_e7d8c038c18055500148c5915382bd98,a_efa9a70c96d1a269183e3b7f1b825556,p_f1e4c95b5ebd8384e4a20fecfb61043d,p_3dd478bd944ece2906a0c8e4425f63be,6,463247,90,90,22368,35232,180,57600,0.38856160968122838,124.33971509799308,320,0.5,0.38833333333333331
r_98d660e82071de50cd8b96ca54981b68,Tor file transfer,d_3e1af2e0e0112280268374b53ba71493,0,0,a_e2370a5f48648ec5a5dbdf8b657a0e89,a_e7d8c038c18055500148c5915382bd98,p_3dd478bd944ece2906a0c8e4425f63be,p_9d9813176391f8872cd5bf8905a145b4,6,466722,111,104,57192,24660,215,81852,0.46065966463976415,175.37634823299524,380.70697674418602,0.51627906976744187,0.69872452719542588
r_bb2dd48caf3c31e2ad967073383669e7,Tor file transfer,d_3e1af2e0e0112280268374b53ba71493,0,0,a_1b5ed13f48b330d0e3b2b4abe569c9f7,a_e7d8c038c18055500148c5915382bd98,p_64eab6039291da87b7bab47109b51546,p_becc831c5ac5f3a8cd8fd6deb4afb44b,6,381453,61,62,29436,9120,123,38556,0.32245125873960884,101.0766726175964,313.46341463414632,0.49593495934959347,0.76346093993152819
r_cc212385f84bf7134d9f070ab4c962fa,Tor file transfer,d_3e1af2e0e0112280268374b53ba71493,0,0,a_e7d8c038c18055500148c5915382bd98,a_8801d68625c2d114cb7aa8c3c262d293,p_dd780bf5f037eb39f7556e25316cfa6d,p_2313704d6916acc778397dda2b5b461d,6,353295,56,55,9880,24836,111,34716,0.31418502950791832,98.263490850422443,312.75675675675677,0.50450450450450446,0.28459499942389677
r_2975c106df0fe95988874a1291c7d023,Tor file transfer,d_3e1af2e0e0112280268374b53ba71493,0,0,a_e7d8c038c18055500148c5915382bd98,a_14f6b52fad3579780a1c7ab5233cf9a6,p_ad4b2b21127438bd15149bb49a70127b,p_e2a4a4bf9c74500e61f176db310c2961,6,469971,82,82,25168,27312,164,52480,0.34895770164542067,111.66646452653461,320,0.5,0.4795731707317073
r_60793b8bb69ee5418a685da8640d93b5,Tor file transfer,d_3e1af2e0e0112280268374b53ba71493,0,0,a_24d57f494a52ef849fbf4232a57825e0,a_e7d8c038c18055500148c5915382bd98,p_2d36b619be089107b3d8a5a53b5aa6c4,p_4d6f26870fe921e00a36da1bc4f1450d,6,469902,88,88,28696,27624,176,56320,0.37454618196985756,119.85477823035441,320,0.5,0.50951704545454546
r_04dae5175acd58eced0fad29c083dbfe,Tor file transfer,d_3e1af2e0e0112280268374b53ba71493,0,0,a_e7d8c038c18055500148c5915382bd98,a_8873821d91c526b299ac024e64478c61,p_7a36124a2fc49d6387cdae0a9403c561,p_3dd478bd944ece2906a0c8e4425f63be,6,465493,89,89,33036,23924,178,56960,0.38239028299029204,122.36489055689344,320,0.5,0.57998595505617978
r_6f16be88e1639364c7f662b207e9201b,Tor file transfer,d_3e1af2e0e0112280268374b53ba71493,0,0,a_0095cc545b2ef456f31c6279027813d4,a_e7d8c038c18055500148c5915382bd98,p_2313704d6916acc778397dda2b5b461d,p_8a1b614d6f6dc8843e70732ff9b87f06,6,467473,88,88,32448,23872,176,56320,0.37649233217747335,120.47754629679147,320,0.5,0.57613636363636367
r_8e70fffbd3df00d61e943d6e20c0c76e,Tor file transfer,d_3e1af2e0e0112280268374b53ba71493,0,0,a_8b88c46ded084ba72bdcf29a530d0502,a_e7d8c038c18055500148c5915382bd98,p_2d36b619be089107b3d8a5a53b5aa6c4,p_bece1223782ffad073e079a002f709e4,6,467569,145,153,50956,58568,298,109524,0.63733908792071325,234.24136330680605,367.53020134228188,0.48657718120805371,0.46524962565282496
r_701fdb1201d286272f0aad6ebb2409b8,Tor file transfer,d_3e1af2e0e0112280268374b53ba71493,0,0,a_e7d8c038c18055500148c5915382bd98,a_163fed2ccd51815107ca6be39e260709,p_3ab1a1396e39af758b409ba43210fff2,p_3dd478bd944ece2906a0c8e4425f63be,6,469315,115,118,42406,34008,233,76414,0.4964682569276499,162.82028062175723,327.9570815450644,0.49356223175965663,0.55495066349098332
r_ab6145c01b0e164ab041cb2210838283,Tor file transfer,d_3e1af2e0e0112280268374b53ba71493,0,0,a_e7d8c038c18055500148c5915382bd98,a_d0f5400ec879a15e9c14a72b249057f4,p_553e31e393afcc29f1f2ba5685c6f96c,p_2313704d6916acc778397dda2b5b461d,6,465116,98,98,34576,29216,196,63792,0.4214002528401517,137.15288229172938,325.46938775510205,0.5,0.54201153749686481
r_b5673e6c39c29dac75327f7b3dc6552f,Tor file transfer,d_3e1af2e0e0112280268374b53ba71493,0,0,a_e7d8c038c18055500148c5915382bd98,a_db2f0bff2e3bb8f8c485668fc45fa0d4,p_f0ea9c995b61d822206abe67637fa929,p_e805c9d7b1b02a765dbe79d4dc8d4bd7,6,466537,138,146,49946,46720,284,96666,0.60874057148736327,207.19900029365303,340.37323943661971,0.4859154929577465,0.51668632197463427
r_91840c8532d03256d3705751848335e7,Tor file transfer,d_3e1af2e0e0112280268374b53ba71493,0,0,a_e7d8c038c18055500148c5915382bd98,a_0e312907542d34f19aad4b317a0e4f60,p_e2478ee7389caf67f2b1e927383ac6bd,p_2313704d6916acc778397dda2b5b461d,6,145,1,1,60,40,2,100,13.793103448275863,689.65517241379314,50,0.5,0.59999999999999998
r_fb73a2c186a0b5da63581181d8aac23e,Tor file transfer,d_3e1af2e0e0112280268374b53ba71493,0,0,a_e7d8c038c18055500148c5915382bd98,a_69fb0b835452ca85c178bdeaaf11695b,p_8eece20ab62fa83c8c58fe0d396b58bb,p_3d01955bb66b778c6aa471c3a2911a0a,6,464570,815,1239,133688,1427114,2054,1560802,4.4212928084034697,3359.6702326882923,759.88412852969816,0.3967867575462512,0.085653401264221857
r_0cb21d9b03831e5f1a59c679277aaac4,Tor file transfer,d_3e1af2e0e0112280268374b53ba71493,0,0,a_2c93704d57176602fbdd95e157abeff2,a_e7d8c038c18055500148c5915382bd98,p_2313704d6916acc778397dda2b5b461d,p_489851577069833f88eac27cd41f5ec3,6,466214,83,83,24696,28436,166,53132,0.35605966358796604,113.96483160093862,320.07228915662648,0.5,0.46480463750658735
r_dc0666de8194c4d8bf32420304412f7b,Tor file transfer,d_3e1af2e0e0112280268374b53ba71493,0,0,a_e7d8c038c18055500148c5915382bd98,a_3d1ef2eefa0bb9ecb4ab1ecf791edd5f,p_80648348a1e41d098e0d6ec74e7047ff,p_2313704d6916acc778397dda2b5b461d,6,466559,101,99,38418,28732,200,67150,0.42867032894017687,143.92606294166438,335.75,0.505,0.57212211466865226
r_05a2c40e3d2ee012948c110b8a3914bd,Tor file transfer,d_3e1af2e0e0112280268374b53ba71493,0,0,a_e7d8c038c18055500148c5915382bd98,a_e6510a5d176aaca6618aa3715f81cb3f,p_7c66bc211c973dee20fed06985da1b4e,p_3919451a0dfaecc18e4c3b5d9eae72c2,6,465725,153,159,55484,53292,312,108776,0.66992323796231679,233.56272478393902,348.64102564102564,0.49038461538461536,0.51007575200411859
r_8fc6a38968ddcd1c2252a8c172c60ff0,Tor file transfer,d_3e1af2e0e0112280268374b53ba71493,0,0,a_9ce2c1dd870488154b22d950e6326fe3,a_e7d8c038c18055500148c5915382bd98,p_3dd478bd944ece2906a0c8e4425f63be,p_f9462ccbf4b2cf588fa011c70d39fc3d,6,462103,81,81,29940,21900,162,51840,0.35057119300242584,112.18278176077628,320,0.5,0.57754629629629628
r_e9d74b6793041cf809b5abc9011ef706,Tor file transfer,d_3e1af2e0e0112280268374b53ba71493,0,0,a_e7b1a4eb15538679707ab6e886dee81e,a_e7d8c038c18055500148c5915382bd98,p_64eab6039291da87b7bab47109b51546,p_c26169f24de39a5deacdad66fee34b7d,6,465221,107,108,32912,39810,215,72722,0.46214594783984386,156.31710520376336,338.2418604651163,0.49767441860465117,0.45257281152883583
r_5c15a6a30589397dd891f1152a53786e,Tor file transfer,d_3e1af2e0e0112280268374b53ba71493,0,0,a_94888b7827cd0ee1350e1df6c55a9d26,a_e7d8c038c18055500148c5915382bd98,p_3dd478bd944ece2906a0c8e4425f63be,p_06613186bd61d6355d119e5cb6de5f37,6,466533,137,131,53874,46344,268,100218,0.57445025325110977,214.81438612059597,373.94776119402985,0.51119402985074625,0.53756810153864576
r_21d532fc44aa0e901525c28e69a4933c,Tor file transfer,d_3e1af2e0e0112280268374b53ba71493,0,0,a_e7d8c038c18055500148c5915382bd98,a_35928deabc1887e3abbe0bf98d740370,p_55b10c65ba267f734567748dcb1bd445,p_3dd478bd944ece2906a0c8e4425f63be,6,462559,96,96,33914,29112,192,63026,0.41508218411056752,136.25505070704494,328.26041666666669,0.5,0.53809538920445532
r_9c2854225c2fc4472263fd7460abc41d,Tor file transfer,d_3e1af2e0e0112280268374b53ba71493,0,0,a_e7d8c038c18055500148c5915382bd98,a_2ce2103a899cf24287b837afca0be67e,p_c0989fe66169a0cf189d4cbbcc682fcc,p_3dd478bd944ece2906a0c8e4425f63be,6,463521,87,87,31324,24356,174,55680,0.37538752289540278,120.1240073265289,320,0.5,0.56257183908045982
r_7915cf0e7b538b13ac366a143bf5c14a,Tor file transfer,d_3e1af2e0e0112280268374b53ba71493,0,0,a_e7d8c038c18055500148c5915382bd98,a_5ce92e7d66ad15c87973f33e6314ae49,p_bffb5f42e62bc14e704de8308240a08f,p_59add6c69faa2fcebe82de14314cf8aa,6,464969,87,87,25964,29716,174,55680,0.37421849628684922,119.74991881179176,320,0.5,0.46630747126436783
r_bbbda1638504409fc5c1fc2e2ec3fc58,Tor file transfer,d_3e1af2e0e0112280268374b53ba71493,0,0,a_2f41308a96903d9050fe5ef9bbe0e314,a_e7d8c038c18055500148c5915382bd98,p_53b18b33cc21a2933da3a83a094344d3,p_455d9e440e0adffad5f32b30a1316c9e,6,461294,85,85,30684,23716,170,54400,0.36852853061171403,117.92912979574848,320,0.5,0.56404411764705886
r_76540d8b73969b10dc24b44904ecaf70,Tor file transfer,d_3e1af2e0e0112280268374b53ba71493,0,0,a_e7d8c038c18055500148c5915382bd98,a_4f40e4207ec4a5d9ebe61f2f166b35c0,p_fe8df4ed3e165bdf86677b322fe6e0de,p_2313704d6916acc778397dda2b5b461d,6,465172,87,87,29180,26500,174,55680,0.37405518818845501,119.69766022030561,320,0.5,0.52406609195402298
r_2e326092965154f6f2f48cfe95a2420f,Tor file transfer,d_3e1af2e0e0112280268374b53ba71493,0,0,a_71394ec0ae14eb2d17f693263a2fab11,a_e7d8c038c18055500148c5915382bd98,p_e8fa32c526b9b4cdc16418a4dc18e34a,p_2ce99046a815d8b6cee6b5836aa399f1,6,463112,2883,1635,3626486,230836,4518,3857322,9.7557394323619331,8329.1342051166885,853.76759628154048,0.63811420982735723,0.94015640903196573
r_078d3510f220193bf508c94557cdf23f,Tor file transfer,d_3e1af2e0e0112280268374b53ba71493,0,0,a_e7d8c038c18055500148c5915382bd98,a_a6a10543ce2dedfec418ae3fb26311e0,p_0a42c24822d044b7e51f0714b396100e,p_3dd478bd944ece2906a0c8e4425f63be,6,441945,1988,1013,2394103,203501,3001,2597604,6.7904377241511957,5877.6635101652919,865.57947350883035,0.66244585138287237,0.92165818962397661
r_7b9d9175efacd7aaa49a3190b8c6ebd0,Tor file transfer,d_3e1af2e0e0112280268374b53ba71493,0,0,a_e7d8c038c18055500148c5915382bd98,a_a1d9df2203b826ac83270440d46f5fd6,p_f543d86cb989705b316b83a1028d627a,p_e1523d4390ddbf8019ed1a2441789dcc,6,436314,120,118,45769,65575,238,111344,0.54547871487048316,255.1923614644499,467.83193277310926,0.50420168067226889,0.41105941945681851
r_7c639180a7099ec32e821d7c2517dac6,Tor file transfer,d_3e1af2e0e0112280268374b53ba71493,0,0,a_e7d8c038c18055500148c5915382bd98,a_a85b7cea63b438439e35fdb508e23fbb,p_ca1faaffc79e29fb2088e81ecd1978ff,p_2d36b619be089107b3d8a5a53b5aa6c4,6,258,1,1,60,40,2,100,7.7519379844961236,387.59689922480618,50,0.5,0.59999999999999998
r_4feeb87e2ffcacd29a54c726529f3e28,Tor file transfer,d_3e1af2e0e0112280268374b53ba71493,0,0,a_e7d8c038c18055500148c5915382bd98,a_8191a1e6efaf3f63f44f10e11a56d0d6,p_7437a24059ae88b85f1098ff31b039b4,p_2313704d6916acc778397dda2b5b461d,6,362,1,1,60,40,2,100,5.5248618784530388,276.24309392265195,50,0.5,0.59999999999999998
r_8515c3a7cceb0bca39dd54337b924290,Tor file transfer,d_3e1af2e0e0112280268374b53ba71493,0,0,a_e7d8c038c18055500148c5915382bd98,a_48e6ee8f6653b5543f3ff18a911215d1,p_adbde179b0bd4820f4dc18b474e95ebf,p_2313704d6916acc778397dda2b5b461d,6,68132,11,0,660,0,11,660,0.16145130041683789,9.6870780250102726,60,1,1
r_068e5de573803741f1a39547fe02034e,Tor file transfer,d_3e1af2e0e0112280268374b53ba71493,0,0,a_e7d8c038c18055500148c5915382bd98,a_bdfe034ed4e6a6af74796c7e35ffc58a,p_938c3b9daeac1adebe8200c358d9a17c,p_64eab6039291da87b7bab47109b51546,6,377056,124,113,66190,37591,237,103781,0.62855384876517018,275.24028261054065,437.89451476793249,0.52320675105485237,0.63778533642959689
r_e7b10f921ee649bbb01a87e3380efa5c,Tor file transfer,d_3e1af2e0e0112280268374b53ba71493,0,0,a_e7d8c038c18055500148c5915382bd98,a_14f6b52fad3579780a1c7ab5233cf9a6,p_e3320193f9d0e9dfa93bd6153b54aa75,p_3dd478bd944ece2906a0c8e4425f63be,6,376520,1380,767,1623466,178209,2147,1801675,5.7022203335812174,4785.0711781578666,839.15929203539827,0.64275733581741967,0.90108704400072159
r_16d4fd828bf0e5dd1da159268872b6ed,Tor file transfer,d_3e1af2e0e0112280268374b53ba71493,0,0,a_e7d8c038c18055500148c5915382bd98,a_bdfe034ed4e6a6af74796c7e35ffc58a,p_708de1353a10fc201befeb22704089e4,p_64eab6039291da87b7bab47109b51546,6,373338,175,141,110633,51911,316,162544,0.84641799120368133,435.38027203231388,514.37974683544303,0.55379746835443033,0.6806341667486957
r_2268f32c60188b9fee65abcab457f3e3,Tor file transfer,d_3e1af2e0e0112280268374b53ba71493,0,0,a_e7d8c038c18055500148c5915382bd98,a_4081e858890f2ee7eeb2ceb576f7afd7,p_195fd2f3a8213343dd43735acd2f8b92,p_ebe9cfafe284f540917a29fe9616a45d,6,281,1,1,60,40,2,100,7.1174377224199281,355.87188612099641,50,0.5,0.59999999999999998
r_3e6fc55b50c9c777257f0e138bc9eaa4,Tor file transfer,d_3e1af2e0e0112280268374b53ba71493,0,0,a_e7d8c038c18055500148c5915382bd98,a_7f7e7fc89eb2b06eacd95ac551cc563a,p_6f8dc178be1f509c6047acb04dda01c2,p_2d36b619be089107b3d8a5a53b5aa6c4,6,286,1,1,60,40,2,100,6.9930069930069934,349.65034965034965,50,0.5,0.59999999999999998
r_f1a5d1b038089587845495daa19308fc,Tor file transfer,d_3e1af2e0e0112280268374b53ba71493,0,0,a_e7d8c038c18055500148c5915382bd98,a_d373fa71c9e849f765d69bb335ecbf9e,p_e8d655c792d121e7719be739c7e0e8a2,p_2313704d6916acc778397dda2b5b461d,6,288786,82,76,28054,30913,158,58967,0.54711793507995543,204.18926125227676,373.20886075949369,0.51898734177215189,0.47575762714738751
r_59c752b14f5fd293c04e19455bea02f0,Tor file transfer,d_3e1af2e0e0112280268374b53ba71493,0,0,a_e7d8c038c18055500148c5915382bd98,a_dd63ccd24e0d93b16e4528f1197c3ab2,p_9f661788ec3b9f6e1b6c773369dcaf13,p_3dd478bd944ece2906a0c8e4425f63be,6,316651,67,67,22662,21326,134,43988,0.42317883095268921,138.9163463876634,328.26865671641792,0.5,0.51518595980722015
r_e7a79d396276505c44ecee12be9c173d,Tor file transfer,d_3e1af2e0e0112280268374b53ba71493,0,0,a_e7d8c038c18055500148c5915382bd98,a_20aa51336f4adebd5683ca49a9f81ecf,p_6ad5698331976ecfbe72d6524197ba01,p_2d36b619be089107b3d8a5a53b5aa6c4,6,321204,256,204,203719,79017,460,282736,1.4321116798047346,880.23810413319882,614.64347826086953,0.55652173913043479,0.72052727632844771
r_8e9dad28856210b870c68e5cc5d2a7b4,Tor file transfer,d_3e1af2e0e0112280268374b53ba71493,0,0,a_e7d8c038c18055500148c5915382bd98,a_7696fb19dd02244e6ba80792dd00b5a6,p_0893ff33c913fbc623808e038a49ff1e,p_e3b7775486eca350dd96d9c41ec24189,6,310530,68,70,18995,25215,138,44210,0.44440150710076326,142.36949731104886,320.36231884057969,0.49275362318840582,0.42965392445148154
r_b52400f8eb8089c86dff2bddf5b4fd53,Tor file transfer,d_3e1af2e0e0112280268374b53ba71493,0,0,a_e7d8c038c18055500148c5915382bd98,a_a93eb72dffa32608a46826550f7bf9ee,p_ff7300b4931a48e1c12f795c4bf61dc0,p_b303345724f72d24ec6c9d55662f6c01,6,291556,66,66,19946,21808,132,41754,0.45274321228168862,143.21090973946687,316.31818181818181,0.5,0.47770273506729893
r_ec9b355fce12af546866d5ce9f07555f,Tor file transfer,d_3e1af2e0e0112280268374b53ba71493,0,0,a_e7d8c038c18055500148c5915382bd98,a_e262d91272c52a6bd74857d367b768c5,p_09d0de84d1956fd6680bd7d39475d71f,p_3dd478bd944ece2906a0c8e4425f63be,6,293784,63,62,19215,21103,125,40318,0.42548266753805519,137.23688151839448,322.54399999999998,0.504,0.47658614018552509
r_f78ef82071b392ccba92bed5d8624e3a,Tor file transfer,d_3e1af2e0e0112280268374b53ba71493,0,0,a_e7d8c038c18055500148c5915382bd98,a_1e172e4d7b4db40bb70a35e35408cfa5,p_281291eb70d87c6dc7bfc076e1f69e44,p_3dd478bd944ece2906a0c8e4425f63be,6,309783,70,71,23373,22055,141,45428,0.45515731980128021,146.64458669455715,322.18439716312059,0.49645390070921985,0.51450647177951925
r_b7f10ca72b9b609758cc01e47a00afc4,Tor file transfer,d_3e1af2e0e0112280268374b53ba71493,0,0,a_e7d8c038c18055500148c5915382bd98,a_f74c68cedadd8f75cc2b4b86ae634814,p_997bd0fd25de9fbbbf521c53ee0952a3,p_213130ddecff58aed0c2eaf6ee54ea7d,6,291802,67,68,20010,23530,135,43540,0.4626424767479318,149.2107662044811,322.51851851851853,0.49629629629629629,0.45957740009186954
r_e30e530019837f6d71108f8b60632e55,Tor file transfer,d_3e1af2e0e0112280268374b53ba71493,0,0,a_e7d8c038c18055500148c5915382bd98,a_bcad3c73cd5641d98ab8876937c6fa11,p_6e90ffdcdba13f9ddc80d7555f15c136,p_64eab6039291da87b7bab47109b51546,6,300603,66,69,23714,19289,135,43003,0.44909731439805989,143.05579119303533,318.54074074074072,0.48888888888888887,0.55144989884426665
r_2894a8b358b6e6c6ae5f8fe684bf0dc1,Tor file transfer,d_3e1af2e0e0112280268374b53ba71493,0,0,a_e7d8c038c18055500148c5915382bd98,a_6878ef13f2236ea9c61109e910406224,p_18ca70e3c9666f4e50e5bd7ac1bd6718,p_2313704d6916acc778397dda2b5b461d,6,303136,65,67,19896,22379,132,42275,0.43544811569724479,139.45885675076534,320.2651515151515,0.49242424242424243,0.47063276167947959
r_4f211719bd71fd3e527f9be4f58f7360,Tor file transfer,d_3e1af2e0e0112280268374b53ba71493,0,0,a_e7d8c038c18055500148c5915382bd98,a_d695e35c039117b4e5523f496e808138,p_425b7fa5fba2e0230bc4b4eaaae8b0ac,p_69b018b282f2ce0a0f2b652172c75f0a,6,318469,71,73,21809,25441,144,47250,0.4521633188787606,148.36608900709331,328.125,0.49305555555555558,0.46156613756613757
r_21b1c80c28db5c4a768c956d3243fb50,Tor file transfer,d_3e1af2e0e0112280268374b53ba71493,0,0,a_e7d8c038c18055500148c5915382bd98,a_d373fa71c9e849f765d69bb335ecbf9e,p_149796c27aa045910394464db1243e4d,p_2313704d6916acc778397dda2b5b461d,6,316254,1324,839,1546236,150533,2163,1696769,6.8394391849589251,5365.2096099970277,784.45168747110495,0.61211280628756359,0.91128256115004458
r_3206bf639e00c75f9df8997821285e8e,Tor file transfer,d_3e1af2e0e0112280268374b53ba71493,0,0,a_e7d8c038c18055500148c5915382bd98,a_e7b1a4eb15538679707ab6e886dee81e,p_c6acddcd47f9f0d3313e10f45a1c8a5e,p_64eab6039291da87b7bab47109b51546,6,305956,63,64,18820,22624,127,41444,0.4150923662225941,135.4573860293637,326.3307086614173,0.49606299212598426,0.45410674645304505
r_6fc54f7b261fb61bdbd9754f00ecba39,Tor file transfer,d_3e1af2e0e0112280268374b53ba71493,0,0,a_e7d8c038c18055500148c5915382bd98,a_62649351f8ba8e02535c4c4155165d2e,p_95dea0bcb1f8fa6b59fdf22ca87c50b8,p_64eab6039291da87b7bab47109b51546,6,203275,47,48,14111,17679,95,31790,0.46734718976755624,156.38912802853278,334.63157894736844,0.49473684210526314,0.44388172381251967
r_f671dada7974c274d60a67c80d43db7f,Tor file transfer,d_3e1af2e0e0112280268374b53ba71493,0,0,a_e7d8c038c18055500148c5915382bd98,a_de34a842b1cb0dc34a445f63b4409448,p_567bc407dddbc65eabf43f6b856e02dd,p_79c8d8bc2b7ad76fad40a09103840f43,6,304,3,2,132,128,5,260,16.447368421052634,855.26315789473688,52,0.59999999999999998,0.50769230769230766
r_2c16588abd611fd78ddc5393a1cfdb6b,Tor file transfer,d_3e1af2e0e0112280268374b53ba71493,0,0,a_e7d8c038c18055500148c5915382bd98,a_8dddc3650faabc8fca61d2758620e52b,p_67708c2026cafb540100ff5d5118d4cb,p_2313704d6916acc778397dda2b5b461d,6,67980,11,0,660,0,11,660,0.16181229773462782,9.7087378640776691,60,1,1
r_68319525dcfb174f41eb86645dea8b6a,Tor file transfer,d_3e1af2e0e0112280268374b53ba71493,0,0,a_e7d8c038c18055500148c5915382bd98,a_79e9a2b958e1e89741a6646921e1ff5f,p_094a980b947fc9060b0531f7646f0b23,p_2313704d6916acc778397dda2b5b461d,6,306,1,1,60,40,2,100,6.5359477124183005,326.79738562091507,50,0.5,0.59999999999999998
r_0aec8cc60aa542115540611a8ab3a36f,Tor file transfer,d_3e1af2e0e0112280268374b53ba71493,0,0,a_e7d8c038c18055500148c5915382bd98,a_fd56a544a608d75d0616bcd3b94a8f10,p_6d575b519624f1187602fe4cea7d7c5e,p_64eab6039291da87b7bab47109b51546,6,68025,11,0,660,0,11,660,0.16170525542080116,9.7023153252480689,60,1,1
r_261bb3d5b6e38e77c2dc55f37ce8cecd,Tor file transfer,d_3e1af2e0e0112280268374b53ba71493,0,0,a_a6a10543ce2dedfec418ae3fb26311e0,a_e7d8c038c18055500148c5915382bd98,p_3dd478bd944ece2906a0c8e4425f63be,p_f70adce198bc7d62e36ffc21509eafd7,6,320,3,2,132,128,5,260,15.625,812.5,52,0.59999999999999998,0.50769230769230766
r_49ed34685f32a77fa12662254227167d,Tor file transfer,d_3e1af2e0e0112280268374b53ba71493,0,0,a_e7d8c038c18055500148c5915382bd98,a_e338888085f43a99ab322d5740681046,p_214123af8bb39606d0c41d47a45c321b,p_3dd478bd944ece2906a0c8e4425f63be,6,2631,3,4,716,184,7,900,2.66058532877233,342.07525655644247,128.57142857142858,0.42857142857142855,0.79555555555555557
r_86aa78ab787e6808dca5f7f348a4eed0,Tor file transfer,d_3e1af2e0e0112280268374b53ba71493,0,0,a_de34a842b1cb0dc34a445f63b4409448,a_e7d8c038c18055500148c5915382bd98,p_79c8d8bc2b7ad76fad40a09103840f43,p_35840d3d44b9fcfdbfa10c1818b3e9fe,6,363,3,2,132,128,5,260,13.774104683195592,716.25344352617083,52,0.59999999999999998,0.50769230769230766
r_994a6f473267bed01b6d0272d700b791,Tor file transfer,d_3e1af2e0e0112280268374b53ba71493,0,0,a_e7d8c038c18055500148c5915382bd98,a_608e374d00764e1a454e2b5813d3a88f,p_0ea7274a4830e2ff0f35647b4fd31b0a,p_3dd478bd944ece2906a0c8e4425f63be,6,329,3,2,132,128,5,260,15.19756838905775,790.273556231003,52,0.59999999999999998,0.50769230769230766
r_dad0edea925b373a8ef2b213506012d3,Tor file transfer,d_3e1af2e0e0112280268374b53ba71493,0,0,a_4038c02309057cb7ace1aed4cf1ebf75,a_e7d8c038c18055500148c5915382bd98,p_3dd478bd944ece2906a0c8e4425f63be,p_a4d92db2c81e67df25862ae75ba5b403,6,231,3,2,132,128,5,260,21.645021645021643,1125.5411255411254,52,0.59999999999999998,0.50769230769230766
r_634ed1c2140bdc5fe1cef53c1416cde3,Tor file transfer,d_3e1af2e0e0112280268374b53ba71493,0,0,a_e7d8c038c18055500148c5915382bd98,a_10be1ac5c6b10018ce2d1b3dbdf38b1b,p_ab36afdbc1f3c122bbed8de456b28914,p_3dd478bd944ece2906a0c8e4425f63be,6,1312,4,3,720,180,7,900,5.3353658536585362,685.97560975609758,128.57142857142858,0.5714285714285714,0.80000000000000004
r_0ec088727c19a641c2221e49f410ea17,Tor file transfer,d_3e1af2e0e0112280268374b53ba71493,0,0,a_bdfe034ed4e6a6af74796c7e35ffc58a,a_e7d8c038c18055500148c5915382bd98,p_64eab6039291da87b7bab47109b51546,p_3342ffdf3c082b0aa9eee94849d2305d,6,302,3,2,132,128,5,260,16.556291390728479,860.92715231788077,52,0.59999999999999998,0.50769230769230766
r_5295ecac3cdb21c7efbc4f131a7e0af5,Tor file transfer,d_3e1af2e0e0112280268374b53ba71493,0,0,a_e7d8c038c18055500148c5915382bd98,a_10be1ac5c6b10018ce2d1b3dbdf38b1b,p_7b49fb27a9c7253c2666f7a5ca0a71d2,p_3dd478bd944ece2906a0c8e4425f63be,6,339,3,2,132,128,5,260,14.749262536873156,766.96165191740408,52,0.59999999999999998,0.50769230769230766
r_54d73d641ef9f261eed86531e64d07ce,Tor file transfer,d_3e1af2e0e0112280268374b53ba71493,0,0,a_e7d8c038c18055500148c5915382bd98,a_60056c2ac85e779e06ca490b67480ca1,p_60454992f020629813e141c561719647,p_64eab6039291da87b7bab47109b51546,6,35888,10,0,600,0,10,600,0.27864467231386536,16.718680338831923,60,1,1
r_21ffc51d40aed7030e77464ac21b2ea1,Tor file transfer,d_3e1af2e0e0112280268374b53ba71493,0,0,a_e7d8c038c18055500148c5915382bd98,a_66ae3347c0dc52337286a79e3defad60,p_81b48e56a10ddccfb3b8bcbd1ef5ad97,p_2d36b619be089107b3d8a5a53b5aa6c4,6,35976,10,0,600,0,10,600,0.27796308650211254,16.677785190126752,60,1,1
r_a4825b335233deca1dad03482411a269,Tor file transfer,d_3e1af2e0e0112280268374b53ba71493,0,0,a_e7d8c038c18055500148c5915382bd98,a_55713a472c58a5a0420eaa2984eca8a7,p_51b91570f3582a4e0d5770831071d8ae,p_3dd478bd944ece2906a0c8e4425f63be,6,326,3,3,132,180,6,312,18.404907975460123,957.05521472392638,52,0.5,0.42307692307692307
r_c4c367a98415781d450a9c56a11e9758,Tor file transfer,d_3e1af2e0e0112280268374b53ba71493,0,0,a_e7d8c038c18055500148c5915382bd98,a_d373fa71c9e849f765d69bb335ecbf9e,p_db6bc2a808843e268ba8d6d50cdf6f5e,p_2313704d6916acc778397dda2b5b461d,6,24518,3,4,716,184,7,900,0.2855045272860755,36.70772493678114,128.57142857142858,0.42857142857142855,0.79555555555555557
r_5262a8c98d9cacb46b8978f92df30f62,Tor file transfer,d_3e1af2e0e0112280268374b53ba71493,0,0,a_e7d8c038c18055500148c5915382bd98,a_0784866a12a4c0eaaf8a53f5cddc90a1,p_b230a5d0964262f7652b6dc992b6e338,p_2313704d6916acc778397dda2b5b461d,6,64435,12,11,2134,5038,23,7172,0.35694886319546831,111.30596725382168,311.82608695652175,0.52173913043478259,0.29754601226993865
r_fc1cabbf1d5da74d9f55612f88ea7b22,Tor file transfer,d_3e1af2e0e0112280268374b53ba71493,0,0,a_e7d8c038c18055500148c5915382bd98,a_dc3c82be118b1070a306bc59506d3c31,p_c66cbf69fd1c3d925c3b0e37bd2748fe,p_e3b7775486eca350dd96d9c41ec24189,6,81890,4423,8833,777699,11466733,13256,12244432,161.87568689705702,149522.92099157406,923.68980084490045,0.33366022933011469,0.063514501938513768
r_9b554d2370e67eecf98e14b66a6a165e,Tor file transfer,d_3e1af2e0e0112280268374b53ba71493,0,0,a_e7d8c038c18055500148c5915382bd98,a_1a2a5e4ab28dd22f011fdfef245c54c5,p_a7dabac4dcc918f706ddf671c5a6baae,p_2313704d6916acc778397dda2b5b461d,6,73418,354,664,46638,862385,1018,909023,13.865809474515785,12381.47320820507,892.94990176817294,0.34774066797642439,0.051305632530750045
r_7b75062b0b3354b65683a796e909de8d,Tor file transfer,d_3e1af2e0e0112280268374b53ba71493,0,0,a_e7d8c038c18055500148c5915382bd98,a_a677c5e1777da3470b75be1fbd46f406,p_42953bb20c86b6717c89e52ef84f0fe7,p_3dd478bd944ece2906a0c8e4425f63be,6,75829,1722,3177,470805,4077823,4899,4548628,64.605889567315941,59985.335425760597,928.48091447234128,0.35150030618493572,0.10350483706295613
r_aa74f419acea7517ac4b8e2c05969533,Tor file transfer,d_3e1af2e0e0112280268374b53ba71493,0,0,a_e2370a5f48648ec5a5dbdf8b657a0e89,a_e7d8c038c18055500148c5915382bd98,p_3dd478bd944ece2906a0c8e4425f63be,p_485b7914f49c9c2f292d0abc5b2d4048,6,325605,1760,1008,2213564,123968,2768,2337532,8.5010979561124671,7179.042090876982,844.48410404624281,0.63583815028901736,0.94696628752034195
r_7c2d16391b2a77e78a472778ae77b824,Tor file transfer,d_3e1af2e0e0112280268374b53ba71493,0,0,a_e7d8c038c18055500148c5915382bd98,a_80f054d4007522abaed414dbfea08667,p_cf797662e1a174f8d99cec0076cb45e1,p_3dd478bd944ece2906a0c8e4425f63be,6,67753,378,663,47583,860107,1041,907690,15.364633300370464,13397.045149292282,871.94044188280498,0.36311239193083572,0.052422082429023124
r_a778ef14413f3c9d4abafabee2216276,Tor file transfer,d_3e1af2e0e0112280268374b53ba71493,0,0,a_e7d8c038c18055500148c5915382bd98,a_917f5655ceadfd1fd659246ab9229cf3,p_71a38ad51f7e0ee29195f7782930dd09,p_64eab6039291da87b7bab47109b51546,6,1238,11,11,1540,3967,22,5507,17.77059773828756,4448.3037156704358,250.31818181818181,0.5,0.27964408934083895
r_abce8efe80bd80324098024503c7012d,Tor file transfer,d_3e1af2e0e0112280268374b53ba71493,0,0,a_e7d8c038c18055500148c5915382bd98,a_ad7ecb02e1d31a5bf5addde2b8ca264d,p_d72e1753aa1ed48c3f32dc417778c559,p_5b91bffc635f539b7237c9bbacd9a69d,6,74482,1789,3176,463451,4030815,4965,4494266,66.660401170752664,60340.296984506327,905.18952668680765,0.36032225579053373,0.10312050955595418
r_5e63ad6dc2a01cd392f0afdda724f566,Tor file transfer,d_3e1af2e0e0112280268374b53ba71493,0,0,a_e7d8c038c18055500148c5915382bd98,a_d9a3b124d39d63e0e6a6b4b861062c31,p_bd62b215a92e3f1a93aca592703164dd,p_2313704d6916acc778397dda2b5b461d,6,85441,4671,9036,806994,11781536,13707,12588530,160.42649313561404,147335.93942018467,918.40154665499381,0.34077478660538413,0.06410549921237825
r_7a68eaa34ad023b6eb764f46081c8076,Tor file transfer,d_3e1af2e0e0112280268374b53ba71493,0,0,a_e7d8c038c18055500148c5915382bd98,a_06949e3f301cb42a6596dd424b42f467,p_15a5e8aee1aa28c2d29ddbfc4182db82,p_e2a4a4bf9c74500e61f176db310c2961,6,85439,1994,3538,520710,4506875,5532,5027585,64.747948828989109,58844.146115942371,908.81869125090384,0.36044830079537238,0.10357060099431437
r_13140cdb8513eefdf2e4c3906addded1,Tor file transfer,d_3e1af2e0e0112280268374b53ba71493,0,0,a_e7d8c038c18055500148c5915382bd98,a_4038c02309057cb7ace1aed4cf1ebf75,p_95e450e524da571af7cb195a7a864cea,p_3dd478bd944ece2906a0c8e4425f63be,6,66524,356,662,47983,859002,1018,906985,15.302747880464192,13633.951656545007,890.94793713163062,0.34970530451866405,0.052903851772631301
r_de9981d0a0460cfbfd578e0edf19c47c,Tor file transfer,d_3e1af2e0e0112280268374b53ba71493,0,0,a_e7d8c038c18055500148c5915382bd98,a_917f5655ceadfd1fd659246ab9229cf3,p_16e082948dc9c9189be590c1638c212d,p_64eab6039291da87b7bab47109b51546,6,71226,2460,5415,399995,3059325,7875,3459320,110.5635582512004,48568.219470418109,439.27873015873018,0.31238095238095237,0.11562821594995548
r_d6b46af042901b65fb2d2dca96af336e,Tor file transfer,d_3e1af2e0e0112280268374b53ba71493,0,0,a_e7d8c038c18055500148c5915382bd98,a_8873821d91c526b299ac024e64478c61,p_7a36124a2fc49d6387cdae0a9403c561,p_3dd478bd944ece2906a0c8e4425f63be,6,513153,97,96,29140,31280,193,60420,0.3761061515766253,117.74266154538704,313.05699481865287,0.50259067357512954,0.48229063224097979
r_3b460cdf2ae595b2d7178c4cd141c189,Tor file transfer,d_3e1af2e0e0112280268374b53ba71493,0,0,a_e7d8c038c18055500148c5915382bd98,a_80f054d4007522abaed414dbfea08667,p_0c73ac9d62be6f7056fada0eb4c533b6,p_3dd478bd944ece2906a0c8e4425f63be,6,67850,408,665,49137,860211,1073,909348,15.814296241709656,13402.328666175388,847.48182665424042,0.38024231127679403,0.054035418783568004
r_8183f62933aa45510a9b86a0cf1c7a87,Tor file transfer,d_3e1af2e0e0112280268374b53ba71493,0,0,a_e7d8c038c18055500148c5915382bd98,a_c687d98dacb1608f62af5b7073c09339,p_bf194a57233d2c8b75128662182518cf,p_59add6c69faa2fcebe82de14314cf8aa,6,69855,1425,2600,382274,3286015,4025,3668289,57.619354376923624,52512.905303843676,911.376149068323,0.35403726708074534,0.10421043707297871
r_4dec90ad8e9ef17eee4947b1833e0dd7,Tor file transfer,d_3e1af2e0e0112280268374b53ba71493,0,0,a_e7d8c038c18055500148c5915382bd98,a_211f2c919edce904deb5c06c73242a79,p_94ea9ceda88c78065d01d2abd0c7336f,p_2313704d6916acc778397dda2b5b461d,6,80167,1713,3289,474823,4181199,5002,4656022,62.394750957376473,58079.035014407425,930.83206717313078,0.34246301479408237,0.10198040301355965
r_3dbe0cc82cda707788e809ac800a4a5b,Tor file transfer,d_3e1af2e0e0112280268374b53ba71493,0,0,a_e7d8c038c18055500148c5915382bd98,a_ddf0a5f234ac05191b8c803696ecd1f6,p_cb49a772f75f9a6311a70039da47c064,p_3dd478bd944ece2906a0c8e4425f63be,6,2018,8,9,1390,3861,17,5251,8.4241823587710609,2602.0812685827555,308.88235294117646,0.47058823529411764,0.26471148352694723
r_c6e34fe4f9e49e4979b200d937000714,Tor file transfer,d_3e1af2e0e0112280268374b53ba71493,0,0,a_e7d8c038c18055500148c5915382bd98,a_4038c02309057cb7ace1aed4cf1ebf75,p_aeb3538915391c0b82af10242418d6da,p_3dd478bd944ece2906a0c8e4425f63be,6,63531,384,661,47884,857254,1045,905138,16.448662857502637,14247.186412932269,866.16076555023926,0.36746411483253588,0.0529024303476376
r_15638992a2265a69f509b172478b34c5,Tor file transfer,d_3e1af2e0e0112280268374b53ba71493,0,0,a_e7d8c038c18055500148c5915382bd98,a_525e3b6b8ce4f822075f03f6233163f3,p_c9d30f8764566c976826c9c203d26c8a,p_9330b4e778c481c810907c2334f5e59e,6,1782,8,8,1395,3795,16,5190,8.978675645342312,2912.4579124579122,324.375,0.5,0.26878612716763006
r_7701abd20fc99a9a535a969a9b018f77,Tor file transfer,d_3e1af2e0e0112280268374b53ba71493,0,0,a_e7d8c038c18055500148c5915382bd98,a_3832d64d21ca4721baccca6960dd8088,p_686d68cd75c2a3bbe5f5dd63c528de50,p_2313704d6916acc778397dda2b5b461d,6,70865,10,9,2004,4978,19,6982,0.2681154307486065,98.525365130882676,367.4736842105263,0.52631578947368418,0.28702377542251506
r_d637a5f9f4ce24e9ebac1e9d824a59af,Tor file transfer,d_3e1af2e0e0112280268374b53ba71493,0,0,a_e7d8c038c18055500148c5915382bd98,a_ddf0a5f234ac05191b8c803696ecd1f6,p_29345c23b5448bbd690afbc0b3592cf9,p_3dd478bd944ece2906a0c8e4425f63be,6,70760,1459,2732,392626,3487673,4191,3880299,59.228377614471448,54837.464669304689,925.8647100930566,0.34812693867811978,0.10118447057816936
r_74c6d4d96b44737432af3c164ddea304,Tor file transfer,d_3e1af2e0e0112280268374b53ba71493,0,0,a_e7d8c038c18055500148c5915382bd98,a_b5802911694fd6450e466a621b5650f0,p_be4b44b30a138534f13ce5c0e91d9016,p_3dd478bd944ece2906a0c8e4425f63be,6,73308,30,29,6728,15004,59,21732,0.80482348447645546,296.44786380749713,368.33898305084745,0.50847457627118642,0.30958954537088162
r_c81d167cac7d5a6f426c976dcb2620e8,Tor file transfer,d_3e1af2e0e0112280268374b53ba71493,0,0,a_e7d8c038c18055500148c5915382bd98,a_ba7036b462b83988deec742836720fbf,p_7e6bc8fca86d816c55aa15a384a811b2,p_3dd478bd944ece2906a0c8e4425f63be,6,82360,1689,3111,456976,3988569,4800,4445545,58.280718795531811,53976.991257892179,926.15520833333335,0.35187499999999999,0.10279414559969588
r_e6f6fe20eb2487bbe9d26ccec1fdf9f0,Tor file transfer,d_3e1af2e0e0112280268374b53ba71493,0,0,a_e7d8c038c18055500148c5915382bd98,a_31deb677d0a6d9359b1ca529de8b2013,p_40cd1532fb9d97010279d014ba318f8b,p_b1d5b2eb31f62d2778ffe2dd1f94510c,6,79968,1496,2422,362124,3051985,3918,3414109,48.99459783913565,42693.439875950375,871.3907605921388,0.38182746299132209,0.10606691233349609
r_0ac72b677a24c6cda1c561ed2b771692,Tor file transfer,d_3e1af2e0e0112280268374b53ba71493,0,0,a_e7d8c038c18055500148c5915382bd98,a_b5802911694fd6450e466a621b5650f0,p_8b6c319139553f65431d65806916edc6,p_3dd478bd944ece2906a0c8e4425f63be,6,73636,1910,3401,502664,4349358,5311,4852022,72.125047531098929,65891.982182628068,913.57974016192804,0.35963095462248162,0.10359887073883836
r_4419f388b1f1a262ca86914570ff7f81,Tor file transfer,d_3e1af2e0e0112280268374b53ba71493,0,0,a_e7d8c038c18055500148c5915382bd98,a_ea5f06c714544db5521f2016d41bee3a,p_0840486e6c3cd51f99316a8872135939,p_2313704d6916acc778397dda2b5b461d,6,69715,327,665,45192,859726,992,904918,14.229362404073727,12980.248153195151,912.21572580645159,0.32963709677419356,0.049940436592044807
r_0f86ea5f8aa5e50e68f8d4cf5497a442,Tor file transfer,d_3e1af2e0e0112280268374b53ba71493,0,0,a_e7d8c038c18055500148c5915382bd98,a_3832d64d21ca4721baccca6960dd8088,p_0593fd5ee0e252719ae20296c3856693,p_2313704d6916acc778397dda2b5b461d,6,75675,375,659,47427,855032,1034,902459,13.663693425834159,11925.457548728114,872.78433268858805,0.36266924564796904,0.052553079973716256
r_833d3c42481cf05a3af7afd6694a302f,Tor file transfer,d_3e1af2e0e0112280268374b53ba71493,0,0,a_e7d8c038c18055500148c5915382bd98,a_eca0e48172f6e34fc15e5ed053a5f262,p_4468f25a57e8b5145150245f95dc6f3e,p_2313704d6916acc778397dda2b5b461d,6,79315,1736,3270,474015,4183756,5006,4657771,63.115425833701067,58724.970056105405,930.43767479025166,0.3467838593687575,0.10176863568432197
r_2e76ab402ff3995ca843638c37faa874,Tor file transfer,d_3e1af2e0e0112280268374b53ba71493,0,0,a_e7d8c038c18055500148c5915382bd98,a_983e898236d6cb9a1a6b5f41934a0741,p_a069277c64580bbb9677dec6d0c22c91,p_2313704d6916acc778397dda2b5b461d,6,78286,1377,2545,372934,3251759,3922,3624693,50.09835730526531,46300.654012211635,924.19505354411012,0.35109637939826621,0.10288705829707509
r_7cfe53c294432e891d6f3d6898157794,Tor file transfer,d_3e1af2e0e0112280268374b53ba71493,0,0,a_e7d8c038c18055500148c5915382bd98,a_e7b1a4eb15538679707ab6e886dee81e,p_751b914d343cf815f351bdf8606749f0,p_64eab6039291da87b7bab47109b51546,6,68688,20,23,4635,22240,43,26875,0.62601910086186818,391.26193803866761,625,0.46511627906976744,0.17246511627906977
r_207da163f43accd6b36c3ea287499e77,Tor file transfer,d_3e1af2e0e0112280268374b53ba71493,0,0,a_e7d8c038c18055500148c5915382bd98,a_9928457a057a91778cccd54cabb71e31,p_3e31b5260ac15d2c68766d5b06982c7a,p_2313704d6916acc778397dda2b5b461d,6,1727,11,9,1571,4363,20,5934,11.580775911986102,3436.0162130862768,296.69999999999999,0.55000000000000004,0.26474553420963937
r_bf6ce5e7ef5c3b5e57a80425bacaa8ef,Tor file transfer,d_3e1af2e0e0112280268374b53ba71493,0,0,a_e7d8c038c18055500148c5915382bd98,a_09f69d32345d89bef63d1d4ef6eb57a2,p_6466e02a516d2908d39b3244dad2d054,p_3dd478bd944ece2906a0c8e4425f63be,6,75030,1785,3258,476373,4172949,5043,4649322,67.213114754098356,61966.173530587766,921.93575252825701,0.3539559785841761,0.10246074588940064
r_f709cc7b8ef6937f32050bf3a34c6c9c,Tor file transfer,d_3e1af2e0e0112280268374b53ba71493,0,0,a_e7d8c038c18055500148c5915382bd98,a_9928457a057a91778cccd54cabb71e31,p_407d39bceba18610541b9bd87dac7788,p_2313704d6916acc778397dda2b5b461d,6,72608,1371,2520,370907,3223605,3891,3594512,53.589136183340678,49505.729396209783,923.80159342071443,0.35235158057054744,0.10318702510938899
r_150a11ba0a84afd7bd7142b21097ec2a,Tor file transfer,d_3e1af2e0e0112280268374b53ba71493,0,0,a_e7d8c038c18055500148c5915382bd98,a_4362a21eef786f71d38437758da8d82e,p_0b0eed62d18c985b7a623e18666a6aaa,p_3dd478bd944ece2906a0c8e4425f63be,6,71879,380,663,47698,859896,1043,907594,14.51049680713421,12626.692079745126,870.17641418983703,0.36433365292425696,0.052554335969607555
r_4b174bfd86f5b4686e8ecaa247edf42c,Tor file transfer,d_3e1af2e0e0112280268374b53ba71493,0,0,a_e7d8c038c18055500148c5915382bd98,a_efa9a70c96d1a269183e3b7f1b825556,p_dcbd21948e461ebaf448b38e6e3be0b6,p_3dd478bd944ece2906a0c8e4425f63be,6,70738,18,22,4537,20147,40,24684,0.56546693432101558,348.94964516949869,617.10000000000002,0.45000000000000001,0.1838032733754659
r_6e625d75ff4ff128f18aa8a5eb287277,Tor file transfer,d_3e1af2e0e0112280268374b53ba71493,0,0,a_e7d8c038c18055500148c5915382bd98,a_bcc797d1ec6fae745a08acfd66847801,p_4a74a8e87ce9358a6f4adcd0d7540185,p_e805c9d7b1b02a765dbe79d4dc8d4bd7,6,72811,2075,4185,609123,5345846,6260,5954969,85.976020106851976,81786.666849789166,951.27300319488813,0.33146964856230032,0.1022881899133312
r_b8b539dead66cea82f046a976eba3a33,Tor file transfer,d_3e1af2e0e0112280268374b53ba71493,0,0,a_e7d8c038c18055500148c5915382bd98,a_632075e135ca9c4d3f98c225b0d0fac4,p_eadb8e1d2dfe279fad54fa8d61960e2b,p_2313704d6916acc778397dda2b5b461d,6,70229,371,664,47198,861701,1035,908899,14.737501601902348,12941.932819775308,878.16328502415456,0.35845410628019325,0.051928762161692336
r_40268c18b2204d142bc1b7fac0bd8128,Tor file transfer,d_3e1af2e0e0112280268374b53ba71493,0,0,a_e7d8c038c18055500148c5915382bd98,a_157ebcbfd34821b662268f2dc335f29b,p_24212c6ca7fae0a690fb156aae617fd7,p_2313704d6916acc778397dda2b5b461d,6,73955,919,2381,249476,2190298,3300,2439774,44.621729430058821,32989.980393482525,739.32545454545459,0.2784848484848485,0.10225373333759602
r_ce9d354c7b22b39c4eb4f0f336e6aa2e,Tor file transfer,d_3e1af2e0e0112280268374b53ba71493,0,0,a_e7d8c038c18055500148c5915382bd98,a_4038c02309057cb7ace1aed4cf1ebf75,p_4eedf96b8d278193dbbf2ec6d00a3633,p_3dd478bd944ece2906a0c8e4425f63be,6,65746,381,664,47725,858364,1045,906089,15.894503087640313,13781.659720743468,867.0708133971292,0.36459330143540669,0.052671426316840839
r_816b771c6b77ace006466018c2619568,Tor file transfer,d_3e1af2e0e0112280268374b53ba71493,0,0,a_e7d8c038c18055500148c5915382bd98,a_24d57f494a52ef849fbf4232a57825e0,p_7220fd6e550dbb51a6f5eea98bfaf370,p_64eab6039291da87b7bab47109b51546,6,78944,2016,3695,546614,4742342,5711,5288956,72.342419943250903,66996.301175516826,926.09980738924878,0.35300297671160918,0.10335007513770203
r_afc9dcd30b5afa8e9d930ab7da882a15,Tor file transfer,d_3e1af2e0e0112280268374b53ba71493,0,0,a_e7d8c038c18055500148c5915382bd98,a_d9fbd4095a875dd190aa3f3b37b09b6e,p_277de32f3dd78165c459bc04e60ed539,p_2313704d6916acc778397dda2b5b461d,6,70164,1309,2083,313651,2664758,3392,2978409,48.343880052448547,42449.247477338802,878.0686910377359,0.38590801886792453,0.10530823671295649
r_695fc8e16596804bd9ec19e6603d5e5a,Tor file transfer,d_3e1af2e0e0112280268374b53ba71493,0,0,a_e7d8c038c18055500148c5915382bd98,a_b3bfdbf40c16f84d9d847ab7cdf3527a,p_416c49d77031d6b12104b40f9f5cdd11,p_3dd478bd944ece2906a0c8e4425f63be,6,67330,12,11,3166,6641,23,9807,0.34160106935986934,145.65572553096689,426.39130434782606,0.52173913043478259,0.32283063118180894
r_82a4c9043663104ef81badb0f7887df9,Tor file transfer,d_3e1af2e0e0112280268374b53ba71493,0,0,a_e7d8c038c18055500148c5915382bd98,a_b65b89abe4fd389087e3aad54f2e9087,p_4645dc4ed00577c66d906ca595f20498,p_2313704d6916acc778397dda2b5b461d,6,65085,15,13,4368,8294,28,12662,0.43020665283859572,194.54559422293926,452.21428571428572,0.5357142857142857,0.34496919917864477
r_b62987a3aa7f7579e2571acd6cea06d3,Tor file transfer,d_3e1af2e0e0112280268374b53ba71493,0,0,a_94888b7827cd0ee1350e1df6c55a9d26,a_e7d8c038c18055500148c5915382bd98,p_3dd478bd944ece2906a0c8e4425f63be,p_06613186bd61d6355d119e5cb6de5f37,6,1565254,281,280,88044,91208,561,179252,0.35840828389513779,114.51943262882574,319.52228163992868,0.50089126559714792,0.49117443598955662
r_e5cf875936a783d0e22ad20156d5ec7a,Tor file transfer,d_3e1af2e0e0112280268374b53ba71493,0,0,a_71394ec0ae14eb2d17f693263a2fab11,a_e7d8c038c18055500148c5915382bd98,p_e8fa32c526b9b4cdc16418a4dc18e34a,p_10a6f43bbbdb06fb4f1ead2c44a9f80a,6,1567456,9514,5301,11980304,738836,14815,12719140,9.4516209705407999,8114.5116673131497,858.53121835977049,0.64218697266284175,0.94191148143663805
r_eb191c8ccb211adedd39912dd9a0ca75,Tor file transfer,d_3e1af2e0e0112280268374b53ba71493,0,0,a_24d57f494a52ef849fbf4232a57825e0,a_e7d8c038c18055500148c5915382bd98,p_2d36b619be089107b3d8a5a53b5aa6c4,p_4d6f26870fe921e00a36da1bc4f1450d,6,433687,75,76,31796,15184,151,46980,0.34817737216010625,108.32697313961451,311.12582781456956,0.49668874172185429,0.67679863771817794
r_c3f6c99bbd23eba9d0636ae71e642b5d,Tor file transfer,d_3e1af2e0e0112280268374b53ba71493,0,0,a_2f41308a96903d9050fe5ef9bbe0e314,a_e7d8c038c18055500148c5915382bd98,p_53b18b33cc21a2933da3a83a094344d3,p_455d9e440e0adffad5f32b30a1316c9e,6,589445,101,102,41188,22432,203,63620,0.34439175834895536,107.93203776433764,313.39901477832512,0.49753694581280788,0.64740647595095879
r_13defe74852e769e9e5d5a9a218c376e,Tor file transfer,d_3e1af2e0e0112280268374b53ba71493,0,0,a_e7d8c038c18055500148c5915382bd98,a_e6510a5d176aaca6618aa3715f81cb3f,p_7c66bc211c973dee20fed06985da1b4e,p_3919451a0dfaecc18e4c3b5d9eae72c2,6,1567918,275,275,88268,87732,550,176000,0.35078365067560935,112.25076821619498,320,0.5,0.50152272727272729
r_f967937e9f4a87411150d965abb72ab8,Tor file transfer,d_3e1af2e0e0112280268374b53ba71493,0,0,a_af13fb403e2ca17a4bee0de07c7cce5d,a_e7d8c038c18055500148c5915382bd98,p_cb2a3d1cffb3ffaa65569ee444e6797c,p_418e355060d0a3c7c6902c621a0210a4,6,977711,181,182,54996,60372,363,115368,0.37127535641922815,117.99805873105652,317.81818181818181,0.49862258953168043,0.47670064489286457
r_51ebacc0ca2e158c8fcff9032828b26e,Tor file transfer,d_3e1af2e0e0112280268374b53ba71493,0,0,a_87e2c0b2b2c34db0136c31995553216e,a_e7d8c038c18055500148c5915382bd98,p_3dd478bd944ece2906a0c8e4425f63be,p_7a3aa90138fdd5c7557f9a01b9c4a4ac,6,613757,114,115,38648,33292,229,71940,0.37311183416238025,117.21251244384993,314.1484716157205,0.49781659388646288,0.53722546566583262
r_465996dbbe304184fb9c099c4482e5ef,Tor file transfer,d_3e1af2e0e0112280268374b53ba71493,0,0,a_0095cc545b2ef456f31c6279027813d4,a_e7d8c038c18055500148c5915382bd98,p_2313704d6916acc778397dda2b5b461d,p_8a1b614d6f6dc8843e70732ff9b87f06,6,647704,112,113,38520,32676,225,71196,0.34738090238751035,109.92058100613862,316.42666666666668,0.49777777777777776,0.54104163155233442
r_cd3ccb5a71b83d0dceef7c4fc3b49978,Tor file transfer,d_3e1af2e0e0112280268374b53ba71493,0,0,a_e7d8c038c18055500148c5915382bd98,a_62649351f8ba8e02535c4c4155165d2e,p_95dea0bcb1f8fa6b59fdf22ca87c50b8,p_64eab6039291da87b7bab47109b51546,6,427275,81,80,27236,22944,161,50180,0.37680650634837048,117.44192850038033,311.6770186335404,0.50310559006211175,0.54276604224790759
r_8928a0b4edfa3b2f18388fe162e85c39,Tor file transfer,d_3e1af2e0e0112280268374b53ba71493,0,0,a_14f6b52fad3579780a1c7ab5233cf9a6,a_e7d8c038c18055500148c5915382bd98,p_3dd478bd944ece2906a0c8e4425f63be,p_e3320193f9d0e9dfa93bd6153b54aa75,6,299821,48,49,26104,3596,97,29700,0.32352637073453827,99.059105266142126,306.18556701030928,0.49484536082474229,0.87892255892255888
r_4cfb156756dad5e994ae36f8d1cfcee1,Tor file transfer,d_3e1af2e0e0112280268374b53ba71493,0,0,a_e7d8c038c18055500148c5915382bd98,a_d8473cb141aae6f22dae15113abbec1f,p_f2ccb04a772d961d6d092a764c2e35c4,p_2313704d6916acc778397dda2b5b461d,6,1162410,224,226,69982,84658,450,154640,0.38712674529641,133.03395531697078,343.64444444444445,0.49777777777777776,0.4525478530781169
r_8a57530ce5b25eb08b59b8b55f7a3332,Tor file transfer,d_3e1af2e0e0112280268374b53ba71493,0,0,a_db2f0bff2e3bb8f8c485668fc45fa0d4,a_e7d8c038c18055500148c5915382bd98,p_e805c9d7b1b02a765dbe79d4dc8d4bd7,p_f0ea9c995b61d822206abe67637fa929,6,1567074,273,273,94596,80124,546,174720,0.34842004908511021,111.49441570723526,320,0.5,0.54141483516483513
r_640be946bf7bf2c6aac2bc9e3cc88933,Tor file transfer,d_3e1af2e0e0112280268374b53ba71493,0,0,a_e7d8c038c18055500148c5915382bd98,a_d373fa71c9e849f765d69bb335ecbf9e,p_149796c27aa045910394464db1243e4d,p_2313704d6916acc778397dda2b5b461d,6,1564463,375,377,131686,126828,752,258514,0.48067611698071477,165.24136396961768,343.76861702127661,0.49867021276595747,0.50939600950045261
r_9cdf801980874cf657b96675e836c09c,Tor file transfer,d_3e1af2e0e0112280268374b53ba71493,0,0,a_a1d9df2203b826ac83270440d46f5fd6,a_e7d8c038c18055500148c5915382bd98,p_e1523d4390ddbf8019ed1a2441789dcc,p_f543d86cb989705b316b83a1028d627a,6,146212,27,28,14828,1432,55,16260,0.37616611495636476,111.20838234891802,295.63636363636363,0.49090909090909091,0.91193111931119308
r_8f3f3c9f6b0883b39da508eeed23ccee,Tor file transfer,d_3e1af2e0e0112280268374b53ba71493,0,0,a_5ce92e7d66ad15c87973f33e6314ae49,a_e7d8c038c18055500148c5915382bd98,p_59add6c69faa2fcebe82de14314cf8aa,p_bffb5f42e62bc14e704de8308240a08f,6,200312,40,41,12824,11756,81,24580,0.40436918407284633,122.7085746235872,303.45679012345681,0.49382716049382713,0.5217249796582587
r_036903de5da2ba1ecf84d25a9e1cf174,Tor file transfer,d_3e1af2e0e0112280268374b53ba71493,0,0,a_e7d8c038c18055500148c5915382bd98,a_dc3c82be118b1070a306bc59506d3c31,p_b4c00b1c4f5f4a8e49e05236e0c114e8,p_e3b7775486eca350dd96d9c41ec24189,6,1564928,291,291,90172,96068,582,186240,0.37190209389824963,119.00867004743988,320,0.5,0.48417096219931272
r_1cbb65b061b469b7f38a7a1df2344817,Tor file transfer,d_3e1af2e0e0112280268374b53ba71493,0,0,a_4f40e4207ec4a5d9ebe61f2f166b35c0,a_e7d8c038c18055500148c5915382bd98,p_2313704d6916acc778397dda2b5b461d,p_fe8df4ed3e165bdf86677b322fe6e0de,6,185866,32,33,17232,2228,65,19460,0.34971431030957784,104.699084286529,299.38461538461536,0.49230769230769234,0.88550873586844814
r_a6aa72bf387b87754be5befc4c1d7717,Tor file transfer,d_3e1af2e0e0112280268374b53ba71493,0,0,a_d0f5400ec879a15e9c14a72b249057f4,a_e7d8c038c18055500148c5915382bd98,p_2313704d6916acc778397dda2b5b461d,p_553e31e393afcc29f1f2ba5685c6f96c,6,838514,154,153,45504,51396,307,96900,0.36612388105624949,115.56157678941555,315.63517915309444,0.50162866449511401,0.46959752321981424
r_d9fbbdce6a4aa974a533d920fbe861d2,Tor file transfer,d_3e1af2e0e0112280268374b53ba71493,0,0,a_e7d8c038c18055500148c5915382bd98,a_8b88c46ded084ba72bdcf29a530d0502,p_bece1223782ffad073e079a002f709e4,p_2d36b619be089107b3d8a5a53b5aa6c4,6,1563583,292,292,93440,93976,584,187416,0.37350111890446491,119.8631604462315,320.91780821917808,0.5,0.49857002603833184
r_0572486a4d9f0c2a5b20c2045f59be23,Tor file transfer,d_3e1af2e0e0112280268374b53ba71493,0,0,a_e7d8c038c18055500148c5915382bd98,a_272f43be149f6fcf4360a53fac707f1b,p_4c13b7a865953a2d041980b3db13507d,p_2d36b619be089107b3d8a5a53b5aa6c4,6,202487,34,33,2280,17820,67,20100,0.33088543955908284,99.265631867724849,300,0.5074626865671642,0.11343283582089553
r_f1c7f1ab66630f2f2ac25bd0a05ad4e9,Tor file transfer,d_3e1af2e0e0112280268374b53ba71493,0,0,a_e7d8c038c18055500148c5915382bd98,a_b3cedc037d8a7d6415e832c465003c3b,p_da5b95dc82b139cf6b83357157f4956a,p_2313704d6916acc778397dda2b5b461d,6,1289959,228,227,70256,74004,455,144260,0.35272438891468644,111.83301174688498,317.05494505494505,0.50109890109890109,0.48700956606127827
r_5249578d7ec5b22d60548a372265ea37,Tor file transfer,d_3e1af2e0e0112280268374b53ba71493,0,0,a_e7d8c038c18055500148c5915382bd98,a_5f60c2a991a621f58d0543ed49160636,p_8882af1c2c723ebb378f11fc24b2da58,p_2313704d6916acc778397dda2b5b461d,6,68186,11,0,660,0,11,660,0.16132343882908512,9.6794063297451078,60,1,1
r_1b29afbed68dc446f6b88153dc26ec7d,Tor file transfer,d_3e1af2e0e0112280268374b53ba71493,0,0,a_e7d8c038c18055500148c5915382bd98,a_a6a10543ce2dedfec418ae3fb26311e0,p_0a42c24822d044b7e51f0714b396100e,p_3dd478bd944ece2906a0c8e4425f63be,6,1563378,366,365,128704,119212,731,247916,0.46757725898663027,158.57713233779674,339.14637482900139,0.5006839945280438,0.51914358089030155
r_0c7322323c2010c4e345c34dc5263142,Tor file transfer,d_3e1af2e0e0112280268374b53ba71493,0,0,a_068db296fa7e853b6d89802beee6faaa,a_e7d8c038c18055500148c5915382bd98,p_43df02fd0b2e49858e28f6f6da383215,p_cda6d5db860c0bdfa11039f71baabe7e,6,1317128,263,256,106036,77032,519,183068,0.39403915185160443,138.99028795986419,352.73217726396916,0.50674373795761074,0.57921646601262922
r_ab30a76d94fd84254a5d0a9283d44d25,Tor file transfer,d_3e1af2e0e0112280268374b53ba71493,0,0,a_2c93704d57176602fbdd95e157abeff2,a_e7d8c038c18055500148c5915382bd98,p_2313704d6916acc778397dda2b5b461d,p_489851577069833f88eac27cd41f5ec3,6,116641,21,22,6452,6504,43,12956,0.3686525321284968,111.07586526178616,301.30232558139534,0.48837209302325579,0.49799320778017908
r_14c50893196576a34c5eb22038e469b5,Tor file transfer,d_3e1af2e0e0112280268374b53ba71493,0,0,a_12b71b62cd61d16405990587f8178445,a_e7d8c038c18055500148c5915382bd98,p_3d01955bb66b778c6aa471c3a2911a0a,p_66feb190f0393543c88ffed97d9628d8,6,412932,68,69,31432,11068,137,42500,0.33177375451648211,102.92251508722985,310.21897810218979,0.49635036496350365,0.73957647058823528
r_891187b2849631672cc28557e9acd25f,Tor file transfer,d_3e1af2e0e0112280268374b53ba71493,0,0,a_35928deabc1887e3abbe0bf98d740370,a_e7d8c038c18055500148c5915382bd98,p_3dd478bd944ece2906a0c8e4425f63be,p_55b10c65ba267f734567748dcb1bd445,6,1367336,284,280,115462,85260,564,200722,0.41248091178759283,146.79786095005178,355.8900709219858,0.50354609929078009,0.57523340739928852
r_fceb6db972365229e066aa6b7a1f9d98,Tor file transfer,d_3e1af2e0e0112280268374b53ba71493,0,0,a_bdfe034ed4e6a6af74796c7e35ffc58a,a_e7d8c038c18055500148c5915382bd98,p_64eab6039291da87b7bab47109b51546,p_708de1353a10fc201befeb22704089e4,6,1560473,419,420,141316,149526,839,290842,0.53765749231162607,186.38066791287002,346.65315852205003,0.49940405244338498,0.48588580741433496
r_36180c892e40d0b17dd9eafd32b8b0bf,Tor file transfer,d_3e1af2e0e0112280268374b53ba71493,0,0,a_de34a842b1cb0dc34a445f63b4409448,a_e7d8c038c18055500148c5915382bd98,p_79c8d8bc2b7ad76fad40a09103840f43,p_c7bc3ab6bb4b4dc36905220d4b81d9af,6,1561824,359,359,127488,115530,718,243018,0.45971889278177308,155.59883828139405,338.46518105849583,0.5,0.52460311581858132
r_fb84ba8805c248615ec8a52c79c9f4eb,Tor file transfer,d_3e1af2e0e0112280268374b53ba71493,0,0,a_e7d8c038c18055500148c5915382bd98,a_efa9a70c96d1a269183e3b7f1b825556,p_f1e4c95b5ebd8384e4a20fecfb61043d,p_3dd478bd944ece2906a0c8e4425f63be,6,464673,85,84,21548,31192,169,52740,0.36369662106470574,113.49917038433479,312.07100591715977,0.50295857988165682,0.40857034508911644
r_05f4942cc76176645f71267a248b367d,Tor file transfer,d_3e1af2e0e0112280268374b53ba71493,0,0,a_2ce2103a899cf24287b837afca0be67e,a_e7d8c038c18055500148c5915382bd98,p_3dd478bd944ece2906a0c8e4425f63be,p_c0989fe66169a0cf189d4cbbcc682fcc,6,1244503,239,240,84252,68224,479,152476,0.38489260371409312,122.51959215847612,318.32150313152403,0.4989561586638831,0.55255909126682234
r_06632dbba0203402ea87295644ef5fb7,Tor file transfer,d_3e1af2e0e0112280268374b53ba71493,0,0,a_e7d8c038c18055500148c5915382bd98,a_69fb0b835452ca85c178bdeaaf11695b,p_f42e621113b1c05cddcd65503184fd5f,p_3d01955bb66b778c6aa471c3a2911a0a,6,230421,54,57,16746,21656,111,38402,0.48172692593123023,166.66015684334329,345.96396396396398,0.48648648648648651,0.43607103796677255
r_9253f3f91c44da39070606182c7fab91,Tor file transfer,d_3e1af2e0e0112280268374b53ba71493,0,0,a_20aa51336f4adebd5683ca49a9f81ecf,a_e7d8c038c18055500148c5915382bd98,p_2d36b619be089107b3d8a5a53b5aa6c4,p_6ad5698331976ecfbe72d6524197ba01,6,370908,59,60,30404,6872,119,37276,0.32083427696355971,100.49931519406429,313.24369747899158,0.49579831932773111,0.81564545552097867
r_b8f26fe3bfef1fd5158b9c2edcf36a8a,Tor file transfer,d_3e1af2e0e0112280268374b53ba71493,0,0,a_e7d8c038c18055500148c5915382bd98,a_e7b1a4eb15538679707ab6e886dee81e,p_c26169f24de39a5deacdad66fee34b7d,p_64eab6039291da87b7bab47109b51546,6,886271,164,162,35864,67932,326,103796,0.36783331509211065,117.1154195500022,318.39263803680984,0.50306748466257667,0.34552391228949092
r_392cad9fd5843ca3cb891d4f5c141653,Tor file transfer,d_3e1af2e0e0112280268374b53ba71493,0,0,a_e7d8c038c18055500148c5915382bd98,a_10be1ac5c6b10018ce2d1b3dbdf38b1b,p_5b42de6aabcd7ad352d65e3a2a07497c,p_3dd478bd944ece2906a0c8e4425f63be,6,1546043,377,379,135070,123314,756,258384,0.48899028034795933,167.12601137225809,341.77777777777777,0.49867724867724866,0.52274908663075115
r_5cbc8a98757686424ee05b5ad6b66c47,Tor file transfer,d_3e1af2e0e0112280268374b53ba71493,0,0,a_e7d8c038c18055500148c5915382bd98,a_a677c5e1777da3470b75be1fbd46f406,p_94fd2f1e2fba99dd2760749b4fc48692,p_3dd478bd944ece2906a0c8e4425f63be,6,627881,142,127,47645,60245,269,107890,0.42842513151377415,171.83192356513416,401.07806691449815,0.52788104089219334,0.4416071925108907
r_92aad242cb9b52e659dadb703d4343f2,Tor file transfer,d_3e1af2e0e0112280268374b53ba71493,0,0,a_e7d8c038c18055500148c5915382bd98,a_dc3c82be118b1070a306bc59506d3c31,p_ce4833bbbe28747886f894454ea70415,p_e3b7775486eca350dd96d9c41ec24189,6,1532430,623,605,351375,203447,1228,554822,0.80134165997794349,362.05373165495325,451.80944625407164,0.50732899022801303,0.6333112241403549
r_58e7bb4ec5e661c3e35d29692937e900,Tor file transfer,d_3e1af2e0e0112280268374b53ba71493,0,0,a_e7d8c038c18055500148c5915382bd98,a_cc6dd6dd7cd44dcd84f76ab3fc9d75cf,p_a998e94f4449fb31da05cbe57ca2ecb0,p_e2a4a4bf9c74500e61f176db310c2961,6,864236,190,187,49430,104597,377,154027,0.43622343896805965,178.22330937382844,408.55968169761275,0.50397877984084882,0.32091776117174264
r_b9f3491224f437f1ac3e0356160f03c1,Tor file transfer,d_3e1af2e0e0112280268374b53ba71493,0,0,a_e7d8c038c18055500148c5915382bd98,a_a677c5e1777da3470b75be1fbd46f406,p_419e4541ad847b71c7c3f9af166bf965,p_3dd478bd944ece2906a0c8e4425f63be,6,1532232,2197,1199,2415820,270979,3396,2686799,2.216374543802766,1753.5197019772463,791.16578327444051,0.64693757361601889,0.89914429773124083
r_988973342e40c8749225460df9b4a48c,Tor file transfer,d_3e1af2e0e0112280268374b53ba71493,0,0,a_e7d8c038c18055500148c5915382bd98,a_916592aac949494ee370e7a9592802f4,p_0f5914d0ac4c279ee1ecaa508658fdd9,p_570451000db5bc942dd5e80a742b2309,6,3087,4,0,240,0,4,240,1.295756397797214,77.745383867832842,60,1,1
r_6e79388cf7658ce51e213e74816b431c,Tor file transfer,d_3e1af2e0e0112280268374b53ba71493,0,0,a_e7d8c038c18055500148c5915382bd98,a_21bcc8f2d3907ae1fde10bf4be7b4d0a,p_aab0e50af078b23a5ef18ebbd4cc366c,p_2313704d6916acc778397dda2b5b461d,6,257,1,1,60,40,2,100,7.782101167315175,389.10505836575874,50,0.5,0.59999999999999998
r_24ca2d38a1b257b11998aeac7e0d8c4a,Tor file transfer,d_3e1af2e0e0112280268374b53ba71493,0,0,a_e7d8c038c18055500148c5915382bd98,a_720a956fc5072d4bba0df57fff660316,p_a3a06058c3d106bcafe145935b1e5da7,p_ebe9cfafe284f540917a29fe9616a45d,6,68030,11,0,660,0,11,660,0.16169337057180655,9.7016022343083925,60,1,1
r_541c17c3b44d5e7ac4275bd5e81fbe7f,Tor file transfer,d_3e1af2e0e0112280268374b53ba71493,0,0,a_e7d8c038c18055500148c5915382bd98,a_4b5ad2f07b9d106d5eb4b43320f80b67,p_686279403803d73bd463d3f10b3eb49a,p_135abb979b9b69497d97e09f6e5681ce,6,3103,4,0,240,0,4,240,1.2890750886239122,77.344505317434738,60,1,1
r_739d374938ad3a3d5b328a61d2a95a41,Tor file transfer,d_3e1af2e0e0112280268374b53ba71493,0,0,a_e7d8c038c18055500148c5915382bd98,a_ad7ecb02e1d31a5bf5addde2b8ca264d,p_f155bbba9f4ef9993cfaa9f2defc11fe,p_5b91bffc635f539b7237c9bbacd9a69d,6,624909,153,147,48198,66709,300,114907,0.4800698981771746,183.87797263281533,383.02333333333331,0.51000000000000001,0.41945225269130687
r_f0d4257edb6af8765c769645f8b3b545,Tor file transfer,d_3e1af2e0e0112280268374b53ba71493,0,0,a_e7d8c038c18055500148c5915382bd98,a_d9a3b124d39d63e0e6a6b4b861062c31,p_021486df914e33edd26c35c88790e802,p_2313704d6916acc778397dda2b5b461d,6,1351497,546,513,301532,169840,1059,471372,0.7835755462276276,348.7776887407075,445.11048158640227,0.51558073654390935,0.63969009614487071
r_1b804e6dcb59d295333e08f7e0247899,Tor file transfer,d_3e1af2e0e0112280268374b53ba71493,0,0,a_e7d8c038c18055500148c5915382bd98,a_093b4d7c7f79e693671fbe86d75534b7,p_5725f86357b71c64d4dcd1ab16bd61ea,p_b303345724f72d24ec6c9d55662f6c01,6,598025,153,149,54368,66073,302,120441,0.50499561055139841,201.39793486894362,398.81125827814571,0.50662251655629142,0.45140774321036858
r_1f7474073410077d3fc41957e1ed8e8a,Tor file transfer,d_3e1af2e0e0112280268374b53ba71493,0,0,a_e7d8c038c18055500148c5915382bd98,a_ad7ecb02e1d31a5bf5addde2b8ca264d,p_a5fba170f46bf5e76d12e4dc5821f7a3,p_5b91bffc635f539b7237c9bbacd9a69d,6,1344448,1617,1107,1655400,257637,2724,1913037,2.0261103441709905,1422.9163195601466,702.28964757709252,0.59361233480176212,0.86532565758006774
r_1c75df6c498ccf9b9e826a929ebf6718,Tor file transfer,d_3e1af2e0e0112280268374b53ba71493,0,0,a_e7d8c038c18055500148c5915382bd98,a_b3473f2ec0e1aa6e23367b95b4c6097a,p_bc1bdd66f5216680f6cbff521ab6332a,p_2313704d6916acc778397dda2b5b461d,6,68033,11,0,660,0,11,660,0.16168624050093336,9.7011744300560014,60,1,1
r_19b3ef8da56ee2d5d455dbb42edea68b,Tor file transfer,d_3e1af2e0e0112280268374b53ba71493,0,0,a_e7d8c038c18055500148c5915382bd98,a_14f6b52fad3579780a1c7ab5233cf9a6,p_258f9b3895b95b937cea204046a5674d,p_e2a4a4bf9c74500e61f176db310c2961,6,195342,50,46,14247,17072,96,31319,0.49144577203059248,160.32906389818882,326.23958333333331,0.52083333333333337,0.45489958172355438
r_708c696117f8e7627b45849a06ccd550,Tor file transfer,d_3e1af2e0e0112280268374b53ba71493,0,0,a_e7d8c038c18055500148c5915382bd98,a_06949e3f301cb42a6596dd424b42f467,p_7d81363f14c0406434f5d1736dc58c92,p_e2a4a4bf9c74500e61f176db310c2961,6,1292172,1768,1006,1834417,289389,2774,2123806,2.1467730302157917,1643.5938868819321,765.61139149242968,0.63734679163662578,0.86374037930018088
r_b1337e814921cde0258124cb2bc7e68a,Tor file transfer,d_3e1af2e0e0112280268374b53ba71493,0,0,a_e7d8c038c18055500148c5915382bd98,a_265d145c0658c706d594ac7bc129af32,p_ea5ee066b7487f2ca5f86bfb4b7afaee,p_3dd478bd944ece2906a0c8e4425f63be,6,621512,169,169,59569,56110,338,115679,0.54383503456087734,186.12512710937199,342.24556213017752,0.5,0.51495085538429619
r_1a7b1c883f6c158ffd520fbbcac6f706,Tor file transfer,d_3e1af2e0e0112280268374b53ba71493,0,0,a_e7d8c038c18055500148c5915382bd98,a_3bdc621c9d88bf18c36eb73f4b83fdc5,p_ee0be16b64661b237588392c5c117bd1,p_08940e3695b507510c2443d965bcbf68,6,303523,69,70,18525,26295,139,44820,0.45795541029839582,147.66590999693597,322.44604316546764,0.49640287769784175,0.41331994645247655
r_9e4f8747f069811bc191bc1a94c18716,Tor file transfer,d_3e1af2e0e0112280268374b53ba71493,0,0,a_e7d8c038c18055500148c5915382bd98,a_9671abf745d5fd376a8ebaf73c09d2e2,p_dacb26fa512da801fb3bb152fc2678d2,p_64eab6039291da87b7bab47109b51546,6,323083,73,74,24079,23323,147,47402,0.45499144182764178,146.71771650009438,322.46258503401361,0.49659863945578231,0.50797434707396316
r_bcef41409991c2e0125503cf0610ea71,Tor file transfer,d_3e1af2e0e0112280268374b53ba71493,0,0,a_e7d8c038c18055500148c5915382bd98,a_21ee8c7b2c61f546f4855847321ac23f,p_a62174605caf7e403f519ef376974968,p_2d3bf043eb40f667033bc873e0dd2237,6,292084,76,76,20437,28253,152,48690,0.52039824160173098,166.69862094465975,320.32894736842104,0.5,0.419737112343397
r_2720ca449cfa0b934b0c3df631558ccb,Tor file transfer,d_3e1af2e0e0112280268374b53ba71493,0,0,a_e7d8c038c18055500148c5915382bd98,a_b762f0e88fcf22790dde267e855429ae,p_71bab90e5e8042049dd9c7347bf4d3d9,p_3dd478bd944ece2906a0c8e4425f63be,6,278964,62,62,21887,17292,124,39179,0.44450179951534963,140.44464518719261,315.95967741935482,0.5,0.55864110875724238
r_d777cd9d86b25c53064cff9cebc43753,Tor file transfer,d_3e1af2e0e0112280268374b53ba71493,0,0,a_e7d8c038c18055500148c5915382bd98,a_866ae6545a8c995e38051c12d22f5fb8,p_016e2f461f0d95055d8ea90ac6c974de,p_d6eec11d647ae673791a1fd162e9d74f,6,285424,72,73,24545,22174,145,46719,0.50801614440271314,163.6828017265542,322.19999999999999,0.49655172413793103,0.52537511504955159
r_3bd28f131181f114214077e467b6d66d,Tor file transfer,d_3e1af2e0e0112280268374b53ba71493,0,0,a_e7d8c038c18055500148c5915382bd98,a_f75f0944ced4ad46458a0936b8281bb9,p_1532e58a4ac6468c4ac5278a87e9b6cc,p_c04cf1b2d3fb3315cf9b35ecbfce61ec,6,301894,66,66,18891,23946,132,42837,0.43723956090548338,141.89417477657722,324.52272727272725,0.5,0.44099726871629669
r_821e6f9cd91465754d00da6cfc4b92db,Tor file transfer,d_3e1af2e0e0112280268374b53ba71493,0,0,a_e7d8c038c18055500148c5915382bd98,a_392cccfaa19a73894191f5fef49bd1bb,p_3cc7322c2a34a17662afc6a906b1bde3,p_2313704d6916acc778397dda2b5b461d,6,275396,60,62,19639,19442,122,39081,0.44299844587430459,141.90837920666965,320.3360655737705,0.49180327868852458,0.5025204063355595
r_01d58109e96a824422e852294696b6f9,Tor file transfer,d_3e1af2e0e0112280268374b53ba71493,0,0,a_e7d8c038c18055500148c5915382bd98,a_902b9332a0829b002096dba1f6d0cfcd,p_4a74a8e87ce9358a6f4adcd0d7540185,p_018bddd8ee5d54a934fb83e788d3889a,6,348144,78,75,24810,23947,153,48757,0.43947332138425477,140.04837078909875,318.67320261437908,0.50980392156862742,0.5088500112804315
r_ec2b096cdd4dc91c4a2439e8622641b0,Tor file transfer,d_3e1af2e0e0112280268374b53ba71493,0,0,a_e7d8c038c18055500148c5915382bd98,a_780d53a6811b4796fee22cfa0377aeff,p_0acf6d756181ddca405a44503b0140f3,p_3dd478bd944ece2906a0c8e4425f63be,6,300438,69,70,23268,21018,139,44286,0.46265785286814587,147.40478900804825,318.60431654676262,0.49640287769784175,0.52540306191572961
r_81ef2d4cedb8b196e71e518891435c7a,Tor file transfer,d_3e1af2e0e0112280268374b53ba71493,0,0,a_0784866a12a4c0eaaf8a53f5cddc90a1,a_e7d8c038c18055500148c5915382bd98,p_2313704d6916acc778397dda2b5b461d,p_b230a5d0964262f7652b6dc992b6e338,6,340,3,2,132,128,5,260,14.705882352941176,764.7058823529411,52,0.59999999999999998,0.50769230769230766
r_cebb90699477998a41854ac2fd821809,Tor file transfer,d_3e1af2e0e0112280268374b53ba71493,0,0,a_e7d8c038c18055500148c5915382bd98,a_dc3c82be118b1070a306bc59506d3c31,p_c66cbf69fd1c3d925c3b0e37bd2748fe,p_e3b7775486eca350dd96d9c41ec24189,6,312,2,1,104,52,3,156,9.615384615384615,500,52,0.66666666666666663,0.66666666666666663
r_c99565f1fdc492390f11eeddceec5d53,Tor file transfer,d_3e1af2e0e0112280268374b53ba71493,0,0,a_1a2a5e4ab28dd22f011fdfef245c54c5,a_e7d8c038c18055500148c5915382bd98,p_2313704d6916acc778397dda2b5b461d,p_a7dabac4dcc918f706ddf671c5a6baae,6,218,3,2,132,135,5,267,22.935779816513762,1224.7706422018348,53.399999999999999,0.59999999999999998,0.4943820224719101
r_4578bf7964eb9c309e6e4fd55aa160f6,Tor file transfer,d_3e1af2e0e0112280268374b53ba71493,0,0,a_e7d8c038c18055500148c5915382bd98,a_a677c5e1777da3470b75be1fbd46f406,p_42953bb20c86b6717c89e52ef84f0fe7,p_3dd478bd944ece2906a0c8e4425f63be,6,316,3,2,132,128,5,260,15.822784810126581,822.78481012658222,52,0.59999999999999998,0.50769230769230766
r_331af8faba9f1a88343fb6b5c4c9e46d,Tor file transfer,d_3e1af2e0e0112280268374b53ba71493,0,0,a_e7d8c038c18055500148c5915382bd98,a_69fb0b835452ca85c178bdeaaf11695b,p_78a9b61bcbc2e19b66c7333d9adf293c,p_3d01955bb66b778c6aa471c3a2911a0a,6,1185847,2940,4909,440529,5986174,7849,6426703,6.6188977161471927,5419.5043711372546,818.79258504268057,0.37457000891833353,0.068546656038096052
r_adad292ff554e33f93728296c8a94111,Tor file transfer,d_3e1af2e0e0112280268374b53ba71493,0,0,a_e7d8c038c18055500148c5915382bd98,a_0e312907542d34f19aad4b317a0e4f60,p_5849b6151cd923e168c2232ca16bed5c,p_2313704d6916acc778397dda2b5b461d,6,148,1,1,60,40,2,100,13.513513513513514,675.67567567567573,50,0.5,0.59999999999999998
r_54ffa04364f3b75b819f822ee5e89430,Tor file transfer,d_3e1af2e0e0112280268374b53ba71493,0,0,a_e7d8c038c18055500148c5915382bd98,a_fcff2c2b0294c1f0aecd4e91163cd8c0,p_32fb5710066a570cffafe98fba53df05,p_64eab6039291da87b7bab47109b51546,6,68342,11,0,660,0,11,660,0.16095519592637031,9.657311755582219,60,1,1
r_6c5d4d73c609cadc6e65639b00159591,Tor file transfer,d_3e1af2e0e0112280268374b53ba71493,0,0,a_80f054d4007522abaed414dbfea08667,a_e7d8c038c18055500148c5915382bd98,p_3dd478bd944ece2906a0c8e4425f63be,p_cf797662e1a174f8d99cec0076cb45e1,6,377,3,2,132,128,5,260,13.262599469496021,689.65517241379314,52,0.59999999999999998,0.50769230769230766
r_4cf0779d031a3b09b57264b176b21f93,Tor file transfer,d_3e1af2e0e0112280268374b53ba71493,0,0,a_917f5655ceadfd1fd659246ab9229cf3,a_e7d8c038c18055500148c5915382bd98,p_64eab6039291da87b7bab47109b51546,p_71a38ad51f7e0ee29195f7782930dd09,6,264,3,2,132,128,5,260,18.939393939393938,984.84848484848476,52,0.59999999999999998,0.50769230769230766
r_52f26665a26096987d4c6c9cef238be0,Tor file transfer,d_3e1af2e0e0112280268374b53ba71493,0,0,a_e7d8c038c18055500148c5915382bd98,a_ad7ecb02e1d31a5bf5addde2b8ca264d,p_d72e1753aa1ed48c3f32dc417778c559,p_5b91bffc635f539b7237c9bbacd9a69d,6,343,3,2,132,128,5,260,14.577259475218657,758.01749271137021,52,0.59999999999999998,0.50769230769230766
r_6f8e16c9991c1f9d41f13055eaa4951d,Tor file transfer,d_3e1af2e0e0112280268374b53ba71493,0,0,a_d9a3b124d39d63e0e6a6b4b861062c31,a_e7d8c038c18055500148c5915382bd98,p_2313704d6916acc778397dda2b5b461d,p_bd62b215a92e3f1a93aca592703164dd,6,338,3,2,132,128,5,260,14.792899408284022,769.23076923076917,52,0.59999999999999998,0.50769230769230766
r_cc7882eea79468b8f6d8df09d61d5621,Tor file transfer,d_3e1af2e0e0112280268374b53ba71493,0,0,a_e7d8c038c18055500148c5915382bd98,a_d5308d870f75edab56efaf1fc687dcaf,p_08e4146f740d03db2501a256ae8d96dc,p_64eab6039291da87b7bab47109b51546,6,68100,11,0,660,0,11,660,0.16152716593245228,9.6916299559471373,60,1,1
r_1c6b024e4d0d76e9d30984b42122568d,Tor file transfer,d_3e1af2e0e0112280268374b53ba71493,0,0,a_e7d8c038c18055500148c5915382bd98,a_376cf29ff0684e749f106c7ffc1f74ee,p_0dd50658de981395a89d4a49485723a9,p_0c96cc35810b30f371e5bf40c3e1dcc5,6,235,1,1,60,40,2,100,8.5106382978723403,425.53191489361706,50,0.5,0.59999999999999998
r_22b89821b337dd7d9e8fb99081421723,Tor file transfer,d_3e1af2e0e0112280268374b53ba71493,0,0,a_e7d8c038c18055500148c5915382bd98,a_bda600aaefa1633dc6972850ee0900e1,p_72b27be5cdff00485056b665dca807dc,p_2313704d6916acc778397dda2b5b461d,6,0,1,0,60,0,1,60,,,60,1,1
r_1d5192bf33e8ace5c6c49df56d4d2e55,Tor file transfer,d_3e1af2e0e0112280268374b53ba71493,0,0,a_e7d8c038c18055500148c5915382bd98,a_06949e3f301cb42a6596dd424b42f467,p_15a5e8aee1aa28c2d29ddbfc4182db82,p_e2a4a4bf9c74500e61f176db310c2961,6,297,3,2,132,128,5,260,16.835016835016837,875.42087542087552,52,0.59999999999999998,0.50769230769230766
r_20c11dc1d398851689bf87c5c202b102,Tor file transfer,d_3e1af2e0e0112280268374b53ba71493,0,0,a_e7d8c038c18055500148c5915382bd98,a_0cab75a85066ac07aecb959b1d69389d,p_b9b06632c1dff7418697475ee5cf36cb,p_2313704d6916acc778397dda2b5b461d,6,67981,11,0,660,0,11,660,0.16180991747694209,9.7085950486165267,60,1,1
r_7f4df1f22ea2ffb52fe802d03d71b3d0,Tor file transfer,d_3e1af2e0e0112280268374b53ba71493,0,0,a_e7d8c038c18055500148c5915382bd98,a_4038c02309057cb7ace1aed4cf1ebf75,p_95e450e524da571af7cb195a7a864cea,p_3dd478bd944ece2906a0c8e4425f63be,6,170,3,2,132,128,5,260,29.411764705882351,1529.4117647058822,52,0.59999999999999998,0.50769230769230766
r_fa6e3b029071d74714b006799222e228,Tor file transfer,d_3e1af2e0e0112280268374b53ba71493,0,0,a_e7d8c038c18055500148c5915382bd98,a_211f2c919edce904deb5c06c73242a79,p_e10da64d77a346e25513ad7ee183454f,p_2313704d6916acc778397dda2b5b461d,6,614911,146,139,65695,40543,285,106238,0.46348170710883368,172.76971789413429,372.76491228070176,0.512280701754386,0.61837572243453376
r_864d14517c24284b8f31d3075389a02a,Tor file transfer,d_3e1af2e0e0112280268374b53ba71493,0,0,a_e7d8c038c18055500148c5915382bd98,a_c687d98dacb1608f62af5b7073c09339,p_d3c30a44c24d69fb4e4897ad0ff3342c,p_59add6c69faa2fcebe82de14314cf8aa,6,210509,59,55,19899,20153,114,40052,0.54154454203858271,190.26264910288873,351.33333333333331,0.51754385964912286,0.49682912214121644
r_1bd64e8622583b53338bcc694902ae3e,Tor file transfer,d_3e1af2e0e0112280268374b53ba71493,0,0,a_e7d8c038c18055500148c5915382bd98,a_917f5655ceadfd1fd659246ab9229cf3,p_16e082948dc9c9189be590c1638c212d,p_64eab6039291da87b7bab47109b51546,6,278,2,2,104,104,4,208,14.388489208633093,748.20143884892082,52,0.5,0.5
r_fdedb77ea9630bdd912b48586ce1b01b,Tor file transfer,d_3e1af2e0e0112280268374b53ba71493,0,0,a_e7d8c038c18055500148c5915382bd98,a_fda104fd94f6e713bea5b91b69853ee7,p_93ffef747b77815e029f2d8db51e735d,p_d7195ebfc9c48d4a0beab7870d0eba9c,6,1008993,231,221,72298,109456,452,181754,0.44797139326040913,180.13405444834601,402.11061946902657,0.51106194690265483,0.39777941613389528
r_9d7dddc9d876fc35a9187f10b8e06369,Tor file transfer,d_3e1af2e0e0112280268374b53ba71493,0,0,a_e7d8c038c18055500148c5915382bd98,a_211f2c919edce904deb5c06c73242a79,p_dce341d71adbde6a210787f015dfc281,p_2313704d6916acc778397dda2b5b461d,6,1007839,2236,1202,2583370,257003,3438,2840373,3.4112591396046392,2818.2804991670296,826.17015706806285,0.6503781268179174,0.90951786966007631
r_8c269aa283fa8907e1da64522c0563cb,Tor file transfer,d_3e1af2e0e0112280268374b53ba71493,0,0,a_e7d8c038c18055500148c5915382bd98,a_c687d98dacb1608f62af5b7073c09339,p_116ba61adb851a9e6b5a5d89881e9dba,p_59add6c69faa2fcebe82de14314cf8aa,6,998121,346,315,173878,111857,661,285735,0.66224435714707941,286.27290679186194,432.27685325264753,0.52344931921331317,0.60852888165607999
r_181b71944daea53463f638272fa4abd6,Tor file transfer,d_3e1af2e0e0112280268374b53ba71493,0,0,a_e7d8c038c18055500148c5915382bd98,a_c1611769dc77d79f706dac42a9408c82,p_4d349ab71106d49ea2045d88796d4424,p_2313704d6916acc778397dda2b5b461d,6,68273,11,0,660,0,11,660,0.16111786504181741,9.6670719025090452,60,1,1
r_59aa51f2fb06c129efa3d3ecb2ce1a11,Tor file transfer,d_3e1af2e0e0112280268374b53ba71493,0,0,a_e7d8c038c18055500148c5915382bd98,a_8e175269aed47dc611dbec8889fd2e1d,p_0744b19603479882d89ce7313ad0212f,p_2313704d6916acc778397dda2b5b461d,6,68297,11,0,660,0,11,660,0.16106124719973058,9.663674831983835,60,1,1
r_bc716e5d460c392e951df3871dda458e,Tor file transfer,d_3e1af2e0e0112280268374b53ba71493,0,0,a_e7d8c038c18055500148c5915382bd98,a_ba7036b462b83988deec742836720fbf,p_31332ecccdb47f529d1fe87b10ff9c65,p_3dd478bd944ece2906a0c8e4425f63be,6,639825,150,142,49714,63777,292,113491,0.45637478998163555,177.37818934865001,388.66780821917808,0.51369863013698636,0.43804354530315182
r_81c4dae20bceae2c18f81ed5ab86adb0,Tor file transfer,d_3e1af2e0e0112280268374b53ba71493,0,0,a_e7d8c038c18055500148c5915382bd98,a_81213786d5c80f93aa66ed359dc0b39d,p_70bf7c4f02d4a62f5e1af641129f2741,p_3dd478bd944ece2906a0c8e4425f63be,6,831807,288,276,140381,104990,564,245371,0.67804190154687327,294.98549543343586,435.05496453900707,0.51063829787234039,0.57211732437818652
r_82b1cf9485b438b4868e1c3e99489f99,Tor file transfer,d_3e1af2e0e0112280268374b53ba71493,0,0,a_e7d8c038c18055500148c5915382bd98,a_b8eee92c1f83f543c48820576c55c44e,p_7eeabca8ef81960cfa8af172e7dfe6f7,p_3dd478bd944ece2906a0c8e4425f63be,6,238962,59,55,16860,19677,114,36537,0.47706329876716802,152.89878725487736,320.5,0.51754385964912286,0.4614500369488464
r_cee93969997e920a715e71fba808c81b,Tor file transfer,d_3e1af2e0e0112280268374b53ba71493,0,0,a_e7d8c038c18055500148c5915382bd98,a_673c3429afaf5925c0c87c57872ae91b,p_0d605b380684c1f9d408b8b97ce4f56c,p_b303345724f72d24ec6c9d55662f6c01,6,208908,49,50,15292,16736,99,32028,0.47389281406169226,153.31150554310989,323.5151515151515,0.49494949494949497,0.47745722492818782
r_9eb90cd25d46a5c997a2c7b4905d984a,Tor file transfer,d_3e1af2e0e0112280268374b53ba71493,0,0,a_e7d8c038c18055500148c5915382bd98,a_12b71b62cd61d16405990587f8178445,p_94506380dd71032deee7b345fe296eeb,p_e2a4a4bf9c74500e61f176db310c2961,6,225234,52,53,17077,16831,105,33908,0.46618183755560882,150.54565474129129,322.93333333333334,0.49523809523809526,0.50362746254571189
r_346cab2f64f878e7f62ba89acfc959e9,Tor file transfer,d_3e1af2e0e0112280268374b53ba71493,0,0,a_e7d8c038c18055500148c5915382bd98,a_6e0d2417c19bc707fdb11e0f8bc29fb6,p_7376c7122584c05a6fcfee3fa91f060d,p_3dd478bd944ece2906a0c8e4425f63be,6,219846,54,56,17140,18147,110,35287,0.50035024517162008,160.50781001246327,320.79090909090911,0.49090909090909091,0.48573128914331054
r_6b038932689e6607c19968e0817d9150,Tor file transfer,d_3e1af2e0e0112280268374b53ba71493,0,0,a_e7d8c038c18055500148c5915382bd98,a_6e1ab86b86decff099cf91c285e66f00,p_ffa6aa3ec44916be5ef940c1ec3faff4,p_8a93e0cab8a746223af9f460bc692015,6,249890,59,59,19011,19370,118,38381,0.47220777141942455,153.59158029532995,325.26271186440675,0.5,0.49532320679502878
r_a7cf70a6a748b177586aeead78da299d,Tor file transfer,d_3e1af2e0e0112280268374b53ba71493,0,0,a_e7d8c038c18055500148c5915382bd98,a_43e28002f06122b98bd6db9dcde1fb14,p_3cba482188fb737229a8916acbb68655,p_5ef96fb56442fad37d53590ba1296765,6,218350,50,51,15899,16746,101,32645,0.46256010991527363,149.5076711701397,323.21782178217819,0.49504950495049505,0.48702710981773628
r_9fcf9d3c18f17631ac9b351942cc0924,Tor file transfer,d_3e1af2e0e0112280268374b53ba71493,0,0,a_e7d8c038c18055500148c5915382bd98,a_f75f0944ced4ad46458a0936b8281bb9,p_fffbc1fd0960bb9eebba691ee6129a8b,p_c04cf1b2d3fb3315cf9b35ecbfce61ec,6,242917,60,58,19623,19266,118,38889,0.48576262674082094,160.09171857054056,329.56779661016947,0.50847457627118642,0.50458998688575174
r_1df3c9230056c530430fbc37ee299d09,Tor file transfer,d_3e1af2e0e0112280268374b53ba71493,0,0,a_e7d8c038c18055500148c5915382bd98,a_4f40e4207ec4a5d9ebe61f2f166b35c0,p_c0a1d9ba63453cd3a75e81c8a214ae17,p_2313704d6916acc778397dda2b5b461d,6,217115,48,48,16885,14452,96,31337,0.44216198788660388,144.33364806669277,326.42708333333331,0.5,0.53881992532788714
r_e546630c82e0099042a305b26323fdfb,Tor file transfer,d_3e1af2e0e0112280268374b53ba71493,0,0,a_e7d8c038c18055500148c5915382bd98,a_ba7036b462b83988deec742836720fbf,p_91019de00a345fdc86fa4606b7f279bd,p_3dd478bd944ece2906a0c8e4425f63be,6,828114,1362,791,1510375,175993,2153,1686368,2.5998835909065661,2036.3959551462719,783.26428239665586,0.63260566651184391,0.89563784417161618
r_b87c190bb726013e197e3dd25d78981e,Tor file transfer,d_3e1af2e0e0112280268374b53ba71493,0,0,a_e7d8c038c18055500148c5915382bd98,a_972a4e8706947a42df038fdffbbadac4,p_d7c3d9d527e67713dfca4509a6e508e3,p_2313704d6916acc778397dda2b5b461d,6,320,1,1,60,40,2,100,6.25,312.5,50,0.5,0.59999999999999998
r_90d51744e7bd7433c99ba493fe55fb3a,Tor file transfer,d_3e1af2e0e0112280268374b53ba71493,0,0,a_e7d8c038c18055500148c5915382bd98,a_4b5ad2f07b9d106d5eb4b43320f80b67,p_fd020c74ea9f1e1133a0f03c93410e5d,p_135abb979b9b69497d97e09f6e5681ce,6,3061,4,0,240,0,4,240,1.3067624959163673,78.40574975498204,60,1,1
r_0dda7b2907908008f304253a8919bd5c,Tor file transfer,d_3e1af2e0e0112280268374b53ba71493,0,0,a_e7d8c038c18055500148c5915382bd98,a_31deb677d0a6d9359b1ca529de8b2013,p_346fd2c43c4251eb34b6de486a31f929,p_b1d5b2eb31f62d2778ffe2dd1f94510c,6,775186,2156,1382,2539011,254585,3538,2793596,4.5640659145030993,3603.7750939774451,789.59751271905031,0.60938383267382701,0.90886835462250093
r_7f73c31d3c7e2978510adf5eb6ccbefc,Tor file transfer,d_3e1af2e0e0112280268374b53ba71493,0,0,a_e7d8c038c18055500148c5915382bd98,a_2defc2d6dd3d915edb493b03024d12a5,p_c453eeca24746bacfaf9616676354136,p_3dd478bd944ece2906a0c8e4425f63be,6,776634,355,298,218845,129869,653,348714,0.8408078966411463,449.00686810003168,534.01837672281772,0.54364471669218994,0.62757732697855551
r_f18d1a9c19ec622e84a33b54810a861c,Tor file transfer,d_3e1af2e0e0112280268374b53ba71493,0,0,a_e7d8c038c18055500148c5915382bd98,a_80f054d4007522abaed414dbfea08667,p_0c73ac9d62be6f7056fada0eb4c533b6,p_3dd478bd944ece2906a0c8e4425f63be,6,332,3,2,132,128,5,260,15.060240963855421,783.13253012048187,52,0.59999999999999998,0.50769230769230766
r_a0a079a73f32f79cde0d18ec8e495b3c,Tor file transfer,d_3e1af2e0e0112280268374b53ba71493,0,0,a_c687d98dacb1608f62af5b7073c09339,a_e7d8c038c18055500148c5915382bd98,p_59add6c69faa2fcebe82de14314cf8aa,p_bf194a57233d2c8b75128662182518cf,6,338,3,2,132,128,5,260,14.792899408284022,769.23076923076917,52,0.59999999999999998,0.50769230769230766
r_08ca0a0e9979513e38769c5c8aa0b512,Tor file transfer,d_3e1af2e0e0112280268374b53ba71493,0,0,a_e7d8c038c18055500148c5915382bd98,a_273b6f05eaba7ea07c86d83ea72eee5f,p_7e0b2272d48b85d783575ff6681dda97,p_4ab90d1928ebd5a7235cc2db9185505b,6,67984,11,0,660,0,11,660,0.16180277712402918,9.7081666274417522,60,1,1
r_b71739c7640aee496f7db6483c7dadcc,Tor file transfer,d_3e1af2e0e0112280268374b53ba71493,0,0,a_e7d8c038c18055500148c5915382bd98,a_211f2c919edce904deb5c06c73242a79,p_94ea9ceda88c78065d01d2abd0c7336f,p_2313704d6916acc778397dda2b5b461d,6,308,2,1,104,52,3,156,9.7402597402597397,506.49350649350652,52,0.66666666666666663,0.66666666666666663
r_637e15968ae4a0d486ed0acfd47f5b74,Tor file transfer,d_3e1af2e0e0112280268374b53ba71493,0,0,a_e7d8c038c18055500148c5915382bd98,a_983e898236d6cb9a1a6b5f41934a0741,p_10bfe6469086b3623b4fe9ef6a4fc26b,p_2313704d6916acc778397dda2b5b461d,6,196511,67,64,24540,24329,131,48869,0.66662934899318615,248.68327981639706,373.04580152671758,0.51145038167938928,0.5021588327978882
r_4cf68ad10ead78bf95081f8d33873bc8,Tor file transfer,d_3e1af2e0e0112280268374b53ba71493,0,0,a_e7d8c038c18055500148c5915382bd98,a_eca0e48172f6e34fc15e5ed053a5f262,p_e6d850cc294df0dc0e5d1d92bccfbda6,p_2313704d6916acc778397dda2b5b461d,6,711063,301,263,169846,93506,564,263352,0.79317866349395205,370.36380742634617,466.93617021276594,0.53368794326241131,0.64493909292505847
r_8870fba283696257b90e4d8dff2bc9f5,Tor file transfer,d_3e1af2e0e0112280268374b53ba71493,0,0,a_e7d8c038c18055500148c5915382bd98,a_dec825831ecfb9b180f38ae11f7d7cae,p_3ffe0e31f8260df6ff9a6ec8fbb92ed2,p_2313704d6916acc778397dda2b5b461d,6,709147,166,163,48658,89371,329,138029,0.46393766031584421,194.6408854581631,419.54103343465044,0.50455927051671734,0.35252012258293547
r_63b1e1652db4eee842d442b833c91e7a,Tor file transfer,d_3e1af2e0e0112280268374b53ba71493,0,0,a_e7d8c038c18055500148c5915382bd98,a_983e898236d6cb9a1a6b5f41934a0741,p_03794b3f72e1cfd7204f558ca0bb073d,p_2313704d6916acc778397dda2b5b461d,6,705310,2053,937,2433931,214059,2990,2647990,4.2392706753058942,3754.3633295997506,885.61538461538464,0.68662207357859528,0.91916170378286932
r_51fab92c0f8eb1bd4f3e49ccbd7ec07b,Tor file transfer,d_3e1af2e0e0112280268374b53ba71493,0,0,a_e7d8c038c18055500148c5915382bd98,a_e2370a5f48648ec5a5dbdf8b657a0e89,p_4600884a8b1a03cc04183314bbfd534c,p_3dd478bd944ece2906a0c8e4425f63be,6,459836,114,117,35277,47350,231,82627,0.50235301281326383,179.68797571308031,357.69264069264068,0.4935064935064935,0.42694276689217808
r_993b4c69ae4aefe1241a36eee1cf161c,Tor file transfer,d_3e1af2e0e0112280268374b53ba71493,0,0,a_e7d8c038c18055500148c5915382bd98,a_79e9a2b958e1e89741a6646921e1ff5f,p_fe95558f04600f956d6d94e3596186cb,p_2313704d6916acc778397dda2b5b461d,6,290,1,1,60,40,2,100,6.8965517241379315,344.82758620689657,50,0.5,0.59999999999999998
r_29156a1555eac347e79b499d11bcb441,Tor file transfer,d_3e1af2e0e0112280268374b53ba71493,0,0,a_e7d8c038c18055500148c5915382bd98,a_21f95319c2c976f606793cb1f3a505c5,p_9f2c1564989aba5cd8fffd23ab9c2eb9,p_2313704d6916acc778397dda2b5b461d,6,67961,11,0,660,0,11,660,0.16185753593973015,9.7114521563838085,60,1,1
r_1aa0e2f5a438524a79b12f739531245b,Tor file transfer,d_3e1af2e0e0112280268374b53ba71493,0,0,a_e7d8c038c18055500148c5915382bd98,a_917f5655ceadfd1fd659246ab9229cf3,p_f2348b24889826e8e7b8ef36263ead66,p_64eab6039291da87b7bab47109b51546,6,664838,290,317,80072,81519,607,161591,0.91300437098962461,243.05319491364816,266.21252059308074,0.47775947281713343,0.49552264668205531
r_b0839bbd1766da82542d48964c5b546a,Tor file transfer,d_3e1af2e0e0112280268374b53ba71493,0,0,a_e7d8c038c18055500148c5915382bd98,a_ddf0a5f234ac05191b8c803696ecd1f6,p_cb49a772f75f9a6311a70039da47c064,p_3dd478bd944ece2906a0c8e4425f63be,6,297,2,1,104,52,3,156,10.101010101010102,525.25252525252529,52,0.66666666666666663,0.66666666666666663
r_1e0729dd97e4b78f757bb965311c723c,Tor file transfer,d_3e1af2e0e0112280268374b53ba71493,0,0,a_e7d8c038c18055500148c5915382bd98,a_14f6b52fad3579780a1c7ab5233cf9a6,p_3b8024cea8ebbd24971eabec3c240c5c,p_e2a4a4bf9c74500e61f176db310c2961,6,607630,140,138,43080,48096,278,91176,0.4575152642232938,150.05184075835624,327.97122302158272,0.50359712230215825,0.4724927612529613
r_d194902b0ba8153f7250bbd188b147a4,Tor file transfer,d_3e1af2e0e0112280268374b53ba71493,0,0,a_4038c02309057cb7ace1aed4cf1ebf75,a_e7d8c038c18055500148c5915382bd98,p_3dd478bd944ece2906a0c8e4425f63be,p_aeb3538915391c0b82af10242418d6da,6,174,3,2,132,128,5,260,28.735632183908049,1494.2528735632186,52,0.59999999999999998,0.50769230769230766
r_d8cd3e36fe9c30f91cde35fe7fb05ccd,Tor file transfer,d_3e1af2e0e0112280268374b53ba71493,0,0,a_e7d8c038c18055500148c5915382bd98,a_376cf29ff0684e749f106c7ffc1f74ee,p_3c2a2ca12badd1857469149dd994db60,p_0c96cc35810b30f371e5bf40c3e1dcc5,6,245,1,1,60,40,2,100,8.1632653061224492,408.16326530612247,50,0.5,0.59999999999999998
r_0b8f0672e33f4507534984e7b7527801,Tor file transfer,d_3e1af2e0e0112280268374b53ba71493,0,0,a_e7d8c038c18055500148c5915382bd98,a_525e3b6b8ce4f822075f03f6233163f3,p_c9d30f8764566c976826c9c203d26c8a,p_9330b4e778c481c810907c2334f5e59e,6,312,2,1,104,52,3,156,9.615384615384615,500,52,0.66666666666666663,0.66666666666666663
r_11edd719183927c8baabf27f8a710939,Tor file transfer,d_3e1af2e0e0112280268374b53ba71493,0,0,a_e7d8c038c18055500148c5915382bd98,a_3832d64d21ca4721baccca6960dd8088,p_686d68cd75c2a3bbe5f5dd63c528de50,p_2313704d6916acc778397dda2b5b461d,6,381,3,2,132,128,5,260,13.123359580052494,682.41469816272968,52,0.59999999999999998,0.50769230769230766
r_c78168331a4c2696ba6890ed8401e8f1,Tor file transfer,d_3e1af2e0e0112280268374b53ba71493,0,0,a_ddf0a5f234ac05191b8c803696ecd1f6,a_e7d8c038c18055500148c5915382bd98,p_3dd478bd944ece2906a0c8e4425f63be,p_29345c23b5448bbd690afbc0b3592cf9,6,344,3,2,132,128,5,260,14.534883720930234,755.81395348837214,52,0.59999999999999998,0.50769230769230766
r_37701cb75e435a92f65d83b5f1ee6800,Tor file transfer,d_3e1af2e0e0112280268374b53ba71493,0,0,a_e7d8c038c18055500148c5915382bd98,a_b5802911694fd6450e466a621b5650f0,p_be4b44b30a138534f13ce5c0e91d9016,p_3dd478bd944ece2906a0c8e4425f63be,6,1236,4,3,720,180,7,900,5.6634304207119746,728.15533980582529,128.57142857142858,0.5714285714285714,0.80000000000000004
r_0ef1fbc64b3c1c4ca649c44ac97f8fa2,Tor file transfer,d_3e1af2e0e0112280268374b53ba71493,0,0,a_e7d8c038c18055500148c5915382bd98,a_66ae3347c0dc52337286a79e3defad60,p_3e9c55801491b039b2fdc5b2302d2b2a,p_2d36b619be089107b3d8a5a53b5aa6c4,6,68208,11,0,660,0,11,660,0.16127140511376964,9.6762843068261795,60,1,1
r_d2428b45018b31d79365fa4ecda0b42a,Tor file transfer,d_3e1af2e0e0112280268374b53ba71493,0,0,a_e7d8c038c18055500148c5915382bd98,a_ba7036b462b83988deec742836720fbf,p_7e6bc8fca86d816c55aa15a384a811b2,p_3dd478bd944ece2906a0c8e4425f63be,6,320,3,2,132,128,5,260,15.625,812.5,52,0.59999999999999998,0.50769230769230766
r_4b42ab8c13ce658112821b2ae3063f48,Tor file transfer,d_3e1af2e0e0112280268374b53ba71493,0,0,a_e7d8c038c18055500148c5915382bd98,a_09f69d32345d89bef63d1d4ef6eb57a2,p_ca896cb05581d372081463a062110938,p_3dd478bd944ece2906a0c8e4425f63be,6,204453,58,59,21453,23597,117,45050,0.57225866091473343,220.34403995050207,385.04273504273505,0.49572649572649574,0.47620421753607101
r_d785f7faae7a6a8ee0c488ab33994fc1,Tor file transfer,d_3e1af2e0e0112280268374b53ba71493,0,0,a_e7d8c038c18055500148c5915382bd98,a_09f69d32345d89bef63d1d4ef6eb57a2,p_92f11217eeb2e005f9e8d8f0c5418959,p_3dd478bd944ece2906a0c8e4425f63be,6,535294,2029,1061,2427962,205067,3090,2633029,5.7725287412151083,4918.8464656805418,852.11294498381881,0.65663430420711977,0.92211745484003405
r_d32582cdcfae8c72558f411eb319ee87,Tor file transfer,d_3e1af2e0e0112280268374b53ba71493,0,0,a_e7d8c038c18055500148c5915382bd98,a_f74c68cedadd8f75cc2b4b86ae634814,p_685423bc713d11b65816255746409754,p_213130ddecff58aed0c2eaf6ee54ea7d,6,534038,370,333,283844,116714,703,400558,1.3163857253603677,750.05523951479108,569.78378378378375,0.52631578947368418,0.70862147304510203
r_1c6722be8f9364abc6d077bd4128fbcd,Tor file transfer,d_3e1af2e0e0112280268374b53ba71493,0,0,a_31deb677d0a6d9359b1ca529de8b2013,a_e7d8c038c18055500148c5915382bd98,p_b1d5b2eb31f62d2778ffe2dd1f94510c,p_40cd1532fb9d97010279d014ba318f8b,6,305,3,2,132,128,5,260,16.393442622950818,852.45901639344265,52,0.59999999999999998,0.50769230769230766
r_2c7ec59c830752d1d66e1705925b3d5c,Tor file transfer,d_3e1af2e0e0112280268374b53ba71493,0,0,a_b5802911694fd6450e466a621b5650f0,a_e7d8c038c18055500148c5915382bd98,p_3dd478bd944ece2906a0c8e4425f63be,p_8b6c319139553f65431d65806916edc6,6,256,3,2,132,128,5,260,19.53125,1015.625,52,0.59999999999999998,0.50769230769230766
r_73024c90b087bfc34b162e2dd4025890,Tor file transfer,d_3e1af2e0e0112280268374b53ba71493,0,0,a_ea5f06c714544db5521f2016d41bee3a,a_e7d8c038c18055500148c5915382bd98,p_2313704d6916acc778397dda2b5b461d,p_0840486e6c3cd51f99316a8872135939,6,360,3,2,132,128,5,260,13.888888888888889,722.22222222222229,52,0.59999999999999998,0.50769230769230766
r_eb579c2068547bbd98efcad81fa511dc,Tor file transfer,d_3e1af2e0e0112280268374b53ba71493,0,0,a_e7d8c038c18055500148c5915382bd98,a_bcc797d1ec6fae745a08acfd66847801,p_0d3f1d0e86147dec03f5cf0095b01b3f,p_e805c9d7b1b02a765dbe79d4dc8d4bd7,6,485697,132,125,59647,37154,257,96801,0.52913647809230857,199.30326932223176,376.65758754863811,0.51361867704280151,0.61618165101600186
r_b1418086b1088a862534aa68fc3053ed,Tor file transfer,d_3e1af2e0e0112280268374b53ba71493,0,0,a_e7d8c038c18055500148c5915382bd98,a_157ebcbfd34821b662268f2dc335f29b,p_1b0a6813e0c8bb1d25c67adb2a60b8a9,p_2313704d6916acc778397dda2b5b461d,6,488704,129,122,58328,39700,251,98028,0.51360332634887373,200.58767679413305,390.54980079681275,0.51394422310756971,0.59501366956379809
r_bd7e471f21b7d162b8048c6a44e33db5,Tor file transfer,d_3e1af2e0e0112280268374b53ba71493,0,0,a_e7d8c038c18055500148c5915382bd98,a_61127fa65b57385fc2bd933b7ecfcbd1,p_f15a0d59ec9ed176bc26e7df755d3437,p_2313704d6916acc778397dda2b5b461d,6,388876,92,90,23010,52906,182,75916,0.46801551137123404,195.21904154537694,417.12087912087912,0.50549450549450547,0.30309816112545446
r_e9687c22cc3dff4cc34c02a8373f16e7,Tor file transfer,d_3e1af2e0e0112280268374b53ba71493,0,0,a_e7d8c038c18055500148c5915382bd98,a_d4d52101c1cc0a890faa9e61409085c7,p_93d356823e3d7704deb2ac5e3c1412ce,p_3dd478bd944ece2906a0c8e4425f63be,6,262869,60,64,19647,20090,124,39737,0.47171785185776943,151.16655063929178,320.45967741935482,0.4838709677419355,0.49442584996351008
r_5d5434f49d0bddbaf278b3aa769d27de,Tor file transfer,d_3e1af2e0e0112280268374b53ba71493,0,0,a_e7d8c038c18055500148c5915382bd98,a_3d6ed41a5fc2d756ec0da5e2ca26edbd,p_0e5b6bca944e1790498c740790a33b4f,p_3dd478bd944ece2906a0c8e4425f63be,6,272749,60,61,20657,18400,121,39057,0.4436313240378516,143.19759192517662,322.78512396694214,0.49586776859504134,0.5288936682284866
r_af5cdb65ddc77475c80e7a3718c50464,Tor file transfer,d_3e1af2e0e0112280268374b53ba71493,0,0,a_e7d8c038c18055500148c5915382bd98,a_157ebcbfd34821b662268f2dc335f29b,p_0ae159715c5d8701ec5e32f00203f2fb,p_2313704d6916acc778397dda2b5b461d,6,482997,1971,993,2377297,197150,2964,2574447,6.1366840787830981,5330.1511189510493,868.57186234817812,0.66497975708502022,0.92342044718729888
r_7000f73a4e7177c77225e7eaccfc3c49,Tor file transfer,d_3e1af2e0e0112280268374b53ba71493,0,0,a_e7d8c038c18055500148c5915382bd98,a_bcc797d1ec6fae745a08acfd66847801,p_b3b67d0f1f6965201d8d79eff4c90d5a,p_e805c9d7b1b02a765dbe79d4dc8d4bd7,6,477249,229,201,152840,74174,430,227014,0.90099717338328622,475.67202864751943,527.93953488372097,0.53255813953488373,0.6732624419639317
r_808c68559f26b11694b6859920d23163,Tor file transfer,d_3e1af2e0e0112280268374b53ba71493,0,0,a_e7d8c038c18055500148c5915382bd98,a_3832d64d21ca4721baccca6960dd8088,p_0593fd5ee0e252719ae20296c3856693,p_2313704d6916acc778397dda2b5b461d,6,360,3,2,132,128,5,260,13.888888888888889,722.22222222222229,52,0.59999999999999998,0.50769230769230766
r_d8ad471b42327d71f6e2cd01f5b55a6e,Tor file transfer,d_3e1af2e0e0112280268374b53ba71493,0,0,a_e7d8c038c18055500148c5915382bd98,a_f5489e1581f3fe4ee7c6df1b4d0fac22,p_8139f17b64e2ee65a8083c47e9600571,p_2313704d6916acc778397dda2b5b461d,6,68013,11,0,660,0,11,660,0.16173378618793466,9.7040271712760795,60,1,1
r_6277d9e6cbef1c128985cd5293c1776a,Tor file transfer,d_3e1af2e0e0112280268374b53ba71493,0,0,a_e7d8c038c18055500148c5915382bd98,a_8766e0d0637514b704ce52a6bcbe7670,p_ea0d499f69577dfc76be2afcc10e4413,p_2313704d6916acc778397dda2b5b461d,6,68037,11,0,660,0,11,660,0.16167673471787408,9.7006040830724451,60,1,1
r_7d716b5e6e13e64adabe6a374827a963,Tor file transfer,d_3e1af2e0e0112280268374b53ba71493,0,0,a_e7d8c038c18055500148c5915382bd98,a_eca0e48172f6e34fc15e5ed053a5f262,p_4468f25a57e8b5145150245f95dc6f3e,p_2313704d6916acc778397dda2b5b461d,6,344,2,1,104,52,3,156,8.7209302325581408,453.48837209302332,52,0.66666666666666663,0.66666666666666663
r_fffa6e94228b6a299775e647818b1fd9,Tor file transfer,d_3e1af2e0e0112280268374b53ba71493,0,0,a_e7d8c038c18055500148c5915382bd98,a_983e898236d6cb9a1a6b5f41934a0741,p_a069277c64580bbb9677dec6d0c22c91,p_2313704d6916acc778397dda2b5b461d,6,291,3,2,132,128,5,260,17.182130584192439,893.47079037800688,52,0.59999999999999998,0.50769230769230766
r_506fe33abfc6e352bbbf4cf12799c7b6,Tor file transfer,d_3e1af2e0e0112280268374b53ba71493,0,0,a_e7d8c038c18055500148c5915382bd98,a_e7b1a4eb15538679707ab6e886dee81e,p_751b914d343cf815f351bdf8606749f0,p_64eab6039291da87b7bab47109b51546,6,292,2,1,104,52,3,156,10.273972602739727,534.2465753424658,52,0.66666666666666663,0.66666666666666663
r_574dfcd232112c0490038c073247da8d,Tor file transfer,d_3e1af2e0e0112280268374b53ba71493,0,0,a_e7d8c038c18055500148c5915382bd98,a_0e312907542d34f19aad4b317a0e4f60,p_f36c7fbecd47875b3246b4448920ef3f,p_2313704d6916acc778397dda2b5b461d,6,181,1,1,60,40,2,100,11.049723756906078,552.4861878453039,50,0.5,0.59999999999999998
r_d6f8776fde39011add4a31e26cbc6377,Tor file transfer,d_3e1af2e0e0112280268374b53ba71493,0,0,a_e7d8c038c18055500148c5915382bd98,a_9928457a057a91778cccd54cabb71e31,p_3e31b5260ac15d2c68766d5b06982c7a,p_2313704d6916acc778397dda2b5b461d,6,335,3,2,132,128,5,260,14.925373134328357,776.11940298507454,52,0.59999999999999998,0.50769230769230766
r_4f136199b3c1bf5b1a0b8bd44815a8a4,Tor file transfer,d_3e1af2e0e0112280268374b53ba71493,0,0,a_e7d8c038c18055500148c5915382bd98,a_d9fbd4095a875dd190aa3f3b37b09b6e,p_18c52db3b4742e20d8a564066a3aeb0e,p_2313704d6916acc778397dda2b5b461d,6,301204,92,88,44617,28800,180,73417,0.59760162547642126,243.74510298668011,407.87222222222221,0.51111111111111107,0.60772028276829615
r_34d8b4fad7c1165ea8a9f1ff83d66c42,Tor file transfer,d_3e1af2e0e0112280268374b53ba71493,0,0,a_e7d8c038c18055500148c5915382bd98,a_24d57f494a52ef849fbf4232a57825e0,p_245e07d4af7e53dd034824d608c95371,p_64eab6039291da87b7bab47109b51546,6,300633,91,87,40859,33512,178,74371,0.59208403601733683,247.38135866654693,417.81460674157302,0.5112359550561798,0.54939425313630308
r_18e9a441c9574f66c0555583b0df24b3,Tor file transfer,d_3e1af2e0e0112280268374b53ba71493,0,0,a_e7d8c038c18055500148c5915382bd98,a_b65b89abe4fd389087e3aad54f2e9087,p_354394762f59a255a48478062dc1332a,p_2313704d6916acc778397dda2b5b461d,6,295039,102,94,44250,53080,196,97330,0.66431895444331091,329.88859099983392,496.58163265306121,0.52040816326530615,0.45463885749511967
r_4739e84f10d5bf06336ed643cea85e1b,Tor file transfer,d_3e1af2e0e0112280268374b53ba71493,0,0,a_e7d8c038c18055500148c5915382bd98,a_d9fbd4095a875dd190aa3f3b37b09b6e,p_a6e1c87b468c7257413cb75de9540f1d,p_2313704d6916acc778397dda2b5b461d,6,294688,185,153,126022,59450,338,185472,1.146975784558584,629.38429796937783,548.73372781065086,0.5473372781065089,0.67946644237405107
r_04dbc30c420ba23e9eae960811965ac1,Tor file transfer,d_3e1af2e0e0112280268374b53ba71493,0,0,a_e7d8c038c18055500148c5915382bd98,a_24d57f494a52ef849fbf4232a57825e0,p_10a2283c5d7597cfcfc229a5fd9af2b8,p_64eab6039291da87b7bab47109b51546,6,293810,1877,850,2343758,160220,2727,2503978,9.2815084578469076,8522.4396718968037,918.2170883755042,0.68830216354968832,0.93601381481786183
r_8c378faf5d72321d6a7adc4233fb459b,Tor file transfer,d_3e1af2e0e0112280268374b53ba71493,0,0,a_e7d8c038c18055500148c5915382bd98,a_09f69d32345d89bef63d1d4ef6eb57a2,p_6466e02a516d2908d39b3244dad2d054,p_3dd478bd944ece2906a0c8e4425f63be,6,216,3,2,132,128,5,260,23.148148148148149,1203.7037037037037,52,0.59999999999999998,0.50769230769230766
r_813fa65954580b45087c89e1cf08b7de,Tor file transfer,d_3e1af2e0e0112280268374b53ba71493,0,0,a_e7d8c038c18055500148c5915382bd98,a_9928457a057a91778cccd54cabb71e31,p_407d39bceba18610541b9bd87dac7788,p_2313704d6916acc778397dda2b5b461d,6,314,3,2,132,128,5,260,15.923566878980891,828.02547770700642,52,0.59999999999999998,0.50769230769230766
r_c4f4f262fffb4d35a946669acfbd92ed,Tor file transfer,d_3e1af2e0e0112280268374b53ba71493,0,0,a_e7d8c038c18055500148c5915382bd98,a_9f5bf1002bd9246b455326df2cc9465f,p_0c73ac9d62be6f7056fada0eb4c533b6,p_2d36b619be089107b3d8a5a53b5aa6c4,6,67891,11,0,660,0,11,660,0.16202442149916776,9.721465289950066,60,1,1
r_cbb957231da1c994007e6916b4cd22de,Tor file transfer,d_3e1af2e0e0112280268374b53ba71493,0,0,a_e7d8c038c18055500148c5915382bd98,a_9c52f32b516e62ecb0173efa9901c631,p_9829924a0360e7f7c0b3b6b6ebe99298,p_2313704d6916acc778397dda2b5b461d,6,68205,11,0,660,0,11,660,0.16127849864379445,9.6767099186276671,60,1,1
r_1341c20475bdc721af316eb1f28a33d3,Tor file transfer,d_3e1af2e0e0112280268374b53ba71493,0,0,a_e7d8c038c18055500148c5915382bd98,a_4362a21eef786f71d38437758da8d82e,p_0b0eed62d18c985b7a623e18666a6aaa,p_3dd478bd944ece2906a0c8e4425f63be,6,12247,4,3,720,180,7,900,0.57156854739936314,73.487384665632405,128.57142857142858,0.5714285714285714,0.80000000000000004
r_4447d80df3654ceb111b035decbd80a7,Tor file transfer,d_3e1af2e0e0112280268374b53ba71493,0,0,a_e7d8c038c18055500148c5915382bd98,a_efa9a70c96d1a269183e3b7f1b825556,p_dcbd21948e461ebaf448b38e6e3be0b6,p_3dd478bd944ece2906a0c8e4425f63be,6,16907,3,4,716,184,7,900,0.41402969184361504,53.232388951321937,128.57142857142858,0.42857142857142855,0.79555555555555557
r_71bdc2c9c3097457564b110fbba0ad22,Tor file transfer,d_3e1af2e0e0112280268374b53ba71493,0,0,a_e7d8c038c18055500148c5915382bd98,a_ddf0a5f234ac05191b8c803696ecd1f6,p_96d7c8231702a3a6a13156f334c617c7,p_3dd478bd944ece2906a0c8e4425f63be,6,226465,81,85,29252,29253,166,58505,0.7330051001258473,258.34014086061865,352.43975903614455,0.48795180722891568,0.49999145372190412
r_e8aa803ea00433a6ddad8998a798377b,Tor file transfer,d_3e1af2e0e0112280268374b53ba71493,0,0,a_bcc797d1ec6fae745a08acfd66847801,a_e7d8c038c18055500148c5915382bd98,p_e805c9d7b1b02a765dbe79d4dc8d4bd7,p_4a74a8e87ce9358a6f4adcd0d7540185,6,347,3,2,132,128,5,260,14.409221902017292,749.27953890489914,52,0.59999999999999998,0.50769230769230766
r_9813deafea0071db803f77aa11f48340,Tor file transfer,d_3e1af2e0e0112280268374b53ba71493,0,0,a_632075e135ca9c4d3f98c225b0d0fac4,a_e7d8c038c18055500148c5915382bd98,p_2313704d6916acc778397dda2b5b461d,p_eadb8e1d2dfe279fad54fa8d61960e2b,6,196,3,2,132,128,5,260,25.510204081632651,1326.5306122448978,52,0.59999999999999998,0.50769230769230766
r_87707d901334f8f70b672ed665715765,Tor file transfer,d_3e1af2e0e0112280268374b53ba71493,0,0,a_e7d8c038c18055500148c5915382bd98,a_157ebcbfd34821b662268f2dc335f29b,p_24212c6ca7fae0a690fb156aae617fd7,p_2313704d6916acc778397dda2b5b461d,6,335,2,1,104,52,3,156,8.9552238805970141,465.67164179104475,52,0.66666666666666663,0.66666666666666663
r_2d19e2421132ff2250ecd09623fe72d8,Tor file transfer,d_3e1af2e0e0112280268374b53ba71493,0,0,a_e7d8c038c18055500148c5915382bd98,a_14f6b52fad3579780a1c7ab5233cf9a6,p_e7a4a6bfbb392d6c18e07530d8d4cf06,p_e2a4a4bf9c74500e61f176db310c2961,6,65427,19,22,4586,20118,41,24704,0.62665260519357446,377.58112094395278,602.53658536585363,0.46341463414634149,0.18563795336787564
r_ebb783c7a737dbf4340c5310644f1da7,Tor file transfer,d_3e1af2e0e0112280268374b53ba71493,0,0,a_e7d8c038c18055500148c5915382bd98,a_b5802911694fd6450e466a621b5650f0,p_4ec1e11554e9369507b497f57b138407,p_3dd478bd944ece2906a0c8e4425f63be,6,145700,53,57,16584,20814,110,37398,0.75497597803706251,256.67810569663692,339.9818181818182,0.48181818181818181,0.4434461735921707
r_0e007647bc4c7d5bdc071257b5ad3bb9,Tor file transfer,d_3e1af2e0e0112280268374b53ba71493,0,0,a_e7d8c038c18055500148c5915382bd98,a_376cf29ff0684e749f106c7ffc1f74ee,p_16318c0e089d1e4e739e89637dbdd0d3,p_0c96cc35810b30f371e5bf40c3e1dcc5,6,233,1,1,60,40,2,100,8.5836909871244629,429.18454935622316,50,0.5,0.59999999999999998
r_8bb7cc3662707fdb6f4678d7ddeb55d2,Tor file transfer,d_3e1af2e0e0112280268374b53ba71493,0,0,a_e7d8c038c18055500148c5915382bd98,a_ee5caa993ce38999dd080cfe5a2e58bd,p_32693b055f8178c9f6ee960fe3e9f9c3,p_e805c9d7b1b02a765dbe79d4dc8d4bd7,6,4102,5,0,300,0,5,300,1.2189176011701608,73.135056070209643,60,1,1
r_0d6ebd42dc0d6b97cc1756ef80570639,Tor file transfer,d_3e1af2e0e0112280268374b53ba71493,0,0,a_e7d8c038c18055500148c5915382bd98,a_273b6f05eaba7ea07c86d83ea72eee5f,p_a2bb2fb6519dcdd95a6d0fc4dbc7ff25,p_4ab90d1928ebd5a7235cc2db9185505b,6,35703,10,0,600,0,10,600,0.28008850796851803,16.805310478111082,60,1,1
r_79327bf12c026e49c41e7952a804649e,Tor file transfer,d_3e1af2e0e0112280268374b53ba71493,0,0,a_e7d8c038c18055500148c5915382bd98,a_e6d344fe11a92aca34c94c5a2b558b15,p_e02c1940fea892569abf24aa35e98f5f,p_d7195ebfc9c48d4a0beab7870d0eba9c,6,48695,463,655,52029,834618,1118,886647,22.959236061197249,18208.17332374987,793.06529516994635,0.41413237924865831,0.058680624871002778
r_07abef658424253689309ff09ea3386f,Tor file transfer,d_3e1af2e0e0112280268374b53ba71493,0,0,a_e7d8c038c18055500148c5915382bd98,a_4038c02309057cb7ace1aed4cf1ebf75,p_4eedf96b8d278193dbbf2ec6d00a3633,p_3dd478bd944ece2906a0c8e4425f63be,6,187,3,2,132,128,5,260,26.737967914438503,1390.3743315508023,52,0.59999999999999998,0.50769230769230766
r_de2fb0942219425ed029578b2cd8e1c9,Tor file transfer,d_3e1af2e0e0112280268374b53ba71493,0,0,a_24d57f494a52ef849fbf4232a57825e0,a_e7d8c038c18055500148c5915382bd98,p_64eab6039291da87b7bab47109b51546,p_7220fd6e550dbb51a6f5eea98bfaf370,6,285,3,2,132,128,5,260,17.543859649122808,912.28070175438609,52,0.59999999999999998,0.50769230769230766
r_872536d75d5862557916b28dd952f8a0,Tor file transfer,d_3e1af2e0e0112280268374b53ba71493,0,0,a_e7d8c038c18055500148c5915382bd98,a_cc6dd6dd7cd44dcd84f76ab3fc9d75cf,p_3081e6a829a370deb1872675c005c21b,p_e2a4a4bf9c74500e61f176db310c2961,6,39539,20,19,6273,7083,39,13356,0.98636788993146007,337.79306507498922,342.46153846153845,0.51282051282051277,0.46967654986522911
r_219d4088d0a560351fc52bd84dd0b421,Tor file transfer,d_3e1af2e0e0112280268374b53ba71493,0,0,a_e7d8c038c18055500148c5915382bd98,a_d9fbd4095a875dd190aa3f3b37b09b6e,p_277de32f3dd78165c459bc04e60ed539,p_2313704d6916acc778397dda2b5b461d,6,355,3,2,132,128,5,260,14.084507042253522,732.3943661971831,52,0.59999999999999998,0.50769230769230766
r_73e9c3ebc831db775f542009175852ff,Tor file transfer,d_3e1af2e0e0112280268374b53ba71493,0,0,a_b3bfdbf40c16f84d9d847ab7cdf3527a,a_e7d8c038c18055500148c5915382bd98,p_3dd478bd944ece2906a0c8e4425f63be,p_416c49d77031d6b12104b40f9f5cdd11,6,389,3,2,132,128,5,260,12.853470437017995,668.38046272493568,52,0.59999999999999998,0.50769230769230766
r_91fd27ee82874c90b77668620cf6c039,Tor file transfer,d_3e1af2e0e0112280268374b53ba71493,0,0,a_e7d8c038c18055500148c5915382bd98,a_b65b89abe4fd389087e3aad54f2e9087,p_4645dc4ed00577c66d906ca595f20498,p_2313704d6916acc778397dda2b5b461d,6,211,3,2,132,128,5,260,23.696682464454977,1232.2274881516589,52,0.59999999999999998,0.50769230769230766
r_f86830544c2985bdb0e66644fed8888b,Tor file transfer,d_3e1af2e0e0112280268374b53ba71493,0,0,a_e7d8c038c18055500148c5915382bd98,a_81e29f5be7f0908e447b9c82325431ee,p_a131a460f45281da6fdad2d2c6a4b653,p_3dd478bd944ece2906a0c8e4425f63be,6,71367,12,13,3679,6704,25,10383,0.35030196028976979,145.48741014754717,415.31999999999999,0.47999999999999998,0.35432919194837714
r_372c20c89836dd72520936386e19540a,Tor file transfer,d_3e1af2e0e0112280268374b53ba71493,0,0,a_e7d8c038c18055500148c5915382bd98,a_eb09551e26782d18bd2fa09d29b42949,p_00d86a55c686931c7a284b8ed1ef0915,p_3dd478bd944ece2906a0c8e4425f63be,6,74348,1419,2693,396444,3412901,4112,3809345,55.307472964975524,51236.684241674287,926.39713035019452,0.34508754863813229,0.1040714348529734
r_81009aeedf9aee2412e13e120e023f91,Tor file transfer,d_3e1af2e0e0112280268374b53ba71493,0,0,a_e7d8c038c18055500148c5915382bd98,a_4362a21eef786f71d38437758da8d82e,p_88694714fb8ee98f0ae4d5109b603c39,p_3dd478bd944ece2906a0c8e4425f63be,6,67562,378,666,47566,860676,1044,908242,15.452473283798586,13443.089310559191,869.96360153256705,0.36206896551724138,0.052371504510912291
r_6ac608508a1a3e7712e327df644dbd40,Tor file transfer,d_3e1af2e0e0112280268374b53ba71493,0,0,a_e7d8c038c18055500148c5915382bd98,a_b2c9a1524ada7283280f37892b0d52c7,p_78dc3698203178c05b0c4cee4dc74c99,p_53b18b33cc21a2933da3a83a094344d3,6,77932,1620,3147,454650,3993163,4767,4447813,61.16871118410922,57072.999538058823,933.04237465911478,0.33983637507866582,0.10221877583432577
r_8f5f0b86371505911acd02ba077ab649,Tor file transfer,d_3e1af2e0e0112280268374b53ba71493,0,0,a_e7d8c038c18055500148c5915382bd98,a_12b71b62cd61d16405990587f8178445,p_8e11297a4123617b2777e4065d4b7e5a,p_3d01955bb66b778c6aa471c3a2911a0a,6,63109,21,22,4672,20152,43,24824,0.68136082016828026,393.35118604319507,577.30232558139539,0.48837209302325579,0.1882049629390912
r_e2f9127369c006821dd599899825075b,Tor file transfer,d_3e1af2e0e0112280268374b53ba71493,0,0,a_e7d8c038c18055500148c5915382bd98,a_c4f87b58d8044f62b80a3694927d8680,p_48582ad9e67f157ef94775b60f259240,p_8beb4e10bed4eda0c778a9e8f697d7ab,6,1639,8,7,1393,3787,15,5180,9.1519219035997565,3160.4636973764491,345.33333333333331,0.53333333333333333,0.26891891891891889
r_f85137536095f749b6e5d780fe16a413,Tor file transfer,d_3e1af2e0e0112280268374b53ba71493,0,0,a_e7d8c038c18055500148c5915382bd98,a_120dc939351f663b0f41c201af226949,p_315cf969f4189ebb0fd524693fdb0972,p_2d36b619be089107b3d8a5a53b5aa6c4,6,70974,25,28,4884,26643,53,31527,0.74675233183982859,444.20492011159013,594.84905660377353,0.47169811320754718,0.15491483490341612
r_c05ac75967ddd9b564a0ab28cb3e98d2,Tor file transfer,d_3e1af2e0e0112280268374b53ba71493,0,0,a_e7d8c038c18055500148c5915382bd98,a_75d004b3234b7f9cc3a6df4c2d0a16a3,p_37573974c7cbd8a20745df0da67f675a,p_2313704d6916acc778397dda2b5b461d,6,65183,378,665,47583,860441,1043,908024,16.001104582483162,13930.380620713988,870.58868648130397,0.36241610738255031,0.052402799925993143
r_04c822e864544ce39c57e92c05810e61,Tor file transfer,d_3e1af2e0e0112280268374b53ba71493,0,0,a_e7d8c038c18055500148c5915382bd98,a_8f306c8b09cc35936c3fb70e1d301dd1,p_1e6863ee128e9361935226569ae16869,p_2313704d6916acc778397dda2b5b461d,6,68645,709,1508,214753,1913845,2217,2128598,32.296598441255739,31008.78432515114,960.12539467749207,0.31980153360396935,0.10088941171606851
r_670fd52c6942a27b4020ee32ac47e080,Tor file transfer,d_3e1af2e0e0112280268374b53ba71493,0,0,a_e7d8c038c18055500148c5915382bd98,a_c4f87b58d8044f62b80a3694927d8680,p_07927cc221c60fdb40c5a910642cf46f,p_8beb4e10bed4eda0c778a9e8f697d7ab,6,81247,2335,4342,634346,5473617,6677,6107963,82.181495932157489,75177.705022954688,914.77654635315264,0.3497079526733563,0.1038555734538667
r_775599482936ceb18a9bdd28ad10ecc6,Tor file transfer,d_3e1af2e0e0112280268374b53ba71493,0,0,a_e7d8c038c18055500148c5915382bd98,a_2defc2d6dd3d915edb493b03024d12a5,p_810d5a29336bd5382bfe47e5b09f2c38,p_3dd478bd944ece2906a0c8e4425f63be,6,1778,8,8,1397,3799,16,5196,8.9988751406074243,2922.3847019122609,324.75,0.5,0.26886066204772902
r_c8b97d1d0ba15315c77a70683eea2254,Tor file transfer,d_3e1af2e0e0112280268374b53ba71493,0,0,a_e7d8c038c18055500148c5915382bd98,a_6dc644b558a732d38f4cccc46f51dedb,p_51e48cb489329d2edbf5c21b8729d85b,p_a4f09f0503f324ca6947b128eb5bec7a,6,77408,1625,2925,431253,3739562,4550,4170815,58.779454319966931,53880.929619677554,916.66263736263738,0.35714285714285715,0.10339777717304652
r_e0d164e52172bb6e8788553ddcc931dc,Tor file transfer,d_3e1af2e0e0112280268374b53ba71493,0,0,a_e7d8c038c18055500148c5915382bd98,a_920eb6dd8d1854169b1fa82bcb5f01ea,p_8b0c81f39e5a31e6231ae815423e20f5,p_64eab6039291da87b7bab47109b51546,6,72173,1547,2861,418489,3649453,4408,4067942,61.075471436686847,56363.764842808254,922.85435571687844,0.35095281306715065,0.10287486891406022
r_489dbcbe53eb00f351af2aba0c2bcdba,Tor file transfer,d_3e1af2e0e0112280268374b53ba71493,0,0,a_e7d8c038c18055500148c5915382bd98,a_e6d344fe11a92aca34c94c5a2b558b15,p_d658fb6de8467a678aea73f25b67d151,p_d7195ebfc9c48d4a0beab7870d0eba9c,6,78649,421,679,51226,863158,1100,914384,13.986191814263373,11626.13637808491,831.25818181818181,0.38272727272727275,0.056022415090377788
r_433dc99ca61308e57af321637fd3ecf9,Tor file transfer,d_3e1af2e0e0112280268374b53ba71493,0,0,a_e7d8c038c18055500148c5915382bd98,a_59eb261459aba1797a8adf9daeffce53,p_82bddb1a5db3d81106392ac49e8bb385,p_5b91bffc635f539b7237c9bbacd9a69d,6,65651,332,666,45372,859982,998,905354,15.201596319934199,13790.406848334374,907.16833667334674,0.33266533066132264,0.050115203555736211
r_0744e279d24bac44065be699566c13b3,Tor file transfer,d_3e1af2e0e0112280268374b53ba71493,0,0,a_e7d8c038c18055500148c5915382bd98,a_2defc2d6dd3d915edb493b03024d12a5,p_c162f5955c239b72bf52a7f54f53e197,p_3dd478bd944ece2906a0c8e4425f63be,6,77974,1746,3194,471428,4079933,4940,4551361,63.354451483827937,58370.2387975479,921.32813765182186,0.35344129554655873,0.10357956663951728
r_c1ef47aa111655486c32697183216ad4,Tor file transfer,d_3e1af2e0e0112280268374b53ba71493,0,0,a_e7d8c038c18055500148c5915382bd98,a_6b84309c5501538ae14f0e3b1fadd646,p_44be917ef414d10168c5c18aec5b5a48,p_3dd478bd944ece2906a0c8e4425f63be,6,77973,1400,2633,378239,3366255,4033,3744494,51.723032331704566,48022.956664486424,928.46367468385813,0.34713612695264073,0.10101204595333842
r_06bf1a57f2fdeb53e6aa01c115f2b1ad,Tor file transfer,d_3e1af2e0e0112280268374b53ba71493,0,0,a_e7d8c038c18055500148c5915382bd98,a_5c25e15c88206e70e411bb4233d657e5,p_1d25643fad8925321b308395260d89f1,p_2313704d6916acc778397dda2b5b461d,6,74495,394,668,48427,860570,1062,908997,14.255990334921806,12202.120947714611,855.92937853107344,0.37099811676082861,0.053275203328503835
r_fb29f732789278620bafeec2c8bd8187,Tor file transfer,d_3e1af2e0e0112280268374b53ba71493,0,0,a_e7d8c038c18055500148c5915382bd98,a_b5ee53060f1f807dd40c8ee004ce2149,p_e0e71fcff1ad65f41c47a3644502f912,p_018bddd8ee5d54a934fb83e788d3889a,6,73096,1505,2668,392921,3412035,4173,3804956,57.089307212432963,52054.230053628104,911.80349868200335,0.36065180924994011,0.10326558309741295
r_363e9ba2ba7090fe12e9335c4d843818,Tor file transfer,d_3e1af2e0e0112280268374b53ba71493,0,0,a_e7d8c038c18055500148c5915382bd98,a_4b28b90d4e15f70a3dd6866a029d7cff,p_baa12a4631466ad17dee5b502b9ab450,p_3dd478bd944ece2906a0c8e4425f63be,6,64163,25,24,5973,12620,49,18593,0.76368000249364898,289.77759768090647,379.44897959183675,0.51020408163265307,0.32124993277039748
r_3ba6e7de672bd6e8fbb7005bd30f76bd,Tor file transfer,d_3e1af2e0e0112280268374b53ba71493,0,0,a_e7d8c038c18055500148c5915382bd98,a_67af3babcdaf554ed54932bda60eea8d,p_399bc14ea4e816ff319aa36c295d9ef1,p_653b5ef53af4e725335abf2902b506d4,6,67603,19,22,4599,20131,41,24730,0.60648196085972517,365.8121680990489,603.17073170731703,0.46341463414634149,0.18596845936109987
r_f6f06afb3656429253679409bf70d4e6,Tor file transfer,d_3e1af2e0e0112280268374b53ba71493,0,0,a_bcc797d1ec6fae745a08acfd66847801,a_e7d8c038c18055500148c5915382bd98,p_e805c9d7b1b02a765dbe79d4dc8d4bd7,p_b3b67d0f1f6965201d8d79eff4c90d5a,6,726720,230,218,70920,82426,448,153346,0.61646851607221487,211.011118450022,342.29017857142856,0.5133928571428571,0.46248353396893299
r_2887c2b3e82c2c3c0b176fe14bc68316,Tor file transfer,d_3e1af2e0e0112280268374b53ba71493,0,0,a_e7d8c038c18055500148c5915382bd98,a_273b6f05eaba7ea07c86d83ea72eee5f,p_c8233b4c919a46639db4d91ba42214b4,p_4ab90d1928ebd5a7235cc2db9185505b,6,60992,5,0,300,0,5,300,0.081977964323189934,4.918677859391396,60,1,1
r_5ef2a9ec951b846640facfed730e4cbd,Tor file transfer,d_3e1af2e0e0112280268374b53ba71493,0,0,a_24d57f494a52ef849fbf4232a57825e0,a_e7d8c038c18055500148c5915382bd98,p_64eab6039291da87b7bab47109b51546,p_10a2283c5d7597cfcfc229a5fd9af2b8,6,726133,254,249,82352,96080,503,178432,0.69271056404267539,245.72908819734124,354.73558648111333,0.50497017892644136,0.46153156384505023
r_8e7aa1e95ab781367232a3326651f4e9,Tor file transfer,d_3e1af2e0e0112280268374b53ba71493,0,0,a_983e898236d6cb9a1a6b5f41934a0741,a_e7d8c038c18055500148c5915382bd98,p_2313704d6916acc778397dda2b5b461d,p_03794b3f72e1cfd7204f558ca0bb073d,6,724037,203,199,70052,68596,402,138648,0.55522024426928451,191.49297618768099,344.8955223880597,0.50497512437810943,0.50525070682591888
r_44367bd99c3308821076bcebddf7d6d5,Tor file transfer,d_3e1af2e0e0112280268374b53ba71493,0,0,a_71394ec0ae14eb2d17f693263a2fab11,a_e7d8c038c18055500148c5915382bd98,p_e8fa32c526b9b4cdc16418a4dc18e34a,p_6a3c578a304b90a5c0702bb4af434240,6,723729,4557,2510,5721896,354314,7067,6076210,9.764704744455452,8395.6978371738587,859.80048110938162,0.64482807414744592,0.94168832216134724
r_d61aa2ca666702d79e9c160ff2c6cd23,Tor file transfer,d_3e1af2e0e0112280268374b53ba71493,0,0,a_d9fbd4095a875dd190aa3f3b37b09b6e,a_e7d8c038c18055500148c5915382bd98,p_2313704d6916acc778397dda2b5b461d,p_a6e1c87b468c7257413cb75de9540f1d,6,728080,216,206,72872,71596,422,144468,0.579606636633337,198.42325019228656,342.34123222748815,0.51184834123222744,0.50441620289614308
r_fa96eea3d132af6105ad1eea8f28523d,Tor file transfer,d_3e1af2e0e0112280268374b53ba71493,0,0,a_f74c68cedadd8f75cc2b4b86ae634814,a_e7d8c038c18055500148c5915382bd98,p_213130ddecff58aed0c2eaf6ee54ea7d,p_685423bc713d11b65816255746409754,6,726037,137,136,41428,46736,273,88164,0.37601389460867696,121.43182785450328,322.94505494505495,0.50183150183150182,0.46989701011750828
r_c46114eadd75ec3be2663906ffcc16a1,Tor file transfer,d_3e1af2e0e0112280268374b53ba71493,0,0,a_9928457a057a91778cccd54cabb71e31,a_e7d8c038c18055500148c5915382bd98,p_2313704d6916acc778397dda2b5b461d,p_a9220928224cd22068ad33f00c7ab62a,6,720733,211,204,72076,69972,415,142048,0.57580268976167326,197.08824210907508,342.28433734939762,0.50843373493975907,0.50740594728542465
r_af7a8d54089991360f1cda56347d4e2e,Tor file transfer,d_3e1af2e0e0112280268374b53ba71493,0,0,a_e7d8c038c18055500148c5915382bd98,a_cc6dd6dd7cd44dcd84f76ab3fc9d75cf,p_3081e6a829a370deb1872675c005c21b,p_e2a4a4bf9c74500e61f176db310c2961,6,722694,134,134,42880,42880,268,85760,0.37083468245204748,118.6670983846552,320,0.5,0.5
r_ecedbc86eabaf2cd894a05063053cab9,Tor file transfer,d_3e1af2e0e0112280268374b53ba71493,0,0,a_e7d8c038c18055500148c5915382bd98,a_d9fbd4095a875dd190aa3f3b37b09b6e,p_18c52db3b4742e20d8a564066a3aeb0e,p_2313704d6916acc778397dda2b5b461d,6,44506,14,13,3384,3916,27,7300,0.60665977620994926,164.02282838268997,270.37037037037038,0.51851851851851849,0.46356164383561643
r_509fb760f3610d83127f612568721745,Tor file transfer,d_3e1af2e0e0112280268374b53ba71493,0,0,a_e7d8c038c18055500148c5915382bd98,a_211f2c919edce904deb5c06c73242a79,p_dce341d71adbde6a210787f015dfc281,p_2313704d6916acc778397dda2b5b461d,6,723539,180,185,63320,60004,365,123324,0.50446485953072329,170.44554612812854,337.87397260273974,0.49315068493150682,0.51344426064675164
r_4e2212a72d8eadd0a09c82e5f40fd10e,Tor file transfer,d_3e1af2e0e0112280268374b53ba71493,0,0,a_e7d8c038c18055500148c5915382bd98,a_2defc2d6dd3d915edb493b03024d12a5,p_c453eeca24746bacfaf9616676354136,p_3dd478bd944ece2906a0c8e4425f63be,6,84182,18,17,3056,6804,35,9860,0.41576584067852984,117.12717683115154,281.71428571428572,0.51428571428571423,0.30993914807302231
r_034fd82da36d2782bcfb22e1cd51e3d5,Tor file transfer,d_3e1af2e0e0112280268374b53ba71493,0,0,a_d9a3b124d39d63e0e6a6b4b861062c31,a_e7d8c038c18055500148c5915382bd98,p_2313704d6916acc778397dda2b5b461d,p_021486df914e33edd26c35c88790e802,6,721859,126,126,45144,35496,252,80640,0.34909864668861923,111.71156694035815,320,0.5,0.55982142857142858
r_bc94b29af67dfbbfbe1ef0245301589d,Tor file transfer,d_3e1af2e0e0112280268374b53ba71493,0,0,a_ba7036b462b83988deec742836720fbf,a_e7d8c038c18055500148c5915382bd98,p_3dd478bd944ece2906a0c8e4425f63be,p_91019de00a345fdc86fa4606b7f279bd,6,721972,187,185,72972,58712,372,131684,0.51525543926911299,182.39488512019858,353.98924731182797,0.50268817204301075,0.55414477081498137
r_9c3fdbd0079b74e96dae477cb9e76b76,Tor file transfer,d_3e1af2e0e0112280268374b53ba71493,0,0,a_e7d8c038c18055500148c5915382bd98,a_d373fa71c9e849f765d69bb335ecbf9e,p_149796c27aa045910394464db1243e4d,p_2313704d6916acc778397dda2b5b461d,6,722723,130,130,41064,42136,260,83200,0.35975055450013355,115.12017744004274,320,0.5,0.49355769230769231
r_d58a7e79687699f48d6ced164236fe82,Tor file transfer,d_3e1af2e0e0112280268374b53ba71493,0,0,a_e7d8c038c18055500148c5915382bd98,a_31deb677d0a6d9359b1ca529de8b2013,p_346fd2c43c4251eb34b6de486a31f929,p_b1d5b2eb31f62d2778ffe2dd1f94510c,6,722402,204,207,69414,72440,411,141854,0.56893530195099129,196.36435115074431,345.14355231143554,0.49635036496350365,0.48933410407884165
r_166114265473533ea49b2e1b04d0bf82,Tor file transfer,d_3e1af2e0e0112280268374b53ba71493,0,0,a_e7d8c038c18055500148c5915382bd98,a_b5802911694fd6450e466a621b5650f0,p_4ec1e11554e9369507b497f57b138407,p_3dd478bd944ece2906a0c8e4425f63be,6,724326,192,200,67718,64000,392,131718,0.54119277783760344,181.84905691636087,336.01530612244898,0.48979591836734693,0.51411348486919028
r_2f466ecd58efdf2a7072fd8c56cb7bd1,Tor file transfer,d_3e1af2e0e0112280268374b53ba71493,0,0,a_157ebcbfd34821b662268f2dc335f29b,a_e7d8c038c18055500148c5915382bd98,p_2313704d6916acc778397dda2b5b461d,p_0ae159715c5d8701ec5e32f00203f2fb,6,722072,213,203,72180,68804,416,140984,0.57611983292524849,195.24922722387794,338.90384615384613,0.51201923076923073,0.51197298984281903
r_62571bf15a43d39f4011539d59c8a4d6,Tor file transfer,d_3e1af2e0e0112280268374b53ba71493,0,0,a_e7d8c038c18055500148c5915382bd98,a_1259eb486295b09e76ffaae83d9c2b30,p_b6410a3dfc3b594e42a55be2164f89cc,p_2313704d6916acc778397dda2b5b461d,6,68214,11,0,660,0,11,660,0.16125721992552849,9.6754331955317099,60,1,1
r_1c7f3a88b89b271df1fbdd53e35f6a33,Tor file transfer,d_3e1af2e0e0112280268374b53ba71493,0,0,a_e7d8c038c18055500148c5915382bd98,a_c687d98dacb1608f62af5b7073c09339,p_116ba61adb851a9e6b5a5d89881e9dba,p_59add6c69faa2fcebe82de14314cf8aa,6,471075,123,122,46510,38504,245,85014,0.52008703497319964,180.46807833147588,346.99591836734692,0.50204081632653064,0.54708636224621832
r_26e846131a56663d94df79ce45bafd66,Tor file transfer,d_3e1af2e0e0112280268374b53ba71493,0,0,a_ddf0a5f234ac05191b8c803696ecd1f6,a_e7d8c038c18055500148c5915382bd98,p_3dd478bd944ece2906a0c8e4425f63be,p_96d7c8231702a3a6a13156f334c617c7,6,720253,216,210,67512,79844,426,147356,0.59145883460395166,204.58922073215939,345.90610328638496,0.50704225352112675,0.45815575884253101
r_06dbd7bc9ad351e11c7b3935cb0f0293,Tor file transfer,d_3e1af2e0e0112280268374b53ba71493,0,0,a_e7d8c038c18055500148c5915382bd98,a_dc3c82be118b1070a306bc59506d3c31,p_ce4833bbbe28747886f894454ea70415,p_e3b7775486eca350dd96d9c41ec24189,6,723297,134,134,45560,40200,268,85760,0.37052552409314565,118.56816770980662,320,0.5,0.53125
r_7873d1dd39ab715ccc067a71f5f0703b,Tor file transfer,d_3e1af2e0e0112280268374b53ba71493,0,0,a_e7d8c038c18055500148c5915382bd98,a_a677c5e1777da3470b75be1fbd46f406,p_419e4541ad847b71c7c3f9af166bf965,p_3dd478bd944ece2906a0c8e4425f63be,6,721005,133,133,50332,34788,266,85120,0.36892948037808337,118.05743372098668,320,0.5,0.59130639097744364
r_0cac6d1169705dcec91046d2a8434b39,Tor file transfer,d_3e1af2e0e0112280268374b53ba71493,0,0,a_24d57f494a52ef849fbf4232a57825e0,a_e7d8c038c18055500148c5915382bd98,p_64eab6039291da87b7bab47109b51546,p_245e07d4af7e53dd034824d608c95371,6,41980,11,12,3812,2208,23,6020,0.54787994282991903,143.40161981896142,261.73913043478262,0.47826086956521741,0.63322259136212622
r_c97041f29b36c5ad73a7e924072d3af2,Tor file transfer,d_3e1af2e0e0112280268374b53ba71493,0,0,a_e7d8c038c18055500148c5915382bd98,a_0e312907542d34f19aad4b317a0e4f60,p_86476b43a3c0bee975b2c36959d3977a,p_2313704d6916acc778397dda2b5b461d,6,158,1,1,60,40,2,100,12.658227848101266,632.91139240506334,50,0.5,0.59999999999999998
r_e0dd2dc9ee8fa5ccbeda4ee2c1b4e819,Tor file transfer,d_3e1af2e0e0112280268374b53ba71493,0,0,a_e7d8c038c18055500148c5915382bd98,a_09f69d32345d89bef63d1d4ef6eb57a2,p_92f11217eeb2e005f9e8d8f0c5418959,p_3dd478bd944ece2906a0c8e4425f63be,6,724500,219,235,83014,71180,454,154194,0.62663906142167014,212.82815734989649,339.63436123348015,0.48237885462555063,0.53837373698068669
r_864867a71aabc889ac201b62d795ea0e,Tor file transfer,d_3e1af2e0e0112280268374b53ba71493,0,0,a_06949e3f301cb42a6596dd424b42f467,a_e7d8c038c18055500148c5915382bd98,p_e2a4a4bf9c74500e61f176db310c2961,p_7d81363f14c0406434f5d1736dc58c92,6,719766,125,125,40268,39732,250,80000,0.34733510613171503,111.14723396214882,320,0.5,0.50334999999999996
r_135a2c5adfb50fad1ccb249be1e6055b,Tor file transfer,d_3e1af2e0e0112280268374b53ba71493,0,0,a_e7d8c038c18055500148c5915382bd98,a_4b5ad2f07b9d106d5eb4b43320f80b67,p_749d24ea68bdb4078bac1d253d9629d6,p_135abb979b9b69497d97e09f6e5681ce,6,3054,4,0,240,0,4,240,1.3097576948264571,78.585461689587433,60,1,1
r_1da651eaa5ae50db6d45d67329581285,Tor file transfer,d_3e1af2e0e0112280268374b53ba71493,0,0,a_eca0e48172f6e34fc15e5ed053a5f262,a_e7d8c038c18055500148c5915382bd98,p_2313704d6916acc778397dda2b5b461d,p_e6d850cc294df0dc0e5d1d92bccfbda6,6,722982,226,220,75536,80276,446,155812,0.61688949379099345,215.51297266045353,349.35426008968608,0.50672645739910316,0.48478936153826407
r_01b2e88778237100a14a9a43dad0a68a,Tor file transfer,d_3e1af2e0e0112280268374b53ba71493,0,0,a_bdfe034ed4e6a6af74796c7e35ffc58a,a_e7d8c038c18055500148c5915382bd98,p_64eab6039291da87b7bab47109b51546,p_708de1353a10fc201befeb22704089e4,6,59422,11,12,5420,600,23,6020,0.38706203089764735,101.30927939147118,261.73913043478262,0.47826086956521741,0.90033222591362128
r_b278dbc7e3d3dba6abbb09a22db46e92,Tor file transfer,d_3e1af2e0e0112280268374b53ba71493,0,0,a_e7d8c038c18055500148c5915382bd98,a_10be1ac5c6b10018ce2d1b3dbdf38b1b,p_5b42de6aabcd7ad352d65e3a2a07497c,p_3dd478bd944ece2906a0c8e4425f63be,6,717215,128,128,43104,38816,256,81920,0.35693620462483355,114.21958547994673,320,0.5,0.52617187499999996
r_1b95ecee7e4ec4c2a1d35a4d44035235,Tor file transfer,d_3e1af2e0e0112280268374b53ba71493,0,0,a_e7d8c038c18055500148c5915382bd98,a_69fb0b835452ca85c178bdeaaf11695b,p_248f814a8575a7b359b183d6014dc4d9,p_3d01955bb66b778c6aa471c3a2911a0a,6,721498,4918,8846,653254,11102338,13764,11755592,19.076975958353312,16293.311970372752,854.0825341470503,0.35730892182505086,0.055569638687698583
r_38db5cb73cf7da4296d5e84df16ed21e,Tor file transfer,d_3e1af2e0e0112280268374b53ba71493,0,0,a_e7d8c038c18055500148c5915382bd98,a_94888b7827cd0ee1350e1df6c55a9d26,p_06613186bd61d6355d119e5cb6de5f37,p_3dd478bd944ece2906a0c8e4425f63be,6,234540,37,36,2972,19048,73,22020,0.31124754839259827,93.885904323356357,301.64383561643837,0.50684931506849318,0.13496821071752951
r_7e7948da606f5fe75961abb1726dc823,Tor file transfer,d_3e1af2e0e0112280268374b53ba71493,0,0,a_e7d8c038c18055500148c5915382bd98,a_8b88c46ded084ba72bdcf29a530d0502,p_bece1223782ffad073e079a002f709e4,p_2d36b619be089107b3d8a5a53b5aa6c4,6,507861,90,89,18592,37348,179,55940,0.3524586451804726,110.14824922567395,312.51396648044692,0.5027932960893855,0.33235609581694675
r_9e2d333f1c1828e1a2b7d7f532be5410,Tor file transfer,d_3e1af2e0e0112280268374b53ba71493,0,0,a_a6a10543ce2dedfec418ae3fb26311e0,a_e7d8c038c18055500148c5915382bd98,p_3dd478bd944ece2906a0c8e4425f63be,p_0a42c24822d044b7e51f0714b396100e,6,714825,137,137,46252,41428,274,87680,0.38331060049662502,122.65939215892001,320,0.5,0.52750912408759121
r_c73a4e9917cee363e0e86f342ffeaba2,Tor file transfer,d_3e1af2e0e0112280268374b53ba71493,0,0,a_de34a842b1cb0dc34a445f63b4409448,a_e7d8c038c18055500148c5915382bd98,p_79c8d8bc2b7ad76fad40a09103840f43,p_c7bc3ab6bb4b4dc36905220d4b81d9af,6,31686,7,8,3068,392,15,3460,0.47339519030486649,109.19649056365587,230.66666666666666,0.46666666666666667,0.88670520231213867
r_e5ff78904db6ebd176255bb53bd47010,Tor file transfer,d_3e1af2e0e0112280268374b53ba71493,0,0,a_e6510a5d176aaca6618aa3715f81cb3f,a_e7d8c038c18055500148c5915382bd98,p_3919451a0dfaecc18e4c3b5d9eae72c2,p_7c66bc211c973dee20fed06985da1b4e,6,162933,25,26,14164,1352,51,15516,0.31301209699692512,95.22932739224099,304.23529411764707,0.49019607843137253,0.91286414024233054
r_efb78739771e1b6e837f95e9afb9082b,Tor file transfer,d_3e1af2e0e0112280268374b53ba71493,0,0,a_ad7ecb02e1d31a5bf5addde2b8ca264d,a_e7d8c038c18055500148c5915382bd98,p_5b91bffc635f539b7237c9bbacd9a69d,p_a5fba170f46bf5e76d12e4dc5821f7a3,6,217870,35,36,19532,1848,71,21380,0.32588240693991827,98.131913526414834,301.12676056338029,0.49295774647887325,0.91356407857811039
r_f417d15368261e6f138f241881967fb1,Tor file transfer,d_3e1af2e0e0112280268374b53ba71493,0,0,a_917f5655ceadfd1fd659246ab9229cf3,a_e7d8c038c18055500148c5915382bd98,p_64eab6039291da87b7bab47109b51546,p_f2348b24889826e8e7b8ef36263ead66,6,720160,196,197,44508,47624,393,92132,0.54571206398578098,127.93268162630527,234.4325699745547,0.49872773536895676,0.48308948031085835
r_b02ae205f965068e9b428ad9bb0cefb0,Tor file transfer,d_3e1af2e0e0112280268374b53ba71493,0,0,a_b65b89abe4fd389087e3aad54f2e9087,a_e7d8c038c18055500148c5915382bd98,p_2313704d6916acc778397dda2b5b461d,p_354394762f59a255a48478062dc1332a,6,282460,45,46,24876,2904,91,27780,0.32216951072718264,98.350208879133334,305.27472527472526,0.49450549450549453,0.89546436285097197
r_1a931a86fef07d3646fe19c90e1fa062,Tor file transfer,d_3e1af2e0e0112280268374b53ba71493,0,0,a_e7d8c038c18055500148c5915382bd98,a_7f1a11087901a31c7bec0516e6b2306f,p_a5c99670c8b1d5f07d936cfc160defda,p_37ab3b0b187fbfd8958552ec752609b6,6,73201,26,25,10309,7890,51,18199,0.69671179355473289,248.61682217456047,356.84313725490193,0.50980392156862742,0.56645969558766962
r_c4fcc9c08619a23485bfd89b63b07949,Tor file transfer,d_3e1af2e0e0112280268374b53ba71493,0,0,a_e7d8c038c18055500148c5915382bd98,a_eb09551e26782d18bd2fa09d29b42949,p_14c98e0ea64f4282863b8c874f693788,p_3dd478bd944ece2906a0c8e4425f63be,6,195431,69,66,25178,24467,135,49645,0.6907808894187718,254.02827596440687,367.74074074074076,0.51111111111111107,0.50716084197804412
r_06c7c9d16e2b41094495f244e8d0bdba,Tor file transfer,d_3e1af2e0e0112280268374b53ba71493,0,0,a_e7d8c038c18055500148c5915382bd98,a_b2c9a1524ada7283280f37892b0d52c7,p_09d7f2087372d56e2c50f38d8ff39bf0,p_53b18b33cc21a2933da3a83a094344d3,6,694466,2566,1406,3104133,263913,3972,3368046,5.7195024666434353,4849.8357010998379,847.94712990936557,0.64602215508559924,0.9216421034629575
r_972b212259285c22b0e8696301ad82f4,Tor file transfer,d_3e1af2e0e0112280268374b53ba71493,0,0,a_e7d8c038c18055500148c5915382bd98,a_523cacb8667aa20399e58634518192f6,p_52d8a73295338b5c8d2d7a197aa9e22d,p_64eab6039291da87b7bab47109b51546,6,322621,91,102,22505,24783,193,47288,0.59822516203222975,146.57446353461182,245.01554404145077,0.47150259067357514,0.47591355100659788
r_08b47c263c4a21b16218cbca37a9d889,Tor file transfer,d_3e1af2e0e0112280268374b53ba71493,0,0,a_e7d8c038c18055500148c5915382bd98,a_f7fbc14a8651769ade9ab032c0109ff5,p_160cca76c4330b42e015fa660d3421fb,p_64eab6039291da87b7bab47109b51546,6,275657,62,61,13856,25341,123,39197,0.44620669890479836,142.19482908106815,318.67479674796749,0.50406504065040647,0.35349644105416234
r_070a0d3817bbb4f422dc0696076f625d,Tor file transfer,d_3e1af2e0e0112280268374b53ba71493,0,0,a_e7d8c038c18055500148c5915382bd98,a_2187b6cbd7bff7f9c7aa6ef323bb8377,p_17fcd58e1af01a96666d1c2f018eda05,p_3dd478bd944ece2906a0c8e4425f63be,6,305411,69,70,22244,21501,139,43745,0.45512440612813554,143.23321687823949,314.71223021582733,0.49640287769784175,0.50849239913132926
r_04a09490a70c1eb5c5446ba96c9b3794,Tor file transfer,d_3e1af2e0e0112280268374b53ba71493,0,0,a_e7d8c038c18055500148c5915382bd98,a_b4a3616558c459a8074be512d1e33225,p_dfa46296bed7f2dce2f23aa5410e72a9,p_9d173a350fad61fbdd52a6f7b578fda5,6,291031,61,62,17559,22110,123,39669,0.42263538935714751,136.30506715779418,322.51219512195121,0.49593495934959347,0.44263782802692281
r_690446ce586dc537c7e21acdda90d57d,Tor file transfer,d_3e1af2e0e0112280268374b53ba71493,0,0,a_e7d8c038c18055500148c5915382bd98,a_872cb507292145595b28a80f03b1a1cd,p_f46027ce2a015eba34e9b33b845f180c,p_3dd478bd944ece2906a0c8e4425f63be,6,336888,71,74,22897,23276,145,46173,0.43041010662297263,137.05741967656908,318.43448275862067,0.48965517241379308,0.4958958698806662
r_bcca8d3a002b4d788e00582637f3abcc,Tor file transfer,d_3e1af2e0e0112280268374b53ba71493,0,0,a_e7d8c038c18055500148c5915382bd98,a_8efb990db71eabbbe1e18e32ffaca327,p_9bb9b811ef1c10106cf6561f1f327292,p_3dd478bd944ece2906a0c8e4425f63be,6,279245,62,63,18080,21714,125,39794,0.44763558881985355,142.50568497197801,318.35199999999998,0.496,0.45433985022867768
r_4362077233037c1b240d78c78c1ddd14,Tor file transfer,d_3e1af2e0e0112280268374b53ba71493,0,0,a_e7d8c038c18055500148c5915382bd98,a_44549917b2a1c73df76eb271bcd926f3,p_8127c9c2608af1e724c1d87fac6f6765,p_b1d5b2eb31f62d2778ffe2dd1f94510c,6,297399,73,73,21885,23834,146,45719,0.49092296880621655,153.72950144418778,313.14383561643837,0.5,0.478685010608281
r_897932a29b355a5ad4b3649f4204adc1,Tor file transfer,d_3e1af2e0e0112280268374b53ba71493,0,0,a_e7d8c038c18055500148c5915382bd98,a_2da3e06c3a142cfcd9e6805b63a494c4,p_7bace60664ac9fc0ead7f6573eb64118,p_22ef78817bb4981dc74c6c4a3c3ccf33,6,286316,66,67,22061,20302,133,42363,0.46452171726344321,147.95889855963344,318.51879699248121,0.49624060150375937,0.5207610414748719
r_cd084f962b9cae04b908fd0bebf45622,Tor file transfer,d_3e1af2e0e0112280268374b53ba71493,0,0,a_e7d8c038c18055500148c5915382bd98,a_8377b20201141ce0710da42847e35ea6,p_2d5c89fa79a205c16c9410ee964c080c,p_a144e943164565cc971c4ae3369cd5e2,6,293035,63,64,21396,19549,127,40945,0.43339532820311566,139.72733632501235,322.40157480314963,0.49606299212598426,0.52255464647698135
r_5c16e091762d6aa79ad9c188762d7a5b,Tor file transfer,d_3e1af2e0e0112280268374b53ba71493,0,0,a_e7d8c038c18055500148c5915382bd98,a_75c3beaaadf7b690d880d5afce5a2aaa,p_009d45860fc5c973185132cb0a2fe4b8,p_3dd478bd944ece2906a0c8e4425f63be,6,295311,67,67,21562,21340,134,42902,0.45375891856381917,145.27735167332068,320.16417910447763,0.5,0.50258729196774043
r_79079352b80edd0f66db369a7ffc4c91,Tor file transfer,d_3e1af2e0e0112280268374b53ba71493,0,0,a_e7d8c038c18055500148c5915382bd98,a_eb09551e26782d18bd2fa09d29b42949,p_6a58f444374604b5b88e45230e510edd,p_3dd478bd944ece2906a0c8e4425f63be,6,698547,355,322,205658,120569,677,326227,0.96915454507713861,467.00794649465246,481.8714918759232,0.52437223042836045,0.63041379162362399
r_97e3c355ab45de5a1113a0f838d17c92,Tor file transfer,d_3e1af2e0e0112280268374b53ba71493,0,0,a_e7d8c038c18055500148c5915382bd98,a_80009f8dc6b9e2b568a46faf4af2f052,p_a0f30f03aa40095098385a6edf104217,p_2313704d6916acc778397dda2b5b461d,6,67988,11,0,660,0,11,660,0.16179325763370006,9.7075954580220039,60,1,1
r_0bcd86f73f14c6685ad5c3c5a1e291ec,Tor file transfer,d_3e1af2e0e0112280268374b53ba71493,0,0,a_e7d8c038c18055500148c5915382bd98,a_8dddc3650faabc8fca61d2758620e52b,p_f0b13fab937633ffd5c2f0e5f670e415,p_2313704d6916acc778397dda2b5b461d,6,68012,11,0,660,0,11,660,0.16173616420631654,9.7041698523789925,60,1,1
r_f6086c041629ae07dce3f1b1b3145d38,Tor file transfer,d_3e1af2e0e0112280268374b53ba71493,0,0,a_e7d8c038c18055500148c5915382bd98,a_8f306c8b09cc35936c3fb70e1d301dd1,p_07cb0dd2066b94a25912f6b8aef24611,p_2313704d6916acc778397dda2b5b461d,6,542426,126,118,44150,56031,244,100181,0.44983094468185519,184.6906306113645,410.57786885245901,0.51639344262295084,0.44070232878489934
r_51f9a3b17a909ec6006fa0b809967afd,Tor file transfer,d_3e1af2e0e0112280268374b53ba71493,0,0,a_e7d8c038c18055500148c5915382bd98,a_8f306c8b09cc35936c3fb70e1d301dd1,p_a94d43e641e19714f4a992550b5a0177,p_2313704d6916acc778397dda2b5b461d,6,540931,360,284,258345,109479,644,367824,1.1905400134213051,679.9832141252765,571.15527950310559,0.55900621118012417,0.70236036800208801
r_6dd3078bf9eda74c1f0a8ef5a3fb1afa,Tor file transfer,d_3e1af2e0e0112280268374b53ba71493,0,0,a_e7d8c038c18055500148c5915382bd98,a_a4c91776a834f03fdfeff0928a4d4107,p_f8d89f5e254dd904166d91acd0b057e9,p_346156c425c7ac656c5ba25e35116854,6,68124,11,0,660,0,11,660,0.16147026011390994,9.6882156068345964,60,1,1
r_c2611e84f5dd19ab7afb974d7a853a1a,Tor file transfer,d_3e1af2e0e0112280268374b53ba71493,0,0,a_e7d8c038c18055500148c5915382bd98,a_920eb6dd8d1854169b1fa82bcb5f01ea,p_3de1dfc88335e6b63ae3fd9897246bb7,p_64eab6039291da87b7bab47109b51546,6,451618,120,119,53112,38481,239,91593,0.52920831322046513,202.81078256402535,383.23430962343099,0.502092050209205,0.57986964069306601
r_1af74cbd83ea357862ad24cae0e349ba,Tor file transfer,d_3e1af2e0e0112280268374b53ba71493,0,0,a_e7d8c038c18055500148c5915382bd98,a_6dc644b558a732d38f4cccc46f51dedb,p_1d4fbd02bb3070248e7cc1a3cf98be94,p_a4f09f0503f324ca6947b128eb5bec7a,6,448627,112,105,55262,33390,217,88652,0.48369803868246897,197.60736647593657,408.53456221198155,0.5161290322580645,0.62335875107160588
r_1cff1a8d411d36179773ccbc3e2540e3,Tor file transfer,d_3e1af2e0e0112280268374b53ba71493,0,0,a_e7d8c038c18055500148c5915382bd98,a_d408411cdec3ffa91ba529b3c22f1cdf,p_e6a5e55543499a71b033ac88c866ff62,p_2313704d6916acc778397dda2b5b461d,6,448224,140,125,65365,61054,265,126419,0.59122224601984719,282.04424573427571,477.05283018867925,0.52830188679245282,0.51705044336689898
r_7c3fcdf09934660ad64736da9ff1c8a0,Tor file transfer,d_3e1af2e0e0112280268374b53ba71493,0,0,a_e7d8c038c18055500148c5915382bd98,a_6dc644b558a732d38f4cccc46f51dedb,p_686d68cd75c2a3bbe5f5dd63c528de50,p_a4f09f0503f324ca6947b128eb5bec7a,6,442502,2246,1051,2762875,205402,3297,2968277,7.4508137816326254,6707.9403030946751,900.29632999696696,0.68122535638459203,0.93080093266228181
r_ddffa8782b0d574abd1033640e7c22d8,Tor file transfer,d_3e1af2e0e0112280268374b53ba71493,0,0,a_e7d8c038c18055500148c5915382bd98,a_920eb6dd8d1854169b1fa82bcb5f01ea,p_8037b95ca7e5e75e81164bc521f2a06c,p_64eab6039291da87b7bab47109b51546,6,444555,170,160,80410,56225,330,136635,0.74231534905692209,307.35229611634105,414.04545454545456,0.51515151515151514,0.58850221392761737
r_d08d3105fa943c38ef51da247fd97d95,Tor file transfer,d_3e1af2e0e0112280268374b53ba71493,0,0,a_81e29f5be7f0908e447b9c82325431ee,a_e7d8c038c18055500148c5915382bd98,p_3dd478bd944ece2906a0c8e4425f63be,p_a131a460f45281da6fdad2d2c6a4b653,6,294,3,2,132,128,5,260,17.006802721088437,884.35374149659867,52,0.59999999999999998,0.50769230769230766
r_3ac8b8990c2776efaddacc52da648ff8,Tor file transfer,d_3e1af2e0e0112280268374b53ba71493,0,0,a_eb09551e26782d18bd2fa09d29b42949,a_e7d8c038c18055500148c5915382bd98,p_3dd478bd944ece2906a0c8e4425f63be,p_00d86a55c686931c7a284b8ed1ef0915,6,299,3,2,132,128,5,260,16.722408026755854,869.56521739130437,52,0.59999999999999998,0.50769230769230766
r_adeb3a69eba1c4085804851bb4571cf0,Tor file transfer,d_3e1af2e0e0112280268374b53ba71493,0,0,a_e7d8c038c18055500148c5915382bd98,a_4362a21eef786f71d38437758da8d82e,p_88694714fb8ee98f0ae4d5109b603c39,p_3dd478bd944ece2906a0c8e4425f63be,6,227,3,2,132,128,5,260,22.026431718061673,1145.3744493392071,52,0.59999999999999998,0.50769230769230766
r_1cf38b3288d90d04a1e145a527bc5ecf,Tor file transfer,d_3e1af2e0e0112280268374b53ba71493,0,0,a_e7d8c038c18055500148c5915382bd98,a_cf5bff76c6a22125ba228bff9e6fdf8e,p_1fe2428ce24b9c52fbb94dfc849c3023,p_2313704d6916acc778397dda2b5b461d,6,68213,11,0,660,0,11,660,0.16125958395027343,9.6755750370164062,60,1,1
r_5dfe4ccea3137728ee4024bfe751c6e8,Tor file transfer,d_3e1af2e0e0112280268374b53ba71493,0,0,a_b2c9a1524ada7283280f37892b0d52c7,a_e7d8c038c18055500148c5915382bd98,p_53b18b33cc21a2933da3a83a094344d3,p_78dc3698203178c05b0c4cee4dc74c99,6,356,3,2,132,128,5,260,14.04494382022472,730.33707865168537,52,0.59999999999999998,0.50769230769230766
r_450963d9a64d4e21e0f9abe11cc29ecc,Tor file transfer,d_3e1af2e0e0112280268374b53ba71493,0,0,a_e7d8c038c18055500148c5915382bd98,a_6b84309c5501538ae14f0e3b1fadd646,p_a1cd0a749ad3030629d79f4c8667638f,p_3dd478bd944ece2906a0c8e4425f63be,6,392411,103,98,43486,42601,201,86087,0.51221805708810408,219.37968099772942,428.29353233830847,0.51243781094527363,0.50514014891911674
r_0520e22aac7d96e585599d4d957f6985,Tor file transfer,d_3e1af2e0e0112280268374b53ba71493,0,0,a_e7d8c038c18055500148c5915382bd98,a_07b754a89df36a11bbaf3778bdef5c5b,p_205dafe6efab9247bc1e61d04368d8b2,p_653b5ef53af4e725335abf2902b506d4,6,387941,280,224,201069,100319,504,301388,1.2991666258529004,776.8913314137975,597.99206349206349,0.55555555555555558,0.66714335010020309
r_22f6c4d461a5a7d2dbe5959e40592090,Tor file transfer,d_3e1af2e0e0112280268374b53ba71493,0,0,a_e7d8c038c18055500148c5915382bd98,a_6b84309c5501538ae14f0e3b1fadd646,p_ea283467aa7171c98eff29aff879090c,p_3dd478bd944ece2906a0c8e4425f63be,6,383795,2396,1320,2911985,207047,3716,3119032,9.6822522440365297,8126.8177021587044,839.35199138858991,0.64477933261571585,0.93361818666817142
r_772451dcceb55cfcbe6a32d0022c1415,Tor file transfer,d_3e1af2e0e0112280268374b53ba71493,0,0,a_12b71b62cd61d16405990587f8178445,a_e7d8c038c18055500148c5915382bd98,p_3d01955bb66b778c6aa471c3a2911a0a,p_8e11297a4123617b2777e4065d4b7e5a,6,333,3,2,132,128,5,260,15.015015015015015,780.78078078078079,52,0.59999999999999998,0.50769230769230766
r_f78f45e491a193afd25b7d540d059c61,Tor file transfer,d_3e1af2e0e0112280268374b53ba71493,0,0,a_e7d8c038c18055500148c5915382bd98,a_e2370a5f48648ec5a5dbdf8b657a0e89,p_e85257ffebeecae806546f9be60f5a11,p_3dd478bd944ece2906a0c8e4425f63be,6,374234,95,95,26786,46402,190,73188,0.50770373616507325,195.56747917078621,385.19999999999999,0.5,0.36598895993878777
r_b44992bfe8377ef345885cf6be36b28a,Tor file transfer,d_3e1af2e0e0112280268374b53ba71493,0,0,a_e7d8c038c18055500148c5915382bd98,a_c4f87b58d8044f62b80a3694927d8680,p_48582ad9e67f157ef94775b60f259240,p_8beb4e10bed4eda0c778a9e8f697d7ab,6,369,3,3,132,180,6,312,16.260162601626018,845.52845528455282,52,0.5,0.42307692307692307
r_116d70f6d666b88fcb034d52099ee8f8,Tor file transfer,d_3e1af2e0e0112280268374b53ba71493,0,0,a_e7d8c038c18055500148c5915382bd98,a_e6685d1fdec03993494a8919c338cc15,p_6ca194367a3dd0c53e33e7132a109b8c,p_2d36b619be089107b3d8a5a53b5aa6c4,6,272,1,1,60,40,2,100,7.3529411764705879,367.64705882352939,50,0.5,0.59999999999999998
r_55ce895cd9039f7f4a3b1f815fa49935,Tor file transfer,d_3e1af2e0e0112280268374b53ba71493,0,0,a_e7d8c038c18055500148c5915382bd98,a_138efc71f079d6eadbc82976006569f3,p_d885c683e56d1d5d91189ae6ff6cd3d3,p_2d36b619be089107b3d8a5a53b5aa6c4,6,89292,5221,10563,934006,13758363,15784,14692369,176.76835550777224,164542.94897639207,930.83939432336547,0.33077800304105426,0.063570823738499899
r_f9e726f02590fb7054fe68ac068c57b8,Tor file transfer,d_3e1af2e0e0112280268374b53ba71493,0,0,a_120dc939351f663b0f41c201af226949,a_e7d8c038c18055500148c5915382bd98,p_2d36b619be089107b3d8a5a53b5aa6c4,p_315cf969f4189ebb0fd524693fdb0972,6,273,3,2,132,128,5,260,18.315018315018314,952.38095238095229,52,0.59999999999999998,0.50769230769230766
r_f6dd918f726976d358b31ee293deea0b,Tor file transfer,d_3e1af2e0e0112280268374b53ba71493,0,0,a_75d004b3234b7f9cc3a6df4c2d0a16a3,a_e7d8c038c18055500148c5915382bd98,p_2313704d6916acc778397dda2b5b461d,p_37573974c7cbd8a20745df0da67f675a,6,302,3,2,132,128,5,260,16.556291390728479,860.92715231788077,52,0.59999999999999998,0.50769230769230766
r_3b4b91928feeb451d01b6f5b8dfe6ba0,Tor file transfer,d_3e1af2e0e0112280268374b53ba71493,0,0,a_e7d8c038c18055500148c5915382bd98,a_b5ee53060f1f807dd40c8ee004ce2149,p_ec8284b4fc7ded8e7b22dd47321c9118,p_018bddd8ee5d54a934fb83e788d3889a,6,188432,30,29,6739,13475,59,20214,0.31311029973677507,107.27477286235884,342.61016949152543,0.50847457627118642,0.33338280399722964
r_b2908ffb855c2c9f1543ab44057d294b,Tor file transfer,d_3e1af2e0e0112280268374b53ba71493,0,0,a_e7d8c038c18055500148c5915382bd98,a_138efc71f079d6eadbc82976006569f3,p_149796c27aa045910394464db1243e4d,p_2d36b619be089107b3d8a5a53b5aa6c4,6,289159,94,82,45730,31629,176,77359,0.60866167056878739,267.53101234960695,439.53977272727275,0.53409090909090906,0.59114000956579071
r_82cbf2d04135dda79dc22ce7e2a1fb02,Tor file transfer,d_3e1af2e0e0112280268374b53ba71493,0,0,a_e7d8c038c18055500148c5915382bd98,a_fd938ca499d98340150692e65dfd3e71,p_f7de43cb4bd8f2dde3a2b2278bbc2843,p_2313704d6916acc778397dda2b5b461d,6,290687,2356,944,2939172,207523,3300,3146695,11.352416860747127,10825.028295038994,953.54393939393935,0.71393939393939398,0.93405048789285261
r_df837a100a8f875b9095b36b94d7fd36,Tor file transfer,d_3e1af2e0e0112280268374b53ba71493,0,0,a_e7d8c038c18055500148c5915382bd98,a_138efc71f079d6eadbc82976006569f3,p_09f5e0338b14ef2e142f4d3f98e78a43,p_2d36b619be089107b3d8a5a53b5aa6c4,6,288248,222,200,159354,67879,422,227233,1.4640170963892205,788.32463711803723,538.46682464454977,0.52606635071090047,0.70128018377612411
r_7b945e8e0498a97ddb8e6e3a046397d2,Tor file transfer,d_3e1af2e0e0112280268374b53ba71493,0,0,a_8f306c8b09cc35936c3fb70e1d301dd1,a_e7d8c038c18055500148c5915382bd98,p_2313704d6916acc778397dda2b5b461d,p_1e6863ee128e9361935226569ae16869,6,236,3,2,132,128,5,260,21.186440677966104,1101.6949152542375,52,0.59999999999999998,0.50769230769230766
r_18974225a4c60e8a4d608e2c7597b76d,Tor file transfer,d_3e1af2e0e0112280268374b53ba71493,0,0,a_e7d8c038c18055500148c5915382bd98,a_c687d98dacb1608f62af5b7073c09339,p_d8cf890adc1b3232b3c011abf25212b1,p_59add6c69faa2fcebe82de14314cf8aa,6,338,1,1,60,40,2,100,5.9171597633136095,295.85798816568047,50,0.5,0.59999999999999998
r_678f68ac2583b48fc67c524a08bf1e1d,Tor file transfer,d_3e1af2e0e0112280268374b53ba71493,0,0,a_e7d8c038c18055500148c5915382bd98,a_fda104fd94f6e713bea5b91b69853ee7,p_fa5bacbbc588bc6e8540976193997f8f,p_d7195ebfc9c48d4a0beab7870d0eba9c,6,251233,60,58,19078,20910,118,39988,0.46968352087504428,159.16698841314636,338.88135593220341,0.50847457627118642,0.47709312793838149
r_de7be5f4424d0e4832ef5a7a33b14017,Tor file transfer,d_3e1af2e0e0112280268374b53ba71493,0,0,a_e7d8c038c18055500148c5915382bd98,a_697f19052045484030e4ef21940783fd,p_854ad5e4ef8b6b182ef6cb87b2c6339a,p_2313704d6916acc778397dda2b5b461d,6,11187,8,0,480,0,8,480,0.71511575936354699,42.906945561812819,60,1,1
r_50ead561a0fbdb767c7b6500210e3f73,Tor file transfer,d_3e1af2e0e0112280268374b53ba71493,0,0,a_e7d8c038c18055500148c5915382bd98,a_e338888085f43a99ab322d5740681046,p_d8d46a55468e421d57a1a704585e3141,p_3dd478bd944ece2906a0c8e4425f63be,6,65877,370,664,47154,859790,1034,906944,15.695918150492586,13767.23287338525,877.12185686653777,0.35783365570599612,0.051992184743490225
r_aaba77f7b52dbd2d04301e59beecbe1d,Tor file transfer,d_3e1af2e0e0112280268374b53ba71493,0,0,a_e7d8c038c18055500148c5915382bd98,a_c4f87b58d8044f62b80a3694927d8680,p_07927cc221c60fdb40c5a910642cf46f,p_8beb4e10bed4eda0c778a9e8f697d7ab,6,11340,4,4,720,232,8,952,0.70546737213403876,83.950617283950621,119,0.5,0.75630252100840334
r_191cd5cabe664fcf4edaa6246b9c370d,Tor file transfer,d_3e1af2e0e0112280268374b53ba71493,0,0,a_e7d8c038c18055500148c5915382bd98,a_4b28b90d4e15f70a3dd6866a029d7cff,p_36c18b090d99cd1d3486180166ca21a4,p_3dd478bd944ece2906a0c8e4425f63be,6,76280,2097,3746,548820,4803296,5843,5352116,76.599370739381229,70164.079706345045,915.98767756289578,0.35889098066061953,0.10254262052616199
r_edd8d46093cdeaca0d987030dd637c24,Tor file transfer,d_3e1af2e0e0112280268374b53ba71493,0,0,a_e7d8c038c18055500148c5915382bd98,a_bf9f591392b6dae469e85389b76d3621,p_762b6b976837f0dd967c64a2b2334c63,p_0d2474f29e40d7e2f5d2055feb38020f,6,71648,1157,2033,302584,2596853,3190,2899437,44.523224653863338,40467.800915587315,908.91442006269597,0.36269592476489027,0.10435957049592731
r_1aa62e13e2f32f13762bb3cd3d89bd43,Tor file transfer,d_3e1af2e0e0112280268374b53ba71493,0,0,a_e7d8c038c18055500148c5915382bd98,a_523cacb8667aa20399e58634518192f6,p_8a38f1a4cff45975139c5790881b3723,p_64eab6039291da87b7bab47109b51546,6,227617,72,82,17723,21075,154,38798,0.67657512400216158,170.45299779893418,251.93506493506493,0.46753246753246752,0.45680189700500023
r_d564fe708519ea244ca661d4f033b4dc,Tor file transfer,d_3e1af2e0e0112280268374b53ba71493,0,0,a_e7d8c038c18055500148c5915382bd98,a_bf9f591392b6dae469e85389b76d3621,p_e280cb5a6b311fe60d81c442a519d28a,p_0d2474f29e40d7e2f5d2055feb38020f,6,227056,276,217,223978,77485,493,301463,2.1712705235712773,1327.7032978648438,611.48681541582152,0.55983772819472621,0.74297011573559613
r_253b50510e5c84f536c2d79fdb086dfc,Tor file transfer,d_3e1af2e0e0112280268374b53ba71493,0,0,a_e7d8c038c18055500148c5915382bd98,a_2eb55c8e5758426be927aa5340633a94,p_6bdc8611809234817237300c17f748db,p_5b91bffc635f539b7237c9bbacd9a69d,6,227275,2377,1283,2985333,216293,3660,3201626,16.103838961610382,14087.0135298647,874.7612021857924,0.64945355191256826,0.93244276502002421
r_b9098eb8c99b78634fb8dac560585b23,Tor file transfer,d_3e1af2e0e0112280268374b53ba71493,0,0,a_6a7d725e323045aa38ee40170a6b9ac7,a_f996ba757d02cdb550a8ef4f77976cdc,p_17aa210dda7d507fd2f6f3b3f3f59749,p_17aa210dda7d507fd2f6f3b3f3f59749,58,0,1,0,48,0,1,48,,,48,1,1
r_a8fdfa752163e2653947954a96fcf4c1,Tor file transfer,d_3e1af2e0e0112280268374b53ba71493,0,0,a_2defc2d6dd3d915edb493b03024d12a5,a_e7d8c038c18055500148c5915382bd98,p_3dd478bd944ece2906a0c8e4425f63be,p_810d5a29336bd5382bfe47e5b09f2c38,6,279,3,2,132,128,5,260,17.921146953405017,931.89964157706083,52,0.59999999999999998,0.50769230769230766
r_a2310c669383ae692596c20908f30508,Tor file transfer,d_3e1af2e0e0112280268374b53ba71493,0,0,a_6dc644b558a732d38f4cccc46f51dedb,a_e7d8c038c18055500148c5915382bd98,p_a4f09f0503f324ca6947b128eb5bec7a,p_51e48cb489329d2edbf5c21b8729d85b,6,302,3,2,132,128,5,260,16.556291390728479,860.92715231788077,52,0.59999999999999998,0.50769230769230766
r_03d5f547430e1b7f2a00ceee9a0cd396,Tor file transfer,d_3e1af2e0e0112280268374b53ba71493,0,0,a_e7d8c038c18055500148c5915382bd98,a_920eb6dd8d1854169b1fa82bcb5f01ea,p_8b0c81f39e5a31e6231ae815423e20f5,p_64eab6039291da87b7bab47109b51546,6,318,3,2,132,128,5,260,15.723270440251572,817.6100628930817,52,0.59999999999999998,0.50769230769230766
r_c77d91e1800ba753aed58b49b5eb3b8a,Tor file transfer,d_3e1af2e0e0112280268374b53ba71493,0,0,a_e7d8c038c18055500148c5915382bd98,a_10fe62dc20bcfaad00e579fa05e8e679,p_f4d3bb73ac098a0f2ad8450a5c9ea05e,p_2313704d6916acc778397dda2b5b461d,6,68272,11,0,660,0,11,660,0.16112022498242323,9.6672134989453937,60,1,1
r_5fd3f83ec9d51b0e7e3dca5b9a846b36,Tor file transfer,d_3e1af2e0e0112280268374b53ba71493,0,0,a_e7d8c038c18055500148c5915382bd98,a_21bcc8f2d3907ae1fde10bf4be7b4d0a,p_5db8a4d6947176e47bb118fc72e49873,p_2313704d6916acc778397dda2b5b461d,6,259,1,1,60,40,2,100,7.7220077220077217,386.10038610038606,50,0.5,0.59999999999999998
r_eda4c2ee04fd7782282f1f89020f5700,Tor file transfer,d_3e1af2e0e0112280268374b53ba71493,0,0,a_e7d8c038c18055500148c5915382bd98,a_e6d344fe11a92aca34c94c5a2b558b15,p_d658fb6de8467a678aea73f25b67d151,p_d7195ebfc9c48d4a0beab7870d0eba9c,6,345,3,2,132,128,5,260,14.492753623188406,753.62318840579712,52,0.59999999999999998,0.50769230769230766
r_a7882aa4d05d9ef6be039082d17d5f2a,Tor file transfer,d_3e1af2e0e0112280268374b53ba71493,0,0,a_e7d8c038c18055500148c5915382bd98,a_c1611769dc77d79f706dac42a9408c82,p_d313ce8396eb69b2299200b5b7377486,p_2313704d6916acc778397dda2b5b461d,6,67901,11,0,660,0,11,660,0.16200055963829693,9.7200335782978158,60,1,1
r_7717e66bdd11b2b1e2c9a081329e7db3,Tor file transfer,d_3e1af2e0e0112280268374b53ba71493,0,0,a_59eb261459aba1797a8adf9daeffce53,a_e7d8c038c18055500148c5915382bd98,p_5b91bffc635f539b7237c9bbacd9a69d,p_82bddb1a5db3d81106392ac49e8bb385,6,313,3,2,132,128,5,260,15.974440894568691,830.67092651757184,52,0.59999999999999998,0.50769230769230766
r_2760901ad0ec1bc04c55eb7872f13403,Tor file transfer,d_3e1af2e0e0112280268374b53ba71493,0,0,a_2defc2d6dd3d915edb493b03024d12a5,a_e7d8c038c18055500148c5915382bd98,p_3dd478bd944ece2906a0c8e4425f63be,p_c162f5955c239b72bf52a7f54f53e197,6,289,3,2,132,128,5,260,17.301038062283737,899.65397923875435,52,0.59999999999999998,0.50769230769230766
r_f070fbea7a8d56bae173fd1a0165e85c,Tor file transfer,d_3e1af2e0e0112280268374b53ba71493,0,0,a_6b84309c5501538ae14f0e3b1fadd646,a_e7d8c038c18055500148c5915382bd98,p_3dd478bd944ece2906a0c8e4425f63be,p_44be917ef414d10168c5c18aec5b5a48,6,247,2,2,92,128,4,220,16.194331983805668,890.68825910931173,55,0.5,0.41818181818181815
r_f1342d2343d56579e597a314586063c4,Tor file transfer,d_3e1af2e0e0112280268374b53ba71493,0,0,a_e7d8c038c18055500148c5915382bd98,a_8c766d0e2585db9af44be8cf25ba734f,p_619ba2726555b2d7ea4eb33f51c76d5b,p_3dd478bd944ece2906a0c8e4425f63be,6,70846,21,31,4138,31004,52,35142,0.73398639302148316,496.03365045309545,675.80769230769226,0.40384615384615385,0.11775083945136873
r_4d2b6d1b6b38a0b0b5e28c9a608becb9,Tor file transfer,d_3e1af2e0e0112280268374b53ba71493,0,0,a_e7d8c038c18055500148c5915382bd98,a_5c25e15c88206e70e411bb4233d657e5,p_1d25643fad8925321b308395260d89f1,p_2313704d6916acc778397dda2b5b461d,6,253,3,2,132,128,5,260,19.762845849802371,1027.6679841897233,52,0.59999999999999998,0.50769230769230766
r_34291ae71949ca6dc794b8bfc2399174,Tor file transfer,d_3e1af2e0e0112280268374b53ba71493,0,0,a_b5ee53060f1f807dd40c8ee004ce2149,a_e7d8c038c18055500148c5915382bd98,p_018bddd8ee5d54a934fb83e788d3889a,p_e0e71fcff1ad65f41c47a3644502f912,6,281,3,2,132,128,5,260,17.793594306049819,925.26690391459067,52,0.59999999999999998,0.50769230769230766
r_561b8774a56dc3913b2d3de296caf49c,Tor file transfer,d_3e1af2e0e0112280268374b53ba71493,0,0,a_e7d8c038c18055500148c5915382bd98,a_68080e05dbd647c57e8bf90261b24d94,p_5c108e0ef2e910a778f57cacce00ee50,p_2313704d6916acc778397dda2b5b461d,6,3101,4,0,240,0,4,240,1.2899064817800709,77.394388906804252,60,1,1
r_4f3b1814f7f8a6f013fde949292f8245,Tor file transfer,d_3e1af2e0e0112280268374b53ba71493,0,0,a_e7d8c038c18055500148c5915382bd98,a_2d7bf6217aa191f1963a700a89da0656,p_d8f00f9fa8f1fe10e568f6e415209c4e,p_2313704d6916acc778397dda2b5b461d,6,36005,10,0,600,0,10,600,0.27773920288848769,16.664352173309261,60,1,1
r_617b14f1e737646bc92873e28e5130bb,Tor file transfer,d_3e1af2e0e0112280268374b53ba71493,0,0,a_e7d8c038c18055500148c5915382bd98,a_8766e0d0637514b704ce52a6bcbe7670,p_dfee99baf6b98a980ab1d715bdcfaa33,p_2313704d6916acc778397dda2b5b461d,6,35926,10,0,600,0,10,600,0.27834994154651227,16.700996492790736,60,1,1
r_857cf0b95bdca33a9d2f1ac12e4d38f2,Tor file transfer,d_3e1af2e0e0112280268374b53ba71493,0,0,a_e7d8c038c18055500148c5915382bd98,a_7f1a11087901a31c7bec0516e6b2306f,p_cc193973e3a44a9d0ba2e6a951c9fd07,p_37ab3b0b187fbfd8958552ec752609b6,6,42271,17,17,5055,7494,34,12549,0.80433394052660212,296.87019469612738,369.08823529411762,0.5,0.40282094190772172
r_2c1f2bde38609cef4556cf4ba0a2f666,Tor file transfer,d_3e1af2e0e0112280268374b53ba71493,0,0,a_e7d8c038c18055500148c5915382bd98,a_4b28b90d4e15f70a3dd6866a029d7cff,p_baa12a4631466ad17dee5b502b9ab450,p_3dd478bd944ece2906a0c8e4425f63be,6,1238,4,3,720,180,7,900,5.6542810985460417,726.97899838449109,128.57142857142858,0.5714285714285714,0.80000000000000004
r_cebf426ab58c5be1332ef9eca55cc435,Tor file transfer,d_3e1af2e0e0112280268374b53ba71493,0,0,a_e7d8c038c18055500148c5915382bd98,a_c4dd81d8583981e5ee90450df492c4c6,p_2ed56179bc751b1b201fd245a91a7065,p_2313704d6916acc778397dda2b5b461d,6,19658,9,0,540,0,9,540,0.45782887374097059,27.469732424458233,60,1,1
r_6708b2212d191b98e727a8d814f20cd1,Tor file transfer,d_3e1af2e0e0112280268374b53ba71493,0,0,a_e7d8c038c18055500148c5915382bd98,a_376cf29ff0684e749f106c7ffc1f74ee,p_39f4ba072f1b7a914ac7fe6aad4eb70e,p_0c96cc35810b30f371e5bf40c3e1dcc5,6,243,1,1,60,40,2,100,8.2304526748971192,411.52263374485597,50,0.5,0.59999999999999998
r_7b21288c0a7c95339446c2554873777a,Tor file transfer,d_3e1af2e0e0112280268374b53ba71493,0,0,a_e7d8c038c18055500148c5915382bd98,a_67af3babcdaf554ed54932bda60eea8d,p_399bc14ea4e816ff319aa36c295d9ef1,p_653b5ef53af4e725335abf2902b506d4,6,290,2,1,104,52,3,156,10.344827586206897,537.93103448275861,52,0.66666666666666663,0.66666666666666663
r_3221f44e2377412d113a5deb99adedf7,Tor file transfer,d_3e1af2e0e0112280268374b53ba71493,0,0,a_e7d8c038c18055500148c5915382bd98,a_7776b9fea893f0b2ffce1b0bcb13451c,p_611550cbfe8ab497a06f93a44ac4bdbc,p_2313704d6916acc778397dda2b5b461d,6,71812,379,669,47620,861998,1048,909618,14.593661226535955,12666.657383167159,867.95610687022906,0.36164122137404581,0.052351646515350403
r_6ed42f86e8a91548b5a7147fc27c808c,Tor file transfer,d_3e1af2e0e0112280268374b53ba71493,0,0,a_e7d8c038c18055500148c5915382bd98,a_49fab310d419f023adfe67bcbbae2b84,p_58e7cb8e6e58c60ade53a4e802ead9e1,p_2313704d6916acc778397dda2b5b461d,6,75543,2837,5990,512667,7776458,8827,8289125,116.84735845809671,109727.24143865083,939.0648011782032,0.32140024923530081,0.061848144406074224
r_e0f04f970f12e8daa8e2c00cf50d3183,Tor file transfer,d_3e1af2e0e0112280268374b53ba71493,0,0,a_e7d8c038c18055500148c5915382bd98,a_de0305b94b8d5449c3a9dc13f39c8682,p_d286797ae0ee9ee953739f87e17cb39d,p_e3b7775486eca350dd96d9c41ec24189,6,86127,2188,3954,589220,5053909,6142,5643129,71.313293160100784,65521.021282524649,918.77710843373495,0.35623575382611528,0.10441370381573768
r_7297701878e5adfa4339e0c085b42b1a,Tor file transfer,d_3e1af2e0e0112280268374b53ba71493,0,0,a_e7d8c038c18055500148c5915382bd98,a_3d26597d2d9ef9f9e68df825853f332b,p_93c37e7cf9af0c9f9c90dbda003bd00d,p_9406d027426ecf68d05e1853e679fc06,6,2272,8,8,1382,3820,16,5202,7.042253521126761,2289.6126760563384,325.125,0.5,0.26566705113417916
r_1138de5e2c708ec4bff03880b4a3f5be,Tor file transfer,d_3e1af2e0e0112280268374b53ba71493,0,0,a_e7d8c038c18055500148c5915382bd98,a_d190484c8ea30b97fcb6b3107a5a128d,p_01a1f6e4fe9edcef0db5228c2c7fd039,p_3dd478bd944ece2906a0c8e4425f63be,6,74010,387,665,48030,860446,1052,908476,14.214295365491148,12275.043912984731,863.57034220532319,0.36787072243346008,0.052868760429554552
r_241baa02c4ad931c775cc5feb579e635,Tor file transfer,d_3e1af2e0e0112280268374b53ba71493,0,0,a_e7d8c038c18055500148c5915382bd98,a_e1d77818bb30a6149a11bf7b3ad780ff,p_67f29899d689a917d5d34ed14f249f2b,p_2313704d6916acc778397dda2b5b461d,6,78217,1795,3173,464858,4055565,4968,4520423,63.515604024700515,57793.356942864084,909.90801127214172,0.36131239935587761,0.10283506654133916
r_8829f3dc45ff10a883aa8abb2e9326e0,Tor file transfer,d_3e1af2e0e0112280268374b53ba71493,0,0,a_e7d8c038c18055500148c5915382bd98,a_3d26597d2d9ef9f9e68df825853f332b,p_f638c3e8eec2777ea560db9aa498eec2,p_9406d027426ecf68d05e1853e679fc06,6,77741,1272,2597,379451,3323494,3869,3702945,49.767818782881619,47631.815901519149,957.08064099250453,0.32876712328767121,0.10247276154520253
r_f30dd6e318de64d4ac869d4cdcac725e,Tor file transfer,d_3e1af2e0e0112280268374b53ba71493,0,0,a_e7d8c038c18055500148c5915382bd98,a_3d1ef2eefa0bb9ecb4ab1ecf791edd5f,p_1f1993dd1202f25fb3e1b7d4cf9fb05b,p_2313704d6916acc778397dda2b5b461d,6,67953,20,25,4638,24381,45,29019,0.66222241843627205,427.04516356893731,644.86666666666667,0.44444444444444442,0.15982632068644681
r_3ebc1290ed377be0cb39d51d1e50cd2a,Tor file transfer,d_3e1af2e0e0112280268374b53ba71493,0,0,a_e7d8c038c18055500148c5915382bd98,a_5ce92e7d66ad15c87973f33e6314ae49,p_2cc4447db65e95c2d4bb6d3574033f77,p_59add6c69faa2fcebe82de14314cf8aa,6,63399,21,28,4677,24592,49,29269,0.77288285304184612,461.66343317717946,597.32653061224494,0.42857142857142855,0.15979363832040724
r_a4bf78c63f3168754383ed2a47b1d534,Tor file transfer,d_3e1af2e0e0112280268374b53ba71493,0,0,a_e7d8c038c18055500148c5915382bd98,a_3e0292247e5370b9c28ac733207611a7,p_088e7e8e5ed88a514a52865bde933003,p_3dd478bd944ece2906a0c8e4425f63be,6,62600,25,25,6477,13206,50,19683,0.79872204472843444,314.42492012779553,393.66000000000003,0.5,0.32906569120560891
r_0f20ec98370b35ecf4cc212fbd723e1a,Tor file transfer,d_3e1af2e0e0112280268374b53ba71493,0,0,a_e7d8c038c18055500148c5915382bd98,a_e6d344fe11a92aca34c94c5a2b558b15,p_dfa555b24b55585ab627b876a788a891,p_d7195ebfc9c48d4a0beab7870d0eba9c,6,74827,389,683,49463,863712,1072,913175,14.326379515415558,12203.816804094778,851.84235074626861,0.36287313432835822,0.054165959427272974
r_4c2d70a0ae34b720b9c18d8e07f8d6a0,Tor file transfer,d_3e1af2e0e0112280268374b53ba71493,0,0,a_e7d8c038c18055500148c5915382bd98,a_48a70e908887e7664f49e73874d8ed73,p_d61181a7cb25246ebef826586aa8c5f2,p_2313704d6916acc778397dda2b5b461d,6,2245,8,8,1390,3846,16,5236,7.1269487750556788,2332.2939866369711,327.25,0.5,0.2654698242933537
r_7970dcf42cf297f6a6a172886749478e,Tor file transfer,d_3e1af2e0e0112280268374b53ba71493,0,0,a_e7d8c038c18055500148c5915382bd98,a_3e0292247e5370b9c28ac733207611a7,p_70e0d1129ac3132961ea7b074de0732e,p_3dd478bd944ece2906a0c8e4425f63be,6,77470,2221,4102,602994,5282512,6323,5885506,81.618691106234678,75971.421195301402,930.80910959987352,0.35125731456587062,0.10245406257337941
r_a20d1aa32da909080cb20ad1244cb7bd,Tor file transfer,d_3e1af2e0e0112280268374b53ba71493,0,0,a_e7d8c038c18055500148c5915382bd98,a_75d004b3234b7f9cc3a6df4c2d0a16a3,p_2fabe642fc2e4e068a5009884697d365,p_2313704d6916acc778397dda2b5b461d,6,65101,382,665,47780,860375,1047,908155,16.082702262638055,13949.93932504877,867.38777459407834,0.36485195797516712,0.052612164223067651
r_ca74244ac1589394400362d33d24df09,Tor file transfer,d_3e1af2e0e0112280268374b53ba71493,0,0,a_e7d8c038c18055500148c5915382bd98,a_536efd24dab35332b9d57c179c04e3bc,p_14a7a5fe7ff07cbec63a591c2aa8fd30,p_2313704d6916acc778397dda2b5b461d,6,78258,946,1624,245559,2088127,2570,2333686,32.840093025633166,29820.414526310411,908.04902723735404,0.36809338521400781,0.10522366762280787
r_98c41a5c8a19ebad05f88f7087761e26,Tor file transfer,d_3e1af2e0e0112280268374b53ba71493,0,0,a_e7d8c038c18055500148c5915382bd98,a_48a70e908887e7664f49e73874d8ed73,p_43a082802a35bbc0537e07e5f76ef80e,p_2313704d6916acc778397dda2b5b461d,6,78733,1388,2639,385502,3365436,4027,3750938,51.147549312232478,47641.24318900588,931.44723118947104,0.34467345418425627,0.10277482592354233
r_9bfb3d150300df634220ed5780570b6b,Tor file transfer,d_3e1af2e0e0112280268374b53ba71493,0,0,a_e7d8c038c18055500148c5915382bd98,a_7f1a11087901a31c7bec0516e6b2306f,p_38551696384fd57e05df8be611ec41ed,p_8beb4e10bed4eda0c778a9e8f697d7ab,6,89562,1839,3210,507187,4030646,5049,4537833,56.374355195283712,50666.945802907481,898.75876411170532,0.36423054070112892,0.11176854679314994
r_24e7dc17ad68f6fc131c33ca79269312,Tor file transfer,d_3e1af2e0e0112280268374b53ba71493,0,0,a_e7d8c038c18055500148c5915382bd98,a_2f41308a96903d9050fe5ef9bbe0e314,p_db4e37583cf48af634322f6e9e631fd7,p_53b18b33cc21a2933da3a83a094344d3,6,73140,23,26,4797,24511,49,29308,0.66994804484550174,400.71096527208095,598.12244897959181,0.46938775510204084,0.16367544697693462
r_be7fa432130867595284dbec6476d7d3,Tor file transfer,d_3e1af2e0e0112280268374b53ba71493,0,0,a_e7d8c038c18055500148c5915382bd98,a_f7fbc14a8651769ade9ab032c0109ff5,p_0105c77b73a1feee9353a77f487da900,p_53b18b33cc21a2933da3a83a094344d3,6,65142,28,28,7144,14442,56,21586,0.85966043412851934,331.36839519818244,385.46428571428572,0.5,0.33095524877235244
r_9af839cede8798c854a86cdd8fc18973,Tor file transfer,d_3e1af2e0e0112280268374b53ba71493,0,0,a_e7d8c038c18055500148c5915382bd98,a_9936b403d2ba954f2e718ac973fbf378,p_1dbe50df3c9aa20553b21e860269b4b4,p_59add6c69faa2fcebe82de14314cf8aa,6,67676,1371,2528,372152,3228988,3899,3601140,57.612743069921386,53211.478219752942,923.60605283406005,0.35162862272377532,0.10334283032595233
r_5d1783ed4967d3025974cb4bd946413e,Tor file transfer,d_3e1af2e0e0112280268374b53ba71493,0,0,a_e7d8c038c18055500148c5915382bd98,a_f1f07d04e5a0ed9e602b0c06eddb39b2,p_58ceb440dc04b3f1782b53484b32cb5a,p_3dd478bd944ece2906a0c8e4425f63be,6,65595,25,25,6474,13186,50,19660,0.76225322051985667,299.71796630840765,393.19999999999999,0.5,0.32929806714140386
r_1b1278932f43b55fdec1ffaaff6088f7,Tor file transfer,d_3e1af2e0e0112280268374b53ba71493,0,0,a_e7d8c038c18055500148c5915382bd98,a_55713a472c58a5a0420eaa2984eca8a7,p_6d86101c61ce40d9fae6d2f9ccd43e9b,p_3dd478bd944ece2906a0c8e4425f63be,6,68409,409,715,49188,860093,1124,909281,16.430586618719758,13291.832945957402,808.96886120996442,0.36387900355871888,0.05409548863332677
r_9a68020653954e9bdd80390ca010505a,Tor file transfer,d_3e1af2e0e0112280268374b53ba71493,0,0,a_e7d8c038c18055500148c5915382bd98,a_f7fbc14a8651769ade9ab032c0109ff5,p_c1895810bed6374e61fa91a02379ef3e,p_53b18b33cc21a2933da3a83a094344d3,6,77285,1766,3266,474840,4156096,5032,4630936,65.109659054150228,59920.243255482957,920.29729729729729,0.35095389507154212,0.10253650665869707
r_f16471728c9c0a9354b5e22e32bfd783,Tor file transfer,d_3e1af2e0e0112280268374b53ba71493,0,0,a_e7d8c038c18055500148c5915382bd98,a_1f4252b9b2413b0dbeee9601864c204c,p_564a373247f40bfd30e3e23385cea6e2,p_3dd478bd944ece2906a0c8e4425f63be,6,68025,1401,2799,396433,3546330,4200,3942763,61.74200661521499,57960.499816244024,938.75309523809528,0.33357142857142857,0.10054700219110305
r_6d0a53d816fa45a45fe363e698df64ce,Tor file transfer,d_3e1af2e0e0112280268374b53ba71493,0,0,a_e7d8c038c18055500148c5915382bd98,a_4038c02309057cb7ace1aed4cf1ebf75,p_2fd099b8ff52c870f643deb2b78d6fbf,p_3dd478bd944ece2906a0c8e4425f63be,6,64821,384,662,47854,858612,1046,906466,16.136745807685781,13984.14094197868,866.60229445506695,0.36711281070745699,0.052791831133214041
r_232f017cc10b1ca603b8d1919c72c84e,Tor file transfer,d_3e1af2e0e0112280268374b53ba71493,0,0,a_e7d8c038c18055500148c5915382bd98,a_f1f07d04e5a0ed9e602b0c06eddb39b2,p_e23649bb30d1a54f7e5ddd81972541b9,p_3dd478bd944ece2906a0c8e4425f63be,6,82655,1676,2988,437313,3807496,4664,4244809,56.427318371544374,51355.743754158852,910.1219982847341,0.35934819897084047,0.1030230099870218
r_eb27dd63adbab43c61252b3843b15ccd,Tor file transfer,d_3e1af2e0e0112280268374b53ba71493,0,0,a_e7d8c038c18055500148c5915382bd98,a_5c25e15c88206e70e411bb4233d657e5,p_828958f417aa7be48a6d0092ae2b930f,p_2313704d6916acc778397dda2b5b461d,6,74337,385,662,47934,860280,1047,908214,14.08450704225352,12217.522902457726,867.44412607449851,0.36771728748806115,0.052778309957785277
r_38b2522d5024448a3f5d066cfe1f516d,Tor file transfer,d_3e1af2e0e0112280268374b53ba71493,0,0,a_e7d8c038c18055500148c5915382bd98,a_1b5ed13f48b330d0e3b2b4abe569c9f7,p_255b01fdeff9e96c8cad575c37ffc075,p_64eab6039291da87b7bab47109b51546,6,67077,23,26,4794,24446,49,29240,0.73050374942230578,435.91693128792286,596.73469387755097,0.46938775510204084,0.16395348837209303
r_7ed12ebf7622e72ea5c932c4a82d0b78,Tor file transfer,d_3e1af2e0e0112280268374b53ba71493,0,0,a_e7d8c038c18055500148c5915382bd98,a_40d53c59d30e4fe2ea51f7e55b3eb432,p_710e5f244c38e8fb1c6e9dbae49a83ef,p_2313704d6916acc778397dda2b5b461d,6,74347,2116,4080,587210,5226920,6196,5814130,83.33893768410293,78202.617455983433,938.36830213040673,0.34151065203357006,0.10099705372944877
r_83ec41290bb2c46b8d9fabcecdd4af93,Tor file transfer,d_3e1af2e0e0112280268374b53ba71493,0,0,a_e7d8c038c18055500148c5915382bd98,a_1c2ce150b76eefb875be7c22dd3e2039,p_b5891ec707839972d07d22508451f84c,p_2313704d6916acc778397dda2b5b461d,6,70036,877,1784,260460,2263915,2661,2524375,37.994745559426583,36043.963104689014,948.65652010522365,0.32957534761367907,0.10317801435999009
r_bcccc17e83982ed1e8a42d4791c4977d,Tor file transfer,d_3e1af2e0e0112280268374b53ba71493,0,0,a_e7d8c038c18055500148c5915382bd98,a_4597ffd59430866bcf6987513c4d052f,p_cba717139b32a4950872772bdb33e362,p_4b1c6dfa646a9fcf04705615d9a89740,6,70648,22,27,4733,24524,49,29257,0.69357943607745443,414.12354206771602,597.08163265306121,0.44897959183673469,0.1617732508459514
r_b32d3750dab596c812e67b523c25f436,Tor file transfer,d_3e1af2e0e0112280268374b53ba71493,0,0,a_e7d8c038c18055500148c5915382bd98,a_55713a472c58a5a0420eaa2984eca8a7,p_07fc3d95e69a58e0cec49fb2405c127c,p_3dd478bd944ece2906a0c8e4425f63be,6,65225,381,706,47729,859669,1087,907398,16.665389037945573,13911.812955155234,834.77276908923648,0.35050597976080955,0.052599851443357819
r_27dbcb03b1827726f95c3a7da3f03278,Tor file transfer,d_3e1af2e0e0112280268374b53ba71493,0,0,a_e7d8c038c18055500148c5915382bd98,a_0defcbabf8c36f5a5f20b809ff41bcc2,p_c083c8ad3f226a37ecc564f7d84c5723,p_3dd478bd944ece2906a0c8e4425f63be,6,75672,1646,2990,435796,3812193,4636,4247989,61.264404271064599,56136.867004968815,916.30478861087147,0.35504745470232957,0.10258877788996158
r_8c2cf934b96104a771a8abae3de59f46,Tor file transfer,d_3e1af2e0e0112280268374b53ba71493,0,0,a_e7d8c038c18055500148c5915382bd98,a_d6cc40fb34d30a737ca215eb6f086e94,p_466ef023f6373482485c6af882cbe8db,p_3dd478bd944ece2906a0c8e4425f63be,6,77672,1590,2800,416966,3578218,4390,3995184,56.519723967452883,51436.605211659284,910.06469248291569,0.36218678815489752,0.1043671580583022
r_cfca93b6af98d2263ab9848fca1b8f66,Tor file transfer,d_3e1af2e0e0112280268374b53ba71493,0,0,a_e7d8c038c18055500148c5915382bd98,a_de34a842b1cb0dc34a445f63b4409448,p_47857a97dd46bdac96411c3a9aa10687,p_79c8d8bc2b7ad76fad40a09103840f43,6,65244,18,21,4548,19035,39,23583,0.59775611550487406,361.45852492183189,604.69230769230774,0.46153846153846156,0.19285078234321335
r_5bb04827f52140e946556bda32647770,Tor file transfer,d_3e1af2e0e0112280268374b53ba71493,0,0,a_e7d8c038c18055500148c5915382bd98,a_bc8ec52ac3ef5244bd581410b8060bf5,p_cf8d900e09437f216077cb6d4e436cfd,p_2313704d6916acc778397dda2b5b461d,6,71686,27,27,8128,14835,54,22963,0.75328516028234238,320.32753954747091,425.24074074074076,0.5,0.35396071941819451
r_78a85dafa19c19893f52b7593b32ed95,Tor file transfer,d_3e1af2e0e0112280268374b53ba71493,0,0,a_e7d8c038c18055500148c5915382bd98,a_ad7ecb02e1d31a5bf5addde2b8ca264d,p_ee3fab0621eb902ffdff2e4b1bf355dd,p_5b91bffc635f539b7237c9bbacd9a69d,6,68432,21,22,4691,19115,43,23806,0.6283610007014262,347.87818564414306,553.62790697674416,0.48837209302325579,0.1970511635722087
r_60f20dc138c3278f05ed11f465998a5a,Tor file transfer,d_3e1af2e0e0112280268374b53ba71493,0,0,a_e7d8c038c18055500148c5915382bd98,a_4362a21eef786f71d38437758da8d82e,p_588ea12d153af01d1f9ddd4f44584f62,p_3dd478bd944ece2906a0c8e4425f63be,6,69578,433,662,54746,861483,1095,916229,15.737733191526056,13168.37218661071,836.73881278538818,0.39543378995433792,0.059751437686429924
r_a6567e5cfec994c347ee87c403ee0bc9,Tor file transfer,d_3e1af2e0e0112280268374b53ba71493,0,0,a_e7d8c038c18055500148c5915382bd98,a_6c3a691951faf822ad8f5a06fdbbaa30,p_ca73c5442cfd195d1e4a5200cdfeb43c,p_3dd478bd944ece2906a0c8e4425f63be,6,84395,2211,4117,602482,5251279,6328,5853761,74.980745304816637,69361.466911546901,925.05704804045513,0.34939949431099876,0.1029222067658724
r_26c9984fa2505effc34f425998226b91,Tor file transfer,d_3e1af2e0e0112280268374b53ba71493,0,0,a_e7d8c038c18055500148c5915382bd98,a_bc8ec52ac3ef5244bd581410b8060bf5,p_2e2e0434e1764c540fccd0a4f9c6d985,p_2313704d6916acc778397dda2b5b461d,6,77863,2843,5743,508986,7474055,8586,7983041,110.27060349588379,102526.75853743113,929.77416724901002,0.33112042860470531,0.063758409859100057
r_77f7093aa3d61e05056d626909d3910e,Tor file transfer,d_3e1af2e0e0112280268374b53ba71493,0,0,a_e7d8c038c18055500148c5915382bd98,a_a677c5e1777da3470b75be1fbd46f406,p_b9e7c4a2b5ba86e59d4d4666d649102e,p_3dd478bd944ece2906a0c8e4425f63be,6,66478,23,26,4781,23955,49,28736,0.73708595324769099,432.26330515358467,586.44897959183675,0.46938775510204084,0.16637667037861914
r_79e565a74e6d85a343cbdabb0253a0c5,Tor file transfer,d_3e1af2e0e0112280268374b53ba71493,0,0,a_e7d8c038c18055500148c5915382bd98,a_c456bce599ef57328d55661d5f50120d,p_55ccf7e9bc485f05e5e8e8b0d3285487,p_2313704d6916acc778397dda2b5b461d,6,78143,1702,3188,461472,4082710,4890,4544182,62.577582125078379,58152.131348937204,929.28057259713705,0.34805725971370144,0.10155227057366981
r_0c71399d7e8a0327a671b6e57e10dc62,Tor file transfer,d_3e1af2e0e0112280268374b53ba71493,0,0,a_e7d8c038c18055500148c5915382bd98,a_b586ae6153946314c9244e8b32cd2f59,p_744e6150eb5e83f841dd36fd1a2d47fa,p_3dd478bd944ece2906a0c8e4425f63be,6,69420,381,656,47714,855573,1037,903287,14.938058196485162,13011.912993373668,871.05785920925746,0.36740597878495662,0.052822635552155627
r_a871b30dbd921111ec321929b2503b2f,Tor file transfer,d_3e1af2e0e0112280268374b53ba71493,0,0,a_e7d8c038c18055500148c5915382bd98,a_d373fa71c9e849f765d69bb335ecbf9e,p_70b27a75886e755c42432333b4bcaa3a,p_2313704d6916acc778397dda2b5b461d,6,70958,21,24,4680,21279,45,25959,0.63417796442966268,365.83612841399139,576.86666666666667,0.46666666666666667,0.18028429446434763
r_ba9773cd357c0c8f59d0828d29a88148,Tor file transfer,d_3e1af2e0e0112280268374b53ba71493,0,0,a_e7d8c038c18055500148c5915382bd98,a_87e2c0b2b2c34db0136c31995553216e,p_c9c34b5e028b880d7a6d8c956f47d360,p_3dd478bd944ece2906a0c8e4425f63be,6,64881,23,26,4794,24467,49,29261,0.75522880350179555,450.99489835236818,597.16326530612241,0.46938775510204084,0.16383582242575442
r_7f0663a54e8a3b94888978216297a311,Tor file transfer,d_3e1af2e0e0112280268374b53ba71493,0,0,a_e7d8c038c18055500148c5915382bd98,a_c549a3158953badaf5cece817abb2ac6,p_b522e4030c615ef86924a9a0ba5a1ebf,p_3dd478bd944ece2906a0c8e4425f63be,6,81644,1478,2628,389133,3356152,4106,3745285,50.291509480182249,45873.364852285529,912.14929371651237,0.35996103263516804,0.10389943622447959
r_44f7bed31d9cc07a25ad27edcbb73207,Tor file transfer,d_3e1af2e0e0112280268374b53ba71493,0,0,a_e7d8c038c18055500148c5915382bd98,a_efa9a70c96d1a269183e3b7f1b825556,p_6e6b065ea2bc62bcf771eda666c24a9b,p_3dd478bd944ece2906a0c8e4425f63be,6,65020,19,22,4568,19126,41,23694,0.63057520762842201,364.41095047677641,577.90243902439022,0.46341463414634149,0.19279142398919558
r_40791b4044737f01b339ab5a64eafb92,Tor file transfer,d_3e1af2e0e0112280268374b53ba71493,0,0,a_e7d8c038c18055500148c5915382bd98,a_3ac2d18fd16e12a40bf8be8f9123faa1,p_552ac29af3fb72c3113f2afe613ddc68,p_3dd478bd944ece2906a0c8e4425f63be,6,1812,8,8,1389,3805,16,5194,8.8300220750551865,2866.4459161147902,324.625,0.5,0.26742395071236041
r_434b809e471ea028a15d5d9787899b3e,Tor file transfer,d_3e1af2e0e0112280268374b53ba71493,0,0,a_e7d8c038c18055500148c5915382bd98,a_4362a21eef786f71d38437758da8d82e,p_541efb51f6c778126f785876a7fac257,p_3dd478bd944ece2906a0c8e4425f63be,6,66388,374,665,47407,860517,1039,907924,15.650418750376573,13676.025787792974,873.84408084696827,0.35996150144369587,0.052214722818209457
r_93d0ac8513905ecd176a83aafdbf788a,Tor file transfer,d_3e1af2e0e0112280268374b53ba71493,0,0,a_e7d8c038c18055500148c5915382bd98,a_b3cedc037d8a7d6415e832c465003c3b,p_8dd9d4559d0a3839997eab23bc0da66a,p_2313704d6916acc778397dda2b5b461d,6,73688,23,26,4786,24580,49,29366,0.66496580175876663,398.51807621322331,599.30612244897964,0.46938775510204084,0.16297759313491794
r_eef047c6e40997bef0148c1d8dd63a17,Tor file transfer,d_3e1af2e0e0112280268374b53ba71493,0,0,a_e7d8c038c18055500148c5915382bd98,a_4dd5904814620678a0dc0e40ba7e5e16,p_6036575e279ed0b128c7ee800736158c,p_3dd478bd944ece2906a0c8e4425f63be,6,79229,1226,2061,308254,2640463,3287,2948717,41.487334183190498,37217.647578538163,897.08457560085185,0.37298448433221781,0.10453834667755502
r_4d406d30d2d17cc892633f4aefb6ef61,Tor file transfer,d_3e1af2e0e0112280268374b53ba71493,0,0,a_e7d8c038c18055500148c5915382bd98,a_ba7036b462b83988deec742836720fbf,p_80491903270f8e1c6bc75d1f6d609219,p_3dd478bd944ece2906a0c8e4425f63be,6,62859,19,23,4587,19116,42,23703,0.66816207702954233,377.08204075788672,564.35714285714289,0.45238095238095238,0.19351980761928869
r_9080d9c6418eab23f2b4a4a26041fc79,Tor file transfer,d_3e1af2e0e0112280268374b53ba71493,0,0,a_e7d8c038c18055500148c5915382bd98,a_e3c84c32ee6ae40a66b61093848cf32d,p_2d09746f9f7de788eb39c3464b829f3c,p_e2a4a4bf9c74500e61f176db310c2961,6,85495,6350,12563,1117327,16444176,18913,17561503,221.21761506520849,205409.70817006842,928.54137365833026,0.33574789827103052,0.063623654535719415
r_04638f9eab46708e2fc2aa13a9fc03e6,Tor file transfer,d_3e1af2e0e0112280268374b53ba71493,0,0,a_69fb0b835452ca85c178bdeaaf11695b,a_e7d8c038c18055500148c5915382bd98,p_3d01955bb66b778c6aa471c3a2911a0a,p_10b586a4852bb83e0f166485bed1ce2c,6,1765915,8243,4778,10151952,705714,13021,10857666,7.3735145802600917,6148.4646769521751,833.85807541663462,0.63305429690499959,0.93500315813730128
r_fd376c05d8d6965bd16beea19b5f760c,Tor file transfer,d_3e1af2e0e0112280268374b53ba71493,0,0,a_e7d8c038c18055500148c5915382bd98,a_d408411cdec3ffa91ba529b3c22f1cdf,p_e6a5e55543499a71b033ac88c866ff62,p_2313704d6916acc778397dda2b5b461d,6,42610,13,13,4404,2308,26,6712,0.61018540248767894,157.52170851912697,258.15384615384613,0.5,0.65613825983313467
r_f955fad5be65cfb1c23a2182ebdd0de7,Tor file transfer,d_3e1af2e0e0112280268374b53ba71493,0,0,a_b5802911694fd6450e466a621b5650f0,a_e7d8c038c18055500148c5915382bd98,p_3dd478bd944ece2906a0c8e4425f63be,p_4ec1e11554e9369507b497f57b138407,6,1304102,228,227,71864,72396,455,144260,0.34889908918167439,110.62018155021616,317.05494505494505,0.50109890109890109,0.49815610702897545
r_d6f330cd4787978c040fea8d123c2091,Tor file transfer,d_3e1af2e0e0112280268374b53ba71493,0,0,a_b5ee53060f1f807dd40c8ee004ce2149,a_e7d8c038c18055500148c5915382bd98,p_018bddd8ee5d54a934fb83e788d3889a,p_429d2475b22064cca903ba3865614c01,6,1767669,451,443,146196,157264,894,303460,0.50575079384205979,171.67241152048263,339.44071588366893,0.50447427293064873,0.48176365913135172
r_3de3fc6ac95ab66770609d4c082c8bcc,Tor file transfer,d_3e1af2e0e0112280268374b53ba71493,0,0,a_e7d8c038c18055500148c5915382bd98,a_d373fa71c9e849f765d69bb335ecbf9e,p_149796c27aa045910394464db1243e4d,p_2313704d6916acc778397dda2b5b461d,6,448024,79,80,27180,22360,159,49540,0.35489170223023764,110.5744335124904,311.57232704402514,0.49685534591194969,0.5486475575292693
r_ac95c56688ba38d88031d733f5da6562,Tor file transfer,d_3e1af2e0e0112280268374b53ba71493,0,0,a_e7d8c038c18055500148c5915382bd98,a_211f2c919edce904deb5c06c73242a79,p_dce341d71adbde6a210787f015dfc281,p_2313704d6916acc778397dda2b5b461d,6,416248,71,70,13876,30440,141,44316,0.33874036632007842,106.46537641021699,314.29787234042556,0.50354609929078009,0.31311490206697357
r_fbd226bc92615772eeb27ec01e7e1463,Tor file transfer,d_3e1af2e0e0112280268374b53ba71493,0,0,a_9928457a057a91778cccd54cabb71e31,a_e7d8c038c18055500148c5915382bd98,p_2313704d6916acc778397dda2b5b461d,p_a9220928224cd22068ad33f00c7ab62a,6,542957,105,106,32284,34432,211,66716,0.38861272623798937,122.8752921502071,316.18957345971563,0.49763033175355448,0.48390191258468734
r_88f17bb5149b018af05e5e117d3b257b,Tor file transfer,d_3e1af2e0e0112280268374b53ba71493,0,0,a_bf9f591392b6dae469e85389b76d3621,a_e7d8c038c18055500148c5915382bd98,p_0d2474f29e40d7e2f5d2055feb38020f,p_e280cb5a6b311fe60d81c442a519d28a,6,1265012,349,328,106564,120154,677,226718,0.53517278887473008,179.2220152852305,334.88626292466768,0.51550960118168387,0.47002884640831344
r_254f382e28bd4d020915c83881833c71,Tor file transfer,d_3e1af2e0e0112280268374b53ba71493,0,0,a_e7d8c038c18055500148c5915382bd98,a_2eb55c8e5758426be927aa5340633a94,p_6bdc8611809234817237300c17f748db,p_5b91bffc635f539b7237c9bbacd9a69d,6,1763451,398,363,130330,135748,761,266078,0.43154020157067025,150.88482753419291,349.6425755584757,0.52299605781865965,0.48981877494569259
r_11a7d1b50f6202f64ab02ae011f8fcf6,Tor file transfer,d_3e1af2e0e0112280268374b53ba71493,0,0,a_e7d8c038c18055500148c5915382bd98,a_eb09551e26782d18bd2fa09d29b42949,p_6a58f444374604b5b88e45230e510edd,p_3dd478bd944ece2906a0c8e4425f63be,6,1635555,318,324,107592,99904,642,207496,0.39252730724432988,126.86580396256927,323.20249221183803,0.49532710280373832,0.51852565832594366
r_3f29a8d951966f8a84a38c2ce478b15d,Tor file transfer,d_3e1af2e0e0112280268374b53ba71493,0,0,a_e7d8c038c18055500148c5915382bd98,a_b2c9a1524ada7283280f37892b0d52c7,p_09d7f2087372d56e2c50f38d8ff39bf0,p_53b18b33cc21a2933da3a83a094344d3,6,1633264,350,344,98748,131556,694,230304,0.42491599643413436,141.00843464375632,331.85014409221901,0.50432276657060515,0.42877240516882031
r_a45c0b01a3ee40dc6042d3530f8acdf5,Tor file transfer,d_3e1af2e0e0112280268374b53ba71493,0,0,a_24d57f494a52ef849fbf4232a57825e0,a_e7d8c038c18055500148c5915382bd98,p_64eab6039291da87b7bab47109b51546,p_10a2283c5d7597cfcfc229a5fd9af2b8,6,723912,126,127,54816,24804,253,79620,0.34948999325884911,109.98574412359513,314.70355731225294,0.49802371541501977,0.68847023360964577
r_ea0706b7e738387bf8cecdda7fb5b6cd,Tor file transfer,d_3e1af2e0e0112280268374b53ba71493,0,0,a_c4f87b58d8044f62b80a3694927d8680,a_e7d8c038c18055500148c5915382bd98,p_8beb4e10bed4eda0c778a9e8f697d7ab,p_64d2e38b3bc6bec51b7a49eb4aa62648,6,1763705,393,412,145324,133184,805,278508,0.4564255360165107,157.91076172035574,345.97267080745343,0.48819875776397514,0.52179470607666567
r_31cde98f22c63e339113f5aa6fce26f4,Tor file transfer,d_3e1af2e0e0112280268374b53ba71493,0,0,a_e7d8c038c18055500148c5915382bd98,a_cc6dd6dd7cd44dcd84f76ab3fc9d75cf,p_3081e6a829a370deb1872675c005c21b,p_e2a4a4bf9c74500e61f176db310c2961,6,389428,75,74,22660,24216,149,46876,0.38261244697350988,120.37141653912919,314.60402684563758,0.50335570469798663,0.48340302073555763
r_a62acfd172afd91c4797f5656ce5c5f8,Tor file transfer,d_3e1af2e0e0112280268374b53ba71493,0,0,a_ddf0a5f234ac05191b8c803696ecd1f6,a_e7d8c038c18055500148c5915382bd98,p_3dd478bd944ece2906a0c8e4425f63be,p_96d7c8231702a3a6a13156f334c617c7,6,414513,70,71,30976,13340,141,44316,0.3401582097545795,106.91100158499252,314.29787234042556,0.49645390070921985,0.69898005235129523
r_6e13aad5aac9eb08bb42625624248916,Tor file transfer,d_3e1af2e0e0112280268374b53ba71493,0,0,a_9b50427404d7fd226f65ee5628d5b1c2,a_e7d8c038c18055500148c5915382bd98,p_3dd478bd944ece2906a0c8e4425f63be,p_0b5986be6cbf0ddeb106fae9e3d2471f,6,48461,9,10,4244,496,19,4740,0.39206784837291841,97.810610594085972,249.47368421052633,0.47368421052631576,0.89535864978902957
r_1d291761fe2685c1e171a7d5af66a14d,Tor file transfer,d_3e1af2e0e0112280268374b53ba71493,0,0,a_983e898236d6cb9a1a6b5f41934a0741,a_e7d8c038c18055500148c5915382bd98,p_2313704d6916acc778397dda2b5b461d,p_03794b3f72e1cfd7204f558ca0bb073d,6,1397917,249,250,87500,70864,499,158364,0.35695967643286408,113.28569578880578,317.36272545090179,0.49899799599198397,0.55252456366345881
r_3815a82fb0fd3d146ff4c30ca86e9625,Tor file transfer,d_3e1af2e0e0112280268374b53ba71493,0,0,a_e7d8c038c18055500148c5915382bd98,a_697f19052045484030e4ef21940783fd,p_7402e5b1bce45ff20ca8db4030767c88,p_2313704d6916acc778397dda2b5b461d,6,68380,11,0,660,0,11,660,0.16086575021936239,9.6519450131617432,60,1,1
r_15a79ed921b855c4f1f0f695c23afa88,Tor file transfer,d_3e1af2e0e0112280268374b53ba71493,0,0,a_a6a10543ce2dedfec418ae3fb26311e0,a_e7d8c038c18055500148c5915382bd98,p_3dd478bd944ece2906a0c8e4425f63be,p_0a42c24822d044b7e51f0714b396100e,6,115511,23,22,8676,4384,45,13060,0.38957328739254271,113.06282518548018,290.22222222222223,0.51111111111111107,0.66431852986217454
r_773bc4c457a8966a0e0b49fd25afba25,Tor file transfer,d_3e1af2e0e0112280268374b53ba71493,0,0,a_d9fbd4095a875dd190aa3f3b37b09b6e,a_e7d8c038c18055500148c5915382bd98,p_2313704d6916acc778397dda2b5b461d,p_a6e1c87b468c7257413cb75de9540f1d,6,726518,125,126,52084,26896,251,78980,0.34548352552861733,108.71031412848683,314.66135458167332,0.49800796812749004,0.65945809065586225
r_f0a037b65d81fd34e7bad9e3dcf974a7,Tor file transfer,d_3e1af2e0e0112280268374b53ba71493,0,0,a_e7d8c038c18055500148c5915382bd98,a_fda104fd94f6e713bea5b91b69853ee7,p_fa5bacbbc588bc6e8540976193997f8f,p_d7195ebfc9c48d4a0beab7870d0eba9c,6,386051,73,74,20436,25264,147,45700,0.38077870540420827,118.37814174811101,310.88435374149662,0.49659863945578231,0.4471772428884026
r_98555cce0dd7c151ca1f4ecbf83abd95,Tor file transfer,d_3e1af2e0e0112280268374b53ba71493,0,0,a_e7d8c038c18055500148c5915382bd98,a_8f306c8b09cc35936c3fb70e1d301dd1,p_a94d43e641e19714f4a992550b5a0177,p_2313704d6916acc778397dda2b5b461d,6,1762416,398,393,128748,140500,791,269248,0.44881571660720287,152.77210374849071,340.38938053097343,0.50316055625790135,0.47817625386260992
r_9ba3501ff02e11f59ac4937482ae1d1e,Tor file transfer,d_3e1af2e0e0112280268374b53ba71493,0,0,a_e7d8c038c18055500148c5915382bd98,a_6dc644b558a732d38f4cccc46f51dedb,p_686d68cd75c2a3bbe5f5dd63c528de50,p_a4f09f0503f324ca6947b128eb5bec7a,6,1763413,415,419,150022,131668,834,281690,0.47294649636812247,159.74136518217796,337.75779376498804,0.49760191846522783,0.53257836628918309
r_10221d49b110c46f13a327e94b07eee3,Tor file transfer,d_3e1af2e0e0112280268374b53ba71493,0,0,a_e7d8c038c18055500148c5915382bd98,a_b2ce6218e704befe601e07edc341da1d,p_2fec5ecada02489faccbea53cd9d2ef8,p_2313704d6916acc778397dda2b5b461d,6,67892,11,0,660,0,11,660,0.16202203499675957,9.7213220998055743,60,1,1
r_1bbcd43c43355ddf79afd33ce6bf28e9,Tor file transfer,d_3e1af2e0e0112280268374b53ba71493,0,0,a_f74c68cedadd8f75cc2b4b86ae634814,a_e7d8c038c18055500148c5915382bd98,p_213130ddecff58aed0c2eaf6ee54ea7d,p_685423bc713d11b65816255746409754,6,580277,108,109,37264,30836,217,68100,0.37395933321499902,117.35774466332458,313.82488479262673,0.49769585253456222,0.54719530102790015
r_d191155ee4185a4055c604006e57484d,Tor file transfer,d_3e1af2e0e0112280268374b53ba71493,0,0,a_157ebcbfd34821b662268f2dc335f29b,a_e7d8c038c18055500148c5915382bd98,p_2313704d6916acc778397dda2b5b461d,p_0ae159715c5d8701ec5e32f00203f2fb,6,1758461,330,330,104528,106672,660,211200,0.37532819891939601,120.10502365420672,320,0.5,0.49492424242424243
r_ccdc961f9c4bd36f99b9f8f6351e86ae,Tor file transfer,d_3e1af2e0e0112280268374b53ba71493,0,0,a_fd938ca499d98340150692e65dfd3e71,a_e7d8c038c18055500148c5915382bd98,p_2313704d6916acc778397dda2b5b461d,p_f7de43cb4bd8f2dde3a2b2278bbc2843,6,299130,45,47,24864,4052,92,28916,0.30755858656771307,96.667000969478153,314.30434782608694,0.4891304347826087,0.85986996818370454
r_b8e31833c58933396f70282dc9e4847c,Tor file transfer,d_3e1af2e0e0112280268374b53ba71493,0,0,a_07b754a89df36a11bbaf3778bdef5c5b,a_e7d8c038c18055500148c5915382bd98,p_653b5ef53af4e725335abf2902b506d4,p_205dafe6efab9247bc1e61d04368d8b2,6,470291,98,99,29136,32728,197,61864,0.41888958113168229,131.54408653365681,314.03045685279187,0.49746192893401014,0.4709685762317341
r_5c3ef366665e7aaa27a311f6b902363b,Tor file transfer,d_3e1af2e0e0112280268374b53ba71493,0,0,a_920eb6dd8d1854169b1fa82bcb5f01ea,a_e7d8c038c18055500148c5915382bd98,p_64eab6039291da87b7bab47109b51546,p_8037b95ca7e5e75e81164bc521f2a06c,6,1758663,416,412,135812,143390,828,279202,0.47081220222407588,158.75810203546672,337.20048309178742,0.50241545893719808,0.48642918030673132
r_26c67c3e00d8e70f7879a961be2da01a,Tor file transfer,d_3e1af2e0e0112280268374b53ba71493,0,0,a_e7d8c038c18055500148c5915382bd98,a_dc3c82be118b1070a306bc59506d3c31,p_ce4833bbbe28747886f894454ea70415,p_e3b7775486eca350dd96d9c41ec24189,6,414291,76,75,25928,21588,151,47516,0.36447810838275513,114.6923297875165,314.6754966887417,0.50331125827814571,0.54566882734236888
r_cbf543b6e8cc453cf139854f2d077327,Tor file transfer,d_3e1af2e0e0112280268374b53ba71493,0,0,a_917f5655ceadfd1fd659246ab9229cf3,a_e7d8c038c18055500148c5915382bd98,p_64eab6039291da87b7bab47109b51546,p_f2348b24889826e8e7b8ef36263ead66,6,558414,157,157,40860,26248,314,67108,0.56230681895511214,120.17607008420276,213.71974522292993,0.5,0.60886928533110807
r_8cae14883586df6a49b1dab474d6a866,Tor file transfer,d_3e1af2e0e0112280268374b53ba71493,0,0,a_09f69d32345d89bef63d1d4ef6eb57a2,a_e7d8c038c18055500148c5915382bd98,p_3dd478bd944ece2906a0c8e4425f63be,p_92f11217eeb2e005f9e8d8f0c5418959,6,553935,101,103,41200,23020,204,64220,0.36827425600476593,115.93418000306896,314.80392156862746,0.49509803921568629,0.64154469012768611
r_4e9837281b7f85db8a8ae4a937f16ad9,Tor file transfer,d_3e1af2e0e0112280268374b53ba71493,0,0,a_6b84309c5501538ae14f0e3b1fadd646,a_e7d8c038c18055500148c5915382bd98,p_3dd478bd944ece2906a0c8e4425f63be,p_ea283467aa7171c98eff29aff879090c,6,267752,49,53,28276,12408,102,40684,0.38094953539095877,151.94657742986047,398.86274509803923,0.48039215686274511,0.69501523940615473
r_758394f13f2c75f3aeaa43428b0bd36c,Tor file transfer,d_3e1af2e0e0112280268374b53ba71493,0,0,a_e7d8c038c18055500148c5915382bd98,a_bcc797d1ec6fae745a08acfd66847801,p_b3b67d0f1f6965201d8d79eff4c90d5a,p_e805c9d7b1b02a765dbe79d4dc8d4bd7,6,1759732,327,330,90436,120608,657,211044,0.37335230591931046,119.92962564754178,321.22374429223743,0.49771689497716892,0.42851727601827105
r_1ef9186be4ecfda37cc959b679d4f2ae,Tor file transfer,d_3e1af2e0e0112280268374b53ba71493,0,0,a_e7d8c038c18055500148c5915382bd98,a_06949e3f301cb42a6596dd424b42f467,p_7d81363f14c0406434f5d1736dc58c92,p_e2a4a4bf9c74500e61f176db310c2961,6,648025,120,118,43200,31900,238,75100,0.36726978125843912,115.89059064079318,315.54621848739498,0.50420168067226889,0.57523302263648468
r_b5a7bee75500bc5eba782af77ee42eea,Tor file transfer,d_3e1af2e0e0112280268374b53ba71493,0,0,a_e7d8c038c18055500148c5915382bd98,a_ba7036b462b83988deec742836720fbf,p_91019de00a345fdc86fa4606b7f279bd,p_3dd478bd944ece2906a0c8e4425f63be,6,422102,79,79,28252,21248,158,49500,0.37431710818712066,117.2702332611549,313.29113924050631,0.5,0.57074747474747478
r_823fddbb1b822c6d8e2b32874b6dbd46,Tor file transfer,d_3e1af2e0e0112280268374b53ba71493,0,0,a_10be1ac5c6b10018ce2d1b3dbdf38b1b,a_e7d8c038c18055500148c5915382bd98,p_3dd478bd944ece2906a0c8e4425f63be,p_5b42de6aabcd7ad352d65e3a2a07497c,6,487266,91,92,28340,28880,183,57220,0.37556488653014986,117.43072572270587,312.6775956284153,0.49726775956284153,0.49528137015029711
r_bed1c9e30548e2e436b229fab1434399,Tor file transfer,d_3e1af2e0e0112280268374b53ba71493,0,0,a_e7d8c038c18055500148c5915382bd98,a_71394ec0ae14eb2d17f693263a2fab11,p_66190ad05984fd29e0b361f440f0b1a8,p_e8fa32c526b9b4cdc16418a4dc18e34a,6,1757257,2835,4934,432032,5993274,7769,6425306,4.4210949223704894,3656.4406913729749,827.04414982623246,0.36491182906422964,0.067239132268564331
r_f3151de0199f06a329c5b391c53da120,Tor file transfer,d_3e1af2e0e0112280268374b53ba71493,0,0,a_e7d8c038c18055500148c5915382bd98,a_7f1a11087901a31c7bec0516e6b2306f,p_cc193973e3a44a9d0ba2e6a951c9fd07,p_37ab3b0b187fbfd8958552ec752609b6,6,606861,125,124,41878,39120,249,80998,0.41030812657264187,133.47043227361786,325.29317269076307,0.50200803212851408,0.51702511173115384
r_c3145796f5ce594ca95f8ae75542afca,Tor file transfer,d_3e1af2e0e0112280268374b53ba71493,0,0,a_e7d8c038c18055500148c5915382bd98,a_138efc71f079d6eadbc82976006569f3,p_09f5e0338b14ef2e142f4d3f98e78a43,p_2d36b619be089107b3d8a5a53b5aa6c4,6,1756726,421,416,148638,137956,837,286594,0.47645449546485902,163.1409792989914,342.40621266427718,0.50298685782556751,0.51863611938840315
r_d162329f5529648a66f28a9790e8a23c,Tor file transfer,d_3e1af2e0e0112280268374b53ba71493,0,0,a_e7d8c038c18055500148c5915382bd98,a_2defc2d6dd3d915edb493b03024d12a5,p_e65d84306bcfa22f2c80d26c3e274539,p_3dd478bd944ece2906a0c8e4425f63be,6,1756628,397,402,133116,132392,799,265508,0.45484872152783629,151.14640094544777,332.30037546933664,0.49687108886107634,0.50136342407761725
r_b549b09f9c84cb6df6bc49a47739e364,Tor file transfer,d_3e1af2e0e0112280268374b53ba71493,0,0,a_e7d8c038c18055500148c5915382bd98,a_a677c5e1777da3470b75be1fbd46f406,p_419e4541ad847b71c7c3f9af166bf965,p_3dd478bd944ece2906a0c8e4425f63be,6,435832,81,82,24068,26752,163,50820,0.37399732006828318,116.60456322619726,311.77914110429447,0.49693251533742333,0.47359307359307357
r_5d301008047ca72af3b7a87bfd136e21,Tor file transfer,d_3e1af2e0e0112280268374b53ba71493,0,0,a_31deb677d0a6d9359b1ca529de8b2013,a_e7d8c038c18055500148c5915382bd98,p_b1d5b2eb31f62d2778ffe2dd1f94510c,p_346fd2c43c4251eb34b6de486a31f929,6,1363553,265,262,99568,77422,527,176990,0.38649029410664637,129.80060181012399,335.84440227703988,0.50284629981024664,0.56256285665856831
r_31a6fb2566f77f4e88d2001404699b68,Tor file transfer,d_3e1af2e0e0112280268374b53ba71493,0,0,a_e7d8c038c18055500148c5915382bd98,a_49fab310d419f023adfe67bcbbae2b84,p_d67ec7ed8e8455c7c5fed984f2d85ddb,p_2313704d6916acc778397dda2b5b461d,6,218461,66,65,21225,26780,131,48005,0.59964936533294266,219.7417388000604,366.4503816793893,0.50381679389312972,0.44214144359962504
r_20299ca54fdb5d864c36f131912bb738,Tor file transfer,d_3e1af2e0e0112280268374b53ba71493,0,0,a_e7d8c038c18055500148c5915382bd98,a_de0305b94b8d5449c3a9dc13f39c8682,p_03c287ae8b34e3563462cc7fe7f5dabc,p_e3b7775486eca350dd96d9c41ec24189,6,186418,51,51,14752,19427,102,34179,0.54715746333508564,183.34602881695972,335.08823529411762,0.5,0.43161005295649374
r_8f5f5c2806acb92d0da2c2ce1c530919,Tor file transfer,d_3e1af2e0e0112280268374b53ba71493,0,0,a_e7d8c038c18055500148c5915382bd98,a_081609d3319c2984840b2109108d5bf6,p_1c5e67dc8b0b7adc916177032cf54faf,p_b303345724f72d24ec6c9d55662f6c01,6,843011,188,177,50339,99204,365,149543,0.43297181175571853,177.39151683667237,409.7068493150685,0.51506849315068493,0.33661889891201863
r_d0a95ec4ae6d28358e1e120356e652d7,Tor file transfer,d_3e1af2e0e0112280268374b53ba71493,0,0,a_e7d8c038c18055500148c5915382bd98,a_de0305b94b8d5449c3a9dc13f39c8682,p_c74c0f846bbe85797c1d640f16f5968c,p_e3b7775486eca350dd96d9c41ec24189,6,1727321,660,641,358256,214339,1301,572595,0.75318947665199465,331.49310406114444,440.11913912375098,0.50730207532667182,0.62567084937870576
r_958c118a2d30dc37913b8c7d789c3fec,Tor file transfer,d_3e1af2e0e0112280268374b53ba71493,0,0,a_e7d8c038c18055500148c5915382bd98,a_49fab310d419f023adfe67bcbbae2b84,p_298641b7cd43199452707d191a969ff3,p_2313704d6916acc778397dda2b5b461d,6,1724551,2592,1568,2879989,305299,4160,3185288,2.4122220798341134,1847.0245298631355,765.69423076923078,0.62307692307692308,0.90415340779232523
r_56e104155f9d0a5edc08fdf97c7f0544,Tor file transfer,d_3e1af2e0e0112280268374b53ba71493,0,0,a_e7d8c038c18055500148c5915382bd98,a_e2370a5f48648ec5a5dbdf8b657a0e89,p_d0cb4d7800d6e1d73e78a936c40536e9,p_3dd478bd944ece2906a0c8e4425f63be,6,509763,1226,2085,175897,2548196,3311,2724093,6.495175208871574,5343.8421384054946,822.74025974025972,0.37028088190878888,0.064570849820472356
r_9aa1c6c0462ec579dcff5009a5fe1677,Tor file transfer,d_3e1af2e0e0112280268374b53ba71493,0,0,a_e7d8c038c18055500148c5915382bd98,a_8ccd6c0f86b5608ad1b0ccd3345969b3,p_557f09abc09d81bdde0bb2bb521ecafc,p_2313704d6916acc778397dda2b5b461d,6,68285,11,0,660,0,11,660,0.16108955114593249,9.6653730687559491,60,1,1
r_7efd1b1e8ee26c3c07746b9f19d4764b,Tor file transfer,d_3e1af2e0e0112280268374b53ba71493,0,0,a_e7d8c038c18055500148c5915382bd98,a_4b28b90d4e15f70a3dd6866a029d7cff,p_bbafc37ebd3f07b2c846d49fbeb82345,p_3dd478bd944ece2906a0c8e4425f63be,6,1690200,450,448,155921,154800,898,310721,0.5312980712341735,183.83682404449178,346.01447661469933,0.50111358574610243,0.50180386906581786
r_c80a91fc9f868d5f9467b3a265f18174,Tor file transfer,d_3e1af2e0e0112280268374b53ba71493,0,0,a_e7d8c038c18055500148c5915382bd98,a_e1d77818bb30a6149a11bf7b3ad780ff,p_b1e684b58a4f80be7720a860648581ad,p_2313704d6916acc778397dda2b5b461d,6,629070,159,154,65212,49397,313,114609,0.49755988999634376,182.18799179741521,366.16293929712458,0.50798722044728439,0.56899545410918861
r_fd78534975f547cde448f200f5775002,Tor file transfer,d_3e1af2e0e0112280268374b53ba71493,0,0,a_e7d8c038c18055500148c5915382bd98,a_1c0803e23dd093df2dcfd914e7c3c7b6,p_647f6606283db8ba1d004aaec3e89cb4,p_2313704d6916acc778397dda2b5b461d,6,962648,2508,1241,2979850,276134,3749,3255984,3.8944660976805645,3382.3204328061761,868.49399839957323,0.66897839423846361,0.91519184369456363
r_60cb20fdc6245cd5fe69f39ad9a7673b,Tor file transfer,d_3e1af2e0e0112280268374b53ba71493,0,0,a_e7d8c038c18055500148c5915382bd98,a_e1d77818bb30a6149a11bf7b3ad780ff,p_f70adce198bc7d62e36ffc21509eafd7,p_2313704d6916acc778397dda2b5b461d,6,1668263,615,594,294586,207227,1209,501813,0.72470587671128595,300.79969405303603,415.06451612903226,0.50868486352357323,0.58704338070157613
r_95305daaf68ed44b0ee339e892518b2e,Tor file transfer,d_3e1af2e0e0112280268374b53ba71493,0,0,a_e7d8c038c18055500148c5915382bd98,a_6b84309c5501538ae14f0e3b1fadd646,p_02f168e32aa2e0e608623733560e00cd,p_3dd478bd944ece2906a0c8e4425f63be,6,1633991,421,437,150135,139197,858,289332,0.52509469146402887,177.07074273970909,337.2167832167832,0.49067599067599066,0.51890216083945084
r_b2ea1f20c7c4e6a9f645badfb4beb2f3,Tor file transfer,d_3e1af2e0e0112280268374b53ba71493,0,0,a_e7d8c038c18055500148c5915382bd98,a_697f19052045484030e4ef21940783fd,p_662662f09efe39e65268afe38736d651,p_2313704d6916acc778397dda2b5b461d,6,67940,11,0,660,0,11,660,0.16190756549896967,9.7144539299381805,60,1,1
r_24ade596d7dea5b86649e00b5d089013,Tor file transfer,d_3e1af2e0e0112280268374b53ba71493,0,0,a_e7d8c038c18055500148c5915382bd98,a_425fa51d14cdc682086cb8f4fa1bdaa1,p_a5547aeeb77a714de6c88ebdce72245a,p_2313704d6916acc778397dda2b5b461d,6,68010,11,0,660,0,11,660,0.16174092045287455,9.704455227172474,60,1,1
r_49e2e12adab1ee23d27e9ceddc7aab5b,Tor file transfer,d_3e1af2e0e0112280268374b53ba71493,0,0,a_e7d8c038c18055500148c5915382bd98,a_09e74a1c68e13c3f405cf762791efe57,p_04afdbd004da10060c38750e73a7816b,p_2313704d6916acc778397dda2b5b461d,6,68119,11,0,660,0,11,660,0.1614821121860274,9.6889267311616436,60,1,1
r_0e4453133d841aa59b96e855197a50cc,Tor file transfer,d_3e1af2e0e0112280268374b53ba71493,0,0,a_e7d8c038c18055500148c5915382bd98,a_536efd24dab35332b9d57c179c04e3bc,p_f450c12affa499c48064453eea4ae0c6,p_2313704d6916acc778397dda2b5b461d,6,1473010,599,564,323361,200631,1163,523992,0.7895397858806118,355.72874590124985,450.55202063628548,0.51504729148753225,0.61711056657353547
r_59bae6a11d7b1bc4caca5f6a9cadeb0b,Tor file transfer,d_3e1af2e0e0112280268374b53ba71493,0,0,a_e7d8c038c18055500148c5915382bd98,a_a5a3892d88669b49d7f02244f319b29e,p_c75777e73e925c9ef76c497f1e73bebc,p_3dd478bd944ece2906a0c8e4425f63be,6,985544,2305,1221,2714245,263362,3526,2977607,3.577719513284034,3021.2826621642462,844.4716392512762,0.65371525808281339,0.91155246478128238
r_3c6b60335024db5f3b646e7d2a05d398,Tor file transfer,d_3e1af2e0e0112280268374b53ba71493,0,0,a_7776b9fea893f0b2ffce1b0bcb13451c,a_e7d8c038c18055500148c5915382bd98,p_2313704d6916acc778397dda2b5b461d,p_611550cbfe8ab497a06f93a44ac4bdbc,6,213,3,2,132,128,5,260,23.474178403755868,1220.6572769953052,52,0.59999999999999998,0.50769230769230766
r_b841d81797701c378591d512e608128f,Tor file transfer,d_3e1af2e0e0112280268374b53ba71493,0,0,a_e7d8c038c18055500148c5915382bd98,a_49fab310d419f023adfe67bcbbae2b84,p_58e7cb8e6e58c60ade53a4e802ead9e1,p_2313704d6916acc778397dda2b5b461d,6,29312,3,2,663,80,5,743,0.17057860262008734,25.347980349344976,148.59999999999999,0.59999999999999998,0.89232839838492595
r_e05f37e49be2452dc107586ed5e21ed3,Tor file transfer,d_3e1af2e0e0112280268374b53ba71493,0,0,a_e7d8c038c18055500148c5915382bd98,a_de0305b94b8d5449c3a9dc13f39c8682,p_d286797ae0ee9ee953739f87e17cb39d,p_e3b7775486eca350dd96d9c41ec24189,6,14437,3,4,716,184,7,900,0.48486527671954011,62.339821292512298,128.57142857142858,0.42857142857142855,0.79555555555555557
r_b61beb3e0cc9e27317f74cd65828aefe,Tor file transfer,d_3e1af2e0e0112280268374b53ba71493,0,0,a_e7d8c038c18055500148c5915382bd98,a_4b5ad2f07b9d106d5eb4b43320f80b67,p_b1df071862d4f7f8a37e813eaedd3aa0,p_135abb979b9b69497d97e09f6e5681ce,6,3054,4,0,240,0,4,240,1.3097576948264571,78.585461689587433,60,1,1
r_99d27736f9c73ad3bfd8f7f489163b68,Tor file transfer,d_3e1af2e0e0112280268374b53ba71493,0,0,a_e7d8c038c18055500148c5915382bd98,a_d408411cdec3ffa91ba529b3c22f1cdf,p_8fb96f1beeea3a3db9a9b0ad128ffc5f,p_2313704d6916acc778397dda2b5b461d,6,390136,83,83,26744,27005,166,53749,0.4254926487173703,137.76990587897552,323.78915662650604,0.5,0.49757204785205306
r_52f12d9e9e6a822edd9af5bea96521f0,Tor file transfer,d_3e1af2e0e0112280268374b53ba71493,0,0,a_e7d8c038c18055500148c5915382bd98,a_3d26597d2d9ef9f9e68df825853f332b,p_93c37e7cf9af0c9f9c90dbda003bd00d,p_9406d027426ecf68d05e1853e679fc06,6,381,3,2,132,128,5,260,13.123359580052494,682.41469816272968,52,0.59999999999999998,0.50769230769230766
r_a8815bda4d4ecca123a2284d34913416,Tor file transfer,d_3e1af2e0e0112280268374b53ba71493,0,0,a_d190484c8ea30b97fcb6b3107a5a128d,a_e7d8c038c18055500148c5915382bd98,p_3dd478bd944ece2906a0c8e4425f63be,p_01a1f6e4fe9edcef0db5228c2c7fd039,6,340,3,2,132,128,5,260,14.705882352941176,764.7058823529411,52,0.59999999999999998,0.50769230769230766
r_93c377789a34324176f9be493252fcee,Tor file transfer,d_3e1af2e0e0112280268374b53ba71493,0,0,a_e1d77818bb30a6149a11bf7b3ad780ff,a_e7d8c038c18055500148c5915382bd98,p_2313704d6916acc778397dda2b5b461d,p_67f29899d689a917d5d34ed14f249f2b,6,253,3,2,132,128,5,260,19.762845849802371,1027.6679841897233,52,0.59999999999999998,0.50769230769230766
r_429db58f0342fbb28d64ab2086037263,Tor file transfer,d_3e1af2e0e0112280268374b53ba71493,0,0,a_e7d8c038c18055500148c5915382bd98,a_7f1a11087901a31c7bec0516e6b2306f,p_7c5384b5a4d1aa01bc234e5ee1722f16,p_8beb4e10bed4eda0c778a9e8f697d7ab,6,619178,147,140,47940,64724,287,112664,0.4635177606439505,181.95736928637646,392.55749128919859,0.51219512195121952,0.4255130298941987
r_4709be4544da01eafa7598eee678086b,Tor file transfer,d_3e1af2e0e0112280268374b53ba71493,0,0,a_e7d8c038c18055500148c5915382bd98,a_f616d312a2256daa7c9d57932ac4357f,p_9ddb856c9e24eea68c1fbac3cee9b4f4,p_3dd478bd944ece2906a0c8e4425f63be,6,972638,1087,738,1110330,184649,1825,1294979,1.8763404267569228,1331.4090134253443,709.5775342465754,0.5956164383561644,0.85741158736937051
r_91075d269df10c1436f6559aeb8f4c6e,Tor file transfer,d_3e1af2e0e0112280268374b53ba71493,0,0,a_e7d8c038c18055500148c5915382bd98,a_7f1a11087901a31c7bec0516e6b2306f,p_fca8010cac3dcaf7a10f6ca00f357193,p_8beb4e10bed4eda0c778a9e8f697d7ab,6,1397056,603,527,349402,189672,1130,539074,0.80884373997892711,385.8642745888497,477.05663716814161,0.53362831858407078,0.64815220173853683
r_040fee4555be8927d167e369af690b18,Tor file transfer,d_3e1af2e0e0112280268374b53ba71493,0,0,a_e7d8c038c18055500148c5915382bd98,a_3d26597d2d9ef9f9e68df825853f332b,p_f638c3e8eec2777ea560db9aa498eec2,p_9406d027426ecf68d05e1853e679fc06,6,342,3,2,132,128,5,260,14.619883040935671,760.23391812865486,52,0.59999999999999998,0.50769230769230766
r_5c7a752dc0f6752d351737d9a8400659,Tor file transfer,d_3e1af2e0e0112280268374b53ba71493,0,0,a_e7d8c038c18055500148c5915382bd98,a_b282424f0717adb21aefa5277bcfc450,p_c5012c4d85f5d2575ce5f8e9cec71c9b,p_2313704d6916acc778397dda2b5b461d,6,68143,11,0,660,0,11,660,0.1614252381022262,9.6855142861335715,60,1,1
r_f5c789655191e51e779383f18f2014e6,Tor file transfer,d_3e1af2e0e0112280268374b53ba71493,0,0,a_e7d8c038c18055500148c5915382bd98,a_10fe62dc20bcfaad00e579fa05e8e679,p_57a4078d447b62e742c05ea3da3f3b0c,p_2313704d6916acc778397dda2b5b461d,6,68188,11,0,660,0,11,660,0.16131870710388924,9.6791224262333539,60,1,1
r_401f23e62f6d42f8887c8a2a89d8c94c,Tor file transfer,d_3e1af2e0e0112280268374b53ba71493,0,0,a_e7d8c038c18055500148c5915382bd98,a_3d1ef2eefa0bb9ecb4ab1ecf791edd5f,p_1f1993dd1202f25fb3e1b7d4cf9fb05b,p_2313704d6916acc778397dda2b5b461d,6,25313,4,3,720,180,7,900,0.27653774740252046,35.554853237466915,128.57142857142858,0.5714285714285714,0.80000000000000004
r_d4a8ca093976e031f9c1e3429b018001,Tor file transfer,d_3e1af2e0e0112280268374b53ba71493,0,0,a_e7d8c038c18055500148c5915382bd98,a_5ce92e7d66ad15c87973f33e6314ae49,p_2cc4447db65e95c2d4bb6d3574033f77,p_59add6c69faa2fcebe82de14314cf8aa,6,319,3,2,132,128,5,260,15.67398119122257,815.04702194357367,52,0.59999999999999998,0.50769230769230766
r_0284dafecbe622c1b83d87994e579fca,Tor file transfer,d_3e1af2e0e0112280268374b53ba71493,0,0,a_e7d8c038c18055500148c5915382bd98,a_3e0292247e5370b9c28ac733207611a7,p_088e7e8e5ed88a514a52865bde933003,p_3dd478bd944ece2906a0c8e4425f63be,6,1368,4,4,720,232,8,952,5.8479532163742682,695.90643274853801,119,0.5,0.75630252100840334
r_796e4ae5095b4613ed23820b69d2d50b,Tor file transfer,d_3e1af2e0e0112280268374b53ba71493,0,0,a_e7d8c038c18055500148c5915382bd98,a_376cf29ff0684e749f106c7ffc1f74ee,p_3c19433541b369a2c6c22c0e1a15d9ce,p_0c96cc35810b30f371e5bf40c3e1dcc5,6,225,1,1,60,40,2,100,8.8888888888888893,444.44444444444446,50,0.5,0.59999999999999998
r_f9400b3779354d9913e748454dd4f5ff,Tor file transfer,d_3e1af2e0e0112280268374b53ba71493,0,0,a_e7d8c038c18055500148c5915382bd98,a_e6d344fe11a92aca34c94c5a2b558b15,p_dfa555b24b55585ab627b876a788a891,p_d7195ebfc9c48d4a0beab7870d0eba9c,6,1034,4,2,184,128,6,312,5.8027079303675047,301.74081237911025,52,0.66666666666666663,0.58974358974358976
r_5418f13be50e3ffc8e2964ba9b52188e,Tor file transfer,d_3e1af2e0e0112280268374b53ba71493,0,0,a_e7d8c038c18055500148c5915382bd98,a_9936b403d2ba954f2e718ac973fbf378,p_a5a723f80c375db5d548f827e678a400,p_59add6c69faa2fcebe82de14314cf8aa,6,631120,153,145,65973,44072,298,110045,0.47217644821903915,174.36462162504753,369.27852348993287,0.51342281879194629,0.59950929165341449
r_2b3e2b1c88da7b9e58f27017d90f906e,Tor file transfer,d_3e1af2e0e0112280268374b53ba71493,0,0,a_e7d8c038c18055500148c5915382bd98,a_ef65391fdc1bc756ffb591ea5a40dd3e,p_da22730e0e41f61966552d6e7a9e2422,p_e32e3852b6f8a2668efe3eb391417b36,6,1224156,2431,1388,2794027,305137,3819,3099164,3.1197004303373101,2531.6740676841841,811.51191411364232,0.63655407174653056,0.90154215782062519
r_a55c34b3fa240eee689c0f0f384b1822,Tor file transfer,d_3e1af2e0e0112280268374b53ba71493,0,0,a_e7d8c038c18055500148c5915382bd98,a_9936b403d2ba954f2e718ac973fbf378,p_2d7ebd00e3c9e196f2f655b4bbc6a817,p_59add6c69faa2fcebe82de14314cf8aa,6,1220792,467,452,238862,155824,919,394686,0.75278999207072139,323.30323265552204,429.4733405875952,0.50816104461371059,0.6051950157846997
r_3acb723c86938755fed0a69d14c45bdb,Tor file transfer,d_3e1af2e0e0112280268374b53ba71493,0,0,a_e7d8c038c18055500148c5915382bd98,a_48a70e908887e7664f49e73874d8ed73,p_d61181a7cb25246ebef826586aa8c5f2,p_2313704d6916acc778397dda2b5b461d,6,354,3,2,132,128,5,260,14.124293785310735,734.46327683615823,52,0.59999999999999998,0.50769230769230766
r_90067b57ec368fd087ef3f764dafc56b,Tor file transfer,d_3e1af2e0e0112280268374b53ba71493,0,0,a_3e0292247e5370b9c28ac733207611a7,a_e7d8c038c18055500148c5915382bd98,p_3dd478bd944ece2906a0c8e4425f63be,p_70e0d1129ac3132961ea7b074de0732e,6,328,3,2,132,128,5,260,15.24390243902439,792.68292682926824,52,0.59999999999999998,0.50769230769230766
r_273a079a4303adaaad4248965b4d2720,Tor file transfer,d_3e1af2e0e0112280268374b53ba71493,0,0,a_e7d8c038c18055500148c5915382bd98,a_eec5a7d1206ddf867ba4dce6fdc3ff7a,p_09914dbe8731f2724e2163324f020f3b,p_4ab90d1928ebd5a7235cc2db9185505b,6,68053,11,0,660,0,11,660,0.16163872276020161,9.6983233656120973,60,1,1
r_76942ff1d254ffbf60652cad57d03c6b,Tor file transfer,d_3e1af2e0e0112280268374b53ba71493,0,0,a_75d004b3234b7f9cc3a6df4c2d0a16a3,a_e7d8c038c18055500148c5915382bd98,p_2313704d6916acc778397dda2b5b461d,p_2fabe642fc2e4e068a5009884697d365,6,276,3,2,132,128,5,260,18.115942028985504,942.02898550724626,52,0.59999999999999998,0.50769230769230766
r_b32b611038ee6d5591f4c98ce3382509,Tor file transfer,d_3e1af2e0e0112280268374b53ba71493,0,0,a_e7d8c038c18055500148c5915382bd98,a_536efd24dab35332b9d57c179c04e3bc,p_14a7a5fe7ff07cbec63a591c2aa8fd30,p_2313704d6916acc778397dda2b5b461d,6,17341,4,3,720,180,7,900,0.4036676085577533,51.900121100282561,128.57142857142858,0.5714285714285714,0.80000000000000004
r_ea1bcef992e1be8addb61a74a4406d29,Tor file transfer,d_3e1af2e0e0112280268374b53ba71493,0,0,a_e7d8c038c18055500148c5915382bd98,a_159c39f7f38ced3cf0a8948386b1fca7,p_2d928516446669ad9a91a81ebd90a1bb,p_52493e7267d0883db73d7af93ccc6bf0,6,68121,11,0,660,0,11,660,0.16147737114839772,9.6886422689038625,60,1,1
r_a2bfe4c71eb1e7a05c76e887ad4b3567,Tor file transfer,d_3e1af2e0e0112280268374b53ba71493,0,0,a_e7d8c038c18055500148c5915382bd98,a_1f4252b9b2413b0dbeee9601864c204c,p_3f172ae6f3dd981ea7d4269ab54f3f01,p_3dd478bd944ece2906a0c8e4425f63be,6,623126,157,147,66419,44568,304,110987,0.48786280784303659,178.11325478314177,365.0888157894737,0.51644736842105265,0.59843945687332756
r_207a2035bb8a4aff220a830b6ffd7337,Tor file transfer,d_3e1af2e0e0112280268374b53ba71493,0,0,a_e7d8c038c18055500148c5915382bd98,a_a11d53b741b3d1abb0e879e7d49b9e1a,p_a3df5772024aa8130083299fa3a64d71,p_3dd478bd944ece2906a0c8e4425f63be,6,1147954,1281,823,1285300,227430,2104,1512730,1.8328260540056485,1317.7618615380059,718.97813688212932,0.60884030418250945,0.84965592009149027
r_fb8b5fca18d1eda2de5afb95f0afbb7f,Tor file transfer,d_3e1af2e0e0112280268374b53ba71493,0,0,a_e7d8c038c18055500148c5915382bd98,a_1f4252b9b2413b0dbeee9601864c204c,p_233e6bbe0dbf67fa2a2e460c34121531,p_3dd478bd944ece2906a0c8e4425f63be,6,837338,378,321,252677,101318,699,353995,0.83478834114778022,422.76237313964015,506.43061516452076,0.54077253218884125,0.71378691789432058
r_94ad976ba8ad08d853d3160ba767c23e,Tor file transfer,d_3e1af2e0e0112280268374b53ba71493,0,0,a_48a70e908887e7664f49e73874d8ed73,a_e7d8c038c18055500148c5915382bd98,p_2313704d6916acc778397dda2b5b461d,p_43a082802a35bbc0537e07e5f76ef80e,6,383,3,2,132,128,5,260,13.054830287206267,678.8511749347258,52,0.59999999999999998,0.50769230769230766
r_cf6a14c7bf8b3c8e19e91a94e19f6988,Tor file transfer,d_3e1af2e0e0112280268374b53ba71493,0,0,a_7f1a11087901a31c7bec0516e6b2306f,a_e7d8c038c18055500148c5915382bd98,p_8beb4e10bed4eda0c778a9e8f697d7ab,p_38551696384fd57e05df8be611ec41ed,6,302,3,2,132,128,5,260,16.556291390728479,860.92715231788077,52,0.59999999999999998,0.50769230769230766
r_1c56871d4b5edf2163808588ab8c41a5,Tor file transfer,d_3e1af2e0e0112280268374b53ba71493,0,0,a_e7d8c038c18055500148c5915382bd98,a_e2370a5f48648ec5a5dbdf8b657a0e89,p_269a26dfbe25d8ea21cd40371eea8989,p_3dd478bd944ece2906a0c8e4425f63be,6,1132810,1354,2282,217972,2719328,3636,2937300,3.2097174283419108,2592.9326188857799,807.83828382838283,0.37238723872387236,0.074208286521635511
r_6215471d7e7a7b554f583b53b8b16aae,Tor file transfer,d_3e1af2e0e0112280268374b53ba71493,0,0,a_e7d8c038c18055500148c5915382bd98,a_58597d7dc9015e05b95c2a7248b06cfe,p_43a082802a35bbc0537e07e5f76ef80e,p_43df02fd0b2e49858e28f6f6da383215,6,67889,11,0,660,0,11,660,0.16202919471490226,9.721751682894137,60,1,1
r_8ab9a3a35ff4b4adc4f7058d5c538989,Tor file transfer,d_3e1af2e0e0112280268374b53ba71493,0,0,a_e7d8c038c18055500148c5915382bd98,a_971451e0ea2519817e0785a3a934f07c,p_c4d7e39084e24e6a7ae66a78aa4cb9b2,p_64eab6039291da87b7bab47109b51546,6,3102,4,0,240,0,4,240,1.2894906511927788,77.369439071566731,60,1,1
r_b153b5c09f1780ac3fac787eb04424ee,Tor file transfer,d_3e1af2e0e0112280268374b53ba71493,0,0,a_e7d8c038c18055500148c5915382bd98,a_1c2ce150b76eefb875be7c22dd3e2039,p_16ed90d21b0bb1fd4a8408555eef5e08,p_2313704d6916acc778397dda2b5b461d,6,197652,64,56,23809,27467,120,51276,0.60712767895088338,259.42565721571248,427.30000000000001,0.53333333333333333,0.46433029097433498
r_b721f8cb91e467cc001bc58671f29636,Tor file transfer,d_3e1af2e0e0112280268374b53ba71493,0,0,a_e7d8c038c18055500148c5915382bd98,a_40d53c59d30e4fe2ea51f7e55b3eb432,p_b768c0825d49c0c0e4b31f822d778547,p_2313704d6916acc778397dda2b5b461d,6,1093403,2409,1181,2756925,265158,3590,3022083,3.2833273733472472,2763.9241889769828,841.80584958217275,0.67103064066852369,0.91225985520582986
r_3293326a1cb067e0ec3d72b25e0a6f6a,Tor file transfer,d_3e1af2e0e0112280268374b53ba71493,0,0,a_e7d8c038c18055500148c5915382bd98,a_8a3c671f3ce4d124a416fbf3a729d2d9,p_d9bd8b892342cb09431da47b32c766a1,p_018bddd8ee5d54a934fb83e788d3889a,6,357845,78,79,23227,27889,157,51116,0.43873744218865707,142.84396875742289,325.57961783439492,0.49681528662420382,0.45439784020658891
r_b8c3a10b745609e5cb981a698b4cf280,Tor file transfer,d_3e1af2e0e0112280268374b53ba71493,0,0,a_e7d8c038c18055500148c5915382bd98,a_2c93704d57176602fbdd95e157abeff2,p_ad03668245b9995053ee84c6757f8104,p_2313704d6916acc778397dda2b5b461d,6,304903,68,68,21643,22471,136,44114,0.44604349580030367,144.68207921863674,324.36764705882354,0.5,0.49061522419186654
r_264934f50744deadc812cf5362da8e22,Tor file transfer,d_3e1af2e0e0112280268374b53ba71493,0,0,a_e7d8c038c18055500148c5915382bd98,a_0d505caa56c6d0068fe0d17c80cde009,p_272fabc2881b47c42f278eb20a64b3e9,p_3dd478bd944ece2906a0c8e4425f63be,6,331192,69,70,27624,17726,139,45350,0.4196961279257953,136.92963598154543,326.25899280575538,0.49640287769784175,0.60912899669239251
r_2e47ff76ad782107fd30d25ff14f4769,Tor file transfer,d_3e1af2e0e0112280268374b53ba71493,0,0,a_e7d8c038c18055500148c5915382bd98,a_a370179cd557e0b03dac67aa23da01f0,p_5e4366d210c705c299ad05a125ca7641,p_3dd478bd944ece2906a0c8e4425f63be,6,281809,64,67,24144,16960,131,41104,0.46485385491591819,145.85765536231986,313.7709923664122,0.48854961832061067,0.58738808875048654
r_5a4a95ef36dfdc58c53835f8f3ce9b37,Tor file transfer,d_3e1af2e0e0112280268374b53ba71493,0,0,a_e7d8c038c18055500148c5915382bd98,a_a0f7f7d575ae72d90810eb945c91356c,p_abeb2a9549405c3e4699b738acf59b71,p_2313704d6916acc778397dda2b5b461d,6,280751,69,69,26500,17709,138,44209,0.49153876566779819,157.46693689425862,320.35507246376812,0.5,0.59942545635504085
r_efed1eb9063d4a25dc024c8bdf2379ff,Tor file transfer,d_3e1af2e0e0112280268374b53ba71493,0,0,a_e7d8c038c18055500148c5915382bd98,a_42696756799708f083babf57a3712ef2,p_9ababe898b0832745403daf42c7dae41,p_2313704d6916acc778397dda2b5b461d,6,313654,109,113,24529,27489,222,52018,0.70778628680010458,165.8451669674227,234.3153153153153,0.49099099099099097,0.47154831020031529
r_30b815be96951915b00cff0cc5cadb37,Tor file transfer,d_3e1af2e0e0112280268374b53ba71493,0,0,a_e7d8c038c18055500148c5915382bd98,a_9c501f37fe6e8b0adff128764166cfe3,p_8757c302fdd46c2ab1af6a23d0084201,p_2313704d6916acc778397dda2b5b461d,6,285736,62,62,17586,22696,124,40282,0.43396701850659353,140.97628580227902,324.85483870967744,0.5,0.43657216622809197
r_0fcb13495074fc2bd6e1183c398fb3e8,Tor file transfer,d_3e1af2e0e0112280268374b53ba71493,0,0,a_e7d8c038c18055500148c5915382bd98,a_2999219024cced98c9f7dad5a39c1f51,p_4adcce23f124ae384ed2c940d5399e05,p_5a6ec06c58663f35a2e4e7315352cbce,6,299818,68,67,21613,21889,135,43502,0.45027316572053716,145.09469077907264,322.23703703703706,0.50370370370370365,0.49682773205829617
r_32dc608718e1521d877e95b1098b7fcb,Tor file transfer,d_3e1af2e0e0112280268374b53ba71493,0,0,a_e7d8c038c18055500148c5915382bd98,a_8885c911cdd7f8ec56a32a0eeeb15c42,p_f47a97388ce108fe975e97c8b6f8a880,p_6a2ea2ff227756285c2d50a0b1d93ac3,6,316730,69,69,21179,23549,138,44728,0.43570233321756696,141.21807217503866,324.1159420289855,0.5,0.47350652834913254
r_b14eefa9e70617077963254b2863b7cc,Tor file transfer,d_3e1af2e0e0112280268374b53ba71493,0,0,a_e7d8c038c18055500148c5915382bd98,a_44549917b2a1c73df76eb271bcd926f3,p_853f1eb3a875309f3c112ec1c8130e54,p_e805c9d7b1b02a765dbe79d4dc8d4bd7,6,298207,70,69,19631,24120,139,43751,0.46611917225283112,146.71352449808356,314.75539568345323,0.50359712230215825,0.44869831546707506
r_34d24ae65234e1e1205c5dbba8c6de7a,Tor file transfer,d_3e1af2e0e0112280268374b53ba71493,0,0,a_e7d8c038c18055500148c5915382bd98,a_a1d9df2203b826ac83270440d46f5fd6,p_cdde1d78275ab51e2a8027eaa8ae5521,p_b6b5a9272bf803d8c02166b9e772fc82,6,303713,67,66,19422,23480,133,42902,0.43791342484516627,141.25835904291222,322.57142857142856,0.50375939849624063,0.45270616754463661
r_2ac4b36f00714b2011ff9ea31a608457,Tor file transfer,d_3e1af2e0e0112280268374b53ba71493,0,0,a_e7d8c038c18055500148c5915382bd98,a_1c2ce150b76eefb875be7c22dd3e2039,p_71a5ca422428a79e34a62572d45ce314,p_2313704d6916acc778397dda2b5b461d,6,1083669,487,429,298925,156545,916,455470,0.84527655584869543,420.30361669476559,497.23799126637556,0.53165938864628826,0.65630008562583708
r_b4bbb0c15e1044bc1c9e0d257d63809c,Tor file transfer,d_3e1af2e0e0112280268374b53ba71493,0,0,a_2f41308a96903d9050fe5ef9bbe0e314,a_e7d8c038c18055500148c5915382bd98,p_53b18b33cc21a2933da3a83a094344d3,p_db4e37583cf48af634322f6e9e631fd7,6,341,2,2,92,128,4,220,11.730205278592374,645.16129032258061,55,0.5,0.41818181818181815
r_a3b7971bc3d81bead575a6e93cdc0687,Tor file transfer,d_3e1af2e0e0112280268374b53ba71493,0,0,a_e7d8c038c18055500148c5915382bd98,a_3d26597d2d9ef9f9e68df825853f332b,p_8b39bed378662ec6b1174191bdec275d,p_9406d027426ecf68d05e1853e679fc06,6,1030073,307,321,105663,112288,628,217951,0.6096655285596263,211.58791658455272,347.05573248407643,0.48885350318471338,0.48480162972411228
r_5bac39e3d54921813290500b153b6fd0,Tor file transfer,d_3e1af2e0e0112280268374b53ba71493,0,0,a_e7d8c038c18055500148c5915382bd98,a_f7fbc14a8651769ade9ab032c0109ff5,p_0105c77b73a1feee9353a77f487da900,p_53b18b33cc21a2933da3a83a094344d3,6,1359,4,3,720,180,7,900,5.1508462104488597,662.25165562913912,128.57142857142858,0.5714285714285714,0.80000000000000004
r_dec7d1cf0b9c6fdd4d6723f6c22db705,Tor file transfer,d_3e1af2e0e0112280268374b53ba71493,0,0,a_9936b403d2ba954f2e718ac973fbf378,a_e7d8c038c18055500148c5915382bd98,p_59add6c69faa2fcebe82de14314cf8aa,p_1dbe50df3c9aa20553b21e860269b4b4,6,217,3,2,132,128,5,260,23.041474654377879,1198.1566820276498,52,0.59999999999999998,0.50769230769230766
r_3a05c9f45c327a22ca9afe66f4fceacc,Tor file transfer,d_3e1af2e0e0112280268374b53ba71493,0,0,a_e7d8c038c18055500148c5915382bd98,a_d06f51f99c0c98860de9b3c4de0d2f8c,p_ff55d050842d4bc20bca11ea7f990ee3,p_64eab6039291da87b7bab47109b51546,6,67901,11,0,660,0,11,660,0.16200055963829693,9.7200335782978158,60,1,1
r_8d6699dfecec346802e998b0c63d5706,Tor file transfer,d_3e1af2e0e0112280268374b53ba71493,0,0,a_e7d8c038c18055500148c5915382bd98,a_f1f07d04e5a0ed9e602b0c06eddb39b2,p_58ceb440dc04b3f1782b53484b32cb5a,p_3dd478bd944ece2906a0c8e4425f63be,6,1290,4,3,720,180,7,900,5.4263565891472867,697.67441860465112,128.57142857142858,0.5714285714285714,0.80000000000000004
r_8f37456c8c3a114766664f7f74cdd0c4,Tor file transfer,d_3e1af2e0e0112280268374b53ba71493,0,0,a_e7d8c038c18055500148c5915382bd98,a_7863a7175f25fefc6489337669d775c3,p_1ee07c9ad4b2c78763ce995b1ef5c443,p_2d36b619be089107b3d8a5a53b5aa6c4,6,67924,11,0,660,0,11,660,0.16194570402214237,9.7167422413285429,60,1,1
r_a2214f19559570f3916764ad86c561fc,Tor file transfer,d_3e1af2e0e0112280268374b53ba71493,0,0,a_e7d8c038c18055500148c5915382bd98,a_55713a472c58a5a0420eaa2984eca8a7,p_6d86101c61ce40d9fae6d2f9ccd43e9b,p_3dd478bd944ece2906a0c8e4425f63be,6,68345,9,0,468,0,9,468,0.13168483429658351,6.8476113834223424,52,1,1
r_bdf6f42ca599fbe7f07797db4fce5951,Tor file transfer,d_3e1af2e0e0112280268374b53ba71493,0,0,a_e7d8c038c18055500148c5915382bd98,a_f7fbc14a8651769ade9ab032c0109ff5,p_c1895810bed6374e61fa91a02379ef3e,p_53b18b33cc21a2933da3a83a094344d3,6,24334,4,3,720,180,7,900,0.28766335168899482,36.985288074299334,128.57142857142858,0.5714285714285714,0.80000000000000004
r_aca5fe8cc7c7f0da049c3595f4a98ec6,Tor file transfer,d_3e1af2e0e0112280268374b53ba71493,0,0,a_e7d8c038c18055500148c5915382bd98,a_1f4252b9b2413b0dbeee9601864c204c,p_564a373247f40bfd30e3e23385cea6e2,p_3dd478bd944ece2906a0c8e4425f63be,6,286,3,2,120,104,5,224,17.482517482517483,783.21678321678326,44.799999999999997,0.59999999999999998,0.5357142857142857
r_af6f263b9b133e93815d559d44abd03b,Tor file transfer,d_3e1af2e0e0112280268374b53ba71493,0,0,a_e7d8c038c18055500148c5915382bd98,a_4038c02309057cb7ace1aed4cf1ebf75,p_2fd099b8ff52c870f643deb2b78d6fbf,p_3dd478bd944ece2906a0c8e4425f63be,6,168,3,2,132,128,5,260,29.761904761904759,1547.6190476190475,52,0.59999999999999998,0.50769230769230766
r_38d04adefadb753310fa2a0b17b75fdf,Tor file transfer,d_3e1af2e0e0112280268374b53ba71493,0,0,a_f1f07d04e5a0ed9e602b0c06eddb39b2,a_e7d8c038c18055500148c5915382bd98,p_3dd478bd944ece2906a0c8e4425f63be,p_e23649bb30d1a54f7e5ddd81972541b9,6,348,3,2,132,128,5,260,14.367816091954024,747.1264367816093,52,0.59999999999999998,0.50769230769230766
r_081c68a1e7a7d660a1057c1882941cf5,Tor file transfer,d_3e1af2e0e0112280268374b53ba71493,0,0,a_5c25e15c88206e70e411bb4233d657e5,a_e7d8c038c18055500148c5915382bd98,p_2313704d6916acc778397dda2b5b461d,p_828958f417aa7be48a6d0092ae2b930f,6,262,3,2,132,128,5,260,19.083969465648853,992.36641221374043,52,0.59999999999999998,0.50769230769230766
r_57bdbb38ed619568d218bd8abfb88b31,Tor file transfer,d_3e1af2e0e0112280268374b53ba71493,0,0,a_1b5ed13f48b330d0e3b2b4abe569c9f7,a_e7d8c038c18055500148c5915382bd98,p_64eab6039291da87b7bab47109b51546,p_255b01fdeff9e96c8cad575c37ffc075,6,324,3,2,132,128,5,260,15.432098765432098,802.46913580246905,52,0.59999999999999998,0.50769230769230766
r_1a19dab37db7e71c5788507edc3461b1,Tor file transfer,d_3e1af2e0e0112280268374b53ba71493,0,0,a_e7d8c038c18055500148c5915382bd98,a_40d53c59d30e4fe2ea51f7e55b3eb432,p_710e5f244c38e8fb1c6e9dbae49a83ef,p_2313704d6916acc778397dda2b5b461d,6,263,3,2,132,128,5,260,19.011406844106464,988.59315589353605,52,0.59999999999999998,0.50769230769230766
r_576bf3dcf640a965a751457c112a8981,Tor file transfer,d_3e1af2e0e0112280268374b53ba71493,0,0,a_e7d8c038c18055500148c5915382bd98,a_1c2ce150b76eefb875be7c22dd3e2039,p_b5891ec707839972d07d22508451f84c,p_2313704d6916acc778397dda2b5b461d,6,319,2,1,104,52,3,156,9.4043887147335425,489.02821316614421,52,0.66666666666666663,0.66666666666666663
r_ea07517ce94aef202dfc24e3a4cfad1b,Tor file transfer,d_3e1af2e0e0112280268374b53ba71493,0,0,a_e7d8c038c18055500148c5915382bd98,a_3e0292247e5370b9c28ac733207611a7,p_88694714fb8ee98f0ae4d5109b603c39,p_3dd478bd944ece2906a0c8e4425f63be,6,846761,256,259,89104,90832,515,179936,0.60819995252497461,212.49915855831813,349.39029126213592,0.49708737864077668,0.49519829272630267
r_4b8749bf79967cdb65bf26bc1df95c92,Tor file transfer,d_3e1af2e0e0112280268374b53ba71493,0,0,a_e7d8c038c18055500148c5915382bd98,a_d9a5b99742e73c2621d91a908dcf412d,p_307ef4730a4e3f8f3a57563b6ebdc3fc,p_2313704d6916acc778397dda2b5b461d,6,460923,102,98,29324,57003,200,86327,0.43391195492522611,187.29158666414997,431.63499999999999,0.51000000000000001,0.33968515064811705
r_3fa0e02aa4f2c14678005df779cf91f7,Tor file transfer,d_3e1af2e0e0112280268374b53ba71493,0,0,a_e7d8c038c18055500148c5915382bd98,a_d6cc40fb34d30a737ca215eb6f086e94,p_ee1d3fbcf3a55e5ed8a1eae9b31ed67f,p_3dd478bd944ece2906a0c8e4425f63be,6,636971,155,149,67314,44866,304,112180,0.47725877630221786,176.11476817625919,369.01315789473682,0.50986842105263153,0.60005348546978066
r_5e131e57d51dcefe1ff8d161c5dd9e41,Tor file transfer,d_3e1af2e0e0112280268374b53ba71493,0,0,a_e7d8c038c18055500148c5915382bd98,a_0defcbabf8c36f5a5f20b809ff41bcc2,p_1f1788076749021f11d64f1a4dd91a93,p_3dd478bd944ece2906a0c8e4425f63be,6,820206,350,305,195399,107009,655,302408,0.79857986895974908,368.69761986622871,461.69160305343513,0.53435114503816794,0.64614362053913921
r_8836641b25400fe2e91346a282c97dfa,Tor file transfer,d_3e1af2e0e0112280268374b53ba71493,0,0,a_e7d8c038c18055500148c5915382bd98,a_d6cc40fb34d30a737ca215eb6f086e94,p_9088eb354e09145895a39559cc3e1f76,p_3dd478bd944ece2906a0c8e4425f63be,6,819701,2442,1325,2889208,256492,3767,3145700,4.5955781437377778,3837.6188390644879,835.06769312450228,0.64826121582160867,0.91846266331818038
r_f4fc3f7e72a9dfd4d4ed78ff8eeb78ed,Tor file transfer,d_3e1af2e0e0112280268374b53ba71493,0,0,a_e7d8c038c18055500148c5915382bd98,a_cf5bff76c6a22125ba228bff9e6fdf8e,p_0056714804bc5a88befda23f7ea783ed,p_2313704d6916acc778397dda2b5b461d,6,67901,11,0,660,0,11,660,0.16200055963829693,9.7200335782978158,60,1,1
r_3c4e8beecf0a956603d3956be8dffa33,Tor file transfer,d_3e1af2e0e0112280268374b53ba71493,0,0,a_e7d8c038c18055500148c5915382bd98,a_8ddbb68f650f9fd4ae6f810aa9f10bad,p_43b199d8c72101276cef7af2d48f952b,p_2313704d6916acc778397dda2b5b461d,6,212,1,1,60,40,2,100,9.433962264150944,471.69811320754718,50,0.5,0.59999999999999998
r_7d20de3bc73831bdd0eb1d1fe0f92a68,Tor file transfer,d_3e1af2e0e0112280268374b53ba71493,0,0,a_e7d8c038c18055500148c5915382bd98,a_b2ce6218e704befe601e07edc341da1d,p_61c3b30f6772bf40a21f6cb950578c22,p_2313704d6916acc778397dda2b5b461d,6,67969,11,0,660,0,11,660,0.16183848519177862,9.7103091115067173,60,1,1
r_5c36b6c2a09f5a18201c7efc2b318f06,Tor file transfer,d_3e1af2e0e0112280268374b53ba71493,0,0,a_e7d8c038c18055500148c5915382bd98,a_48a70e908887e7664f49e73874d8ed73,p_1d61c9074e6b8868628015625d4d8a60,p_2313704d6916acc778397dda2b5b461d,6,773043,240,250,87739,82894,490,170633,0.63385865986756229,220.72898920241175,348.23061224489794,0.48979591836734693,0.51419713654451371
r_d6b08f4988ef6242bb0ff3166ee40e7a,Tor file transfer,d_3e1af2e0e0112280268374b53ba71493,0,0,a_e7d8c038c18055500148c5915382bd98,a_62649351f8ba8e02535c4c4155165d2e,p_1729e7400211a815de227278c8f651ab,p_64eab6039291da87b7bab47109b51546,6,67931,11,0,660,0,11,660,0.16192901620762246,9.7157409724573469,60,1,1
r_5253f6f24fe3ac1d4555c012e96611a4,Tor file transfer,d_3e1af2e0e0112280268374b53ba71493,0,0,a_e7d8c038c18055500148c5915382bd98,a_6c3a691951faf822ad8f5a06fdbbaa30,p_d1ec832b4e062ce992d3a00f23aab542,p_3dd478bd944ece2906a0c8e4425f63be,6,630828,154,147,63975,45337,301,109312,0.47715066547458262,173.28336725700191,363.16279069767444,0.51162790697674421,0.58525139051522246
r_1706eb3349ef266c433df90ba3218bec,Tor file transfer,d_3e1af2e0e0112280268374b53ba71493,0,0,a_e7d8c038c18055500148c5915382bd98,a_1f105171d919d9689f8df1049cd49ece,p_3532b2d27ca305bbea5952110b765f73,p_2313704d6916acc778397dda2b5b461d,6,628534,1232,709,1355159,182688,1941,1537847,3.0881384300610626,2446.7204638094358,792.29623905203505,0.63472436888201955,0.88120534747604928
r_5a92b4eb56ca016459f0bdaa04c5fb02,Tor file transfer,d_3e1af2e0e0112280268374b53ba71493,0,0,a_e7d8c038c18055500148c5915382bd98,a_6c3a691951faf822ad8f5a06fdbbaa30,p_7f474cd143044114730b745c2308f175,p_3dd478bd944ece2906a0c8e4425f63be,6,629181,298,273,185654,90259,571,275913,0.90752899404146015,438.52722825387286,483.21015761821366,0.52189141856392296,0.67287152109541781
r_0eff2da945810d48e354d5d5b83249bf,Tor file transfer,d_3e1af2e0e0112280268374b53ba71493,0,0,a_4597ffd59430866bcf6987513c4d052f,a_e7d8c038c18055500148c5915382bd98,p_4b1c6dfa646a9fcf04705615d9a89740,p_cba717139b32a4950872772bdb33e362,6,357,3,2,132,128,5,260,14.005602240896359,728.29131652661067,52,0.59999999999999998,0.50769230769230766
r_ce9a865175f0e981e6c383d0eda43210,Tor file transfer,d_3e1af2e0e0112280268374b53ba71493,0,0,a_e7d8c038c18055500148c5915382bd98,a_1c0803e23dd093df2dcfd914e7c3c7b6,p_7ec84c27a8f427b30a8fab2075fd0149,p_2313704d6916acc778397dda2b5b461d,6,610906,134,131,43829,42932,265,86761,0.43378195663489966,142.02021260226616,327.39999999999998,0.50566037735849056,0.50516937333594591
r_5f71878f2c5fb2b4ab3b225ab676e802,Tor file transfer,d_3e1af2e0e0112280268374b53ba71493,0,0,a_e1ac69d38ca843d027c880acb90b728f,a_e7d8c038c18055500148c5915382bd98,p_3dd478bd944ece2906a0c8e4425f63be,p_a5e79b9baf131e899400650f8319b5ca,6,317,3,2,132,128,5,260,15.772870662460567,820.18927444794951,52,0.59999999999999998,0.50769230769230766
r_8352486c0563c1ca6050cabf3bb333dd,Tor file transfer,d_3e1af2e0e0112280268374b53ba71493,0,0,a_e7d8c038c18055500148c5915382bd98,a_c456bce599ef57328d55661d5f50120d,p_3ef61f66b4cb985c414f15fd35369d11,p_2313704d6916acc778397dda2b5b461d,6,586791,135,123,43136,58992,258,102128,0.43967954518729835,174.04493252282327,395.84496124031006,0.52325581395348841,0.42237192542691526
r_8303476476ddba323e9eeb4e63cf096e,Tor file transfer,d_3e1af2e0e0112280268374b53ba71493,0,0,a_e7d8c038c18055500148c5915382bd98,a_c549a3158953badaf5cece817abb2ac6,p_5ed815ec02020f32a3a9d9e1877c205e,p_3dd478bd944ece2906a0c8e4425f63be,6,581207,1061,679,1191206,136028,1740,1327234,2.9937698616843913,2283.5822693119662,762.77816091954026,0.60977011494252875,0.89751016022796282
r_2a0e69699ec235bcf164377ccd5fc8da,Tor file transfer,d_3e1af2e0e0112280268374b53ba71493,0,0,a_e7d8c038c18055500148c5915382bd98,a_17069549b61204a8bf57652fcf7ee8e1,p_b4aac5c5db1331d168362acf0fcb222d,p_3dd478bd944ece2906a0c8e4425f63be,6,580996,144,143,48064,78108,287,126172,0.4939793045046782,217.16500629952702,439.62369337979095,0.50174216027874563,0.38094030371239263
r_e60c71274d3d86b7f9ba874472d45bcb,Tor file transfer,d_3e1af2e0e0112280268374b53ba71493,0,0,a_e7d8c038c18055500148c5915382bd98,a_c456bce599ef57328d55661d5f50120d,p_693a4f77f37583c409c2fcb6c36b37d7,p_2313704d6916acc778397dda2b5b461d,6,576066,324,278,220228,96002,602,316230,1.0450191471116157,548.947516430409,525.29900332225918,0.53820598006644516,0.69641716472187964
r_42487502c7186795a4872c17ca63536e,Tor file transfer,d_3e1af2e0e0112280268374b53ba71493,0,0,a_e7d8c038c18055500148c5915382bd98,a_55713a472c58a5a0420eaa2984eca8a7,p_07fc3d95e69a58e0cec49fb2405c127c,p_3dd478bd944ece2906a0c8e4425f63be,6,318,3,3,132,180,6,312,18.867924528301888,981.13207547169804,52,0.5,0.42307692307692307
r_3a91a12e46105d49e7007cb4b941b12a,Tor file transfer,d_3e1af2e0e0112280268374b53ba71493,0,0,a_e7d8c038c18055500148c5915382bd98,a_f7fbc14a8651769ade9ab032c0109ff5,p_3b7f788f0a19d2b2515249495fc59da4,p_53b18b33cc21a2933da3a83a094344d3,6,562777,173,178,62353,60888,351,123241,0.62369286591314144,218.98727204558821,351.1139601139601,0.49287749287749288,0.50594363888640959
r_5b68bd0b19159d875e6c8ece858a7099,Tor file transfer,d_3e1af2e0e0112280268374b53ba71493,0,0,a_e7d8c038c18055500148c5915382bd98,a_2d7bf6217aa191f1963a700a89da0656,p_393466498a2ddc78be8334ac61b4600a,p_2313704d6916acc778397dda2b5b461d,6,68360,11,0,660,0,11,660,0.16091281451141018,9.6547688706846113,60,1,1
r_4392ff88a789603e94813f6afc807249,Tor file transfer,d_3e1af2e0e0112280268374b53ba71493,0,0,a_e7d8c038c18055500148c5915382bd98,a_58597d7dc9015e05b95c2a7248b06cfe,p_2c23e8c261f672c7b64c64494fc97ffa,p_43df02fd0b2e49858e28f6f6da383215,6,68384,11,0,660,0,11,660,0.16085634066448293,9.6513804398689746,60,1,1
r_3e09ac83d09f35d8c1c6725060e74d64,Tor file transfer,d_3e1af2e0e0112280268374b53ba71493,0,0,a_e7d8c038c18055500148c5915382bd98,a_fcff2c2b0294c1f0aecd4e91163cd8c0,p_d61df0171f22ea8afefd78d2db496881,p_64eab6039291da87b7bab47109b51546,6,67896,11,0,660,0,11,660,0.16201248969011428,9.7207493814068577,60,1,1
r_baf88aeac55d4e1bb1bb3b2c86a19924,Tor file transfer,d_3e1af2e0e0112280268374b53ba71493,0,0,a_e7d8c038c18055500148c5915382bd98,a_0defcbabf8c36f5a5f20b809ff41bcc2,p_c083c8ad3f226a37ecc564f7d84c5723,p_3dd478bd944ece2906a0c8e4425f63be,6,299,3,2,132,128,5,260,16.722408026755854,869.56521739130437,52,0.59999999999999998,0.50769230769230766
r_eb9c6974e153f2b44bdb2a8040231195,Tor file transfer,d_3e1af2e0e0112280268374b53ba71493,0,0,a_d6cc40fb34d30a737ca215eb6f086e94,a_e7d8c038c18055500148c5915382bd98,p_3dd478bd944ece2906a0c8e4425f63be,p_466ef023f6373482485c6af882cbe8db,6,296,3,2,132,128,5,260,16.891891891891891,878.37837837837844,52,0.59999999999999998,0.50769230769230766
r_41bf46a12fe60b0e3817eb9203f2e61f,Tor file transfer,d_3e1af2e0e0112280268374b53ba71493,0,0,a_e7d8c038c18055500148c5915382bd98,a_f1f07d04e5a0ed9e602b0c06eddb39b2,p_52b215e8a72b93ce7190aa306472e153,p_3dd478bd944ece2906a0c8e4425f63be,6,532254,185,187,65653,66164,372,131817,0.69891442807381432,247.65807302528492,354.34677419354841,0.49731182795698925,0.49806170676012956
r_338d7c2efcddf69e7a278ebfccd3b8aa,Tor file transfer,d_3e1af2e0e0112280268374b53ba71493,0,0,a_de34a842b1cb0dc34a445f63b4409448,a_e7d8c038c18055500148c5915382bd98,p_79c8d8bc2b7ad76fad40a09103840f43,p_47857a97dd46bdac96411c3a9aa10687,6,307,3,2,132,128,5,260,16.286644951140065,846.90553745928344,52,0.59999999999999998,0.50769230769230766
r_ee6e47c750aeccf257765432ee143408,Tor file transfer,d_3e1af2e0e0112280268374b53ba71493,0,0,a_e7d8c038c18055500148c5915382bd98,a_bc8ec52ac3ef5244bd581410b8060bf5,p_cf8d900e09437f216077cb6d4e436cfd,p_2313704d6916acc778397dda2b5b461d,6,1225,3,2,692,104,5,796,4.0816326530612246,649.79591836734687,159.19999999999999,0.59999999999999998,0.8693467336683417
r_be44e495f101533b6447dce1346006e6,Tor file transfer,d_3e1af2e0e0112280268374b53ba71493,0,0,a_ad7ecb02e1d31a5bf5addde2b8ca264d,a_e7d8c038c18055500148c5915382bd98,p_5b91bffc635f539b7237c9bbacd9a69d,p_ee3fab0621eb902ffdff2e4b1bf355dd,6,310,3,2,132,128,5,260,16.129032258064516,838.70967741935488,52,0.59999999999999998,0.50769230769230766
r_659ac1b67806e61805950925791c9a97,Tor file transfer,d_3e1af2e0e0112280268374b53ba71493,0,0,a_e7d8c038c18055500148c5915382bd98,a_e3c84c32ee6ae40a66b61093848cf32d,p_c15795ac69a860407cd0ef0ba41d8055,p_e2a4a4bf9c74500e61f176db310c2961,6,198403,63,58,19653,25650,121,45303,0.60986981043633415,228.33828117518385,374.40495867768595,0.52066115702479343,0.43381233030925104
r_2f552aedfa7426bc04b879bd5c24eed7,Tor file transfer,d_3e1af2e0e0112280268374b53ba71493,0,0,a_e7d8c038c18055500148c5915382bd98,a_4362a21eef786f71d38437758da8d82e,p_588ea12d153af01d1f9ddd4f44584f62,p_3dd478bd944ece2906a0c8e4425f63be,6,220,3,2,132,128,5,260,22.727272727272727,1181.8181818181818,52,0.59999999999999998,0.50769230769230766
r_44f3520c7d681c0c0b4156b2112dd2b7,Tor file transfer,d_3e1af2e0e0112280268374b53ba71493,0,0,a_e7d8c038c18055500148c5915382bd98,a_4dd5904814620678a0dc0e40ba7e5e16,p_8181689ea800cbcb34cd75f24484bfbe,p_3dd478bd944ece2906a0c8e4425f63be,6,408312,278,234,195836,80469,512,276305,1.2539430631477888,676.70066027939413,539.658203125,0.54296875,0.70876748520656518
r_6e1658ea25971c27896d470c81a28db2,Tor file transfer,d_3e1af2e0e0112280268374b53ba71493,0,0,a_e7d8c038c18055500148c5915382bd98,a_36ba62bef80fca06296b56d6974d584f,p_d863725d287857762719eb67f1854d30,p_38f33af6bff1d9bfe05735123e6bfd53,6,342123,72,72,26650,20044,144,46694,0.42090125481186591,136.48307772350881,324.26388888888891,0.5,0.57073713967533302
r_4a3ff1bf5262fad9c6aac6564d2a210a,Tor file transfer,d_3e1af2e0e0112280268374b53ba71493,0,0,a_e7d8c038c18055500148c5915382bd98,a_17092973109dc2eb1c79150fb1a48f0e,p_e7321339e52b6a9f302fb3ab10d1e2f9,p_3dd478bd944ece2906a0c8e4425f63be,6,289147,63,63,18161,21684,126,39845,0.43576450732672312,137.80187932089908,316.23015873015873,0.5,0.45579119086460035
r_3ac0b237c18e0829dc5936c865b6917c,Tor file transfer,d_3e1af2e0e0112280268374b53ba71493,0,0,a_e7d8c038c18055500148c5915382bd98,a_fd661cb8ae4eef4fd56050fb7bde7b6e,p_6d581f2579904ef036be9775a8024b90,p_013608c8f0af35c440aae1093951f7d0,6,348953,72,76,18662,27679,148,46341,0.4241258851478566,132.80011921376231,313.11486486486484,0.48648648648648651,0.40271034289290264
r_f1dfdf0e9a1bcb2fe7fcee0c9845eab1,Tor file transfer,d_3e1af2e0e0112280268374b53ba71493,0,0,a_e7d8c038c18055500148c5915382bd98,a_df5adc28bbb44197f5f22da823eb466d,p_800dc3837209cb994b21e4a3a4255b9d,p_85873a6acaae63d4d7c45d04a270827b,6,276096,66,64,18826,23368,130,42194,0.47085071859063515,152.82365554010198,324.56923076923078,0.50769230769230766,0.44617718158979952
r_535f82d1cac93ec26561c21d6222b119,Tor file transfer,d_3e1af2e0e0112280268374b53ba71493,0,0,a_e7d8c038c18055500148c5915382bd98,a_450e59d49ff3fa7eaf862bba4f5d3768,p_0a0eb75379de11b90330aa8c50f2d99c,p_3dd478bd944ece2906a0c8e4425f63be,6,304558,68,70,21121,23102,138,44223,0.45311566269807396,145.20386921374583,320.45652173913044,0.49275362318840582,0.47760215272595707
r_8365bbb8f89b5bdee6768f35931c0345,Tor file transfer,d_3e1af2e0e0112280268374b53ba71493,0,0,a_e7d8c038c18055500148c5915382bd98,a_00faf0f30652e82ac80e04181659042f,p_52546850147cbb1b432c99536a9e1b05,p_3d01955bb66b778c6aa471c3a2911a0a,6,291105,67,65,18108,23195,132,41303,0.45344463337970831,141.88351282183405,312.90151515151513,0.50757575757575757,0.43841851681475924
r_80633aebbef3d28cbb0f2206cf5fb5ff,Tor file transfer,d_3e1af2e0e0112280268374b53ba71493,0,0,a_e7d8c038c18055500148c5915382bd98,a_0cae38298d555abfd1d791f2ea53314e,p_b998b93d24119947d6ddd554428037db,p_3dd478bd944ece2906a0c8e4425f63be,6,325251,74,75,22000,26586,149,48586,0.45810773833131951,149.38001727896304,326.08053691275165,0.49664429530201343,0.4528053348701272
r_a824e9c944b607d8cc608907bfdf4402,Tor file transfer,d_3e1af2e0e0112280268374b53ba71493,0,0,a_e7d8c038c18055500148c5915382bd98,a_6380cb4c4df952563c325cc8a03f0e0b,p_ec3487d4b542e8b5b1730dc1c485d9f7,p_2313704d6916acc778397dda2b5b461d,6,300487,64,67,20397,21353,131,41750,0.43595895995500633,138.94111891695812,318.70229007633588,0.48854961832061067,0.48855089820359282
r_9d79e18b16f69278ae7afd2329b60dd1,Tor file transfer,d_3e1af2e0e0112280268374b53ba71493,0,0,a_e7d8c038c18055500148c5915382bd98,a_cd871d5eeb926ddfc627afca125e4046,p_8172623f6022ab6c66178c48f904e4a3,p_2313704d6916acc778397dda2b5b461d,6,337083,75,76,21992,26117,151,48109,0.44796088797121181,142.72152555898694,318.60264900662253,0.49668874172185429,0.45712860379554759
r_aae0df12d134272c7543d07cff0c1095,Tor file transfer,d_3e1af2e0e0112280268374b53ba71493,0,0,a_e7d8c038c18055500148c5915382bd98,a_e3c84c32ee6ae40a66b61093848cf32d,p_c30fc8149a3a54f1ca71a47be0718540,p_e2a4a4bf9c74500e61f176db310c2961,6,407642,1093,589,1230246,137804,1682,1368050,4.1261695311081779,3356.0084584022256,813.34720570749107,0.6498216409036861,0.89926976353203469
r_586ee8f8c9c6177fe7a65326241bf884,Tor file transfer,d_3e1af2e0e0112280268374b53ba71493,0,0,a_e7d8c038c18055500148c5915382bd98,a_6c3a691951faf822ad8f5a06fdbbaa30,p_ca73c5442cfd195d1e4a5200cdfeb43c,p_3dd478bd944ece2906a0c8e4425f63be,6,226,3,2,132,128,5,260,22.123893805309734,1150.4424778761061,52,0.59999999999999998,0.50769230769230766
r_ca4cba9dde937e6e02503746d456b84d,Tor file transfer,d_3e1af2e0e0112280268374b53ba71493,0,0,a_e7d8c038c18055500148c5915382bd98,a_bc8ec52ac3ef5244bd581410b8060bf5,p_2e2e0434e1764c540fccd0a4f9c6d985,p_2313704d6916acc778397dda2b5b461d,6,220,2,1,104,52,3,156,13.636363636363637,709.09090909090912,52,0.66666666666666663,0.66666666666666663
r_e869e8a90e523492371854b82a64dad5,Tor file transfer,d_3e1af2e0e0112280268374b53ba71493,0,0,a_e7d8c038c18055500148c5915382bd98,a_a677c5e1777da3470b75be1fbd46f406,p_b9e7c4a2b5ba86e59d4d4666d649102e,p_3dd478bd944ece2906a0c8e4425f63be,6,311,3,2,132,128,5,260,16.077170418006432,836.01286173633446,52,0.59999999999999998,0.50769230769230766
r_b119f5b0d3c3f8afb29cbc2e20b7bb7c,Tor file transfer,d_3e1af2e0e0112280268374b53ba71493,0,0,a_e7d8c038c18055500148c5915382bd98,a_c456bce599ef57328d55661d5f50120d,p_55ccf7e9bc485f05e5e8e8b0d3285487,p_2313704d6916acc778397dda2b5b461d,6,321,3,2,132,128,5,260,15.57632398753894,809.96884735202491,52,0.59999999999999998,0.50769230769230766
r_8fb940aecf5fc9176184d0e6f5f26c4b,Tor file transfer,d_3e1af2e0e0112280268374b53ba71493,0,0,a_e7d8c038c18055500148c5915382bd98,a_b586ae6153946314c9244e8b32cd2f59,p_744e6150eb5e83f841dd36fd1a2d47fa,p_3dd478bd944ece2906a0c8e4425f63be,6,250,2,1,104,52,3,156,12,624,52,0.66666666666666663,0.66666666666666663
r_929dcd58314fe75c3df056b367763393,Tor file transfer,d_3e1af2e0e0112280268374b53ba71493,0,0,a_e7d8c038c18055500148c5915382bd98,a_d373fa71c9e849f765d69bb335ecbf9e,p_70b27a75886e755c42432333b4bcaa3a,p_2313704d6916acc778397dda2b5b461d,6,12388,3,3,716,144,6,860,0.48433968356474005,69.422021310946079,143.33333333333334,0.5,0.83255813953488367
r_4909a91c5e8060e7f1393d5be7223437,Tor file transfer,d_3e1af2e0e0112280268374b53ba71493,0,0,a_87e2c0b2b2c34db0136c31995553216e,a_e7d8c038c18055500148c5915382bd98,p_3dd478bd944ece2906a0c8e4425f63be,p_c9c34b5e028b880d7a6d8c956f47d360,6,331,3,2,132,128,5,260,15.105740181268882,785.4984894259818,52,0.59999999999999998,0.50769230769230766
r_033bed1e3ac14c782597c6fbfe187e04,Tor file transfer,d_3e1af2e0e0112280268374b53ba71493,0,0,a_e7d8c038c18055500148c5915382bd98,a_c549a3158953badaf5cece817abb2ac6,p_b522e4030c615ef86924a9a0ba5a1ebf,p_3dd478bd944ece2906a0c8e4425f63be,6,15536,3,4,716,184,7,900,0.45056642636457261,57.929969104016479,128.57142857142858,0.42857142857142855,0.79555555555555557
r_46f71b6f1f3efe9378a9df1406bd8d4e,Tor file transfer,d_3e1af2e0e0112280268374b53ba71493,0,0,a_efa9a70c96d1a269183e3b7f1b825556,a_e7d8c038c18055500148c5915382bd98,p_3dd478bd944ece2906a0c8e4425f63be,p_6e6b065ea2bc62bcf771eda666c24a9b,6,365,3,2,132,128,5,260,13.698630136986301,712.32876712328766,52,0.59999999999999998,0.50769230769230766
r_03d72f8c8b37c8728b41a8779ce0339a,Tor file transfer,d_3e1af2e0e0112280268374b53ba71493,0,0,a_e7d8c038c18055500148c5915382bd98,a_674d5ee64f23b261c5642a10f9e60950,p_1d71f11fbe935073efd4d5879e2f07c6,p_e716c6cc1f53475b582f2fb3e8a2988d,6,282,1,1,60,40,2,100,7.0921985815602842,354.6099290780142,50,0.5,0.59999999999999998
r_ec6834da67e7057c7f60d2b46041254f,Tor file transfer,d_3e1af2e0e0112280268374b53ba71493,0,0,a_e7d8c038c18055500148c5915382bd98,a_0f5a47d60e85410568b66eb4ddd72c12,p_538af96b95d92621a80e4a23f7d41c35,p_ebe9cfafe284f540917a29fe9616a45d,6,319,1,1,60,40,2,100,6.2695924764890281,313.47962382445138,50,0.5,0.59999999999999998
r_5592646a19b031f133784972e0020207,Tor file transfer,d_3e1af2e0e0112280268374b53ba71493,0,0,a_e7d8c038c18055500148c5915382bd98,a_8e74c12ede11908c55557bf94887ef4b,p_9e7931912e81530b7dcf361f71f6d5f3,p_2313704d6916acc778397dda2b5b461d,6,0,1,0,60,0,1,60,,,60,1,1
r_45b0eb77ba558c6a37b3c0598abba869,Tor file transfer,d_3e1af2e0e0112280268374b53ba71493,0,0,a_e7d8c038c18055500148c5915382bd98,a_a4c91776a834f03fdfeff0928a4d4107,p_a56df1f5debb4c30da8f8905ed0ba1dd,p_346156c425c7ac656c5ba25e35116854,6,68076,11,0,660,0,11,660,0.1615841118749633,9.6950467124977973,60,1,1
r_ae1112d98f9dcb466d4e6854c0f51647,Tor file transfer,d_3e1af2e0e0112280268374b53ba71493,0,0,a_e7d8c038c18055500148c5915382bd98,a_d9a5b99742e73c2621d91a908dcf412d,p_b3a400411bf09145b8ad9675eb0e37ce,p_2313704d6916acc778397dda2b5b461d,6,191863,50,51,17501,15137,101,32638,0.52641728733523396,170.11096459452838,323.14851485148517,0.49504950495049505,0.53621545437833196
r_31eb88d140ddd34ad6d833f6378358bc,Tor file transfer,d_3e1af2e0e0112280268374b53ba71493,0,0,a_e7d8c038c18055500148c5915382bd98,a_3ac2d18fd16e12a40bf8be8f9123faa1,p_552ac29af3fb72c3113f2afe613ddc68,p_3dd478bd944ece2906a0c8e4425f63be,6,281,3,2,132,128,5,260,17.793594306049819,925.26690391459067,52,0.59999999999999998,0.50769230769230766
r_8ca855bd380a74b27b715e82df996507,Tor file transfer,d_3e1af2e0e0112280268374b53ba71493,0,0,a_4362a21eef786f71d38437758da8d82e,a_e7d8c038c18055500148c5915382bd98,p_3dd478bd944ece2906a0c8e4425f63be,p_541efb51f6c778126f785876a7fac257,6,311,3,2,132,128,5,260,16.077170418006432,836.01286173633446,52,0.59999999999999998,0.50769230769230766
r_03268a1f995cac227ced21f1c6bdf55e,Tor file transfer,d_3e1af2e0e0112280268374b53ba71493,0,0,a_e7d8c038c18055500148c5915382bd98,a_b3cedc037d8a7d6415e832c465003c3b,p_8dd9d4559d0a3839997eab23bc0da66a,p_2313704d6916acc778397dda2b5b461d,6,14014,3,4,716,184,7,900,0.49950049950049952,64.221492792921367,128.57142857142858,0.42857142857142855,0.79555555555555557
r_1ed85476975d6ff3902a74ef82758775,Tor file transfer,d_3e1af2e0e0112280268374b53ba71493,0,0,a_e7d8c038c18055500148c5915382bd98,a_4dd5904814620678a0dc0e40ba7e5e16,p_6036575e279ed0b128c7ee800736158c,p_3dd478bd944ece2906a0c8e4425f63be,6,309,3,2,132,128,5,260,16.181229773462782,841.42394822006474,52,0.59999999999999998,0.50769230769230766
r_52fbebd95ee4e1174504afeea688c77b,Tor file transfer,d_3e1af2e0e0112280268374b53ba71493,0,0,a_e7d8c038c18055500148c5915382bd98,a_a5a3892d88669b49d7f02244f319b29e,p_2db187f05c520a696c4c147bf3c8c90d,p_3dd478bd944ece2906a0c8e4425f63be,6,164813,42,42,13331,15216,84,28547,0.50966853342879515,173.20842409275969,339.84523809523807,0.5,0.46698427155217709
r_14265c0298c79fb71800ccfa4c36114a,Tor file transfer,d_3e1af2e0e0112280268374b53ba71493,0,0,a_e7d8c038c18055500148c5915382bd98,a_68080e05dbd647c57e8bf90261b24d94,p_9e4ef2e9d8d3334486812af565c011a2,p_2313704d6916acc778397dda2b5b461d,6,3061,4,0,240,0,4,240,1.3067624959163673,78.40574975498204,60,1,1
r_1834d5d76b28ea43e1001a558e0d5cd0,Tor file transfer,d_3e1af2e0e0112280268374b53ba71493,0,0,a_ba7036b462b83988deec742836720fbf,a_e7d8c038c18055500148c5915382bd98,p_3dd478bd944ece2906a0c8e4425f63be,p_80491903270f8e1c6bc75d1f6d609219,6,346,3,2,132,128,5,260,14.450867052023122,751.44508670520236,52,0.59999999999999998,0.50769230769230766
r_b9a230292b98ad01c14d7f724839c8d4,Tor file transfer,d_3e1af2e0e0112280268374b53ba71493,0,0,a_e7d8c038c18055500148c5915382bd98,a_b04e0a86efad23a9a85ba7e68f1160c8,p_6079800952ca50e0f5b3f6dc506bb9d4,p_2313704d6916acc778397dda2b5b461d,6,35835,10,0,600,0,10,600,0.27905678805636946,16.743407283382169,60,1,1
r_39de47904a49e2638c6db600f829cd17,Tor file transfer,d_3e1af2e0e0112280268374b53ba71493,0,0,a_e7d8c038c18055500148c5915382bd98,a_e3c84c32ee6ae40a66b61093848cf32d,p_2d09746f9f7de788eb39c3464b829f3c,p_e2a4a4bf9c74500e61f176db310c2961,6,281,2,1,104,52,3,156,10.676156583629892,555.16014234875445,52,0.66666666666666663,0.66666666666666663
r_3c28fe1db78b35ed6fb3a20a6ed17cf1,Tor file transfer,d_3e1af2e0e0112280268374b53ba71493,0,0,a_e7d8c038c18055500148c5915382bd98,a_e6d344fe11a92aca34c94c5a2b558b15,p_700ffee32b4312ddaef0c11e7694b785,p_d7195ebfc9c48d4a0beab7870d0eba9c,6,29356,444,671,51772,847081,1115,898853,37.982013898351269,30619.05572966344,806.14618834080716,0.39820627802690584,0.057597849704011668
r_2f150c50950f6296411356c285930aae,Tor file transfer,d_3e1af2e0e0112280268374b53ba71493,0,0,a_e7d8c038c18055500148c5915382bd98,a_67af3babcdaf554ed54932bda60eea8d,p_bac37a64c37da519f681d214d2876a8c,p_653b5ef53af4e725335abf2902b506d4,6,65367,19,22,4583,19125,41,23708,0.62722780607952022,362.69065430568941,578.2439024390244,0.46341463414634149,0.19331027501265396
r_559d82c28719c535ffd9503adb9967c6,Tor file transfer,d_3e1af2e0e0112280268374b53ba71493,0,0,a_e7d8c038c18055500148c5915382bd98,a_c687d98dacb1608f62af5b7073c09339,p_2bacddbfa1e643f80011fcd65254c064,p_59add6c69faa2fcebe82de14314cf8aa,6,65414,375,656,47440,846568,1031,894008,15.761152046962424,13666.92145412297,867.12706110572265,0.36372453928225024,0.053064402108258538
r_234e4592d0cf4fb389c8ce28afcc714e,Tor file transfer,d_3e1af2e0e0112280268374b53ba71493,0,0,a_e7d8c038c18055500148c5915382bd98,a_69fb0b835452ca85c178bdeaaf11695b,p_d9d0489a9cd73f6581fa111beb24d973,p_3d01955bb66b778c6aa471c3a2911a0a,6,178186,32,31,9704,10188,63,19892,0.35356313066121914,111.63615547798368,315.74603174603175,0.50793650793650791,0.48783430524834104
r_820bbcaec5d23181da7e31b5a7ce7417,Tor file transfer,d_3e1af2e0e0112280268374b53ba71493,0,0,a_9936b403d2ba954f2e718ac973fbf378,a_e7d8c038c18055500148c5915382bd98,p_59add6c69faa2fcebe82de14314cf8aa,p_2d7ebd00e3c9e196f2f655b4bbc6a817,6,179464,33,32,10828,9704,65,20532,0.36218963134667675,114.40734632015335,315.87692307692305,0.50769230769230766,0.52737190726670558
r_1b0b814d477b8eafa34d5c17ff4f0dbe,Tor file transfer,d_3e1af2e0e0112280268374b53ba71493,0,0,a_a11d53b741b3d1abb0e879e7d49b9e1a,a_e7d8c038c18055500148c5915382bd98,p_3dd478bd944ece2906a0c8e4425f63be,p_a3df5772024aa8130083299fa3a64d71,6,129906,29,27,8988,7324,56,16312,0.43108093544562992,125.5677181962342,291.28571428571428,0.5178571428571429,0.55100539480137323
r_f3d321aef62daab16779a544c98cf071,Tor file transfer,d_3e1af2e0e0112280268374b53ba71493,0,0,a_6b84309c5501538ae14f0e3b1fadd646,a_e7d8c038c18055500148c5915382bd98,p_3dd478bd944ece2906a0c8e4425f63be,p_02f168e32aa2e0e608623733560e00cd,6,176092,33,33,12436,8684,66,21120,0.37480407968561885,119.93730549939804,320,0.5,0.58882575757575761
r_5298ee83c74d10180f455f81a5689bd6,Tor file transfer,d_3e1af2e0e0112280268374b53ba71493,0,0,a_d6cc40fb34d30a737ca215eb6f086e94,a_e7d8c038c18055500148c5915382bd98,p_3dd478bd944ece2906a0c8e4425f63be,p_9088eb354e09145895a39559cc3e1f76,6,176617,51,49,18196,15368,100,33564,0.56619691196204214,190.03833153093984,335.63999999999999,0.51000000000000001,0.54212847098081274
r_7592111ac7bc342346921573d0d0e7e6,Tor file transfer,d_3e1af2e0e0112280268374b53ba71493,0,0,a_6dc644b558a732d38f4cccc46f51dedb,a_e7d8c038c18055500148c5915382bd98,p_a4f09f0503f324ca6947b128eb5bec7a,p_686d68cd75c2a3bbe5f5dd63c528de50,6,179311,35,35,9860,12540,70,22400,0.39038318898450175,124.92262047504056,320,0.5,0.44017857142857142
r_5a5ab287988655865b2b3062e4397e70,Tor file transfer,d_3e1af2e0e0112280268374b53ba71493,0,0,a_2eb55c8e5758426be927aa5340633a94,a_e7d8c038c18055500148c5915382bd98,p_5b91bffc635f539b7237c9bbacd9a69d,p_6bdc8611809234817237300c17f748db,6,178314,35,35,8788,13612,70,22400,0.39256592303464677,125.62109537108697,320,0.5,0.3923214285714286
r_042fa3ddd464e6dc89ec5dcc38ff5fe0,Tor file transfer,d_3e1af2e0e0112280268374b53ba71493,0,0,a_138efc71f079d6eadbc82976006569f3,a_e7d8c038c18055500148c5915382bd98,p_2d36b619be089107b3d8a5a53b5aa6c4,p_09f5e0338b14ef2e142f4d3f98e78a43,6,179621,38,38,14840,9480,76,24320,0.42311311038241628,135.39619532237322,320,0.5,0.61019736842105265
r_f792afa507a1d241376afe90ace1c0a9,Tor file transfer,d_3e1af2e0e0112280268374b53ba71493,0,0,a_920eb6dd8d1854169b1fa82bcb5f01ea,a_e7d8c038c18055500148c5915382bd98,p_64eab6039291da87b7bab47109b51546,p_8037b95ca7e5e75e81164bc521f2a06c,6,177605,34,34,10344,11416,68,21760,0.38287210382590581,122.51907322428987,320,0.5,0.47536764705882351
r_d5078f052a0ac583abd2baa35b0f4398,Tor file transfer,d_3e1af2e0e0112280268374b53ba71493,0,0,a_48a70e908887e7664f49e73874d8ed73,a_e7d8c038c18055500148c5915382bd98,p_2313704d6916acc778397dda2b5b461d,p_1d61c9074e6b8868628015625d4d8a60,6,178093,34,34,13024,8736,68,21760,0.38182298012835991,122.18335364107517,320,0.5,0.59852941176470587
r_0e63842655fb95ae60cda5b71b233086,Tor file transfer,d_3e1af2e0e0112280268374b53ba71493,0,0,a_c456bce599ef57328d55661d5f50120d,a_e7d8c038c18055500148c5915382bd98,p_2313704d6916acc778397dda2b5b461d,p_693a4f77f37583c409c2fcb6c36b37d7,6,172399,63,60,22036,20720,123,42756,0.71346121497224457,248.00607892157146,347.60975609756099,0.51219512195121952,0.51538965291421091
r_91dbddd865acb94b45a3374c2ceb2c83,Tor file transfer,d_3e1af2e0e0112280268374b53ba71493,0,0,a_e7d8c038c18055500148c5915382bd98,a_d9a5b99742e73c2621d91a908dcf412d,p_8037b95ca7e5e75e81164bc521f2a06c,p_2313704d6916acc778397dda2b5b461d,6,174902,35,35,14148,8252,70,22400,0.4002241255102858,128.07172016329145,320,0.5,0.63160714285714281
r_66e9162d3b7ddb663865ce6e71511e2f,Tor file transfer,d_3e1af2e0e0112280268374b53ba71493,0,0,a_e7d8c038c18055500148c5915382bd98,a_40d53c59d30e4fe2ea51f7e55b3eb432,p_b768c0825d49c0c0e4b31f822d778547,p_2313704d6916acc778397dda2b5b461d,6,178140,32,32,8632,11848,64,20480,0.35926799146738525,114.96575726956327,320,0.5,0.42148437500000002
r_1516bb0d2c9b4b4b895aca0c52d181e5,Tor file transfer,d_3e1af2e0e0112280268374b53ba71493,0,0,a_e7d8c038c18055500148c5915382bd98,a_80009f8dc6b9e2b568a46faf4af2f052,p_4d5c39b90ae6788360cca24cd83a6b71,p_2313704d6916acc778397dda2b5b461d,6,67927,11,0,660,0,11,660,0.16193855168048049,9.7163131008288293,60,1,1
r_a38623a5f6641ad4c65938e4f524826e,Tor file transfer,d_3e1af2e0e0112280268374b53ba71493,0,0,a_e7d8c038c18055500148c5915382bd98,a_1c2ce150b76eefb875be7c22dd3e2039,p_71a5ca422428a79e34a62572d45ce314,p_2313704d6916acc778397dda2b5b461d,6,170517,32,32,12384,8096,64,20480,0.37532914606754753,120.10532674161522,320,0.5,0.60468750000000004
r_dd074c6561956141da3e17a0a052e8cd,Tor file transfer,d_3e1af2e0e0112280268374b53ba71493,0,0,a_e7d8c038c18055500148c5915382bd98,a_e3c84c32ee6ae40a66b61093848cf32d,p_c30fc8149a3a54f1ca71a47be0718540,p_e2a4a4bf9c74500e61f176db310c2961,6,177741,66,67,26392,21708,133,48100,0.74827980038370434,270.61848419891862,361.65413533834584,0.49624060150375937,0.54869022869022865
r_53b497648fdb026408bcd2a571336c05,Tor file transfer,d_3e1af2e0e0112280268374b53ba71493,0,0,a_e7d8c038c18055500148c5915382bd98,a_7f1a11087901a31c7bec0516e6b2306f,p_fca8010cac3dcaf7a10f6ca00f357193,p_8beb4e10bed4eda0c778a9e8f697d7ab,6,178128,35,34,14148,8200,69,22348,0.38736189706278634,125.46034312404564,323.8840579710145,0.50724637681159424,0.63307678539466616
r_f49fd650df9dc3b27b0f5eaa77b4a6f8,Tor file transfer,d_3e1af2e0e0112280268374b53ba71493,0,0,a_e7d8c038c18055500148c5915382bd98,a_e2370a5f48648ec5a5dbdf8b657a0e89,p_2b00f0a841134bb8a481d84f0e4a5d61,p_3dd478bd944ece2906a0c8e4425f63be,6,172382,31,31,8580,11260,62,19840,0.35966632246986341,115.0932231903563,320,0.5,0.43245967741935482
r_0a79fc60fa4fe2fe80f2e0012fe591a5,Tor file transfer,d_3e1af2e0e0112280268374b53ba71493,0,0,a_6c3a691951faf822ad8f5a06fdbbaa30,a_e7d8c038c18055500148c5915382bd98,p_3dd478bd944ece2906a0c8e4425f63be,p_7f474cd143044114730b745c2308f175,6,173703,51,49,16588,16998,100,33586,0.57569529599373648,193.35302211245633,335.86000000000001,0.51000000000000001,0.49389626630143513
r_2aeb33ab9132321c67c35d7124482cb9,Tor file transfer,d_3e1af2e0e0112280268374b53ba71493,0,0,a_49fab310d419f023adfe67bcbbae2b84,a_e7d8c038c18055500148c5915382bd98,p_2313704d6916acc778397dda2b5b461d,p_298641b7cd43199452707d191a969ff3,6,170338,26,26,15158,1040,52,16198,0.30527539362913736,95.093285115476291,311.5,0.5,0.9357945425361156
r_8fa0a6979d11cc04f4d95a1b1a300975,Tor file transfer,d_3e1af2e0e0112280268374b53ba71493,0,0,a_e7d8c038c18055500148c5915382bd98,a_0defcbabf8c36f5a5f20b809ff41bcc2,p_1f1788076749021f11d64f1a4dd91a93,p_3dd478bd944ece2906a0c8e4425f63be,6,174248,56,59,21092,18612,115,39704,0.65997888067581845,227.85914329002344,345.25217391304346,0.48695652173913045,0.53123111021559544
r_b293114167a163b478236a621f99ec97,Tor file transfer,d_3e1af2e0e0112280268374b53ba71493,0,0,a_e7d8c038c18055500148c5915382bd98,a_4dd5904814620678a0dc0e40ba7e5e16,p_8181689ea800cbcb34cd75f24484bfbe,p_3dd478bd944ece2906a0c8e4425f63be,6,171938,50,54,20780,14600,104,35380,0.60486919703614095,205.77184799171795,340.19230769230768,0.48076923076923078,0.58733747880158282
r_5e53bb4af4240cda64c0a13238576e66,Tor file transfer,d_3e1af2e0e0112280268374b53ba71493,0,0,a_de0305b94b8d5449c3a9dc13f39c8682,a_e7d8c038c18055500148c5915382bd98,p_e3b7775486eca350dd96d9c41ec24189,p_c74c0f846bbe85797c1d640f16f5968c,6,173099,32,32,10240,10240,64,20480,0.36973061658357359,118.31379730674355,320,0.5,0.5
r_a9e3d29bc944e109063100b5a6930961,Tor file transfer,d_3e1af2e0e0112280268374b53ba71493,0,0,a_e7d8c038c18055500148c5915382bd98,a_3e0292247e5370b9c28ac733207611a7,p_88694714fb8ee98f0ae4d5109b603c39,p_3dd478bd944ece2906a0c8e4425f63be,6,173751,35,35,12004,10396,70,22400,0.40287537913450855,128.92012132304274,320,0.5,0.53589285714285717
r_b4edc542071def7e710a18a02cd78186,Tor file transfer,d_3e1af2e0e0112280268374b53ba71493,0,0,a_c549a3158953badaf5cece817abb2ac6,a_e7d8c038c18055500148c5915382bd98,p_3dd478bd944ece2906a0c8e4425f63be,p_5ed815ec02020f32a3a9d9e1877c205e,6,175413,60,58,18664,22804,118,41468,0.6726981466595976,236.40209106508638,351.42372881355931,0.50847457627118642,0.45008199093276746
r_959a9c3fac5f84f74254586e6db2b7c0,Tor file transfer,d_3e1af2e0e0112280268374b53ba71493,0,0,a_e7d8c038c18055500148c5915382bd98,a_f7fbc14a8651769ade9ab032c0109ff5,p_3b7f788f0a19d2b2515249495fc59da4,p_53b18b33cc21a2933da3a83a094344d3,6,176050,32,32,12384,8096,64,20480,0.36353308719113886,116.33058790116444,320,0.5,0.60468750000000004
r_dec9c1fc6fbe9565cbe3e3e4a2c24be8,Tor file transfer,d_3e1af2e0e0112280268374b53ba71493,0,0,a_e7d8c038c18055500148c5915382bd98,a_1f4252b9b2413b0dbeee9601864c204c,p_364b0161f3c6d42b737c740dfca05519,p_3dd478bd944ece2906a0c8e4425f63be,6,176930,37,36,10056,13232,73,23288,0.41259255072627593,131.62267563443169,319.01369863013701,0.50684931506849318,0.43181037444177256
r_254cbab0891d68fc8d14f5d922f8454d,Tor file transfer,d_3e1af2e0e0112280268374b53ba71493,0,0,a_e7d8c038c18055500148c5915382bd98,a_ef65391fdc1bc756ffb591ea5a40dd3e,p_da22730e0e41f61966552d6e7a9e2422,p_e32e3852b6f8a2668efe3eb391417b36,6,65376,16,17,3536,5684,33,9220,0.50477239353891334,141.03034752814489,279.39393939393938,0.48484848484848486,0.38351409978308026
r_7acb1b9ffb98812e52f78d635856ea6b,Tor file transfer,d_3e1af2e0e0112280268374b53ba71493,0,0,a_bc8ec52ac3ef5244bd581410b8060bf5,a_e7d8c038c18055500148c5915382bd98,p_2313704d6916acc778397dda2b5b461d,p_d4d74bdd63ec67d9b3c7a644d05ab038,6,175589,59,54,19172,19850,113,39022,0.64354828605436565,222.23487803905712,345.3274336283186,0.52212389380530977,0.4913125928963149
r_821b1f28cd21f85b236366c694f12a5e,Tor file transfer,d_3e1af2e0e0112280268374b53ba71493,0,0,a_2defc2d6dd3d915edb493b03024d12a5,a_e7d8c038c18055500148c5915382bd98,p_3dd478bd944ece2906a0c8e4425f63be,p_e65d84306bcfa22f2c80d26c3e274539,6,174051,33,33,9220,11900,66,21120,0.37919920023441406,121.34374407501251,320,0.5,0.43655303030303028
r_28d397978f13fdad1a8468148212c497,Tor file transfer,d_3e1af2e0e0112280268374b53ba71493,0,0,a_36ba62bef80fca06296b56d6974d584f,a_e7d8c038c18055500148c5915382bd98,p_38f33af6bff1d9bfe05735123e6bfd53,p_4085c93bb83097f9363e61c332664fc9,6,170453,33,33,10292,10828,66,21120,0.38720351064516317,123.90512340645222,320,0.5,0.48731060606060606
r_f1abc36aa5b9d016d8b9bd1871200e00,Tor file transfer,d_3e1af2e0e0112280268374b53ba71493,0,0,a_e1d77818bb30a6149a11bf7b3ad780ff,a_e7d8c038c18055500148c5915382bd98,p_2313704d6916acc778397dda2b5b461d,p_f70adce198bc7d62e36ffc21509eafd7,6,176145,35,35,9860,12540,70,22400,0.39739986942575717,127.1679582162423,320,0.5,0.44017857142857142
r_83332022790d0f51adeab1b74ae85919,Tor file transfer,d_3e1af2e0e0112280268374b53ba71493,0,0,a_e7d8c038c18055500148c5915382bd98,a_f1f07d04e5a0ed9e602b0c06eddb39b2,p_52b215e8a72b93ce7190aa306472e153,p_3dd478bd944ece2906a0c8e4425f63be,6,172172,41,40,12316,14408,81,26724,0.47045977278535417,155.21687614710871,329.92592592592592,0.50617283950617287,0.46085915282143392
r_ff004a4292eb6261b28375e8f6e50b54,Tor file transfer,d_3e1af2e0e0112280268374b53ba71493,0,0,a_e7d8c038c18055500148c5915382bd98,a_916592aac949494ee370e7a9592802f4,p_7b1fc456a2a7a2af162cf89dd1d34fbb,p_570451000db5bc942dd5e80a742b2309,6,1051,2,0,120,0,2,120,1.9029495718363465,114.17697431018078,60,1,1
r_849f382928aa12ecc41cf13d9daaa6a8,Tor file transfer,d_3e1af2e0e0112280268374b53ba71493,0,0,a_71394ec0ae14eb2d17f693263a2fab11,a_e7d8c038c18055500148c5915382bd98,p_e8fa32c526b9b4cdc16418a4dc18e34a,p_28e065045828f91ce96843ca87c0520f,6,175474,33,34,11376,10344,67,21720,0.38182294812906759,123.77902139348281,324.17910447761193,0.4925373134328358,0.52375690607734804
r_7861836aa8fbeacf3ce08813c14babc3,Tor file transfer,d_3e1af2e0e0112280268374b53ba71493,0,0,a_e7d8c038c18055500148c5915382bd98,a_3d26597d2d9ef9f9e68df825853f332b,p_8b39bed378662ec6b1174191bdec275d,p_9406d027426ecf68d05e1853e679fc06,6,171803,33,33,8684,12436,66,21120,0.38416092850532296,122.93149712170334,320,0.5,0.41117424242424244
r_df9ac07a022117b0c7665d272ce4717d,Tor file transfer,d_3e1af2e0e0112280268374b53ba71493,0,0,a_536efd24dab35332b9d57c179c04e3bc,a_e7d8c038c18055500148c5915382bd98,p_2313704d6916acc778397dda2b5b461d,p_f450c12affa499c48064453eea4ae0c6,6,170465,32,32,12384,8096,64,20480,0.37544363945678,120.1419646261696,320,0.5,0.60468750000000004
r_f22b4cda9f669ee7d9ce189787fb2dfa,Tor file transfer,d_3e1af2e0e0112280268374b53ba71493,0,0,a_e7d8c038c18055500148c5915382bd98,a_b5ee53060f1f807dd40c8ee004ce2149,p_429d2475b22064cca903ba3865614c01,p_018bddd8ee5d54a934fb83e788d3889a,6,170683,31,31,6972,12868,62,19840,0.3632464861761277,116.23887557636085,320,0.5,0.35141129032258067
r_e6a65b4d41eaa3e31fc0eefe9d0e6677,Tor file transfer,d_3e1af2e0e0112280268374b53ba71493,0,0,a_4b28b90d4e15f70a3dd6866a029d7cff,a_e7d8c038c18055500148c5915382bd98,p_3dd478bd944ece2906a0c8e4425f63be,p_bbafc37ebd3f07b2c846d49fbeb82345,6,168058,29,29,13836,4736,58,18572,0.34511894703019197,110.50946696973665,320.20689655172413,0.5,0.74499246177040701
r_1238feaa8af0d6557806acf54243eeaa,Tor file transfer,d_3e1af2e0e0112280268374b53ba71493,0,0,a_e7d8c038c18055500148c5915382bd98,a_e6685d1fdec03993494a8919c338cc15,p_1f96567a39178a1caa9b8e1b4e50d6c6,p_2d36b619be089107b3d8a5a53b5aa6c4,6,7199,7,0,420,0,7,420,0.97235727184331155,58.341436310598695,60,1,1
r_4ec508aad0d1c6ef9225f773257c041d,Tor file transfer,d_3e1af2e0e0112280268374b53ba71493,0,0,a_e7d8c038c18055500148c5915382bd98,a_e6d344fe11a92aca34c94c5a2b558b15,p_834e2e1869d5c7495674da7fd691719f,p_d7195ebfc9c48d4a0beab7870d0eba9c,6,71620,13,11,3220,6604,24,9824,0.33510192683607931,137.16838871823512,409.33333333333331,0.54166666666666663,0.32776872964169379
r_bdb24c4751c1d046169f3d8e7b00dda5,Tor file transfer,d_3e1af2e0e0112280268374b53ba71493,0,0,a_e7d8c038c18055500148c5915382bd98,a_b3473f2ec0e1aa6e23367b95b4c6097a,p_fdc85f2e720d876f5cf150afcbfd5246,p_2313704d6916acc778397dda2b5b461d,6,3105,4,0,240,0,4,240,1.288244766505636,77.294685990338166,60,1,1
r_96dbb42b38eaf2970cee34de14068c41,Tor file transfer,d_3e1af2e0e0112280268374b53ba71493,0,0,a_e7d8c038c18055500148c5915382bd98,a_1f105171d919d9689f8df1049cd49ece,p_563fd350d80c2e26860ffb624caf9545,p_2313704d6916acc778397dda2b5b461d,6,159397,43,42,14444,13606,85,28050,0.53325972257947141,175.97570845122556,330,0.50588235294117645,0.5149376114081996
r_fbbb5e40a1ccb781e06884330af85e4f,Tor file transfer,d_3e1af2e0e0112280268374b53ba71493,0,0,a_e7d8c038c18055500148c5915382bd98,a_1f4252b9b2413b0dbeee9601864c204c,p_e71244098cdf0ae26db2fbcdb3131a87,p_3dd478bd944ece2906a0c8e4425f63be,6,343,1,1,576,40,2,616,5.8309037900874632,1795.9183673469386,308,0.5,0.93506493506493504
r_9f627ad235a741d2ae70c8474774f77a,Tor file transfer,d_3e1af2e0e0112280268374b53ba71493,0,0,a_e7d8c038c18055500148c5915382bd98,a_14f6b52fad3579780a1c7ab5233cf9a6,p_6e6ce772259ce6e4cfe4730cea4e223a,p_e2a4a4bf9c74500e61f176db310c2961,6,4314,3,4,716,184,7,900,1.6226240148354196,208.62308762169681,128.57142857142858,0.42857142857142855,0.79555555555555557
r_7e61365e952cf9c0551af99409c5cb15,Tor file transfer,d_3e1af2e0e0112280268374b53ba71493,0,0,a_157ebcbfd34821b662268f2dc335f29b,a_e7d8c038c18055500148c5915382bd98,p_2313704d6916acc778397dda2b5b461d,p_7abfce6502aa1913e9c5b581da794897,6,313,3,2,132,128,5,260,15.974440894568691,830.67092651757184,52,0.59999999999999998,0.50769230769230766
r_af6d5e36a01a6d881e5aa9ffb6ba42c4,Tor file transfer,d_3e1af2e0e0112280268374b53ba71493,0,0,a_e7d8c038c18055500148c5915382bd98,a_425fa51d14cdc682086cb8f4fa1bdaa1,p_77ea632e9cba0ed8bdc589e72aad365c,p_2313704d6916acc778397dda2b5b461d,6,35848,10,0,600,0,10,600,0.27895559027002903,16.737335416201741,60,1,1
r_4802788f6f1d3c24ed732acd1f2b44b6,Tor file transfer,d_3e1af2e0e0112280268374b53ba71493,0,0,a_e7d8c038c18055500148c5915382bd98,a_80f054d4007522abaed414dbfea08667,p_e89414fa25fa10efc345579182da24d0,p_3dd478bd944ece2906a0c8e4425f63be,6,2711,13,10,3209,6048,23,9257,8.4839542604205089,3414.6071560309852,402.47826086956519,0.56521739130434778,0.34665658420654638
r_8b321b0c5bb7c26f6a23ebdadf2ae378,Tor file transfer,d_3e1af2e0e0112280268374b53ba71493,0,0,a_e7d8c038c18055500148c5915382bd98,a_376cf29ff0684e749f106c7ffc1f74ee,p_eebabd0208abc3aafe29329a52449bec,p_0c96cc35810b30f371e5bf40c3e1dcc5,6,229,1,1,60,40,2,100,8.7336244541484707,436.68122270742356,50,0.5,0.59999999999999998
r_75f9eebe7371182777bf3dfff873762b,Tor file transfer,d_3e1af2e0e0112280268374b53ba71493,0,0,a_e7d8c038c18055500148c5915382bd98,a_4362a21eef786f71d38437758da8d82e,p_16afb3c0a1cf624c6a1872a6ef26b5f6,p_3dd478bd944ece2906a0c8e4425f63be,6,1600,11,10,3129,6047,21,9176,13.125,5735,436.95238095238096,0.52380952380952384,0.34099825632083697
r_ff8c6a2041aa280c620bb7ae35ea3d7d,Tor file transfer,d_3e1af2e0e0112280268374b53ba71493,0,0,a_e7d8c038c18055500148c5915382bd98,a_4038c02309057cb7ace1aed4cf1ebf75,p_fcec05a157f44938cd64ab408c05d2d2,p_3dd478bd944ece2906a0c8e4425f63be,6,1439,11,10,3103,6032,21,9135,14.59346768589298,6348.1584433634462,435,0.52380952380952384,0.3396825396825397
r_9b5ee8831ca2c01d34fd52e1e321c3b6,Tor file transfer,d_3e1af2e0e0112280268374b53ba71493,0,0,a_e7d8c038c18055500148c5915382bd98,a_a6a10543ce2dedfec418ae3fb26311e0,p_5ae6fa98f012d834c8f05773c0eaf938,p_3dd478bd944ece2906a0c8e4425f63be,6,2956,20,21,4642,18478,41,23120,13.870094722598106,7821.3802435723956,563.90243902439022,0.48780487804878048,0.20077854671280276
r_4e4229539bc6bf70a145f26cc20cb394,Tor file transfer,d_3e1af2e0e0112280268374b53ba71493,0,0,a_e7d8c038c18055500148c5915382bd98,a_55713a472c58a5a0420eaa2984eca8a7,p_4594a7718d98a605803f260f4a79c60a,p_3dd478bd944ece2906a0c8e4425f63be,6,1719,10,9,3057,5941,19,8998,11.052937754508434,5234.4386271087842,473.57894736842104,0.52631578947368418,0.33974216492553899
r_cd875fee86bf15350528900eaee9ed46,Tor file transfer,d_3e1af2e0e0112280268374b53ba71493,0,0,a_e7d8c038c18055500148c5915382bd98,a_20bc269271f4e5c791dcc5e69afaff14,p_df28cd1c0abcc683abdfa9571911780a,p_3dd478bd944ece2906a0c8e4425f63be,6,249,1,1,588,52,2,640,8.0321285140562253,2570.2811244979921,320,0.5,0.91874999999999996
r_7d1055c06a5a47f7e0230778b1c22a90,Tor file transfer,d_3e1af2e0e0112280268374b53ba71493,0,0,a_e7d8c038c18055500148c5915382bd98,a_308e4def1b324c936d7accf78943c7ec,p_3ccab4860c2286fd2ca2f836827a0ccd,p_e3b7775486eca350dd96d9c41ec24189,6,68972,29,28,7716,15424,57,23140,0.8264223163022677,335.49846314446444,405.96491228070175,0.50877192982456143,0.33344857389801208
r_fd309d3cec1ab4bcaecfbf342aa25bc6,Tor file transfer,d_3e1af2e0e0112280268374b53ba71493,0,0,a_e7d8c038c18055500148c5915382bd98,a_308e4def1b324c936d7accf78943c7ec,p_5f96891cbffe5727455c410c563857a6,p_e3b7775486eca350dd96d9c41ec24189,6,78005,3317,6915,612488,9034510,10232,9646998,131.17107877700147,123671.5338760336,942.82623143080536,0.32417904612978887,0.063490010052868265
r_13e11680de3d8185d82079788630a6ea,Tor file transfer,d_3e1af2e0e0112280268374b53ba71493,0,0,a_e7d8c038c18055500148c5915382bd98,a_24f56942b75eee99bc0ee6f0709769d9,p_5acb815f58525da3c805f2176cb77bd3,p_3dfe4e897744f8de6d35651ae42be32c,6,97156,4435,8940,674322,5052264,13375,5726586,137.66519823788545,58942.175470377537,428.15596261682242,0.33158878504672895,0.11775288103592611
r_469e67a57108d99f72cff728223ba42f,Tor file transfer,d_3e1af2e0e0112280268374b53ba71493,0,0,a_e7d8c038c18055500148c5915382bd98,a_0ddcb392b31a5465913844470f9d96e8,p_278655bf8a31bd20bbcb6828319b2c9b,p_2313704d6916acc778397dda2b5b461d,6,67763,392,667,48310,861093,1059,909403,15.627997579800185,13420.347387217213,858.73748819641173,0.37016052880075545,0.053122762955477382
r_74d4a7b282344c20fb76b1c188ff76f3,Tor file transfer,d_3e1af2e0e0112280268374b53ba71493,0,0,a_e7d8c038c18055500148c5915382bd98,a_35343ba01db784c968aa553ae21835eb,p_63107bf6e5f994a0ee506c8d81f9b2ad,p_2313704d6916acc778397dda2b5b461d,6,60813,12,9,2107,4916,21,7023,0.34532090178086922,115.48517586700211,334.42857142857144,0.5714285714285714,0.30001423892923251
r_305cc3dce254d14bc216a5207ce995de,Tor file transfer,d_3e1af2e0e0112280268374b53ba71493,0,0,a_e7d8c038c18055500148c5915382bd98,a_d8473cb141aae6f22dae15113abbec1f,p_fe95558f04600f956d6d94e3596186cb,p_2313704d6916acc778397dda2b5b461d,6,68489,21,24,4675,21247,45,25922,0.65703981661288668,378.48413613865,576.04444444444448,0.46666666666666667,0.18034873852326208
r_67695c282777461f834ed4a054d59561,Tor file transfer,d_3e1af2e0e0112280268374b53ba71493,0,0,a_69fb0b835452ca85c178bdeaaf11695b,a_e7d8c038c18055500148c5915382bd98,p_3d01955bb66b778c6aa471c3a2911a0a,p_167fcaf65504d0d3ba2d44404946a7a9,6,332459,120,124,52792,41268,244,94060,0.73392508549926461,282.92210468057715,385.49180327868851,0.49180327868852458,0.56125877099723576
r_0b8764c57fa02d03335f37915892260e,Tor file transfer,d_3e1af2e0e0112280268374b53ba71493,0,0,a_e7d8c038c18055500148c5915382bd98,a_9936b403d2ba954f2e718ac973fbf378,p_2d7ebd00e3c9e196f2f655b4bbc6a817,p_59add6c69faa2fcebe82de14314cf8aa,6,330234,58,57,18024,19044,115,37068,0.34823791614430982,112.24767891858501,322.33043478260868,0.5043478260869565,0.48624150210424083
r_16de5cb811a9a4c240eb5cf695d62653,Tor file transfer,d_3e1af2e0e0112280268374b53ba71493,0,0,a_1f105171d919d9689f8df1049cd49ece,a_e7d8c038c18055500148c5915382bd98,p_2313704d6916acc778397dda2b5b461d,p_563fd350d80c2e26860ffb624caf9545,6,37703,9,10,2100,2640,19,4740,0.5039386786197384,125.71943877145054,249.47368421052633,0.47368421052631576,0.44303797468354428
r_e169d162bd6b8d3b125273211e41b0e2,Tor file transfer,d_3e1af2e0e0112280268374b53ba71493,0,0,a_e7d8c038c18055500148c5915382bd98,a_e1d77818bb30a6149a11bf7b3ad780ff,p_f70adce198bc7d62e36ffc21509eafd7,p_2313704d6916acc778397dda2b5b461d,6,129446,28,28,6840,10008,56,16848,0.43261282697031966,130.1546590856419,300.85714285714283,0.5,0.40598290598290598
r_199306c5e96c4c97f5a46612f5e061fd,Tor file transfer,d_3e1af2e0e0112280268374b53ba71493,0,0,a_e7d8c038c18055500148c5915382bd98,a_71394ec0ae14eb2d17f693263a2fab11,p_c66dde3f223fa2d6bb4a1cf977037eab,p_e8fa32c526b9b4cdc16418a4dc18e34a,6,332603,860,1512,130158,1849974,2372,1980132,7.1316253912321894,5953.4399870115421,834.79426644182126,0.36256323777403038,0.065731981504263348
r_36e8e991ad446245ad2d1ba45cc04993,Tor file transfer,d_3e1af2e0e0112280268374b53ba71493,0,0,a_e7d8c038c18055500148c5915382bd98,a_bc8ec52ac3ef5244bd581410b8060bf5,p_d4d74bdd63ec67d9b3c7a644d05ab038,p_2313704d6916acc778397dda2b5b461d,6,331414,78,82,29182,24632,160,53814,0.4827798463553139,162.37696657353038,336.33749999999998,0.48749999999999999,0.54227524436020369
r_ce11c7b83561bfa7fcccc14586107767,Tor file transfer,d_3e1af2e0e0112280268374b53ba71493,0,0,a_0defcbabf8c36f5a5f20b809ff41bcc2,a_e7d8c038c18055500148c5915382bd98,p_3dd478bd944ece2906a0c8e4425f63be,p_1f1788076749021f11d64f1a4dd91a93,6,329464,66,66,23264,20016,132,43280,0.40065075395187333,131.36488356846272,327.87878787878788,0.5,0.53752310536044368
r_2c9b4ff6c9ec740773856ce994e76a20,Tor file transfer,d_3e1af2e0e0112280268374b53ba71493,0,0,a_e7d8c038c18055500148c5915382bd98,a_6dc644b558a732d38f4cccc46f51dedb,p_686d68cd75c2a3bbe5f5dd63c528de50,p_a4f09f0503f324ca6947b128eb5bec7a,6,328242,61,61,18180,20860,122,39040,0.37167699441265895,118.93663821205085,320,0.5,0.4656762295081967
r_d065cfe069880e1ee32d15b0c461e385,Tor file transfer,d_3e1af2e0e0112280268374b53ba71493,0,0,a_e7d8c038c18055500148c5915382bd98,a_c549a3158953badaf5cece817abb2ac6,p_5ed815ec02020f32a3a9d9e1877c205e,p_3dd478bd944ece2906a0c8e4425f63be,6,329268,66,65,22696,21604,131,44300,0.39785220549825678,134.5408603326166,338.16793893129773,0.50381679389312972,0.51232505643340853
r_3c41ecc0c10d09c3986f434302e3b391,Tor file transfer,d_3e1af2e0e0112280268374b53ba71493,0,0,a_e7d8c038c18055500148c5915382bd98,a_4dd5904814620678a0dc0e40ba7e5e16,p_8181689ea800cbcb34cd75f24484bfbe,p_3dd478bd944ece2906a0c8e4425f63be,6,330458,89,85,29198,32292,174,61490,0.526541950868189,186.07508367175251,353.39080459770116,0.5114942528735632,0.47484143763213532
r_90ff86c8ed98f1c8a10d74932d302737,Tor file transfer,d_3e1af2e0e0112280268374b53ba71493,0,0,a_6c3a691951faf822ad8f5a06fdbbaa30,a_e7d8c038c18055500148c5915382bd98,p_3dd478bd944ece2906a0c8e4425f63be,p_7f474cd143044114730b745c2308f175,6,326750,70,69,28296,17528,139,45824,0.42540168324407041,140.24177505738331,329.66906474820144,0.50359712230215825,0.61749301675977653
r_aef34ea395a274914d7b575ac2f84a19,Tor file transfer,d_3e1af2e0e0112280268374b53ba71493,0,0,a_e7d8c038c18055500148c5915382bd98,a_7f1a11087901a31c7bec0516e6b2306f,p_fca8010cac3dcaf7a10f6ca00f357193,p_8beb4e10bed4eda0c778a9e8f697d7ab,6,328168,61,57,18716,20116,118,38832,0.35957192657419368,118.32963604007703,329.08474576271186,0.51694915254237284,0.48197362999587967
r_0a11b5bef9ebbb92693b5b78ef90e3af,Tor file transfer,d_3e1af2e0e0112280268374b53ba71493,0,0,a_6b84309c5501538ae14f0e3b1fadd646,a_e7d8c038c18055500148c5915382bd98,p_3dd478bd944ece2906a0c8e4425f63be,p_02f168e32aa2e0e608623733560e00cd,6,30788,6,7,2992,364,13,3356,0.42224243211640899,109.00350786020527,258.15384615384613,0.46153846153846156,0.89153754469606672
r_90c948b688c65f0cae00371a3350126d,Tor file transfer,d_3e1af2e0e0112280268374b53ba71493,0,0,a_e7d8c038c18055500148c5915382bd98,a_1c2ce150b76eefb875be7c22dd3e2039,p_71a5ca422428a79e34a62572d45ce314,p_2313704d6916acc778397dda2b5b461d,6,330869,57,57,20116,16364,114,36480,0.34454723772852697,110.25511607312863,320,0.5,0.55142543859649118
r_e1c9ae65fb41a7e7c066f4d8231ffa74,Tor file transfer,d_3e1af2e0e0112280268374b53ba71493,0,0,a_920eb6dd8d1854169b1fa82bcb5f01ea,a_e7d8c038c18055500148c5915382bd98,p_64eab6039291da87b7bab47109b51546,p_8037b95ca7e5e75e81164bc521f2a06c,6,329850,55,55,20548,14652,110,35200,0.33348491738669089,106.71517356374109,320,0.5,0.58374999999999999
r_ddd85576607d5e61fe5ca2d6dd1b1fd8,Tor file transfer,d_3e1af2e0e0112280268374b53ba71493,0,0,a_d6cc40fb34d30a737ca215eb6f086e94,a_e7d8c038c18055500148c5915382bd98,p_3dd478bd944ece2906a0c8e4425f63be,p_9088eb354e09145895a39559cc3e1f76,6,330636,63,63,25788,14532,126,40320,0.38108372953943309,121.94679345261858,320,0.5,0.63958333333333328
r_e506b8ab2d24d7786ff203ea62ef1412,Tor file transfer,d_3e1af2e0e0112280268374b53ba71493,0,0,a_e7d8c038c18055500148c5915382bd98,a_f1f07d04e5a0ed9e602b0c06eddb39b2,p_52b215e8a72b93ce7190aa306472e153,p_3dd478bd944ece2906a0c8e4425f63be,6,324877,58,57,21240,15828,115,37068,0.35398012170760007,114.09856653441148,322.33043478260868,0.5043478260869565,0.57300097118808679
r_3bdf4c0aa675df6257f6960841dd8d01,Tor file transfer,d_3e1af2e0e0112280268374b53ba71493,0,0,a_e7d8c038c18055500148c5915382bd98,a_36ba62bef80fca06296b56d6974d584f,p_fe3b6502db8f2a513c49b813d3ec436c,p_38f33af6bff1d9bfe05735123e6bfd53,6,329965,57,57,17972,18508,114,36480,0.34549118845938209,110.55718030700227,320,0.5,0.49265350877192982
r_d66adddaa43d4f6aa9695a73eaef069b,Tor file transfer,d_3e1af2e0e0112280268374b53ba71493,0,0,a_e7d8c038c18055500148c5915382bd98,a_f7fbc14a8651769ade9ab032c0109ff5,p_3b7f788f0a19d2b2515249495fc59da4,p_53b18b33cc21a2933da3a83a094344d3,6,325947,58,58,19632,17488,116,37120,0.35588607963871427,113.88354548438856,320,0.5,0.5288793103448276
r_02c794ed49a1d45e94c7577c4ffb1bcd,Tor file transfer,d_3e1af2e0e0112280268374b53ba71493,0,0,a_e7d8c038c18055500148c5915382bd98,a_c456bce599ef57328d55661d5f50120d,p_693a4f77f37583c409c2fcb6c36b37d7,p_2313704d6916acc778397dda2b5b461d,6,328255,87,87,30208,28644,174,58852,0.53007570334039089,179.28744421257863,338.22988505747128,0.5,0.51328756881669269
r_993e6e9d2b92bdb17da60a2cd4afa0b2,Tor file transfer,d_3e1af2e0e0112280268374b53ba71493,0,0,a_e7d8c038c18055500148c5915382bd98,a_40d53c59d30e4fe2ea51f7e55b3eb432,p_b768c0825d49c0c0e4b31f822d778547,p_2313704d6916acc778397dda2b5b461d,6,320928,58,58,21240,15880,116,37120,0.36145178980955228,115.66457273905674,320,0.5,0.57219827586206895
r_a42a4ac1bc2014c610b579a17ca8df6b,Tor file transfer,d_3e1af2e0e0112280268374b53ba71493,0,0,a_3e0292247e5370b9c28ac733207611a7,a_e7d8c038c18055500148c5915382bd98,p_3dd478bd944ece2906a0c8e4425f63be,p_88694714fb8ee98f0ae4d5109b603c39,6,138798,28,29,10592,6308,57,16900,0.41066874162451911,121.75967953428723,296.49122807017545,0.49122807017543857,0.62674556213017751
r_7b7e2c36efda1c59734d3e19f3127730,Tor file transfer,d_3e1af2e0e0112280268374b53ba71493,0,0,a_2defc2d6dd3d915edb493b03024d12a5,a_e7d8c038c18055500148c5915382bd98,p_3dd478bd944ece2906a0c8e4425f63be,p_e65d84306bcfa22f2c80d26c3e274539,6,69376,14,13,4992,2308,27,7300,0.38918357933579334,105.22370848708486,270.37037037037038,0.51851851851851849,0.68383561643835622
r_2dde0cdc09c6faeaa892609ae9758d78,Tor file transfer,d_3e1af2e0e0112280268374b53ba71493,0,0,a_48a70e908887e7664f49e73874d8ed73,a_e7d8c038c18055500148c5915382bd98,p_2313704d6916acc778397dda2b5b461d,p_1d61c9074e6b8868628015625d4d8a60,6,320139,57,57,16364,20116,114,36480,0.35609532109489939,113.9505027503678,320,0.5,0.44857456140350876
r_0f2d29c609abc4e1bff04878c8c95caa,Tor file transfer,d_3e1af2e0e0112280268374b53ba71493,0,0,a_536efd24dab35332b9d57c179c04e3bc,a_e7d8c038c18055500148c5915382bd98,p_2313704d6916acc778397dda2b5b461d,p_f450c12affa499c48064453eea4ae0c6,6,162676,29,30,16004,1536,59,17540,0.36268410828886871,107.82168236248741,297.28813559322032,0.49152542372881358,0.91242873432155069
r_87206cdc375b3deaa06bb8b685e6bdf3,Tor file transfer,d_3e1af2e0e0112280268374b53ba71493,0,0,a_e3c84c32ee6ae40a66b61093848cf32d,a_e7d8c038c18055500148c5915382bd98,p_e2a4a4bf9c74500e61f176db310c2961,p_c30fc8149a3a54f1ca71a47be0718540,6,325616,83,81,25756,28846,164,54602,0.50366075377131347,167.68831998427598,332.9390243902439,0.50609756097560976,0.47170433317460897
r_c0c0bf2754197bfc2f72e79f7f7e5b44,Tor file transfer,d_3e1af2e0e0112280268374b53ba71493,0,0,a_e7d8c038c18055500148c5915382bd98,a_1f4252b9b2413b0dbeee9601864c204c,p_364b0161f3c6d42b737c740dfca05519,p_3dd478bd944ece2906a0c8e4425f63be,6,323059,62,62,22848,15344,124,38192,0.38383081728105389,118.2198917225646,308,0.5,0.59824046920821117
r_a7cdae5c93ea3a8e6b8105b83029929f,Tor file transfer,d_3e1af2e0e0112280268374b53ba71493,0,0,a_3d26597d2d9ef9f9e68df825853f332b,a_e7d8c038c18055500148c5915382bd98,p_9406d027426ecf68d05e1853e679fc06,p_8b39bed378662ec6b1174191bdec275d,6,112259,20,21,10712,1068,41,11780,0.36522684150045875,104.93590714330254,287.3170731707317,0.48780487804878048,0.90933786078098477
r_a83be973120049194837055a0082ac62,Tor file transfer,d_3e1af2e0e0112280268374b53ba71493,0,0,a_e7d8c038c18055500148c5915382bd98,a_7c153fe537f893f4ad4698dd03531008,p_76f50be8bab8c6fcb250d49d0f6d363a,p_2313704d6916acc778397dda2b5b461d,6,290519,373,258,335008,110713,631,445721,2.171974982703369,1534.2232349691415,706.37242472266246,0.5911251980982567,0.75160919050257902
r_cf41f33726c9120a1ac8ccdaa826dda5,Tor file transfer,d_3e1af2e0e0112280268374b53ba71493,0,0,a_e7d8c038c18055500148c5915382bd98,a_24f56942b75eee99bc0ee6f0709769d9,p_e32af64f7885326d797c3563c5c3a8ee,p_3dfe4e897744f8de6d35651ae42be32c,6,286960,804,658,834588,100464,1462,935052,5.0947867298578204,3258.4750487872875,639.57045143638845,0.54993160054719559,0.89255784705021757
r_238ddd47321406367b67ec9612bfdcc4,Tor file transfer,d_3e1af2e0e0112280268374b53ba71493,0,0,a_e7d8c038c18055500148c5915382bd98,a_1e671b4d985cf6001ae366da4c8f027e,p_f32082621102caf3c501091d68a0c766,p_2313704d6916acc778397dda2b5b461d,6,77592,18,12,4057,7830,30,11887,0.38663779771110424,153.19878337972986,396.23333333333335,0.59999999999999998,0.34129721544544461
r_64965c3dd9f0e4a7a4e53a99fea9e401,Tor file transfer,d_3e1af2e0e0112280268374b53ba71493,0,0,a_e7d8c038c18055500148c5915382bd98,a_f5489e1581f3fe4ee7c6df1b4d0fac22,p_70898474a81cd215d610e3f6c67c37b2,p_2313704d6916acc778397dda2b5b461d,6,68192,11,0,660,0,11,660,0.16130924448615674,9.6785546691694044,60,1,1
r_a5712eff037c12a9a49acf34f461c489,Tor file transfer,d_3e1af2e0e0112280268374b53ba71493,0,0,a_e7d8c038c18055500148c5915382bd98,a_36d1183e911f7c68a27b9a994f3994e4,p_c49303fd2374df0828c78131b9b951fc,p_2313704d6916acc778397dda2b5b461d,6,68307,11,0,660,0,11,660,0.16103766817456483,9.6622600904738896,60,1,1
r_fd7bb5f9cd2e9d6f4eb684b4aa65de15,Tor file transfer,d_3e1af2e0e0112280268374b53ba71493,0,0,a_e7d8c038c18055500148c5915382bd98,a_4362a21eef786f71d38437758da8d82e,p_d48f71e75910efd07bdfdc0eac4f293f,p_3dd478bd944ece2906a0c8e4425f63be,6,72402,13,11,3232,6635,24,9867,0.33148255573050467,136.28076572470374,411.125,0.54166666666666663,0.32755650146954496
r_0a2a2f8f7f0d0edf7ec7630ad5db0f41,Tor file transfer,d_3e1af2e0e0112280268374b53ba71493,0,0,a_e7d8c038c18055500148c5915382bd98,a_ba5851337cdc91d947e104bfb96a5f71,p_82aaf646feeceec7df3a3336022abf31,p_2313704d6916acc778397dda2b5b461d,6,72004,11,11,3109,6590,22,9699,0.30553858118993388,134.7008499527804,440.86363636363637,0.5,0.32054851015568614
r_5143e4eff22eb2932dc7e0d10414c7a6,Tor file transfer,d_3e1af2e0e0112280268374b53ba71493,0,0,a_e7d8c038c18055500148c5915382bd98,a_e6d344fe11a92aca34c94c5a2b558b15,p_65a4c10d840805db7234e0487ca6a614,p_d7195ebfc9c48d4a0beab7870d0eba9c,6,71810,12,11,3184,6604,23,9788,0.32028965325163627,136.30413591421808,425.56521739130437,0.52173913043478259,0.32529628116060483
r_564787fbe0e5685873e3f4408b785452,Tor file transfer,d_3e1af2e0e0112280268374b53ba71493,0,0,a_e7d8c038c18055500148c5915382bd98,a_b586ae6153946314c9244e8b32cd2f59,p_4b6fe925db5ec9fcd9aac235f8df975c,p_3dd478bd944ece2906a0c8e4425f63be,6,65459,375,656,47423,855463,1031,902886,15.750316992315801,13793.152965978703,875.73811833171681,0.36372453928225024,0.052523795916649497
r_a5be342a7e7be8a9b1b2bd305199d71d,Tor file transfer,d_3e1af2e0e0112280268374b53ba71493,0,0,a_e7d8c038c18055500148c5915382bd98,a_a6a10543ce2dedfec418ae3fb26311e0,p_5ae6fa98f012d834c8f05773c0eaf938,p_3dd478bd944ece2906a0c8e4425f63be,6,14324,4,3,720,180,7,900,0.48869030996928231,62.831611281764872,128.57142857142858,0.5714285714285714,0.80000000000000004
r_a2cde1e68ff7a802419287218c0c4e7e,Tor file transfer,d_3e1af2e0e0112280268374b53ba71493,0,0,a_e7d8c038c18055500148c5915382bd98,a_bd7026b39b56dd09634cbc54ffcae8ef,p_da0cc2614dae6a1287b38ddef5c99a0c,p_3dd478bd944ece2906a0c8e4425f63be,6,85382,1844,3587,508432,4528498,5431,5036930,63.608254667260077,58992.879061160427,927.44061867059474,0.33953231449088567,0.10094085087543404
r_1ad68fb16cd6804e7b9abe127ef3f8cb,Tor file transfer,d_3e1af2e0e0112280268374b53ba71493,0,0,a_e7d8c038c18055500148c5915382bd98,a_fda104fd94f6e713bea5b91b69853ee7,p_2e539bdb6576f8a9e926dc41c10e9769,p_d7195ebfc9c48d4a0beab7870d0eba9c,6,81113,1192,2056,328921,2622515,3248,2951436,40.042903110475507,36386.71976132063,908.69334975369463,0.36699507389162561,0.11144439520287751
r_bbd912f88b0782fef9b07994f19371ed,Tor file transfer,d_3e1af2e0e0112280268374b53ba71493,0,0,a_e7d8c038c18055500148c5915382bd98,a_fda104fd94f6e713bea5b91b69853ee7,p_b75c00605c45458dfad65e5a05d926d1,p_d7195ebfc9c48d4a0beab7870d0eba9c,6,209557,81,73,41451,24837,154,66288,0.73488358775893914,316.32443678808153,430.44155844155841,0.52597402597402598,0.62531679942070961
r_3fff30b4c86fbe69c2787d77264f2067,Tor file transfer,d_3e1af2e0e0112280268374b53ba71493,0,0,a_e7d8c038c18055500148c5915382bd98,a_bd7026b39b56dd09634cbc54ffcae8ef,p_58a0873bc2e6d0d03a1714bbfe418986,p_3dd478bd944ece2906a0c8e4425f63be,6,207599,76,68,37353,28252,144,65605,0.69364495975414142,316.01789989354478,455.59027777777777,0.52777777777777779,0.56936209130401649
r_053c57a31aaf7a7f87d991c033fb7fb4,Tor file transfer,d_3e1af2e0e0112280268374b53ba71493,0,0,a_e7d8c038c18055500148c5915382bd98,a_71711eb3a6b5004df2616dd52988c3d7,p_09b864f0d0deef34c08135dcffe92f3d,p_3dfe4e897744f8de6d35651ae42be32c,6,207181,193,231,70381,240631,424,311012,2.0465197098189503,1501.1608207316308,733.51886792452831,0.455188679245283,0.22629673453114349
r_4307a912174902137dafa57e963cd07e,Tor file transfer,d_3e1af2e0e0112280268374b53ba71493,0,0,a_e7d8c038c18055500148c5915382bd98,a_983e898236d6cb9a1a6b5f41934a0741,p_1048e7ffe1feb46b29cbbf86bdd55f92,p_2313704d6916acc778397dda2b5b461d,6,63572,18,21,4544,19024,39,23568,0.61347763166173785,370.72925187189327,604.30769230769226,0.46153846153846156,0.19280380176510523
r_649f6745149d2c38cec56476bda024f5,Tor file transfer,d_3e1af2e0e0112280268374b53ba71493,0,0,a_e7d8c038c18055500148c5915382bd98,a_bd7026b39b56dd09634cbc54ffcae8ef,p_b5dd294268dd308e5fe3a92341da5571,p_3dd478bd944ece2906a0c8e4425f63be,6,201123,185,142,148904,57116,327,206020,1.6258707358183799,1024.3482843831885,630.03058103975536,0.56574923547400613,0.72276478011843515
r_8a0afb2a18dde0cd02d13abcbc5fa4f7,Tor file transfer,d_3e1af2e0e0112280268374b53ba71493,0,0,a_e7d8c038c18055500148c5915382bd98,a_fda104fd94f6e713bea5b91b69853ee7,p_4e248ce1d244cf0dd584f77c94fe51a1,p_d7195ebfc9c48d4a0beab7870d0eba9c,6,202096,1022,533,1232414,103261,1555,1335675,7.6943630749742695,6609.1115113609376,858.95498392282957,0.6572347266881029,0.92269002564246538
r_6557206ab5c13df09da389f17c7535d4,Tor file transfer,d_3e1af2e0e0112280268374b53ba71493,0,0,a_e7d8c038c18055500148c5915382bd98,a_48e6ee8f6653b5543f3ff18a911215d1,p_c4a23eeaa6773ab5755b18e394e81b31,p_2313704d6916acc778397dda2b5b461d,6,68208,11,0,660,0,11,660,0.16127140511376964,9.6762843068261795,60,1,1
r_055520bb994b9760719f60d191babf34,Tor file transfer,d_3e1af2e0e0112280268374b53ba71493,0,0,a_e7d8c038c18055500148c5915382bd98,a_ba5851337cdc91d947e104bfb96a5f71,p_49980ed89595752d10e675ed64ce8e55,p_2313704d6916acc778397dda2b5b461d,6,66105,13,11,3214,6590,24,9804,0.36305877013841614,148.309507601543,408.5,0.54166666666666663,0.32782537739698081
r_257400b131da73c876de430bb28134d3,Tor file transfer,d_3e1af2e0e0112280268374b53ba71493,0,0,a_e7d8c038c18055500148c5915382bd98,a_2defc2d6dd3d915edb493b03024d12a5,p_f73b804073e3b35994fc6761760f022f,p_3dd478bd944ece2906a0c8e4425f63be,6,120678,17,14,5572,9383,31,14955,0.25688195031405892,123.92482474021777,482.41935483870969,0.54838709677419351,0.37258441992644603
r_24e514a4f1e23acfa293a7d884e90338,Tor file transfer,d_3e1af2e0e0112280268374b53ba71493,0,0,a_e7d8c038c18055500148c5915382bd98,a_20bc269271f4e5c791dcc5e69afaff14,p_df28cd1c0abcc683abdfa9571911780a,p_3dd478bd944ece2906a0c8e4425f63be,6,187,2,1,104,52,3,156,16.042780748663102,834.22459893048131,52,0.66666666666666663,0.66666666666666663
r_d876f8579cf1d6f675b14cf7f49c1dc2,Tor file transfer,d_3e1af2e0e0112280268374b53ba71493,0,0,a_e7d8c038c18055500148c5915382bd98,a_308e4def1b324c936d7accf78943c7ec,p_3ccab4860c2286fd2ca2f836827a0ccd,p_e3b7775486eca350dd96d9c41ec24189,6,1319,3,2,692,104,5,796,3.7907505686125855,603.4874905231236,159.19999999999999,0.59999999999999998,0.8693467336683417
r_b706a2f2959678ee24515ecd71e0d50b,Tor file transfer,d_3e1af2e0e0112280268374b53ba71493,0,0,a_6a7d725e323045aa38ee40170a6b9ac7,a_f996ba757d02cdb550a8ef4f77976cdc,p_17aa210dda7d507fd2f6f3b3f3f59749,p_17aa210dda7d507fd2f6f3b3f3f59749,58,0,1,0,48,0,1,48,,,48,1,1
r_0407fac1feb590d71e91c383d40fc6d6,Tor file transfer,d_3e1af2e0e0112280268374b53ba71493,0,0,a_e7d8c038c18055500148c5915382bd98,a_f16176952400ecbba885387c415482be,p_ada7a4a7af5c79bf0048e3e603b8576f,p_2313704d6916acc778397dda2b5b461d,6,0,1,0,60,0,1,60,,,60,1,1
r_6ba51f8d6cc81525261e89cedb40e50b,Tor file transfer,d_3e1af2e0e0112280268374b53ba71493,0,0,a_e7d8c038c18055500148c5915382bd98,a_e6d344fe11a92aca34c94c5a2b558b15,p_a8af1e5f498c1256455a0c4f266648a8,p_d7195ebfc9c48d4a0beab7870d0eba9c,6,2417,10,10,3068,6016,20,9084,8.2747207281754243,3758.3781547372778,454.19999999999999,0.5,0.3377366798767063
r_a815b37d9e271988da1b30f3f2d0cd3c,Tor file transfer,d_3e1af2e0e0112280268374b53ba71493,0,0,a_e7d8c038c18055500148c5915382bd98,a_55713a472c58a5a0420eaa2984eca8a7,p_d932ed606fdcceb9e57614242a7661a1,p_3dd478bd944ece2906a0c8e4425f63be,6,1757,10,9,3065,5941,19,9006,10.813887307911212,5125.7825839499146,474,0.52631578947368418,0.34032866977570508
r_1c1e055f56fd3195aca47df2ba3c6607,Tor file transfer,d_3e1af2e0e0112280268374b53ba71493,0,0,a_e7d8c038c18055500148c5915382bd98,a_308e4def1b324c936d7accf78943c7ec,p_5f96891cbffe5727455c410c563857a6,p_e3b7775486eca350dd96d9c41ec24189,6,272,2,1,104,52,3,156,11.029411764705882,573.52941176470586,52,0.66666666666666663,0.66666666666666663
r_dca97b066ef737d1e8b6dda8515d6eba,Tor file transfer,d_3e1af2e0e0112280268374b53ba71493,0,0,a_24f56942b75eee99bc0ee6f0709769d9,a_e7d8c038c18055500148c5915382bd98,p_3dfe4e897744f8de6d35651ae42be32c,p_5acb815f58525da3c805f2176cb77bd3,6,273,3,2,132,128,5,260,18.315018315018314,952.38095238095229,52,0.59999999999999998,0.50769230769230766
r_51325b06d10d973367a56d6723b333df,Tor file transfer,d_3e1af2e0e0112280268374b53ba71493,0,0,a_e7d8c038c18055500148c5915382bd98,a_0ddcb392b31a5465913844470f9d96e8,p_278655bf8a31bd20bbcb6828319b2c9b,p_2313704d6916acc778397dda2b5b461d,6,322,2,1,104,52,3,156,9.316770186335404,484.47204968944101,52,0.66666666666666663,0.66666666666666663
r_8d3b9165c41df3a6266d8da6c0fdeedf,Tor file transfer,d_3e1af2e0e0112280268374b53ba71493,0,0,a_e7d8c038c18055500148c5915382bd98,a_35343ba01db784c968aa553ae21835eb,p_63107bf6e5f994a0ee506c8d81f9b2ad,p_2313704d6916acc778397dda2b5b461d,6,3244,4,3,720,180,7,900,2.1578298397040689,277.43526510480888,128.57142857142858,0.5714285714285714,0.80000000000000004
r_bb1c532f9881f9bccbe164f660b34be4,Tor file transfer,d_3e1af2e0e0112280268374b53ba71493,0,0,a_e7d8c038c18055500148c5915382bd98,a_667e43d14e60b98df49e3ecb8d92cf7c,p_35cb50045727ff47667d5e92d9325147,p_3dd478bd944ece2906a0c8e4425f63be,6,5744,393,661,48351,854977,1054,903328,183.49582172701952,157264.62395543177,857.04743833017073,0.37286527514231499,0.053525408268093093
r_3db985d78a6a3744ea5e73d84ec00c8e,Tor file transfer,d_3e1af2e0e0112280268374b53ba71493,0,0,a_e7d8c038c18055500148c5915382bd98,a_98d9be15a504f19556ddad03a58be194,p_9fd7bf5dd0d52fab03a88f1111749f70,p_64eab6039291da87b7bab47109b51546,6,10827,2249,4858,478055,2726554,7107,3204609,656.41451925741205,295983.09781102801,450.90882228788519,0.31644857183058955,0.14917732553331781
r_f7c32ae0e655a89321e675f99c4a8bc0,Tor file transfer,d_3e1af2e0e0112280268374b53ba71493,0,0,a_e7d8c038c18055500148c5915382bd98,a_9da9eb1991241dd509e01c4c6b2bf0eb,p_f522cb9d59f0d893e615c215f6a968dd,p_3dd478bd944ece2906a0c8e4425f63be,6,9069,1266,2286,333423,2925165,3552,3258588,391.66391002315578,359310.61859080382,917.39527027027032,0.35641891891891891,0.1023213121757031
r_f904e744a62ab018c1180cb4147b524e,Tor file transfer,d_3e1af2e0e0112280268374b53ba71493,0,0,a_e7d8c038c18055500148c5915382bd98,a_d8473cb141aae6f22dae15113abbec1f,p_fe95558f04600f956d6d94e3596186cb,p_2313704d6916acc778397dda2b5b461d,6,325,3,2,132,128,5,260,15.384615384615383,800,52,0.59999999999999998,0.50769230769230766
r_e9003a8b3b9e82fe842d0ff14c327b07,Tor file transfer,d_3e1af2e0e0112280268374b53ba71493,0,0,a_e7d8c038c18055500148c5915382bd98,a_0cb20b3c4749c40fd7d2cb41d8db4879,p_1f1ea444b1547e8148c2de434186146e,p_64eab6039291da87b7bab47109b51546,6,266,1,1,588,52,2,640,7.518796992481203,2406.0150375939847,320,0.5,0.91874999999999996
r_df7a8c000d8d63538f951a5852b34444,Tor file transfer,d_3e1af2e0e0112280268374b53ba71493,0,0,a_e7d8c038c18055500148c5915382bd98,a_55713a472c58a5a0420eaa2984eca8a7,p_1eaa9ec149d11a66efcc2042e1007424,p_3dd478bd944ece2906a0c8e4425f63be,6,70137,393,718,48383,858220,1111,906603,15.840426593666681,12926.173061294325,816.02430243024298,0.35373537353735374,0.053367350427916078
r_ff829622a7e6dc9cda9409c0c02cdd74,Tor file transfer,d_3e1af2e0e0112280268374b53ba71493,0,0,a_e7d8c038c18055500148c5915382bd98,a_67af3babcdaf554ed54932bda60eea8d,p_c032d30af879751fa8ce514296674aae,p_653b5ef53af4e725335abf2902b506d4,6,77686,4262,8601,762090,11205910,12863,11968000,165.57680920629198,154056.07187910305,930.42058617740804,0.33133794604680089,0.063677306149732618
r_eb2ab620c1253bab9860c02c55a54817,Tor file transfer,d_3e1af2e0e0112280268374b53ba71493,0,0,a_e7d8c038c18055500148c5915382bd98,a_0bdb5dc1c5c8490bf060adeb04ddd33c,p_c25c0903177d4e5f4b4f681f016caee3,p_3dd478bd944ece2906a0c8e4425f63be,6,92202,1902,3228,482366,4157131,5130,4639497,55.638706318734954,50318.832563284959,904.38538011695903,0.37076023391812868,0.10396946048246178
r_415248c3a92a009b72d999ebe14fab9a,Tor file transfer,d_3e1af2e0e0112280268374b53ba71493,0,0,a_e7d8c038c18055500148c5915382bd98,a_55713a472c58a5a0420eaa2984eca8a7,p_caa3d32774804c5326f3a1939b50565b,p_3dd478bd944ece2906a0c8e4425f63be,6,70407,387,716,47994,858138,1103,906132,15.666055931938587,12869.913502918744,821.51586582048958,0.35086128739800543,0.052965793063262309
r_2aad392141e33e27c165378e3916a29d,Tor file transfer,d_3e1af2e0e0112280268374b53ba71493,0,0,a_e7d8c038c18055500148c5915382bd98,a_c74275a4b1c41856e9530b991a8762d6,p_af93a6abed5e653310cfda74f8e08d82,p_5ca67bdf35c39c253968da52f56be2c6,6,74332,1174,2060,304478,2622324,3234,2926802,43.507506861109619,39374.724210299741,905.0098948670377,0.36301793444650587,0.1040309525550413
r_61e0a0accc1f0875da2c1b5b9ad30d19,Tor file transfer,d_3e1af2e0e0112280268374b53ba71493,0,0,a_e7d8c038c18055500148c5915382bd98,a_e463cca9792726ac4ee8695a6ee6de0b,p_8f1767b4d387eb7c82e47b64bbd76a83,p_2313704d6916acc778397dda2b5b461d,6,1569,10,7,1495,3783,17,5278,10.834926704907584,3363.9260675589549,310.47058823529414,0.58823529411764708,0.28325123152709358
r_5401f16516b551567a0b8813fe8e6ee0,Tor file transfer,d_3e1af2e0e0112280268374b53ba71493,0,0,a_e7d8c038c18055500148c5915382bd98,a_e6d344fe11a92aca34c94c5a2b558b15,p_aca312e6f9929ab0231abcad630465b4,p_d7195ebfc9c48d4a0beab7870d0eba9c,6,78261,394,663,48431,859017,1057,907448,13.506088600963444,11595.149563639618,858.51277199621575,0.37275307473982972,0.0533705512602375
r_34dc1a65cbef76b3882604564773c33b,Tor file transfer,d_3e1af2e0e0112280268374b53ba71493,0,0,a_e7d8c038c18055500148c5915382bd98,a_4597ffd59430866bcf6987513c4d052f,p_0e473e7a2d6c3848d542adbde9a7d25a,p_4b1c6dfa646a9fcf04705615d9a89740,6,73070,1717,3121,464904,3989917,4838,4454821,66.210483098398797,60966.484193239368,920.79805704836713,0.35489871847871018,0.10435974868574967
r_32184b8f3bbbb3b651425e24ab81a360,Tor file transfer,d_3e1af2e0e0112280268374b53ba71493,0,0,a_e7d8c038c18055500148c5915382bd98,a_e463cca9792726ac4ee8695a6ee6de0b,p_517b85c3cb13e4aa08955f0891618d51,p_2313704d6916acc778397dda2b5b461d,6,73232,1406,2789,392498,3436689,4195,3829187,57.283701114266989,52288.439480008739,912.79785458879621,0.33516090584028607,0.10250165374529893
r_cf62c4b85866220589730639eae8ea82,Tor file transfer,d_3e1af2e0e0112280268374b53ba71493,0,0,a_e7d8c038c18055500148c5915382bd98,a_5ce92e7d66ad15c87973f33e6314ae49,p_1ae491025d1eb098f17600ba4f5c60b4,p_59add6c69faa2fcebe82de14314cf8aa,6,67245,32,29,8908,16081,61,24989,0.90713064168339652,371.61127221354747,409.65573770491801,0.52459016393442626,0.35647684981391814
r_b0c49276bdbc726d5e85499835c5afd9,Tor file transfer,d_3e1af2e0e0112280268374b53ba71493,0,0,a_69fb0b835452ca85c178bdeaaf11695b,a_e7d8c038c18055500148c5915382bd98,p_3d01955bb66b778c6aa471c3a2911a0a,p_52ca3300ef170f26e6621ea46a07d798,6,790414,3245,1980,3941704,295304,5225,4237008,6.6104598349725592,5360.4920965468727,810.91062200956935,0.62105263157894741,0.93030364823479206
r_0c8f7faa1f33e1003e7007448f3c79d3,Tor file transfer,d_3e1af2e0e0112280268374b53ba71493,0,0,a_e7d8c038c18055500148c5915382bd98,a_71394ec0ae14eb2d17f693263a2fab11,p_928e271c8732a32ce3bda943b026680c,p_e8fa32c526b9b4cdc16418a4dc18e34a,6,783264,1261,2184,211248,2625098,3445,2836346,4.3982616333701028,3621.1877476814971,823.32249637155303,0.36603773584905658,0.074478924644595546
r_299208e5acf40c1de07f7865bc1a1867,Tor file transfer,d_3e1af2e0e0112280268374b53ba71493,0,0,a_e7d8c038c18055500148c5915382bd98,a_80009f8dc6b9e2b568a46faf4af2f052,p_e566a70439745fc2f8a8b59a31f113b1,p_2313704d6916acc778397dda2b5b461d,6,67996,11,0,660,0,11,660,0.1617742220130596,9.7064533207835755,60,1,1
r_e0547bdc34bf8f037b3418dac3e8d8a2,Tor file transfer,d_3e1af2e0e0112280268374b53ba71493,0,0,a_e7d8c038c18055500148c5915382bd98,a_cf5bff76c6a22125ba228bff9e6fdf8e,p_e4a06a2e4272f5f07630eb9f6df5a8d4,p_2313704d6916acc778397dda2b5b461d,6,68019,11,0,660,0,11,660,0.16171951954600919,9.7031711727605519,60,1,1
r_f1d93344ef2609899dc485528b1215cd,Tor file transfer,d_3e1af2e0e0112280268374b53ba71493,0,0,a_e7d8c038c18055500148c5915382bd98,a_a85b7cea63b438439e35fdb508e23fbb,p_6175dce6585dca66d9ceb28adb7e9b78,p_2d36b619be089107b3d8a5a53b5aa6c4,6,269,1,1,60,40,2,100,7.4349442379182156,371.74721189591077,50,0.5,0.59999999999999998
r_ae525d13f6e55956eb1520f8d921f8e0,Tor file transfer,d_3e1af2e0e0112280268374b53ba71493,0,0,a_e7d8c038c18055500148c5915382bd98,a_0bdb5dc1c5c8490bf060adeb04ddd33c,p_203e051fee594c9192ec3ad5f873378b,p_3dd478bd944ece2906a0c8e4425f63be,6,184422,43,41,6903,22137,84,29040,0.45547711227510818,157.46494452939453,345.71428571428572,0.51190476190476186,0.23770661157024794
r_081d79d0ccc23c78c390c91e060391d0,Tor file transfer,d_3e1af2e0e0112280268374b53ba71493,0,0,a_e7d8c038c18055500148c5915382bd98,a_67af3babcdaf554ed54932bda60eea8d,p_f4473fe27349469cdb51b60815628feb,p_653b5ef53af4e725335abf2902b506d4,6,616871,158,146,67762,48372,304,116134,0.49280967981960572,188.26302419792793,382.01973684210526,0.51973684210526316,0.58348115108409249
r_4dc19bb1547495c1e589da08509769aa,Tor file transfer,d_3e1af2e0e0112280268374b53ba71493,0,0,a_e7d8c038c18055500148c5915382bd98,a_227d1fa26458f82c6faee349bd6fa27f,p_e6553328197038f9035417583b89f00c,p_ebe9cfafe284f540917a29fe9616a45d,6,748926,1323,734,1458659,184070,2057,1642729,2.7465997975767964,2193.4463485043916,798.60427807486633,0.64316966456003888,0.88794865129914913
r_31d83027298ed04824947635d647a672,Tor file transfer,d_3e1af2e0e0112280268374b53ba71493,0,0,a_e7d8c038c18055500148c5915382bd98,a_f132650412ddaee1888a174169f0c285,p_780315ab1590e07389bf3336538b1c10,p_d360bbf02a78338753c95a4441fac628,6,205800,51,50,19697,13496,101,33193,0.49076773566569482,161.28765792031098,328.64356435643566,0.50495049504950495,0.59340824872714126
r_2267d1b802e2946a400c2052dc1b3ae1,Tor file transfer,d_3e1af2e0e0112280268374b53ba71493,0,0,a_e7d8c038c18055500148c5915382bd98,a_67af3babcdaf554ed54932bda60eea8d,p_ddc4d386598d40c848d722ad5455964e,p_653b5ef53af4e725335abf2902b506d4,6,741715,387,346,255358,123470,733,378828,0.98825020391929508,510.74604126922065,516.81855388813096,0.52796725784447474,0.67407372211135397
r_031fe6826520d1afc34ce84e5d4a4024,Tor file transfer,d_3e1af2e0e0112280268374b53ba71493,0,0,a_e7d8c038c18055500148c5915382bd98,a_838767ae237b031a3400278c3cfa6317,p_8012dc3bdafbe5c5bf69f2b3a6e2610e,p_2313704d6916acc778397dda2b5b461d,6,68257,11,0,660,0,11,660,0.16115563238935199,9.6693379433611195,60,1,1
r_98514ff36d2fcd4822fd587452c6fb00,Tor file transfer,d_3e1af2e0e0112280268374b53ba71493,0,0,a_e7d8c038c18055500148c5915382bd98,a_a4b193b39a845b1181776c77eda2ad83,p_1a7d947c18cd9e5a45bd71c020e41873,p_3dd478bd944ece2906a0c8e4425f63be,6,282,1,1,60,40,2,100,7.0921985815602842,354.6099290780142,50,0.5,0.59999999999999998
r_61f3d384aced79e93172db56dfb692c5,Tor file transfer,d_3e1af2e0e0112280268374b53ba71493,0,0,a_e7d8c038c18055500148c5915382bd98,a_8ccd6c0f86b5608ad1b0ccd3345969b3,p_80648348a1e41d098e0d6ec74e7047ff,p_2313704d6916acc778397dda2b5b461d,6,68035,11,0,660,0,11,660,0.16168148746968472,9.7008892481810829,60,1,1
r_ea4948b22690333e39eedce700e95b58,Tor file transfer,d_3e1af2e0e0112280268374b53ba71493,0,0,a_e7d8c038c18055500148c5915382bd98,a_0cb20b3c4749c40fd7d2cb41d8db4879,p_1f1ea444b1547e8148c2de434186146e,p_64eab6039291da87b7bab47109b51546,6,4191,7,6,292,408,13,700,3.1018849916487712,167.02457647339537,53.846153846153847,0.53846153846153844,0.41714285714285715
r_7fd32951ba5416c143931d7b4e95b621,Tor file transfer,d_3e1af2e0e0112280268374b53ba71493,0,0,a_e7d8c038c18055500148c5915382bd98,a_c74275a4b1c41856e9530b991a8762d6,p_f2f551bb7b14997dd567315be9b8aef4,p_5ca67bdf35c39c253968da52f56be2c6,6,197407,58,55,16231,20206,113,36437,0.57242144402174189,184.57805447628502,322.45132743362831,0.51327433628318586,0.44545379696462389
r_453886a5651df2fe553a43ba1d2777b3,Tor file transfer,d_3e1af2e0e0112280268374b53ba71493,0,0,a_e7d8c038c18055500148c5915382bd98,a_3bf9f57097a8fd1fae301e1ca42eedac,p_ca6ef2aab10752e48a6755f900f37c42,p_b303345724f72d24ec6c9d55662f6c01,6,574799,144,138,50111,79895,282,130006,0.49060628150014179,226.17645472591289,461.01418439716315,0.51063829787234039,0.38545144070273679
r_1bd8b72a01e74f6e6037fdb36635cd14,Tor file transfer,d_3e1af2e0e0112280268374b53ba71493,0,0,a_e7d8c038c18055500148c5915382bd98,a_c74275a4b1c41856e9530b991a8762d6,p_c58df1cc5c4cc1659837d8591d15b588,p_5ca67bdf35c39c253968da52f56be2c6,6,567956,270,233,180055,83912,503,263967,0.88563198557634748,464.7666368521505,524.78528827037769,0.53677932405566597,0.68211177912390564
r_2c6715c47ba868b6b6c2e506356e1111,Tor file transfer,d_3e1af2e0e0112280268374b53ba71493,0,0,a_e7d8c038c18055500148c5915382bd98,a_16320838a47ee1ecc3b078d4880a5c10,p_dac1f174e6dd401ddebff6a6611bc395,p_2313704d6916acc778397dda2b5b461d,6,68108,11,0,660,0,11,660,0.16150819287014739,9.6904915722088436,60,1,1
r_611a05bc4170188eb68606622c074a08,Tor file transfer,d_3e1af2e0e0112280268374b53ba71493,0,0,a_e7d8c038c18055500148c5915382bd98,a_8191a1e6efaf3f63f44f10e11a56d0d6,p_87436e31594e5288b07c6da0d626c616,p_2313704d6916acc778397dda2b5b461d,6,349,1,1,60,40,2,100,5.7306590257879657,286.53295128939828,50,0.5,0.59999999999999998
r_957cd522efdb7add48d4489c2ff5110d,Tor file transfer,d_3e1af2e0e0112280268374b53ba71493,0,0,a_e7d8c038c18055500148c5915382bd98,a_b2ce6218e704befe601e07edc341da1d,p_3c5d747a40b6ffc8bd3b36ff838552de,p_2313704d6916acc778397dda2b5b461d,6,68295,11,0,660,0,11,660,0.16106596383336994,9.6639578300021967,60,1,1
r_a13504702490e9857602f0d18ec423c7,Tor file transfer,d_3e1af2e0e0112280268374b53ba71493,0,0,a_e7d8c038c18055500148c5915382bd98,a_55713a472c58a5a0420eaa2984eca8a7,p_1eaa9ec149d11a66efcc2042e1007424,p_3dd478bd944ece2906a0c8e4425f63be,6,275,3,3,132,180,6,312,21.818181818181817,1134.5454545454545,52,0.5,0.42307692307692307
r_08ee70dc8befbb5409d8bbb327954bda,Tor file transfer,d_3e1af2e0e0112280268374b53ba71493,0,0,a_67af3babcdaf554ed54932bda60eea8d,a_e7d8c038c18055500148c5915382bd98,p_653b5ef53af4e725335abf2902b506d4,p_c032d30af879751fa8ce514296674aae,6,360,3,2,132,128,5,260,13.888888888888889,722.22222222222229,52,0.59999999999999998,0.50769230769230766
r_398e1c71abcf0925ffb17723ce520fc9,Tor file transfer,d_3e1af2e0e0112280268374b53ba71493,0,0,a_e7d8c038c18055500148c5915382bd98,a_0bdb5dc1c5c8490bf060adeb04ddd33c,p_c25c0903177d4e5f4b4f681f016caee3,p_3dd478bd944ece2906a0c8e4425f63be,6,308,3,2,132,128,5,260,16.233766233766232,844.15584415584419,52,0.59999999999999998,0.50769230769230766
r_0d2cfbf93ed2b554e9a5eb30fdd12eac,Tor file transfer,d_3e1af2e0e0112280268374b53ba71493,0,0,a_e7d8c038c18055500148c5915382bd98,a_ce6f4d7e2bcae8ee8380c8776a11b271,p_39ec8c8ac463504a74f2d51263390c41,p_2313704d6916acc778397dda2b5b461d,6,313,1,1,60,40,2,100,6.3897763578274764,319.4888178913738,50,0.5,0.59999999999999998
r_bcfdedfcf57f1b8815f01fb2ca948c72,Tor file transfer,d_3e1af2e0e0112280268374b53ba71493,0,0,a_e7d8c038c18055500148c5915382bd98,a_4597ffd59430866bcf6987513c4d052f,p_eb55167a59d1b2e123b7d2f81327f3f8,p_4b1c6dfa646a9fcf04705615d9a89740,6,395153,111,102,44482,43953,213,88435,0.53903171682867135,223.79938909738758,415.18779342723002,0.52112676056338025,0.50299089726918078
r_12bca5a6c425c495359d13caa00e31f8,Tor file transfer,d_3e1af2e0e0112280268374b53ba71493,0,0,a_e7d8c038c18055500148c5915382bd98,a_b7d6f6ee1b0b769a8cbd671df3489079,p_75bb58c53f73d2609a2e682fd4b850f3,p_a144e943164565cc971c4ae3369cd5e2,6,393144,1260,656,1468508,159390,1916,1627898,4.8735323443827196,4140.7168874509089,849.63361169102302,0.65762004175365341,0.9020884600877942
r_c7c3a221169dee0779f0b2a0e5ad92de,Tor file transfer,d_3e1af2e0e0112280268374b53ba71493,0,0,a_e7d8c038c18055500148c5915382bd98,a_6381acbaadb7023cc8e55b2aa8aecdea,p_6bbd4c90a124d14ee71962deb5fd4e96,p_3dd478bd944ece2906a0c8e4425f63be,6,264585,60,58,20132,17713,118,37845,0.44598144263658185,143.03531946255458,320.72033898305085,0.50847457627118642,0.53195930770247057
r_464efed76c50da58af04945b70e889f0,Tor file transfer,d_3e1af2e0e0112280268374b53ba71493,0,0,a_e7d8c038c18055500148c5915382bd98,a_4597ffd59430866bcf6987513c4d052f,p_6062a3d5e6844c74e1ca23012978411f,p_4b1c6dfa646a9fcf04705615d9a89740,6,390882,237,184,171987,70073,421,242060,1.0770513863518913,619.26617239985467,574.96437054631826,0.56294536817102137,0.71051392216805753
r_a169750bb1daec69ba356826f9657396,Tor file transfer,d_3e1af2e0e0112280268374b53ba71493,0,0,a_e7d8c038c18055500148c5915382bd98,a_e2370a5f48648ec5a5dbdf8b657a0e89,p_3e46932a34292b9962b5c068a3b25a3f,p_3dd478bd944ece2906a0c8e4425f63be,6,256994,66,68,19888,27235,134,47123,0.52141295127512699,183.36225748461052,351.66417910447763,0.4925373134328358,0.42204443689917875
r_3f7262eb4ba23e156fe01a4a310c3d74,Tor file transfer,d_3e1af2e0e0112280268374b53ba71493,0,0,a_e7d8c038c18055500148c5915382bd98,a_916592aac949494ee370e7a9592802f4,p_b5a2b7029250cad1b0ac00daaace48e8,p_570451000db5bc942dd5e80a742b2309,6,3072,4,0,240,0,4,240,1.3020833333333333,78.125,60,1,1
r_2787fb5afdb6902c0b80ea6bb475615c,Tor file transfer,d_3e1af2e0e0112280268374b53ba71493,0,0,a_55713a472c58a5a0420eaa2984eca8a7,a_e7d8c038c18055500148c5915382bd98,p_3dd478bd944ece2906a0c8e4425f63be,p_caa3d32774804c5326f3a1939b50565b,6,288,3,2,132,128,5,260,17.361111111111111,902.77777777777783,52,0.59999999999999998,0.50769230769230766
r_fbc10884ff09fe4745f7e948c14d77f1,Tor file transfer,d_3e1af2e0e0112280268374b53ba71493,0,0,a_e7d8c038c18055500148c5915382bd98,a_c74275a4b1c41856e9530b991a8762d6,p_af93a6abed5e653310cfda74f8e08d82,p_5ca67bdf35c39c253968da52f56be2c6,6,244,3,2,132,128,5,260,20.491803278688526,1065.5737704918033,52,0.59999999999999998,0.50769230769230766
r_fbf56436c9d7fd739ea60c68cced38f5,Tor file transfer,d_3e1af2e0e0112280268374b53ba71493,0,0,a_e7d8c038c18055500148c5915382bd98,a_8dddc3650faabc8fca61d2758620e52b,p_f2294bfd57fca471db9c916ce987451e,p_2313704d6916acc778397dda2b5b461d,6,68307,11,0,660,0,11,660,0.16103766817456483,9.6622600904738896,60,1,1
r_73018f9f54417847b2824e09d9566696,Tor file transfer,d_3e1af2e0e0112280268374b53ba71493,0,0,a_e7d8c038c18055500148c5915382bd98,a_80f054d4007522abaed414dbfea08667,p_11dcf83497c2e4c43acff229104baaed,p_3dd478bd944ece2906a0c8e4425f63be,6,70508,375,663,47424,859181,1038,906605,14.721733703976854,12858.186305100131,873.41522157996144,0.36127167630057805,0.052309440164128813
r_3f2bdcf4685ef1cc2d4d676ee43aba58,Tor file transfer,d_3e1af2e0e0112280268374b53ba71493,0,0,a_e7d8c038c18055500148c5915382bd98,a_5ce92e7d66ad15c87973f33e6314ae49,p_b7703e67f0e8d17f347edcb59e6739fc,p_59add6c69faa2fcebe82de14314cf8aa,6,80818,1557,2837,417302,3652703,4394,4070005,54.369076195896952,50360.130169021751,926.26422394173869,0.35434683659535732,0.10253107797164869
r_9ba523119ab39b39d0ef6076241c5971,Tor file transfer,d_3e1af2e0e0112280268374b53ba71493,0,0,a_e7d8c038c18055500148c5915382bd98,a_4f40e4207ec4a5d9ebe61f2f166b35c0,p_2064d723fb16017d921c8c37e119e099,p_2313704d6916acc778397dda2b5b461d,6,75871,1602,2949,432679,3768218,4551,4200897,59.983392864203715,55368.942020007649,923.07119314436386,0.35201054713249835,0.10299681234745818
r_072440143b5c347201a92639f46e784a,Tor file transfer,d_3e1af2e0e0112280268374b53ba71493,0,0,a_e7d8c038c18055500148c5915382bd98,a_4f40e4207ec4a5d9ebe61f2f166b35c0,p_fe8df4ed3e165bdf86677b322fe6e0de,p_2313704d6916acc778397dda2b5b461d,6,213605,229,184,205007,63510,413,268517,1.9334753399967231,1257.0726340675546,650.16222760290555,0.55447941888619856,0.76347866243105655
r_ed36a2b006a5cacedde4eb4252728f76,Tor file transfer,d_3e1af2e0e0112280268374b53ba71493,0,0,a_e7d8c038c18055500148c5915382bd98,a_2c93704d57176602fbdd95e157abeff2,p_8252c8e1b57742d48c4a00be16d7d3e1,p_2313704d6916acc778397dda2b5b461d,6,209670,66,65,25875,40272,131,66147,0.62479133877044879,315.48147088281587,504.93893129770993,0.50381679389312972,0.39117420291169669
r_7120e870775e6a451f0e7bb930df34dd,Tor file transfer,d_3e1af2e0e0112280268374b53ba71493,0,0,a_e7d8c038c18055500148c5915382bd98,a_5ce92e7d66ad15c87973f33e6314ae49,p_bffb5f42e62bc14e704de8308240a08f,p_59add6c69faa2fcebe82de14314cf8aa,6,213112,1151,514,1393801,110167,1665,1503968,7.812793273020759,7057.1718157588502,903.28408408408404,0.6912912912912913,0.92674910636396524
r_8cd772a4fa8dec12a23d748d8ae4f035,Tor file transfer,d_3e1af2e0e0112280268374b53ba71493,0,0,a_e7d8c038c18055500148c5915382bd98,a_e463cca9792726ac4ee8695a6ee6de0b,p_8f1767b4d387eb7c82e47b64bbd76a83,p_2313704d6916acc778397dda2b5b461d,6,265,3,3,132,180,6,312,22.641509433962263,1177.3584905660377,52,0.5,0.42307692307692307
r_4455b4e44f9f28c6f0ea8472b3a37020,Tor file transfer,d_3e1af2e0e0112280268374b53ba71493,0,0,a_e7d8c038c18055500148c5915382bd98,a_7f7e7fc89eb2b06eacd95ac551cc563a,p_dea134644688a724dda744f0b22c89b3,p_2d36b619be089107b3d8a5a53b5aa6c4,6,286,1,1,60,40,2,100,6.9930069930069934,349.65034965034965,50,0.5,0.59999999999999998
r_27b901b3a09080bb117c23aa3ca2cef0,Tor file transfer,d_3e1af2e0e0112280268374b53ba71493,0,0,a_e7d8c038c18055500148c5915382bd98,a_838767ae237b031a3400278c3cfa6317,p_fba4a9d411823f484c7521c602e82896,p_2313704d6916acc778397dda2b5b461d,6,68084,11,0,660,0,11,660,0.16156512543328827,9.6939075259972967,60,1,1
r_724c7ae23db61bcb43d45b4286310d26,Tor file transfer,d_3e1af2e0e0112280268374b53ba71493,0,0,a_e7d8c038c18055500148c5915382bd98,a_64565e001f66e30b35d55be0e38917b6,p_ee29ced8f4e354d517bd3aca4e0184c1,p_2313704d6916acc778397dda2b5b461d,6,67931,11,0,660,0,11,660,0.16192901620762246,9.7157409724573469,60,1,1
r_100038fb99a1b7b599374f743e5a9b78,Tor file transfer,d_3e1af2e0e0112280268374b53ba71493,0,0,a_e7d8c038c18055500148c5915382bd98,a_c4dd81d8583981e5ee90450df492c4c6,p_8b1eb74a961ead5512df7777c0bee6fc,p_2313704d6916acc778397dda2b5b461d,6,67954,11,0,660,0,11,660,0.16187420902375138,9.7124525414250833,60,1,1
r_b1a909b9f256fd74b3d4cdf4ab6e08b6,Tor file transfer,d_3e1af2e0e0112280268374b53ba71493,0,0,a_e7d8c038c18055500148c5915382bd98,a_e6d344fe11a92aca34c94c5a2b558b15,p_aca312e6f9929ab0231abcad630465b4,p_d7195ebfc9c48d4a0beab7870d0eba9c,6,35371,4,3,720,180,7,900,0.19790223629527012,25.444573237963301,128.57142857142858,0.5714285714285714,0.80000000000000004
r_fa5dc802903b09bdef3b075e2b653117,Tor file transfer,d_3e1af2e0e0112280268374b53ba71493,0,0,a_e7d8c038c18055500148c5915382bd98,a_4597ffd59430866bcf6987513c4d052f,p_0e473e7a2d6c3848d542adbde9a7d25a,p_4b1c6dfa646a9fcf04705615d9a89740,6,8345,4,4,720,232,8,952,0.95865787896944266,114.08028759736368,119,0.5,0.75630252100840334
r_a0f2bf8538167f0f132789105c8ec81f,Tor file transfer,d_3e1af2e0e0112280268374b53ba71493,0,0,a_e463cca9792726ac4ee8695a6ee6de0b,a_e7d8c038c18055500148c5915382bd98,p_2313704d6916acc778397dda2b5b461d,p_517b85c3cb13e4aa08955f0891618d51,6,266,3,2,132,128,5,260,18.796992481203006,977.4436090225563,52,0.59999999999999998,0.50769230769230766
r_316558a60c3bd426b991895be6678413,Tor file transfer,d_3e1af2e0e0112280268374b53ba71493,0,0,a_e7d8c038c18055500148c5915382bd98,a_0bdb5dc1c5c8490bf060adeb04ddd33c,p_0c15a309dd473bd32fb946afac6945d4,p_3dd478bd944ece2906a0c8e4425f63be,6,92304,26,26,7122,11171,52,18293,0.56335586756803602,198.18209395042467,351.78846153846155,0.5,0.38932925162630516
r_6c24f3c56161ddb739e392fcfc76e2cc,Tor file transfer,d_3e1af2e0e0112280268374b53ba71493,0,0,a_e7d8c038c18055500148c5915382bd98,a_a4c91776a834f03fdfeff0928a4d4107,p_9011dc8e419d5597bfda2747f6ac4e50,p_346156c425c7ac656c5ba25e35116854,6,35923,10,0,600,0,10,600,0.27837318709461906,16.702391225677143,60,1,1
r_b83a5383a69a9873c0ed5f69373949cf,Tor file transfer,d_3e1af2e0e0112280268374b53ba71493,0,0,a_e7d8c038c18055500148c5915382bd98,a_80f054d4007522abaed414dbfea08667,p_5516ea4414df47b0d6af578b9b2b4b42,p_3dd478bd944ece2906a0c8e4425f63be,6,5893,397,659,48553,857711,1056,906264,179.19565586288817,153786.52638723911,858.2045454545455,0.37594696969696972,0.05357489649815065
r_aff5bf211a5fb6254ae5ddaee826ac6a,Tor file transfer,d_3e1af2e0e0112280268374b53ba71493,0,0,a_e7d8c038c18055500148c5915382bd98,a_24d57f494a52ef849fbf4232a57825e0,p_8043067072c44ca3bc2b392f2ae70b32,p_2d36b619be089107b3d8a5a53b5aa6c4,6,9113,1396,2542,372609,3261906,3938,3634515,432.12992428398991,398827.4991769999,922.93423057389543,0.35449466734382934,0.10251959339829386
r_097a43523d3c6aad1462aa3aa898d76e,Tor file transfer,d_3e1af2e0e0112280268374b53ba71493,0,0,a_e7d8c038c18055500148c5915382bd98,a_12b71b62cd61d16405990587f8178445,p_b58b9d8f8d13712437c9b9e0d78b546e,p_3d01955bb66b778c6aa471c3a2911a0a,6,13881,1732,3268,474128,4159753,5000,4633881,360.20459621064765,333829.04689863842,926.77620000000002,0.34639999999999999,0.10231769007447537
r_59b95a05d37406a236fb6017d44aba07,Tor file transfer,d_3e1af2e0e0112280268374b53ba71493,0,0,a_e7d8c038c18055500148c5915382bd98,a_24d57f494a52ef849fbf4232a57825e0,p_f89450829c55474b01c8284c1e54aec5,p_2d36b619be089107b3d8a5a53b5aa6c4,6,25509,23,21,8971,12422,44,21393,1.7248814144027598,838.64518405268723,486.20454545454544,0.52272727272727271,0.41934277567428596
r_e4739a9a1d0bc45f39ac50029efe48e6,Tor file transfer,d_3e1af2e0e0112280268374b53ba71493,0,0,a_e7d8c038c18055500148c5915382bd98,a_12b71b62cd61d16405990587f8178445,p_66feb190f0393543c88ffed97d9628d8,p_3d01955bb66b778c6aa471c3a2911a0a,6,31145,121,76,112996,31879,197,144875,6.3252528495745706,4651.6294750361212,735.40609137055833,0.6142131979695431,0.77995513373597924
r_002b810c346728191ecb9ee89d219cfa,Tor file transfer,d_3e1af2e0e0112280268374b53ba71493,0,0,a_e7d8c038c18055500148c5915382bd98,a_fd81562f046baec66c477226e75de25c,p_fb6672c9c045138f7264d7defb6cd7e3,p_2313704d6916acc778397dda2b5b461d,6,29114,75,68,55745,31852,143,87597,4.9117263172356944,3008.7586728034621,612.5664335664336,0.52447552447552448,0.63638024133246573
r_0c15c229e6cd47cbfc73f1753f818dec,Tor file transfer,d_3e1af2e0e0112280268374b53ba71493,0,0,a_e7d8c038c18055500148c5915382bd98,a_a3b2a6385920e112fedba7cd0a272c68,p_116f4161636a4cb2fe79f376f469f0cc,p_3dd478bd944ece2906a0c8e4425f63be,6,29078,21,20,6875,7670,41,14545,1.4100006878052136,500.20634156406908,354.7560975609756,0.51219512195121952,0.47267102096940528
r_c1dd5955cfe216e868d708394daef878,Tor file transfer,d_3e1af2e0e0112280268374b53ba71493,0,0,a_e7d8c038c18055500148c5915382bd98,a_d6cc40fb34d30a737ca215eb6f086e94,p_5affb4be0a6a7c921a8922eeeb9095b1,p_d7195ebfc9c48d4a0beab7870d0eba9c,6,29124,16,15,5546,6329,31,11875,1.0644142288147234,407.739321521769,383.06451612903226,0.5161290322580645,0.46703157894736841
r_125a57ba93e9e53ca69fd4ecaaa60840,Tor file transfer,d_3e1af2e0e0112280268374b53ba71493,0,0,a_e7d8c038c18055500148c5915382bd98,a_24d57f494a52ef849fbf4232a57825e0,p_4d6f26870fe921e00a36da1bc4f1450d,p_2d36b619be089107b3d8a5a53b5aa6c4,6,25100,1126,478,1410073,99582,1604,1509655,63.904382470119515,60145.617529880474,941.18142144638409,0.70199501246882789,0.9340365845176547
r_b31cb65a44ad1541c742c2700ec57f7b,Tor file transfer,d_3e1af2e0e0112280268374b53ba71493,0,0,a_e7d8c038c18055500148c5915382bd98,a_5ce92e7d66ad15c87973f33e6314ae49,p_1ae491025d1eb098f17600ba4f5c60b4,p_59add6c69faa2fcebe82de14314cf8aa,6,1313,4,3,720,180,7,900,5.3313023610053314,685.45316070068543,128.57142857142858,0.5714285714285714,0.80000000000000004
r_cf3db0338d1d342e1d590c73310cc8b4,Tor file transfer,d_3e1af2e0e0112280268374b53ba71493,0,0,a_e7d8c038c18055500148c5915382bd98,a_e2370a5f48648ec5a5dbdf8b657a0e89,p_15bb0aa4f2f4a5a13233e8c60b9bc2ad,p_3dd478bd944ece2906a0c8e4425f63be,6,13246,13,14,3235,6825,27,10060,2.0383512003623734,759.47455835723986,372.59259259259261,0.48148148148148145,0.32157057654075549
r_fd34b5f516b506562a385fa99a03e0c1,Tor file transfer,d_07128c50bdc12202e87dc8310ed290a4,0,0,a_d96e1b5cf0fb3dd0a6cd230f2906e5ff,a_77493b17fb81a418415633006c952ba1,p_7164c018e21512e4a4bd5b4ef949c48e,p_266c4109f83925e05ac764680e4980e3,6,121602,2806,0,1124428,0,2806,1124428,23.075278367132118,9246.788704133156,400.72273699215964,1,1
r_c34ba354c2ba6934d3b88b9927a56834,Tor file transfer,d_07128c50bdc12202e87dc8310ed290a4,0,0,a_7824f11e372ca72adb30c1d21138f21a,a_e7d8c038c18055500148c5915382bd98,p_53b18b33cc21a2933da3a83a094344d3,p_9db71a9f19bb475d39de32b52aea0cfc,6,119629,21,20,4308,8544,41,12852,0.34272626202676609,107.43214437970725,313.46341463414632,0.51219512195121952,0.33520074696545282
r_bac3f0ab9c8158fb7ffd44406de8607a,Tor file transfer,d_07128c50bdc12202e87dc8310ed290a4,0,0,a_e7d8c038c18055500148c5915382bd98,a_b3473f2ec0e1aa6e23367b95b4c6097a,p_98aaa5446c324a68348e9437c1023ca8,p_2313704d6916acc778397dda2b5b461d,6,60864,5,0,300,0,5,300,0.082150368033648793,4.9290220820189274,60,1,1
r_5d08da9806682c3c8c77b75c8ecf4fb4,Tor file transfer,d_07128c50bdc12202e87dc8310ed290a4,0,0,a_71394ec0ae14eb2d17f693263a2fab11,a_e7d8c038c18055500148c5915382bd98,p_e8fa32c526b9b4cdc16418a4dc18e34a,p_1f68d8b296447e803a445ac8376291f2,6,119122,4532,2599,5741308,392818,7131,6134126,59.862997599100083,51494.484645993187,860.20558126489971,0.63553498808021314,0.93596186318963781
r_9c29130ea985f179244fa9951602dd29,Tor file transfer,d_07128c50bdc12202e87dc8310ed290a4,0,0,a_e7d8c038c18055500148c5915382bd98,a_77f30976d60287220aa36a0de5a6969b,p_98ada8325117e6da964d5f2e93b3651f,p_53b18b33cc21a2933da3a83a094344d3,6,117804,26,26,9392,7248,52,16640,0.44141115751587384,141.25157040507963,320,0.5,0.56442307692307692
r_70e533a847396c5055f17f805e0e4e16,Tor file transfer,d_07128c50bdc12202e87dc8310ed290a4,0,0,a_e7d8c038c18055500148c5915382bd98,a_69fb0b835452ca85c178bdeaaf11695b,p_d4fde792249fb56ac5d90699573e0fab,p_3d01955bb66b778c6aa471c3a2911a0a,6,119083,63,65,18252,37164,128,55416,1.0748805455018768,465.35609616821881,432.9375,0.4921875,0.32936336076223471
r_5fb2bc92ffd01498128fa662941dfafc,Tor file transfer,d_07128c50bdc12202e87dc8310ed290a4,0,0,a_dd0463b3a84f510aa33cdcc52359ef1d,a_e7d8c038c18055500148c5915382bd98,p_2d36b619be089107b3d8a5a53b5aa6c4,p_3a7e10cb1ca2a0d8591ef27d17cdfafe,6,119919,17,17,9996,884,34,10880,0.28352471251428046,90.727908004569755,320,0.5,0.91874999999999996
r_f7113cfe5cf089ad45d2c50c87bc707f,Tor file transfer,d_07128c50bdc12202e87dc8310ed290a4,0,0,a_e7d8c038c18055500148c5915382bd98,a_08a442cf8128f2129d30fb075fff1c93,p_1b3c58973c5eaf6590e95a6c81f36656,p_3dd478bd944ece2906a0c8e4425f63be,6,114316,21,21,7524,5916,42,13440,0.36740263830085029,117.56884425627209,320,0.5,0.55982142857142858
r_3bd4e42ba60815e9836ad38dabb3a6da,Tor file transfer,d_07128c50bdc12202e87dc8310ed290a4,0,0,a_98522aaab9d61630b396b25ba9cc842e,a_e7d8c038c18055500148c5915382bd98,p_a144e943164565cc971c4ae3369cd5e2,p_504122e788043e218a390d9057b8de67,6,115460,21,23,6452,8164,44,14616,0.38108435821929676,126.5892949939373,332.18181818181819,0.47727272727272729,0.44143404488232074
r_34048426596249f7daf25bfb0eaa566a,Tor file transfer,d_07128c50bdc12202e87dc8310ed290a4,0,0,a_18dc182378108d671b297504601edf02,a_e7d8c038c18055500148c5915382bd98,p_d7195ebfc9c48d4a0beab7870d0eba9c,p_e5155bb900edd9a214ae18bea66aabb4,6,116036,22,22,7040,7040,44,14080,0.37919266434554794,121.34165259057534,320,0.5,0.5
r_d51d39df45a67af636174796c024b171,Tor file transfer,d_07128c50bdc12202e87dc8310ed290a4,0,0,a_e7d8c038c18055500148c5915382bd98,a_7776b9fea893f0b2ffce1b0bcb13451c,p_1fcc4ac38ab17d459e9ba68751deee35,p_2313704d6916acc778397dda2b5b461d,6,72953,374,663,47365,859130,1037,906495,14.214631337984729,12425.739859909805,874.15139826422376,0.36065573770491804,0.052250701879216099
r_3e09a644d51b8e91f2972da0322f5d1d,Tor file transfer,d_07128c50bdc12202e87dc8310ed290a4,0,0,a_2dbed1e84462981f702ef10992aeca1b,a_e7d8c038c18055500148c5915382bd98,p_e7d36acc8d64a944ec8309329b855410,p_bc48a720ebbb00aa7f115f028762d04a,6,112496,18,18,10584,936,36,11520,0.32001137818233538,102.40364101834733,320,0.5,0.91874999999999996
r_a0a34df7b884699b21335c3770fb7b47,Tor file transfer,d_07128c50bdc12202e87dc8310ed290a4,0,0,a_5547c4a3d4fc140236c79cc6add16451,a_e7d8c038c18055500148c5915382bd98,p_64eab6039291da87b7bab47109b51546,p_80ea919efe53ddbbe7dba39cb22c5ffd,6,112531,24,24,8752,7658,48,16410,0.42654912868454026,145.82648336902719,341.875,0.5,0.53333333333333333
r_24f71f91102afb2b8cb4736112fbf204,Tor file transfer,d_07128c50bdc12202e87dc8310ed290a4,0,0,a_e7d8c038c18055500148c5915382bd98,a_b3473f2ec0e1aa6e23367b95b4c6097a,p_4cd07ab88ebe54eb76662a042d73e039,p_2313704d6916acc778397dda2b5b461d,6,68238,11,0,660,0,11,660,0.16120050411794015,9.6720302470764086,60,1,1
r_1febb108e0cd9cdd8fc059c051b18847,Tor file transfer,d_07128c50bdc12202e87dc8310ed290a4,0,0,a_c6c9a526580e33d22ce9293eeb537328,a_e7d8c038c18055500148c5915382bd98,p_3dd478bd944ece2906a0c8e4425f63be,p_3cba482188fb737229a8916acbb68655,6,110645,20,20,6936,5864,40,12800,0.3615165619774956,115.68529983279859,320,0.5,0.541875
r_03c85b649b50cac1b50f617c312ecb8a,Tor file transfer,d_07128c50bdc12202e87dc8310ed290a4,0,0,a_e7d8c038c18055500148c5915382bd98,a_b6c48b91a0b370a6737984911a271ac6,p_1b56d1834605f33431311197e6fa99a0,p_df178b2b798fceb52e78daa22e88d339,6,77551,1488,2690,384059,3384235,4178,3768294,53.874224703743344,48591.172260834806,901.9372905696506,0.35615126854954526,0.10191853395727615
r_3ca3e91b5c39f83b0fadce8ffc342676,Tor file transfer,d_07128c50bdc12202e87dc8310ed290a4,0,0,a_e7d8c038c18055500148c5915382bd98,a_85db53ead25175810703e870b8d16304,p_1793e32be61fe5d510d4ae7c9e05e303,p_3dd478bd944ece2906a0c8e4425f63be,6,72937,1748,3248,472741,4140204,4996,4612945,68.497470419677256,63245.609224399144,923.32766212970375,0.3498799039231385,0.10248138661961068
r_cea67b4c76f5d3afdb6b19a9c924c6cf,Tor file transfer,d_07128c50bdc12202e87dc8310ed290a4,0,0,a_e7d8c038c18055500148c5915382bd98,a_85db53ead25175810703e870b8d16304,p_87f5325fdbc21a8c051405dc2d05b624,p_3dd478bd944ece2906a0c8e4425f63be,6,99427,60,46,28313,18652,106,46965,1.0661088034437325,472.35660333712167,443.06603773584908,0.56603773584905659,0.60285318854466097
r_41698e1517b223be3e547ad0ce8cdb2d,Tor file transfer,d_07128c50bdc12202e87dc8310ed290a4,0,0,a_e7d8c038c18055500148c5915382bd98,a_b6c48b91a0b370a6737984911a271ac6,p_8b790f47a10c916af6f0b307ffa5a907,p_df178b2b798fceb52e78daa22e88d339,6,96420,61,57,36531,18445,118,54976,1.2238124870358846,570.17216345156601,465.89830508474574,0.51694915254237284,0.66448995925494758
r_937879d4b682565430f2589fed9ff422,Tor file transfer,d_07128c50bdc12202e87dc8310ed290a4,0,0,a_e7d8c038c18055500148c5915382bd98,a_9fc38cfd8bec008cfd630af45a1f219a,p_3dc4b3100e80d63132f2fdce363ea111,p_3dd478bd944ece2906a0c8e4425f63be,6,94862,54,50,22670,24606,104,47276,1.0963294048196328,498.36604752166306,454.57692307692309,0.51923076923076927,0.47952449445807599
r_d5d71d2ef3991acef379204660d5f55e,Tor file transfer,d_07128c50bdc12202e87dc8310ed290a4,0,0,a_e7d8c038c18055500148c5915382bd98,a_85db53ead25175810703e870b8d16304,p_ca5ddbe5c5a149c35e4494a9112386e0,p_3dd478bd944ece2906a0c8e4425f63be,6,86625,223,176,218707,52592,399,271299,4.6060606060606064,3131.878787878788,679.9473684210526,0.55889724310776945,0.80614746091950207
r_de2b41e1a68e7608af80f84c3e52411b,Tor file transfer,d_07128c50bdc12202e87dc8310ed290a4,0,0,a_e7d8c038c18055500148c5915382bd98,a_b6c48b91a0b370a6737984911a271ac6,p_c5b7c50b3496cb59f7286463f18ad46b,p_df178b2b798fceb52e78daa22e88d339,6,81805,4606,2905,5863874,358015,7511,6221889,91.81590367336959,76057.563718599107,828.37025695646389,0.61323392357875117,0.94245879346288564
r_e1f07c3e1679b45efa52af57acdbc718,Tor file transfer,d_07128c50bdc12202e87dc8310ed290a4,0,0,a_dd0463b3a84f510aa33cdcc52359ef1d,a_e7d8c038c18055500148c5915382bd98,p_2d36b619be089107b3d8a5a53b5aa6c4,p_3a7e10cb1ca2a0d8591ef27d17cdfafe,6,86232,18,22,6832,7040,40,13872,0.46386492253455797,160.86835513498468,346.80000000000001,0.45000000000000001,0.49250288350634369
r_c69f529f2bbc8aece238f815641904e3,Tor file transfer,d_07128c50bdc12202e87dc8310ed290a4,0,0,a_d96e1b5cf0fb3dd0a6cd230f2906e5ff,a_77493b17fb81a418415633006c952ba1,p_7164c018e21512e4a4bd5b4ef949c48e,p_8757c302fdd46c2ab1af6a23d0084201,6,86860,3379,0,1453024,0,3379,1453024,38.901680865760994,16728.344462353212,430.01598105948506,1,1
r_52e3eb611d05ff1994033e59e3a36fe3,Tor file transfer,d_07128c50bdc12202e87dc8310ed290a4,0,0,a_ad738cab731c88b4e0062230fd480405,a_e7d8c038c18055500148c5915382bd98,p_3dd478bd944ece2906a0c8e4425f63be,p_86d7ae1204d8a66b57877bb412c84148,6,0,1,0,52,0,1,52,,,52,1,1
r_616eb49d79a6c30b8079171317255622,Tor file transfer,d_07128c50bdc12202e87dc8310ed290a4,0,0,a_71394ec0ae14eb2d17f693263a2fab11,a_e7d8c038c18055500148c5915382bd98,p_e8fa32c526b9b4cdc16418a4dc18e34a,p_c4a920e691d6fba754a6a42adca8a380,6,84831,4398,2404,5723448,300628,6802,6024076,80.182951986891581,71012.672254246674,885.63304910320494,0.64657453690091149,0.95009558312345332
r_2567bff543c35bd9ff99e7c30fa348a0,Tor file transfer,d_07128c50bdc12202e87dc8310ed290a4,0,0,a_e7d8c038c18055500148c5915382bd98,a_77f30976d60287220aa36a0de5a6969b,p_98ada8325117e6da964d5f2e93b3651f,p_53b18b33cc21a2933da3a83a094344d3,6,85599,16,16,7264,2976,32,10240,0.37383614294559514,119.62756574259045,320,0.5,0.70937499999999998
r_cc161926fd9a6b26a54794c86073bd94,Tor file transfer,d_07128c50bdc12202e87dc8310ed290a4,0,0,a_2dbed1e84462981f702ef10992aeca1b,a_e7d8c038c18055500148c5915382bd98,p_e7d36acc8d64a944ec8309329b855410,p_bc48a720ebbb00aa7f115f028762d04a,6,80508,12,12,7056,624,24,7680,0.29810702042033094,95.394246534505896,320,0.5,0.91874999999999996
r_7931902141fbe1709be8d52eac38ee2c,Tor file transfer,d_07128c50bdc12202e87dc8310ed290a4,0,0,a_e2370a5f48648ec5a5dbdf8b657a0e89,a_e7d8c038c18055500148c5915382bd98,p_3dd478bd944ece2906a0c8e4425f63be,p_ab3b08b9a638de49c1666053bb39b003,6,81850,17,21,5708,7524,38,13232,0.46426389737324375,161.66157605375687,348.21052631578948,0.44736842105263158,0.43137847642079807
r_f99405b7322abdae8d21d27b9765753a,Tor file transfer,d_07128c50bdc12202e87dc8310ed290a4,0,0,a_e7d8c038c18055500148c5915382bd98,a_1b37a0766c980d868a6921a5c1c57e97,p_015c42155cc4ad2be05a5b7524d70b73,p_2313704d6916acc778397dda2b5b461d,6,308,1,1,60,40,2,100,6.4935064935064934,324.6753246753247,50,0.5,0.59999999999999998
r_2f8903e65d10d376412c49d66c021f4c,Tor file transfer,d_07128c50bdc12202e87dc8310ed290a4,0,0,a_e7d8c038c18055500148c5915382bd98,a_f056012035504ec478f09ad457740d73,p_cee6b5c15a39697f954825c5a860573c,p_3dd478bd944ece2906a0c8e4425f63be,6,1740,10,9,851,3794,19,4645,10.919540229885058,2669.5402298850577,244.47368421052633,0.52631578947368418,0.18320775026910657
r_cad7fe8343af3f73d9581d0045549b38,Tor file transfer,d_07128c50bdc12202e87dc8310ed290a4,0,0,a_e7d8c038c18055500148c5915382bd98,a_18dc182378108d671b297504601edf02,p_3c85c9442263c5e8281d85f08232859e,p_d7195ebfc9c48d4a0beab7870d0eba9c,6,83179,14,14,3944,5016,28,8960,0.33662342658603733,107.71949650753194,320,0.5,0.44017857142857142
r_d184b388c09c9e94c07e7786197e640c,Tor file transfer,d_07128c50bdc12202e87dc8310ed290a4,0,0,a_08a442cf8128f2129d30fb075fff1c93,a_e7d8c038c18055500148c5915382bd98,p_3dd478bd944ece2906a0c8e4425f63be,p_1b3c58973c5eaf6590e95a6c81f36656,6,82211,16,16,4584,5656,32,10240,0.38924231550522437,124.5575409616718,320,0.5,0.44765624999999998
r_64cc95f4c20977390474a051352b0fff,Tor file transfer,d_07128c50bdc12202e87dc8310ed290a4,0,0,a_98522aaab9d61630b396b25ba9cc842e,a_e7d8c038c18055500148c5915382bd98,p_a144e943164565cc971c4ae3369cd5e2,p_504122e788043e218a390d9057b8de67,6,82697,14,20,3944,8544,34,12488,0.4111394609236127,151.00910552982575,367.29411764705884,0.41176470588235292,0.31582319026265215
r_466a1bd344680b923336a4f00e195d3f,Tor file transfer,d_07128c50bdc12202e87dc8310ed290a4,0,0,a_e7d8c038c18055500148c5915382bd98,a_18dc182378108d671b297504601edf02,p_e5155bb900edd9a214ae18bea66aabb4,p_d7195ebfc9c48d4a0beab7870d0eba9c,6,82615,37,36,15280,10984,73,26264,0.88361677661441629,317.90837015069906,359.78082191780823,0.50684931506849318,0.58178495278708497
r_f6d3dbd31773a3a9da035b649a50566a,Tor file transfer,d_07128c50bdc12202e87dc8310ed290a4,0,0,a_e7d8c038c18055500148c5915382bd98,a_4ba20bcab22798247aa87e8b6193253b,p_eba1e9d494f1693fb9f69d0172022b1b,p_2313704d6916acc778397dda2b5b461d,6,68225,11,0,660,0,11,660,0.16123122022718947,9.6738732136313672,60,1,1
r_c67ced4beb3e4e762451c44b3c5efe03,Tor file transfer,d_07128c50bdc12202e87dc8310ed290a4,0,0,a_e7d8c038c18055500148c5915382bd98,a_69fb0b835452ca85c178bdeaaf11695b,p_7122a0476cd95a4d608a8fd4b10d1c39,p_3d01955bb66b778c6aa471c3a2911a0a,6,76243,41,48,13836,29730,89,43566,1.167320278582952,571.40983434544819,489.50561797752812,0.4606741573033708,0.31758710921360694
r_c95b72682bb7f432865baa01e46ac0b5,Tor file transfer,d_07128c50bdc12202e87dc8310ed290a4,0,0,a_72cd74b86a1462e3fcaeb4eaf4fc3dd2,a_e7d8c038c18055500148c5915382bd98,p_3dd478bd944ece2906a0c8e4425f63be,p_6377196efa468a5503cc6a1dd437ed7e,6,214,3,4,219,184,7,403,32.710280373831779,1883.1775700934579,57.571428571428569,0.42857142857142855,0.54342431761786603
r_d058e2c153c9c4b93ad7c3872f114b08,Tor file transfer,d_07128c50bdc12202e87dc8310ed290a4,0,0,a_e7d8c038c18055500148c5915382bd98,a_b3bfdbf40c16f84d9d847ab7cdf3527a,p_c02fab06bc4ad2fb83cdcb722b663c9b,p_3dd478bd944ece2906a0c8e4425f63be,6,77866,36,29,16224,9548,65,25772,0.83476742095394652,330.97886112038628,396.49230769230769,0.55384615384615388,0.62952040974701229
r_1860f5a4f0a7f9311b329041d8a953be,Tor file transfer,d_07128c50bdc12202e87dc8310ed290a4,0,0,a_e7d8c038c18055500148c5915382bd98,a_55713a472c58a5a0420eaa2984eca8a7,p_f0a67fee53a6a65b7a064c4c87ffac2a,p_3dd478bd944ece2906a0c8e4425f63be,6,16648,439,732,58289,860524,1171,918813,70.338779432964927,55190.593464680445,784.63962425277543,0.37489325362937659,0.063439459389451391
r_7b7c1581a1d3762858fcb1b16d1d8622,Tor file transfer,d_07128c50bdc12202e87dc8310ed290a4,0,0,a_e7d8c038c18055500148c5915382bd98,a_5547c4a3d4fc140236c79cc6add16451,p_f323b9d2af05f736e4693823ec966642,p_64eab6039291da87b7bab47109b51546,6,12799,1694,3164,460134,4055761,4858,4515895,379.56090319556216,352831.86186420813,929.57904487443398,0.34870317002881845,0.10189209447961035
r_0da2726485606fd444f52efef8c5600f,Tor file transfer,d_07128c50bdc12202e87dc8310ed290a4,0,0,a_e7d8c038c18055500148c5915382bd98,a_7824f11e372ca72adb30c1d21138f21a,p_292abfc4d511c4145adc740b46d13f34,p_53b18b33cc21a2933da3a83a094344d3,6,12355,1527,2696,394896,3453870,4223,3848766,341.80493727235938,311514.85228652367,911.38195595548189,0.36159128581577077,0.10260327595909961
r_65b4d652426144c9d94475f16e8edfa3,Tor file transfer,d_07128c50bdc12202e87dc8310ed290a4,0,0,a_e7d8c038c18055500148c5915382bd98,a_9e8d4c3bbb6e4e1067ea68a1bbf298fb,p_ae3c91a5e5ffa1beddfc7c6ef9c23b38,p_59add6c69faa2fcebe82de14314cf8aa,6,47129,160,113,155033,57628,273,212661,5.7926117677014153,4512.3172568906621,778.97802197802196,0.58608058608058611,0.72901472296283754
r_2bc1b24abf7c98c24a762868d12db273,Tor file transfer,d_07128c50bdc12202e87dc8310ed290a4,0,0,a_e7d8c038c18055500148c5915382bd98,a_5547c4a3d4fc140236c79cc6add16451,p_f15d999344810aa60805815940740329,p_64eab6039291da87b7bab47109b51546,6,48054,49,41,31660,16721,90,48381,1.8728929953801972,1006.8048445498813,537.56666666666672,0.5444444444444444,0.65438911969574831
r_2d1682471e9012dcd24c4b712b6ef1af,Tor file transfer,d_07128c50bdc12202e87dc8310ed290a4,0,0,a_e7d8c038c18055500148c5915382bd98,a_7824f11e372ca72adb30c1d21138f21a,p_7de526ca766f258d732fd5cb67166ed3,p_53b18b33cc21a2933da3a83a094344d3,6,1925,8,8,1403,3804,16,5207,8.3116883116883109,2704.9350649350649,325.4375,0.5,0.26944497791434607
r_eb83986de7c1fdd46967426b461bf47f,Tor file transfer,d_07128c50bdc12202e87dc8310ed290a4,0,0,a_e7d8c038c18055500148c5915382bd98,a_e7d64eee7d50a8efacc1931cfccd015b,p_2c1ded243d75075d1295e35098306408,p_3dd478bd944ece2906a0c8e4425f63be,6,1724,10,8,1486,3831,18,5317,10.440835266821345,3084.1067285382833,295.38888888888891,0.55555555555555558,0.27948091028775623
r_a3f0ebb43f50178a0a3746cdd45299b2,Tor file transfer,d_07128c50bdc12202e87dc8310ed290a4,0,0,a_e7d8c038c18055500148c5915382bd98,a_d49f9e5ffc207166ea789cf337ea8a36,p_a93ead04c95a9aad6d8b42fee3c9f321,p_2313704d6916acc778397dda2b5b461d,6,43576,21,19,6329,7582,40,13911,0.91793647879566731,319.23535891316322,347.77499999999998,0.52500000000000002,0.45496369779311335
r_91f5c2b1740a2a5b20a4b27080bdfdd6,Tor file transfer,d_07128c50bdc12202e87dc8310ed290a4,0,0,a_e7d8c038c18055500148c5915382bd98,a_ee5f6b19fc26569f465e4fa862385d2b,p_efb5c1b2b8f9e02beff400a585e2bd97,p_2313704d6916acc778397dda2b5b461d,6,36351,17,18,4525,8106,35,12631,0.96283458501829389,347.47324695331628,360.8857142857143,0.48571428571428571,0.35824558625603675
r_c3dcedd679353c4d1e63e14f9f62c0a1,Tor file transfer,d_07128c50bdc12202e87dc8310ed290a4,0,0,a_e7d8c038c18055500148c5915382bd98,a_5547c4a3d4fc140236c79cc6add16451,p_80ea919efe53ddbbe7dba39cb22c5ffd,p_64eab6039291da87b7bab47109b51546,6,40666,4510,1785,5849520,298185,6295,6147705,154.79761963310875,151175.55205823047,976.60127084988085,0.71644162033359804,0.95149653407247092
r_0b2c6655f9b0c6cf5693f6081e65e4d6,Tor file transfer,d_07128c50bdc12202e87dc8310ed290a4,0,0,a_e7d8c038c18055500148c5915382bd98,a_c6c9a526580e33d22ce9293eeb537328,p_f5bcc20679de9f2921cb1072a712fb49,p_3dd478bd944ece2906a0c8e4425f63be,6,317,3,2,132,128,5,260,15.772870662460567,820.18927444794951,52,0.59999999999999998,0.50769230769230766
r_6d467360c659a17d1042d11610f21457,Tor file transfer,d_07128c50bdc12202e87dc8310ed290a4,0,0,a_d96e1b5cf0fb3dd0a6cd230f2906e5ff,a_77493b17fb81a418415633006c952ba1,p_7164c018e21512e4a4bd5b4ef949c48e,p_8757c302fdd46c2ab1af6a23d0084201,6,77899,2039,0,769904,0,2039,769904,26.17491880511945,9883.3617889831712,377.58901422265819,1,1
r_3be581c249067754683ba65033a8f291,Tor file transfer,d_07128c50bdc12202e87dc8310ed290a4,0,0,a_e7d8c038c18055500148c5915382bd98,a_2dbed1e84462981f702ef10992aeca1b,p_bc48a720ebbb00aa7f115f028762d04a,p_e7d36acc8d64a944ec8309329b855410,6,72569,14,14,2336,6624,28,8960,0.38583968361145943,123.46869875566702,320,0.5,0.26071428571428573
r_f77b14ebd84be202f3799448a961176b,Tor file transfer,d_07128c50bdc12202e87dc8310ed290a4,0,0,a_e7d8c038c18055500148c5915382bd98,a_08a442cf8128f2129d30fb075fff1c93,p_1b3c58973c5eaf6590e95a6c81f36656,p_3dd478bd944ece2906a0c8e4425f63be,6,74334,14,14,6624,2336,28,8960,0.37667823606963163,120.53703554228213,320,0.5,0.73928571428571432
r_034bb5cf897ce8f440eabf6d9521e5ee,Tor file transfer,d_07128c50bdc12202e87dc8310ed290a4,0,0,a_e2370a5f48648ec5a5dbdf8b657a0e89,a_e7d8c038c18055500148c5915382bd98,p_3dd478bd944ece2906a0c8e4425f63be,p_89c3374115cf76617f5261fa312d0f0b,6,73276,15,15,3460,6140,30,9600,0.40941099404989356,131.01151809596595,320,0.5,0.36041666666666666
r_6dba646e378a5d05e54199032e871bcb,Tor file transfer,d_07128c50bdc12202e87dc8310ed290a4,0,0,a_98522aaab9d61630b396b25ba9cc842e,a_e7d8c038c18055500148c5915382bd98,p_a144e943164565cc971c4ae3369cd5e2,p_504122e788043e218a390d9057b8de67,6,74975,13,16,4428,5656,29,10084,0.38679559853284429,134.49816605535179,347.72413793103448,0.44827586206896552,0.43911146370487902
r_62319c2fcce1824e986e335af9de88aa,Tor file transfer,d_07128c50bdc12202e87dc8310ed290a4,0,0,a_e7d8c038c18055500148c5915382bd98,a_1e671b4d985cf6001ae366da4c8f027e,p_80e8d07b06746179fe93e1109cd0a7f8,p_2313704d6916acc778397dda2b5b461d,6,69778,345,738,48251,865920,1083,914171,15.520651208117171,13101.135028232393,844.10987996306551,0.31855955678670361,0.052781153635370191
r_cda3e6cc885b36c3c777b25c8acd0542,Tor file transfer,d_07128c50bdc12202e87dc8310ed290a4,0,0,a_e7d8c038c18055500148c5915382bd98,a_dd0463b3a84f510aa33cdcc52359ef1d,p_3a7e10cb1ca2a0d8591ef27d17cdfafe,p_2d36b619be089107b3d8a5a53b5aa6c4,6,70621,15,15,4532,5068,30,9600,0.42480282069072944,135.93690262103343,320,0.5,0.47208333333333335
r_7a0e57d889787f727c1c51215833a807,Tor file transfer,d_07128c50bdc12202e87dc8310ed290a4,0,0,a_e7d8c038c18055500148c5915382bd98,a_69fb0b835452ca85c178bdeaaf11695b,p_b61ec3cf305142c6ba2ca6d4497c3507,p_3d01955bb66b778c6aa471c3a2911a0a,6,71849,2435,4470,313052,5727124,6905,6040176,96.104329914125458,84067.641860011965,874.75394641564083,0.35264301230992035,0.051828291096153487
r_065c6acbc53885a37cb91a4504e1793f,Tor file transfer,d_07128c50bdc12202e87dc8310ed290a4,0,0,a_e7d8c038c18055500148c5915382bd98,a_f056012035504ec478f09ad457740d73,p_5eb6879a51f3291bf908817f8fea4a32,p_3dd478bd944ece2906a0c8e4425f63be,6,2678,11,9,1197,3794,20,4991,7.468259895444362,1863.7042569081405,249.55000000000001,0.55000000000000004,0.23983169705469845
r_bf27ffd5154e9d1a157006c9b50be2fb,Tor file transfer,d_07128c50bdc12202e87dc8310ed290a4,0,0,a_e7d8c038c18055500148c5915382bd98,a_71394ec0ae14eb2d17f693263a2fab11,p_c8cf4750065624277a7e3104dae7d90a,p_e8fa32c526b9b4cdc16418a4dc18e34a,6,68846,38,35,11066,22744,73,33810,1.0603375650001452,491.09606948842344,463.15068493150687,0.52054794520547942,0.32729961549837328
r_f7cfc29695d3c332f8407d81742d4d29,Tor file transfer,d_07128c50bdc12202e87dc8310ed290a4,0,0,a_e7d8c038c18055500148c5915382bd98,a_77f30976d60287220aa36a0de5a6969b,p_98ada8325117e6da964d5f2e93b3651f,p_53b18b33cc21a2933da3a83a094344d3,6,69891,16,16,4584,5656,32,10240,0.45785580403771586,146.51385729206908,320,0.5,0.44765624999999998
r_983dda0fb2b2b275e72d970e9e4eec29,Tor file transfer,d_07128c50bdc12202e87dc8310ed290a4,0,0,a_e7d8c038c18055500148c5915382bd98,a_c6c9a526580e33d22ce9293eeb537328,p_ebdc9861f93c80d44216386fe1022203,p_3dd478bd944ece2906a0c8e4425f63be,6,9319,1456,2597,377530,3313672,4053,3691202,434.91790964695781,396094.21611760918,910.73328398717001,0.35924006908462869,0.10227833643349782
r_f7b0d3f73b1537870777494d66293e7a,Tor file transfer,d_07128c50bdc12202e87dc8310ed290a4,0,0,a_e7d8c038c18055500148c5915382bd98,a_18dc182378108d671b297504601edf02,p_ee51800e2cf96010d2fa96efcc9d1427,p_d7195ebfc9c48d4a0beab7870d0eba9c,6,12754,2109,3324,500291,4210336,5433,4710627,425.9840050180336,369345.06821389368,867.03975704030927,0.38818332413031476,0.10620475788042653
r_1706a8c0f365c57806030236a6589068,Tor file transfer,d_07128c50bdc12202e87dc8310ed290a4,0,0,a_e7d8c038c18055500148c5915382bd98,a_18dc182378108d671b297504601edf02,p_3c85c9442263c5e8281d85f08232859e,p_d7195ebfc9c48d4a0beab7870d0eba9c,6,53788,48,46,32682,15906,94,48588,1.747601695545475,903.3241615230163,516.89361702127655,0.51063829787234039,0.67263521857248698
r_27487bd20888e3324b1063a65663c399,Tor file transfer,d_07128c50bdc12202e87dc8310ed290a4,0,0,a_e7d8c038c18055500148c5915382bd98,a_cb7fd80135ee5308f791ebfa28c59393,p_a8698047435001b33d3ffaa1c7777c3d,p_3dd478bd944ece2906a0c8e4425f63be,6,231,1,1,588,52,2,640,8.6580086580086579,2770.5627705627703,320,0.5,0.91874999999999996
r_236de7e5e97a27d6a3a90e2e4eade465,Tor file transfer,d_07128c50bdc12202e87dc8310ed290a4,0,0,a_e7d8c038c18055500148c5915382bd98,a_b3bfdbf40c16f84d9d847ab7cdf3527a,p_c02fab06bc4ad2fb83cdcb722b663c9b,p_3dd478bd944ece2906a0c8e4425f63be,6,50112,192,154,179054,54979,346,234033,6.9045338441890163,4670.1987547892722,676.39595375722547,0.55491329479768781,0.76508013827109855
r_d751c44facc6e2cfd651b8c694663eae,Tor file transfer,d_07128c50bdc12202e87dc8310ed290a4,0,0,a_e7d8c038c18055500148c5915382bd98,a_c6c9a526580e33d22ce9293eeb537328,p_f5bcc20679de9f2921cb1072a712fb49,p_3dd478bd944ece2906a0c8e4425f63be,6,1983,8,8,1399,3832,16,5231,8.0685829551185062,2637.9223398890567,326.9375,0.5,0.26744408334926401
r_ed8772947d8d32bbc2e289acb830f966,Tor file transfer,d_07128c50bdc12202e87dc8310ed290a4,0,0,a_e7d8c038c18055500148c5915382bd98,a_18dc182378108d671b297504601edf02,p_e5155bb900edd9a214ae18bea66aabb4,p_d7195ebfc9c48d4a0beab7870d0eba9c,6,49796,4559,2516,5880333,346114,7075,6226447,142.07968511527031,125039.09952606635,880.06318021201412,0.64438162544169608,0.9444122787843533
r_f77daf419e9f1b4acb3bb5d278690444,Tor file transfer,d_07128c50bdc12202e87dc8310ed290a4,0,0,a_85db53ead25175810703e870b8d16304,a_e7d8c038c18055500148c5915382bd98,p_3dd478bd944ece2906a0c8e4425f63be,p_ca5ddbe5c5a149c35e4494a9112386e0,6,98363,18,19,5224,6884,37,12108,0.37615770157477912,123.09506623425474,327.24324324324323,0.48648648648648651,0.43145028080607861
r_277c6a3c70311a76c199f1c7989de4c2,Tor file transfer,d_07128c50bdc12202e87dc8310ed290a4,0,0,a_71394ec0ae14eb2d17f693263a2fab11,a_e7d8c038c18055500148c5915382bd98,p_e8fa32c526b9b4cdc16418a4dc18e34a,p_54240dc3f0d1e777aa21d0a6f8b49ef7,6,101175,4523,2535,5750656,370608,7058,6121264,69.76031628366691,60501.744502100322,867.28024936242559,0.64083309719467274,0.93945564184129293
r_2069de8c8e12b6b242fb73436e887093,Tor file transfer,d_07128c50bdc12202e87dc8310ed290a4,0,0,a_d96e1b5cf0fb3dd0a6cd230f2906e5ff,a_77493b17fb81a418415633006c952ba1,p_7164c018e21512e4a4bd5b4ef949c48e,p_266c4109f83925e05ac764680e4980e3,6,102878,2627,0,1107064,0,2627,1107064,25.535099826979529,10760.940142693287,421.41758660068518,1,1
r_ce78832ec7afca3e9a0fcb9a8c05adb0,Tor file transfer,d_07128c50bdc12202e87dc8310ed290a4,0,0,a_7824f11e372ca72adb30c1d21138f21a,a_e7d8c038c18055500148c5915382bd98,p_53b18b33cc21a2933da3a83a094344d3,p_9db71a9f19bb475d39de32b52aea0cfc,6,101667,21,21,5380,8060,42,13440,0.41311339962819793,132.19628788102335,320,0.5,0.40029761904761907
r_b6d87db08c8bf3916c1dd6f97e836816,Tor file transfer,d_07128c50bdc12202e87dc8310ed290a4,0,0,a_e7d8c038c18055500148c5915382bd98,a_69fb0b835452ca85c178bdeaaf11695b,p_567bc407dddbc65eabf43f6b856e02dd,p_3d01955bb66b778c6aa471c3a2911a0a,6,97002,58,60,19578,34664,118,54242,1.2164697635100308,559.18434671450075,459.67796610169489,0.49152542372881358,0.36093801850964197
r_de70feea4c53c3bdc71aebe84139a255,Tor file transfer,d_07128c50bdc12202e87dc8310ed290a4,0,0,a_e7d8c038c18055500148c5915382bd98,a_5547c4a3d4fc140236c79cc6add16451,p_80ea919efe53ddbbe7dba39cb22c5ffd,p_64eab6039291da87b7bab47109b51546,6,101842,21,19,6988,6360,40,13348,0.39276526384006599,131.06576854343001,333.69999999999999,0.52500000000000002,0.52352412346418942
r_3df1f7723a8adb3e3d2e7a515d9c442e,Tor file transfer,d_07128c50bdc12202e87dc8310ed290a4,0,0,a_77f30976d60287220aa36a0de5a6969b,a_e7d8c038c18055500148c5915382bd98,p_53b18b33cc21a2933da3a83a094344d3,p_98ada8325117e6da964d5f2e93b3651f,6,99528,20,20,5864,6936,40,12800,0.40189695362109151,128.60702515874928,320,0.5,0.458125
r_4da8b6152b79d802d6e23c38f55cf320,Tor file transfer,d_07128c50bdc12202e87dc8310ed290a4,0,0,a_e7d8c038c18055500148c5915382bd98,a_08a442cf8128f2129d30fb075fff1c93,p_1b3c58973c5eaf6590e95a6c81f36656,p_3dd478bd944ece2906a0c8e4425f63be,6,96063,17,17,5172,5708,34,10880,0.35393439721849201,113.25900710991745,320,0.5,0.47536764705882351
r_f2333e2cde9e65f56c1d013c684024bd,Tor file transfer,d_07128c50bdc12202e87dc8310ed290a4,0,0,a_e7d8c038c18055500148c5915382bd98,a_18dc182378108d671b297504601edf02,p_f89731e963cd502eb27ae7070432825a,p_d7195ebfc9c48d4a0beab7870d0eba9c,6,439,2,2,664,92,4,756,9.1116173120728927,1722.0956719817768,189,0.5,0.87830687830687826
r_2ec6562142fc6d9eb48225e1f07e0908,Tor file transfer,d_07128c50bdc12202e87dc8310ed290a4,0,0,a_e7d8c038c18055500148c5915382bd98,a_c6c9a526580e33d22ce9293eeb537328,p_3cba482188fb737229a8916acbb68655,p_3dd478bd944ece2906a0c8e4425f63be,6,94281,19,19,4204,7956,38,12160,0.40305045555308067,128.97614577698582,320,0.5,0.34572368421052629
r_1b2c4dc90d631c2baf2771ac80110e1f,Tor file transfer,d_07128c50bdc12202e87dc8310ed290a4,0,0,a_e7d8c038c18055500148c5915382bd98,a_b6c48b91a0b370a6737984911a271ac6,p_c5b7c50b3496cb59f7286463f18ad46b,p_df178b2b798fceb52e78daa22e88d339,6,92544,26,28,9370,8960,54,18330,0.58350622406639008,198.06794605809128,339.44444444444446,0.48148148148148145,0.51118385160938351
r_20c51b14cde2c78e19e6db6fb404082b,Tor file transfer,d_07128c50bdc12202e87dc8310ed290a4,0,0,a_e7d8c038c18055500148c5915382bd98,a_a4b193b39a845b1181776c77eda2ad83,p_d85fd4c17df24e05bd49a1a1358f3e15,p_3dd478bd944ece2906a0c8e4425f63be,6,295,1,1,60,40,2,100,6.7796610169491531,338.98305084745766,50,0.5,0.59999999999999998
r_04b43bbc42013b05372f05298359ff17,Tor file transfer,d_07128c50bdc12202e87dc8310ed290a4,0,0,a_dd0463b3a84f510aa33cdcc52359ef1d,a_e7d8c038c18055500148c5915382bd98,p_2d36b619be089107b3d8a5a53b5aa6c4,p_3a7e10cb1ca2a0d8591ef27d17cdfafe,6,95911,19,19,11172,1000,38,12172,0.39620064434736368,126.90932218410818,320.31578947368422,0.5,0.91784423266513304
r_83071e32711c3ef544b39c24c96829fa,Tor file transfer,d_07128c50bdc12202e87dc8310ed290a4,0,0,a_2dbed1e84462981f702ef10992aeca1b,a_e7d8c038c18055500148c5915382bd98,p_e7d36acc8d64a944ec8309329b855410,p_bc48a720ebbb00aa7f115f028762d04a,6,92865,14,14,8232,728,28,8960,0.30151294890432351,96.484143649383526,320,0.5,0.91874999999999996
r_e2d1452ff6af3d4cfc88146b965c1b35,Tor file transfer,d_07128c50bdc12202e87dc8310ed290a4,0,0,a_e7d8c038c18055500148c5915382bd98,a_75d004b3234b7f9cc3a6df4c2d0a16a3,p_191e487eaf43e2cda63aa75a1297c7d4,p_2313704d6916acc778397dda2b5b461d,6,75395,360,668,47818,860484,1028,908302,13.634856422839711,12047.24451223556,883.56225680933858,0.35019455252918286,0.052645485752536053
r_b9500ecb509986820e0151ec58ca7246,Tor file transfer,d_07128c50bdc12202e87dc8310ed290a4,0,0,a_98522aaab9d61630b396b25ba9cc842e,a_e7d8c038c18055500148c5915382bd98,p_a144e943164565cc971c4ae3369cd5e2,p_504122e788043e218a390d9057b8de67,6,91193,17,21,4636,8596,38,13232,0.41669865011568874,145.09885627186299,348.21052631578948,0.44736842105263158,0.35036275695284158
r_9dc9b673afd70f6dceac2e59f76946bf,Tor file transfer,d_07128c50bdc12202e87dc8310ed290a4,0,0,a_e7d8c038c18055500148c5915382bd98,a_121f956960eb9cac23d35146d51887c0,p_aa6f5f2228b600a188301b3650fcc5c3,p_2313704d6916acc778397dda2b5b461d,6,78195,1626,3085,439143,3924690,4711,4363833,60.246818850310127,55807.059274889703,926.30715347060072,0.34514964975589046,0.10063240275235097
r_421ca2128545cb91eba90e7da068619f,Tor file transfer,d_07128c50bdc12202e87dc8310ed290a4,0,0,a_e7d8c038c18055500148c5915382bd98,a_d8748deaf11fd7d0c590fce1df3e43ee,p_aa62caeeb6f867802d4d42bc46aaedfc,p_3dd478bd944ece2906a0c8e4425f63be,6,73827,1580,2918,420899,3700311,4498,4121210,60.926219404824792,55822.53105232503,916.23165851489546,0.35126722987994663,0.10212995697865433
r_950ad7d0a81d8991dfec755465e0bc0e,Tor file transfer,d_07128c50bdc12202e87dc8310ed290a4,0,0,a_e7d8c038c18055500148c5915382bd98,a_d1650a987b214ef6ba20ba80747afe40,p_2225266813e78e6b48db65e1a1c44fd9,p_3dd478bd944ece2906a0c8e4425f63be,6,60846,14,13,3259,8772,27,12031,0.44374322058968546,197.72869210794465,445.59259259259261,0.51851851851851849,0.2708835508270302
r_9720c3c2b443b41c89f0408fbf4e37ab,Tor file transfer,d_07128c50bdc12202e87dc8310ed290a4,0,0,a_e7d8c038c18055500148c5915382bd98,a_121f956960eb9cac23d35146d51887c0,p_de4da5df3d164de30f0e245cc8a9ad2c,p_2313704d6916acc778397dda2b5b461d,6,76279,28,28,7143,14464,56,21607,0.73414701293934115,283.26275908179184,385.83928571428572,0.5,0.33058730966816308
r_8ac8783307bcd6e2f19f5bc473649b7c,Tor file transfer,d_07128c50bdc12202e87dc8310ed290a4,0,0,a_e7d8c038c18055500148c5915382bd98,a_cded9b227a15a8600e6d8509d3a0a353,p_5e6d842dbcd951d02615124bb8df5902,p_3dd478bd944ece2906a0c8e4425f63be,6,275,1,1,588,52,2,640,7.2727272727272725,2327.272727272727,320,0.5,0.91874999999999996
r_73b5bfac4de3ea2161b57a64d8584492,Tor file transfer,d_07128c50bdc12202e87dc8310ed290a4,0,0,a_e7d8c038c18055500148c5915382bd98,a_d8748deaf11fd7d0c590fce1df3e43ee,p_9210756ee87069c9d18221ba7a43e883,p_3dd478bd944ece2906a0c8e4425f63be,6,74856,4541,2083,5799657,301847,6624,6101504,88.489900609169609,81509.885647109128,921.12077294685992,0.68553743961352653,0.95052908266551983
r_1af41b27648622fc4c4add45ce91f795,Tor file transfer,d_07128c50bdc12202e87dc8310ed290a4,0,0,a_e7d8c038c18055500148c5915382bd98,a_d1650a987b214ef6ba20ba80747afe40,p_cfc0bc177c1e72a93309d3f931c05033,p_3dd478bd944ece2906a0c8e4425f63be,6,73070,337,273,312907,93564,610,406471,8.3481592993020399,5562.761735322294,666.34590163934422,0.55245901639344264,0.76981383665747372
r_5cbabd189600f6caf4b286932555cf91,Tor file transfer,d_07128c50bdc12202e87dc8310ed290a4,0,0,a_e7d8c038c18055500148c5915382bd98,a_e2370a5f48648ec5a5dbdf8b657a0e89,p_6c494cbb4370ca8f968251e84eab93a6,p_3dd478bd944ece2906a0c8e4425f63be,6,48920,59,55,18444,29592,114,48036,2.3303352412101388,981.92968111201958,421.36842105263156,0.51754385964912286,0.38396202847864103
r_c120fbb4381fc4b670d0d61c42bd13bd,Tor file transfer,d_07128c50bdc12202e87dc8310ed290a4,0,0,a_d96e1b5cf0fb3dd0a6cd230f2906e5ff,a_77493b17fb81a418415633006c952ba1,p_7164c018e21512e4a4bd5b4ef949c48e,p_266c4109f83925e05ac764680e4980e3,6,196850,3349,0,1445172,0,3349,1445172,17.012954025908051,7341.4884429768863,431.52343983278593,1,1
r_2ab07f8831f7c6e451f4d36562f6aa92,Tor file transfer,d_07128c50bdc12202e87dc8310ed290a4,0,0,a_71394ec0ae14eb2d17f693263a2fab11,a_e7d8c038c18055500148c5915382bd98,p_e8fa32c526b9b4cdc16418a4dc18e34a,p_e1a317352e086f57794752e61755a271,6,188721,63,53,36920,16648,116,53568,0.61466397486236291,283.84758452954361,461.79310344827587,0.5431034482758621,0.68921744324970136
r_49ee64c078bcb7e310c668dd03a636c2,Tor file transfer,d_07128c50bdc12202e87dc8310ed290a4,0,0,a_e7d8c038c18055500148c5915382bd98,a_d8748deaf11fd7d0c590fce1df3e43ee,p_9210756ee87069c9d18221ba7a43e883,p_3dd478bd944ece2906a0c8e4425f63be,6,192646,44,46,14616,14720,90,29336,0.46717814021573251,152.27931023743034,325.95555555555558,0.48888888888888887,0.49822743386964824
r_7415511f5353582f45f18940eeeca8c6,Tor file transfer,d_07128c50bdc12202e87dc8310ed290a4,0,0,a_2dbed1e84462981f702ef10992aeca1b,a_e7d8c038c18055500148c5915382bd98,p_e7d36acc8d64a944ec8309329b855410,p_bc48a720ebbb00aa7f115f028762d04a,6,188592,29,29,16516,2044,58,18560,0.30754220751675571,98.413506405361829,320,0.5,0.88987068965517246
r_d8fe5432ad655615b008e9c751c12963,Tor file transfer,d_07128c50bdc12202e87dc8310ed290a4,0,0,a_7824f11e372ca72adb30c1d21138f21a,a_e7d8c038c18055500148c5915382bd98,p_53b18b33cc21a2933da3a83a094344d3,p_9db71a9f19bb475d39de32b52aea0cfc,6,193078,35,35,13076,9324,70,22400,0.36254777861796789,116.01528915774972,320,0.5,0.58374999999999999
r_4e832eebe615f1e2de474cba9dd23412,Tor file transfer,d_07128c50bdc12202e87dc8310ed290a4,0,0,a_d1650a987b214ef6ba20ba80747afe40,a_e7d8c038c18055500148c5915382bd98,p_3dd478bd944ece2906a0c8e4425f63be,p_cfc0bc177c1e72a93309d3f931c05033,6,189744,77,83,24372,34760,160,59132,0.84324142001855129,311.64094780335608,369.57499999999999,0.48125000000000001,0.41216261922478525
r_23f006eb21d058913d07732c449dc63b,Tor file transfer,d_07128c50bdc12202e87dc8310ed290a4,0,0,a_e7d8c038c18055500148c5915382bd98,a_5547c4a3d4fc140236c79cc6add16451,p_80ea919efe53ddbbe7dba39cb22c5ffd,p_64eab6039291da87b7bab47109b51546,6,189719,36,36,10984,12056,72,23040,0.37950864172802934,121.44276535296939,320,0.5,0.47673611111111114
r_cddfab46fff2788ae88a9b43037e76aa,Tor file transfer,d_07128c50bdc12202e87dc8310ed290a4,0,0,a_c6c9a526580e33d22ce9293eeb537328,a_e7d8c038c18055500148c5915382bd98,p_3dd478bd944ece2906a0c8e4425f63be,p_3cba482188fb737229a8916acbb68655,6,186727,31,31,15012,4828,62,19840,0.33203553851344475,106.25137232430232,320,0.5,0.75665322580645167
r_d5e090e98899fa920c6a5b13dc965cc1,Tor file transfer,d_07128c50bdc12202e87dc8310ed290a4,0,0,a_e7d8c038c18055500148c5915382bd98,a_55baeb47a70822da82aeab421097914e,p_fc9a10c2b322716c848136c106f50be9,p_2313704d6916acc778397dda2b5b461d,6,2038,3,0,180,0,3,180,1.4720314033366046,88.32188420019628,60,1,1
r_a24881ae7744ff1ae4d8e18f3de3d77b,Tor file transfer,d_07128c50bdc12202e87dc8310ed290a4,0,0,a_e7d8c038c18055500148c5915382bd98,a_69fb0b835452ca85c178bdeaaf11695b,p_87f4258dc3f2283743c0358784be536b,p_3d01955bb66b778c6aa471c3a2911a0a,6,187858,55,47,20012,15844,102,35856,0.54296330206858368,190.86757018599155,351.52941176470586,0.53921568627450978,0.55812137438643461
r_58fd37e22e6082ad0450222cf1f26220,Tor file transfer,d_07128c50bdc12202e87dc8310ed290a4,0,0,a_dd0463b3a84f510aa33cdcc52359ef1d,a_e7d8c038c18055500148c5915382bd98,p_2d36b619be089107b3d8a5a53b5aa6c4,p_3a7e10cb1ca2a0d8591ef27d17cdfafe,6,193136,30,32,17104,3272,62,20376,0.32101731422417362,105.50078701018971,328.64516129032256,0.4838709677419355,0.83941892422457798
r_2d13b827e5ac4570d505c66ea031aa07,Tor file transfer,d_07128c50bdc12202e87dc8310ed290a4,0,0,a_e7d8c038c18055500148c5915382bd98,a_77f30976d60287220aa36a0de5a6969b,p_98ada8325117e6da964d5f2e93b3651f,p_53b18b33cc21a2933da3a83a094344d3,6,190925,36,36,10448,12592,72,23040,0.37711143119025792,120.67565798088253,320,0.5,0.45347222222222222
r_2bb500b9168d8c35826c14ce9f58ff5a,Tor file transfer,d_07128c50bdc12202e87dc8310ed290a4,0,0,a_b6c48b91a0b370a6737984911a271ac6,a_e7d8c038c18055500148c5915382bd98,p_df178b2b798fceb52e78daa22e88d339,p_c5b7c50b3496cb59f7286463f18ad46b,6,190599,40,39,14944,11118,79,26062,0.4144827622390464,136.73733860093705,329.8987341772152,0.50632911392405067,0.5734018878060011
r_61f4c1b4b0d80d58eee892d246118a17,Tor file transfer,d_07128c50bdc12202e87dc8310ed290a4,0,0,a_e7d8c038c18055500148c5915382bd98,a_35343ba01db784c968aa553ae21835eb,p_d792d1226755e6ab2e4d10191ba18929,p_2313704d6916acc778397dda2b5b461d,6,70961,385,662,47943,860354,1047,908297,14.754583503614661,12799.946449458153,867.52340019102201,0.36771728748806115,0.052783395739499306
r_bf2f0196d103135f908924743774f753,Tor file transfer,d_07128c50bdc12202e87dc8310ed290a4,0,0,a_08a442cf8128f2129d30fb075fff1c93,a_e7d8c038c18055500148c5915382bd98,p_3dd478bd944ece2906a0c8e4425f63be,p_1b3c58973c5eaf6590e95a6c81f36656,6,186456,37,37,11572,12108,74,23680,0.3968764748787918,127.00047196121338,320,0.5,0.48868243243243242
r_5f496c532c47669ca616125a09a67840,Tor file transfer,d_07128c50bdc12202e87dc8310ed290a4,0,0,a_e7d8c038c18055500148c5915382bd98,a_4ba20bcab22798247aa87e8b6193253b,p_2f76c9ea73f2d7b507eac7d0517c66ee,p_2313704d6916acc778397dda2b5b461d,6,68350,11,0,660,0,11,660,0.16093635698610095,9.6561814191660584,60,1,1
r_cfe187b9052e78231c2e589fd3c8fd7b,Tor file transfer,d_07128c50bdc12202e87dc8310ed290a4,0,0,a_98522aaab9d61630b396b25ba9cc842e,a_e7d8c038c18055500148c5915382bd98,p_a144e943164565cc971c4ae3369cd5e2,p_504122e788043e218a390d9057b8de67,6,189837,33,37,10828,12644,70,23472,0.36873739049816423,123.64291471104158,335.31428571428569,0.47142857142857142,0.46131561008861621
r_cd632c7b84a195c3a67c6dbbb4b71fc9,Tor file transfer,d_07128c50bdc12202e87dc8310ed290a4,0,0,a_e7d8c038c18055500148c5915382bd98,a_85db53ead25175810703e870b8d16304,p_ca5ddbe5c5a149c35e4494a9112386e0,p_3dd478bd944ece2906a0c8e4425f63be,6,189032,48,43,19102,12420,91,31522,0.48139997460747386,166.75483516018451,346.39560439560438,0.52747252747252749,0.60598946767337103
r_e5499dc00aa1b7e34357c9e25b18132b,Tor file transfer,d_07128c50bdc12202e87dc8310ed290a4,0,0,a_e2370a5f48648ec5a5dbdf8b657a0e89,a_e7d8c038c18055500148c5915382bd98,p_3dd478bd944ece2906a0c8e4425f63be,p_bac37a64c37da519f681d214d2876a8c,6,186281,4434,2433,5718096,303970,6867,6022066,36.863662960795786,32327.859524052372,876.9573321683414,0.64569681083442554,0.9495239673560536
r_b67589d8df535fa1d013cf49f739d086,Tor file transfer,d_07128c50bdc12202e87dc8310ed290a4,0,0,a_e7d8c038c18055500148c5915382bd98,a_21bd65140624c193e089fab25539d777,p_e0dba930d32a6de3ea66426a69f085ca,p_e2a4a4bf9c74500e61f176db310c2961,6,88972,7083,13972,1235697,18302011,21055,19537708,236.64748460189725,219593.89470844762,927.93673711707436,0.33640465447637141,0.063246773879515453
r_6a2a3a222338dc6f24fa1b3a0f72fd0d,Tor file transfer,d_07128c50bdc12202e87dc8310ed290a4,0,0,a_e7d8c038c18055500148c5915382bd98,a_10be1ac5c6b10018ce2d1b3dbdf38b1b,p_7814d155466e0cd19f3f66c69a743523,p_3dd478bd944ece2906a0c8e4425f63be,6,73607,1052,1857,271882,2358502,2909,2630384,39.520697759723937,35735.514285326128,904.22275696115503,0.36163630113441048,0.10336209465994319
r_0b4e2c778fd8e7df273ae24ddf259578,Tor file transfer,d_07128c50bdc12202e87dc8310ed290a4,0,0,a_e7d8c038c18055500148c5915382bd98,a_21bd65140624c193e089fab25539d777,p_b26fdd6da29d3278ff52a3ea89f9ff8f,p_e2a4a4bf9c74500e61f176db310c2961,6,158196,61,48,24264,22714,109,46978,0.68901868568105384,296.96073225618852,430.99082568807341,0.55963302752293576,0.51649708374132575
r_d61dd15157c87a61fae213a6194ffd5e,Tor file transfer,d_07128c50bdc12202e87dc8310ed290a4,0,0,a_e7d8c038c18055500148c5915382bd98,a_10be1ac5c6b10018ce2d1b3dbdf38b1b,p_b6410a3dfc3b594e42a55be2164f89cc,p_3dd478bd944ece2906a0c8e4425f63be,6,157145,54,46,18389,23324,100,41713,0.63635495879601633,265.44274396258231,417.13,0.54000000000000004,0.44084577949320358
r_09da4d4be38f7559a9693eeae7a63d21,Tor file transfer,d_07128c50bdc12202e87dc8310ed290a4,0,0,a_e7d8c038c18055500148c5915382bd98,a_121f956960eb9cac23d35146d51887c0,p_de4da5df3d164de30f0e245cc8a9ad2c,p_2313704d6916acc778397dda2b5b461d,6,1358,3,2,692,104,5,796,3.6818851251840941,586.15611192930771,159.19999999999999,0.59999999999999998,0.8693467336683417
r_dc4d2f19a61a2f635200dff38b2657ee,Tor file transfer,d_07128c50bdc12202e87dc8310ed290a4,0,0,a_e7d8c038c18055500148c5915382bd98,a_bab932610c2e92d8864037cefa53d755,p_aa6bb67bef31a3959ec02624f5e2757f,p_2313704d6916acc778397dda2b5b461d,6,1970,8,9,1392,3857,17,5249,8.6294416243654819,2664.467005076142,308.76470588235293,0.47058823529411764,0.26519337016574585
r_bfbfdb7e221d80ad4ef3fb9ef0f27eec,Tor file transfer,d_07128c50bdc12202e87dc8310ed290a4,0,0,a_e7d8c038c18055500148c5915382bd98,a_a860a3ab38b6d88c74540aa046f9aac4,p_c03d6fbce255e6e71cc68059ec63d28e,p_2313704d6916acc778397dda2b5b461d,6,150680,56,56,30087,18634,112,48721,0.74329705335810992,323.34085479161132,435.00892857142856,0.5,0.6175365858664642
r_861ca74e14bccd2ea3c4fe928ff9b508,Tor file transfer,d_07128c50bdc12202e87dc8310ed290a4,0,0,a_e7d8c038c18055500148c5915382bd98,a_4998b25f12195af87bd5cad7cd7e50cf,p_b7de324717a89c6cd164018d41b24c62,p_2313704d6916acc778397dda2b5b461d,6,151721,38,40,13642,12448,78,26090,0.51410154164552035,171.96037463502086,334.4871794871795,0.48717948717948717,0.52288233039478726
r_36ea885b48da2fd6d210b643b3fb12f7,Tor file transfer,d_07128c50bdc12202e87dc8310ed290a4,0,0,a_e7d8c038c18055500148c5915382bd98,a_c97f0de682b6002860a37d40d4962518,p_6d4df04d37ecd8186eb26dc08f0ddb82,p_53b18b33cc21a2933da3a83a094344d3,6,152601,40,41,12686,14663,81,27349,0.53079599740499739,179.2190090497441,337.64197530864197,0.49382716049382713,0.46385608248930493
r_eab1a59a09cd4a19234589d4124709b0,Tor file transfer,d_07128c50bdc12202e87dc8310ed290a4,0,0,a_e7d8c038c18055500148c5915382bd98,a_80a9a27555459daeaf85332c97890a3d,p_84c5d3fe04dc8bdda33a5bcee5646fbf,p_3dd478bd944ece2906a0c8e4425f63be,6,148976,49,32,24481,7009,81,31490,0.54371173880356571,211.37632907313929,388.76543209876542,0.60493827160493829,0.77742140362019685
r_de69c8c579cd65427708207dc5600f19,Tor file transfer,d_07128c50bdc12202e87dc8310ed290a4,0,0,a_e7d8c038c18055500148c5915382bd98,a_bae0887fb131a3c2961c6022bd11bcad,p_4a4549cc3aff2cc791cd2786612cc6e3,p_3dd478bd944ece2906a0c8e4425f63be,6,150561,43,42,13385,14688,85,28073,0.56455523010606989,186.45598793844354,330.2705882352941,0.50588235294117645,0.47679264773982116
r_6e1531d9223fdb4a5b31b8076b6d5aec,Tor file transfer,d_07128c50bdc12202e87dc8310ed290a4,0,0,a_e7d8c038c18055500148c5915382bd98,a_071890c6e672bead0f719c38ddf21d03,p_a2486086fd0018d3a562024cadf8a8af,p_2313704d6916acc778397dda2b5b461d,6,148672,48,40,15889,15137,88,31026,0.59190701678863544,208.6875807145932,352.56818181818181,0.54545454545454541,0.51211886804615481
r_8b1e914bb3a7417db1c70259640c9d54,Tor file transfer,d_07128c50bdc12202e87dc8310ed290a4,0,0,a_e7d8c038c18055500148c5915382bd98,a_c4f924fc20759d49f6b9fc6942c61928,p_7ee02ee8f58a9b9c29554c2d5639afbc,p_2313704d6916acc778397dda2b5b461d,6,151671,39,38,11563,13949,77,25512,0.50767780261223305,168.20618312004274,331.3246753246753,0.50649350649350644,0.45323769206647851
r_47a997d1be70fcc0ddf94acbf78ac8c7,Tor file transfer,d_07128c50bdc12202e87dc8310ed290a4,0,0,a_e7d8c038c18055500148c5915382bd98,a_6cb48113919b438c061786bf4b4bbff9,p_14e4549f1e4e3870bb43fe2f20061441,p_c04cf1b2d3fb3315cf9b35ecbfce61ec,6,151000,46,38,18400,11811,84,30211,0.55629139072847678,200.0728476821192,359.65476190476193,0.54761904761904767,0.60904968388997383
r_c61050cd65d6cf49884252311eab43db,Tor file transfer,d_07128c50bdc12202e87dc8310ed290a4,0,0,a_e7d8c038c18055500148c5915382bd98,a_fc94c327f58d131cfde45cb189c63930,p_694f3f3d55fec8d94e3a34b69de07942,p_3dd478bd944ece2906a0c8e4425f63be,6,150591,38,39,12036,13449,77,25485,0.51131873750755352,169.2332211088312,330.97402597402595,0.4935064935064935,0.47227781047675105
r_bfb9874f6a4e8876ac3dc9049fd33e3c,Tor file transfer,d_07128c50bdc12202e87dc8310ed290a4,0,0,a_e7d8c038c18055500148c5915382bd98,a_17419e9312832c3390605e196dce9ed0,p_0ccb4b0cf373cfe305cab2435e9020e2,p_2313704d6916acc778397dda2b5b461d,6,150333,41,38,11423,16334,79,27757,0.52550005654114529,184.63677303053888,351.35443037974682,0.51898734177215189,0.41153582879994238
r_33c066688e2b77d1fa27d8c2e20d7239,Tor file transfer,d_07128c50bdc12202e87dc8310ed290a4,0,0,a_e7d8c038c18055500148c5915382bd98,a_999bf8af753ab01ad60ef887bb57171b,p_a267eb1c9ff32364ba3c65013b629563,p_2d36b619be089107b3d8a5a53b5aa6c4,6,149577,38,37,9369,16596,75,25965,0.50141398744459376,173.58952245331835,346.19999999999999,0.50666666666666671,0.3608318890814558
r_cd703c9607f7f8f3989b4fce783bfe97,Tor file transfer,d_07128c50bdc12202e87dc8310ed290a4,0,0,a_e7d8c038c18055500148c5915382bd98,a_10be1ac5c6b10018ce2d1b3dbdf38b1b,p_2bee87b536da1fea08c3c3fe040d2902,p_3dd478bd944ece2906a0c8e4425f63be,6,140139,4525,1649,5818196,295696,6174,6113892,44.056258429131077,43627.341425299164,990.26433430515067,0.73291221250404925,0.95163539035364053
r_4f039daf40d37122735cd0a231cb90d7,Tor file transfer,d_07128c50bdc12202e87dc8310ed290a4,0,0,a_e7d8c038c18055500148c5915382bd98,a_21bd65140624c193e089fab25539d777,p_78f5cca3a68e41ba4de081f05b0bfa81,p_e2a4a4bf9c74500e61f176db310c2961,6,95565,214,166,200059,60425,380,260484,3.976351174593209,2725.7259456914144,685.48421052631579,0.56315789473684208,0.76802797868583095
r_4f7f8b8b67c275b61ea918691c4cd3e3,Tor file transfer,d_07128c50bdc12202e87dc8310ed290a4,0,0,a_75d004b3234b7f9cc3a6df4c2d0a16a3,a_e7d8c038c18055500148c5915382bd98,p_2313704d6916acc778397dda2b5b461d,p_191e487eaf43e2cda63aa75a1297c7d4,6,277,3,2,132,128,5,260,18.050541516245485,938.62815884476527,52,0.59999999999999998,0.50769230769230766
r_2810327867969928fc8d0b44582e42bc,Tor file transfer,d_07128c50bdc12202e87dc8310ed290a4,0,0,a_121f956960eb9cac23d35146d51887c0,a_e7d8c038c18055500148c5915382bd98,p_2313704d6916acc778397dda2b5b461d,p_aa6f5f2228b600a188301b3650fcc5c3,6,330,3,2,132,128,5,260,15.15151515151515,787.87878787878788,52,0.59999999999999998,0.50769230769230766
r_377701eafdaa239b24ccd2140e6a5c1c,Tor file transfer,d_07128c50bdc12202e87dc8310ed290a4,0,0,a_d1650a987b214ef6ba20ba80747afe40,a_e7d8c038c18055500148c5915382bd98,p_3dd478bd944ece2906a0c8e4425f63be,p_2225266813e78e6b48db65e1a1c44fd9,6,265,3,2,132,128,5,260,18.867924528301884,981.13207547169804,52,0.59999999999999998,0.50769230769230766
r_44efc061ccec29d4a43b1e72a9101988,Tor file transfer,d_07128c50bdc12202e87dc8310ed290a4,0,0,a_d8748deaf11fd7d0c590fce1df3e43ee,a_e7d8c038c18055500148c5915382bd98,p_3dd478bd944ece2906a0c8e4425f63be,p_aa62caeeb6f867802d4d42bc46aaedfc,6,234,3,2,132,128,5,260,21.367521367521366,1111.1111111111111,52,0.59999999999999998,0.50769230769230766
